date,task,model,anchor_slot,actual_lower_kwh,actual_upper_kwh,actual_occupied_equivalent,raw_predicted_lower_kwh,raw_predicted_upper_kwh,predicted_lower_kwh,predicted_upper_kwh,predicted_occupied_equivalent,seed
2023-07-01,EV,SeasonalNaive,32,0.0,0.0,0.0,0.0,0.0,0.0,0.0,0.0,20260730
2023-07-01,EV,SeasonalNaive,48,0.0,0.0,0.0,0.0,0.0,0.0,0.0,0.0,20260730
2023-07-01,EV,SeasonalNaive,64,0.0,0.0,0.0,0.0,0.0,0.0,0.0,0.0,20260730
2023-07-01,EV,SeasonalNaive,80,0.0,0.0,0.0,0.0,0.0,0.0,0.0,0.0,20260730
2023-07-01,EV,SeasonalNaive,84,0.0,0.0,0.0,0.0,0.0,0.0,0.0,0.0,20260730
2023-07-01,EV,SeasonalNaive,96,0.0,0.0,0.0,0.0,0.0,0.0,0.0,0.0,20260730
2023-07-02,EV,SeasonalNaive,32,0.0,0.0,0.0,0.0,0.0,0.0,0.0,0.0,20260730
2023-07-02,EV,SeasonalNaive,48,0.0,0.0,0.0,0.0,0.0,0.0,0.0,0.0,20260730
2023-07-02,EV,SeasonalNaive,64,0.0,0.0,0.0,0.0,0.0,0.0,0.0,0.0,20260730
2023-07-02,EV,SeasonalNaive,80,0.0,0.0,0.0,0.0,0.0,0.0,0.0,0.0,20260730
2023-07-02,EV,SeasonalNaive,84,0.0,0.0,0.0,0.0,0.0,0.0,0.0,0.0,20260730
2023-07-02,EV,SeasonalNaive,96,0.0,0.0,0.0,0.0,0.0,0.0,0.0,0.0,20260730
2023-07-03,EV,SeasonalNaive,32,0.0,0.0,0.0,0.0,0.0,0.0,0.0,0.0,20260730
2023-07-03,EV,SeasonalNaive,48,0.0,0.0,0.0,0.0,5.919000148773193,0.0,5.919000148773193,0.5625,20260730
2023-07-03,EV,SeasonalNaive,64,3.684000015258789,5.334000110626221,0.375,5.919000148773193,5.919000148773193,5.919000148773193,5.919000148773193,0.25,20260730
2023-07-03,EV,SeasonalNaive,80,5.334000110626221,5.334000110626221,0.0625,5.919000148773193,5.919000148773193,5.919000148773193,5.919000148773193,0.0,20260730
2023-07-03,EV,SeasonalNaive,84,5.334000110626221,5.334000110626221,0.0,5.919000148773193,5.919000148773193,5.919000148773193,5.919000148773193,0.0,20260730
2023-07-03,EV,SeasonalNaive,96,5.334000110626221,5.334000110626221,0.0,5.919000148773193,5.919000148773193,5.919000148773193,5.919000148773193,0.0,20260730
2023-07-04,EV,SeasonalNaive,32,0.0,0.0,0.0,0.0,0.0,0.0,0.0,0.0,20260730
2023-07-04,EV,SeasonalNaive,48,0.0,0.0,0.0,0.0,0.0,0.0,0.0,0.0,20260730
2023-07-04,EV,SeasonalNaive,64,0.0,0.0,0.0,0.0,0.0,0.0,0.0,0.0,20260730
2023-07-04,EV,SeasonalNaive,80,0.0,0.0,0.0,0.0,0.0,0.0,0.0,0.0,20260730
2023-07-04,EV,SeasonalNaive,84,0.0,0.0,0.0,0.0,0.0,0.0,0.0,0.0,20260730
2023-07-04,EV,SeasonalNaive,96,0.0,0.0,0.0,0.0,0.0,0.0,0.0,0.0,20260730
2023-07-05,EV,SeasonalNaive,32,0.0,0.0,0.0,0.0,0.0,0.0,0.0,0.0,20260730
2023-07-05,EV,SeasonalNaive,48,0.0,6.039000034332275,0.875,4.311999797821045,5.961999893188477,4.311999797821045,5.961999893188477,0.9375,20260730
2023-07-05,EV,SeasonalNaive,64,6.039000034332275,6.039000034332275,0.9375,5.961999893188477,5.961999893188477,5.961999893188477,5.961999893188477,0.0625,20260730
2023-07-05,EV,SeasonalNaive,80,6.039000034332275,6.039000034332275,0.0,5.961999893188477,5.961999893188477,5.961999893188477,5.961999893188477,0.0,20260730
2023-07-05,EV,SeasonalNaive,84,6.039000034332275,6.039000034332275,0.0,5.961999893188477,5.961999893188477,5.961999893188477,5.961999893188477,0.0,20260730
2023-07-05,EV,SeasonalNaive,96,6.039000034332275,6.039000034332275,0.0,5.961999893188477,5.961999893188477,5.961999893188477,5.961999893188477,0.0,20260730
2023-07-06,EV,SeasonalNaive,32,0.0,0.0,0.0,0.0,0.0,0.0,0.0,0.0,20260730
2023-07-06,EV,SeasonalNaive,48,0.0,0.0,0.0,0.0,0.0,0.0,0.0,0.0,20260730
2023-07-06,EV,SeasonalNaive,64,0.0,0.0,0.0,0.0,0.0,0.0,0.0,0.0,20260730
2023-07-06,EV,SeasonalNaive,80,0.0,0.0,0.0,0.0,0.0,0.0,0.0,0.0,20260730
2023-07-06,EV,SeasonalNaive,84,0.0,0.0,0.0,0.0,0.0,0.0,0.0,0.0,20260730
2023-07-06,EV,SeasonalNaive,96,0.0,0.0,0.0,0.0,0.0,0.0,0.0,0.0,20260730
2023-07-07,EV,SeasonalNaive,32,0.0,0.0,0.0,0.0,0.0,0.0,0.0,0.0,20260730
2023-07-07,EV,SeasonalNaive,48,0.0,0.0,0.0,0.0,0.0,0.0,0.0,0.0,20260730
2023-07-07,EV,SeasonalNaive,64,0.0,0.0,0.0,20.18199920654297,23.100000381469727,20.1820011138916,23.100000381469727,0.875,20260730
2023-07-07,EV,SeasonalNaive,80,0.0,0.0,0.0,30.082000732421875,30.082000732421875,30.082000732421875,30.082000732421875,0.375,20260730
2023-07-07,EV,SeasonalNaive,84,0.0,0.0,0.0,30.082000732421875,30.082000732421875,30.082000732421875,30.082000732421875,0.0,20260730
2023-07-07,EV,SeasonalNaive,96,0.0,0.0,0.0,30.082000732421875,30.082000732421875,30.082000732421875,30.082000732421875,0.0,20260730
2023-07-01,EV,Ridge,32,0.0,0.0,0.0,1.2234563827514648,2.418898582458496,1.270639419555664,2.4264538288116455,0.12675318121910095,20260730
2023-07-01,EV,Ridge,48,0.0,0.0,0.0,5.748956203460693,5.062275409698486,4.136200904846191,5.0689921379089355,0.3744255304336548,20260730
2023-07-01,EV,Ridge,64,0.0,0.0,0.0,7.538445949554443,6.23539924621582,6.400594234466553,8.600030899047852,0.41926953196525574,20260730
2023-07-01,EV,Ridge,80,0.0,0.0,0.0,7.201651096343994,7.4126458168029785,10.383378982543945,10.572222709655762,0.45668524503707886,20260730
2023-07-01,EV,Ridge,84,0.0,0.0,0.0,7.257782936096191,7.66237735748291,10.420930862426758,10.597895622253418,0.41649189591407776,20260730
2023-07-01,EV,Ridge,96,0.0,0.0,0.0,7.030344486236572,7.030344486236572,10.597895622253418,10.597895622253418,0.16077971458435059,20260730
2023-07-02,EV,Ridge,32,0.0,0.0,0.0,0.7075855731964111,0.533419132232666,0.5377193689346313,1.2453938722610474,0.04431042820215225,20260730
2023-07-02,EV,Ridge,48,0.0,0.0,0.0,2.1844842433929443,5.224042892456055,2.1769800186157227,5.584738731384277,0.4123114347457886,20260730
2023-07-02,EV,Ridge,64,0.0,0.0,0.0,10.09566593170166,14.259553909301758,9.594001770019531,12.791542053222656,0.8511548638343811,20260730
2023-07-02,EV,Ridge,80,0.0,0.0,0.0,16.111370086669922,16.300081253051758,16.661718368530273,17.232240676879883,0.543200671672821,20260730
2023-07-02,EV,Ridge,84,0.0,0.0,0.0,15.71481990814209,15.982220649719238,16.70476531982422,17.388484954833984,0.35382333397865295,20260730
2023-07-02,EV,Ridge,96,0.0,0.0,0.0,16.523841857910156,16.523841857910156,17.431522369384766,17.431522369384766,0.16821567714214325,20260730
2023-07-03,EV,Ridge,32,0.0,0.0,0.0,0.2227611094713211,0.3806941509246826,0.08880171924829483,1.0400586128234863,0.05163154378533363,20260730
2023-07-03,EV,Ridge,48,0.0,0.0,0.0,7.905791282653809,12.25078296661377,7.574024200439453,12.021490097045898,0.9813895225524902,20260730
2023-07-03,EV,Ridge,64,3.684000015258789,5.334000110626221,0.375,15.715092658996582,16.748779296875,14.7402925491333,16.594745635986328,0.6891348958015442,20260730
2023-07-03,EV,Ridge,80,5.334000110626221,5.334000110626221,0.0625,16.9862117767334,17.75617790222168,17.991445541381836,18.75773048400879,0.37600499391555786,20260730
2023-07-03,EV,Ridge,84,5.334000110626221,5.334000110626221,0.0,16.993173599243164,18.199939727783203,18.104082107543945,18.75773048400879,0.28968802094459534,20260730
2023-07-03,EV,Ridge,96,5.334000110626221,5.334000110626221,0.0,17.93076515197754,17.93076515197754,18.77754783630371,18.77754783630371,0.1761477291584015,20260730
2023-07-04,EV,Ridge,32,0.0,0.0,0.0,0.5754846930503845,-0.2524244785308838,0.055573493242263794,0.25693878531455994,0.005752110853791237,20260730
2023-07-04,EV,Ridge,48,0.0,0.0,0.0,4.0494065284729,8.819271087646484,6.298358917236328,10.676671028137207,0.9519038200378418,20260730
2023-07-04,EV,Ridge,64,0.0,0.0,0.0,10.224197387695312,13.372766494750977,13.238889694213867,16.836721420288086,0.8601802587509155,20260730
2023-07-04,EV,Ridge,80,0.0,0.0,0.0,14.936001777648926,16.987064361572266,18.740985870361328,19.64470100402832,0.5726829767227173,20260730
2023-07-04,EV,Ridge,84,0.0,0.0,0.0,15.838982582092285,16.41853141784668,19.41035270690918,19.68158721923828,0.30595433712005615,20260730
2023-07-04,EV,Ridge,96,0.0,0.0,0.0,17.098241806030273,17.098241806030273,19.68158721923828,19.68158721923828,0.13297219574451447,20260730
2023-07-05,EV,Ridge,32,0.0,0.0,0.0,0.6730286478996277,1.4990723133087158,0.5565271973609924,2.1651432514190674,0.0625767856836319,20260730
2023-07-05,EV,Ridge,48,0.0,6.039000034332275,0.875,10.933521270751953,19.950130462646484,11.305076599121094,19.61921501159668,1.8260530233383179,20260730
2023-07-05,EV,Ridge,64,6.039000034332275,6.039000034332275,0.9375,18.803518295288086,23.563560485839844,18.045623779296875,23.84955406188965,1.2154622077941895,20260730
2023-07-05,EV,Ridge,80,6.039000034332275,6.039000034332275,0.0,25.888111114501953,27.262039184570312,25.96490478515625,27.397602081298828,0.880469560623169,20260730
2023-07-05,EV,Ridge,84,6.039000034332275,6.039000034332275,0.0,27.357290267944336,26.97507667541504,27.35490608215332,27.40577507019043,0.33490824699401855,20260730
2023-07-05,EV,Ridge,96,6.039000034332275,6.039000034332275,0.0,27.36854362487793,27.36854362487793,27.643754959106445,27.643754959106445,0.07571808993816376,20260730
2023-07-06,EV,Ridge,32,0.0,0.0,0.0,1.314336895942688,1.0950795412063599,1.1038732528686523,2.115946054458618,0.06327465921640396,20260730
2023-07-06,EV,Ridge,48,0.0,0.0,0.0,5.066694736480713,13.911004066467285,5.209760665893555,14.07851505279541,1.1368943452835083,20260730
2023-07-06,EV,Ridge,64,0.0,0.0,0.0,14.501449584960938,22.02277374267578,14.083719253540039,22.34605598449707,1.5077372789382935,20260730
2023-07-06,EV,Ridge,80,0.0,0.0,0.0,22.800891876220703,23.559288024902344,23.090038299560547,23.885665893554688,0.8171526193618774,20260730
2023-07-06,EV,Ridge,84,0.0,0.0,0.0,23.941286087036133,23.881669998168945,23.802125930786133,24.242229461669922,0.3711215853691101,20260730
2023-07-06,EV,Ridge,96,0.0,0.0,0.0,24.366525650024414,24.366525650024414,24.954084396362305,24.954084396362305,0.09978008270263672,20260730
2023-07-07,EV,Ridge,32,0.0,0.0,0.0,1.4409793615341187,2.2280514240264893,1.225805401802063,2.342672824859619,0.12195661664009094,20260730
2023-07-07,EV,Ridge,48,0.0,0.0,0.0,3.5133140087127686,9.017108917236328,3.315070390701294,8.266633987426758,0.6755300760269165,20260730
2023-07-07,EV,Ridge,64,0.0,0.0,0.0,12.626259803771973,17.99396324157715,11.649267196655273,16.121633529663086,1.0119367837905884,20260730
2023-07-07,EV,Ridge,80,0.0,0.0,0.0,20.27725601196289,20.517101287841797,19.473329544067383,19.47519874572754,0.5946418046951294,20260730
2023-07-07,EV,Ridge,84,0.0,0.0,0.0,20.1541748046875,20.16815757751465,19.65886116027832,19.660730361938477,0.2446657121181488,20260730
2023-07-07,EV,Ridge,96,0.0,0.0,0.0,19.835325241088867,19.835325241088867,19.906389236450195,19.906389236450195,0.06226906180381775,20260730
2023-07-01,EV,DLinear,32,0.0,0.0,0.0,2.684476852416992,14.147046089172363,2.277808904647827,2.4526784420013428,0.06316234171390533,20260730
2023-07-01,EV,DLinear,48,0.0,0.0,0.0,4.24861478805542,16.486299514770508,2.551403522491455,4.4514241218566895,0.19937863945960999,20260730
2023-07-01,EV,DLinear,64,0.0,0.0,0.0,35.75282669067383,42.63979721069336,13.947796821594238,13.947796821594238,0.6380162239074707,20260730
2023-07-01,EV,DLinear,80,0.0,0.0,0.0,22.154970169067383,23.890663146972656,15.273154258728027,15.273154258728027,2.067528247833252,20260730
2023-07-01,EV,DLinear,84,0.0,0.0,0.0,25.59268569946289,56.637901306152344,15.273154258728027,15.273154258728027,0.272968053817749,20260730
2023-07-01,EV,DLinear,96,0.0,0.0,0.0,17.121597290039062,13.102643966674805,15.273154258728027,15.273154258728027,0.4346421957015991,20260730
2023-07-02,EV,DLinear,32,0.0,0.0,0.0,3.6680991649627686,15.292051315307617,3.379911422729492,4.402909755706787,0.14160951972007751,20260730
2023-07-02,EV,DLinear,48,0.0,0.0,0.0,5.318277835845947,11.037503242492676,4.629938125610352,7.725704193115234,0.3173025846481323,20260730
2023-07-02,EV,DLinear,64,0.0,0.0,0.0,32.836143493652344,39.72172927856445,7.609188079833984,9.770519256591797,0.9764562845230103,20260730
2023-07-02,EV,DLinear,80,0.0,0.0,0.0,10.438530921936035,32.414913177490234,9.770519256591797,9.770519256591797,2.0779948234558105,20260730
2023-07-02,EV,DLinear,84,0.0,0.0,0.0,9.179643630981445,44.210453033447266,9.770519256591797,9.770519256591797,0.012462766841053963,20260730
2023-07-02,EV,DLinear,96,0.0,0.0,0.0,-6.888180732727051,25.948463439941406,9.770519256591797,9.770519256591797,0.3068253695964813,20260730
2023-07-03,EV,DLinear,32,0.0,0.0,0.0,4.627285003662109,12.466411590576172,3.2616207599639893,3.2616207599639893,0.061773136258125305,20260730
2023-07-03,EV,DLinear,48,0.0,0.0,0.0,7.2568864822387695,16.200679779052734,7.2568864822387695,16.409988403320312,1.6664786338806152,20260730
2023-07-03,EV,DLinear,64,3.684000015258789,5.334000110626221,0.375,41.81663131713867,42.33814239501953,21.182331085205078,21.182331085205078,1.6309200525283813,20260730
2023-07-03,EV,DLinear,80,5.334000110626221,5.334000110626221,0.0625,11.948439598083496,44.455440521240234,21.182331085205078,21.182331085205078,1.3966503143310547,20260730
2023-07-03,EV,DLinear,84,5.334000110626221,5.334000110626221,0.0,0.359890341758728,26.556407928466797,21.182331085205078,21.182331085205078,0.0,20260730
2023-07-03,EV,DLinear,96,5.334000110626221,5.334000110626221,0.0,-4.702206134796143,47.06686782836914,21.182331085205078,21.182331085205078,0.013992119580507278,20260730
2023-07-04,EV,DLinear,32,0.0,0.0,0.0,4.818694114685059,7.498680591583252,0.0,0.0,0.0,20260730
2023-07-04,EV,DLinear,48,0.0,0.0,0.0,5.650207042694092,24.03411102294922,5.224609375,23.612239837646484,1.8750659227371216,20260730
2023-07-04,EV,DLinear,64,0.0,0.0,0.0,44.907711029052734,44.40443420410156,35.57383346557617,35.57383346557617,1.9795564413070679,20260730
2023-07-04,EV,DLinear,80,0.0,0.0,0.0,21.27843475341797,46.105430603027344,36.0814094543457,36.43724822998047,0.7706321477890015,20260730
2023-07-04,EV,DLinear,84,0.0,0.0,0.0,1.6436948776245117,12.297398567199707,36.22521209716797,36.43724822998047,0.05173635855317116,20260730
2023-07-04,EV,DLinear,96,0.0,0.0,0.0,17.187429428100586,55.68708419799805,36.43724822998047,36.43724822998047,0.010708901099860668,20260730
2023-07-05,EV,DLinear,32,0.0,0.0,0.0,4.076603412628174,4.581120014190674,0.0,0.0,0.0,20260730
2023-07-05,EV,DLinear,48,0.0,6.039000034332275,0.875,5.222074031829834,35.910316467285156,5.680842399597168,34.0130615234375,1.6045260429382324,20260730
2023-07-05,EV,DLinear,64,6.039000034332275,6.039000034332275,0.9375,44.30859375,44.94021224975586,42.288673400878906,43.086307525634766,1.7215607166290283,20260730
2023-07-05,EV,DLinear,80,6.039000034332275,6.039000034332275,0.0,33.04729461669922,36.857147216796875,43.70835494995117,44.203147888183594,0.5403321385383606,20260730
2023-07-05,EV,DLinear,84,6.039000034332275,6.039000034332275,0.0,12.837337493896484,13.072482109069824,43.70835494995117,44.203147888183594,0.13717998564243317,20260730
2023-07-05,EV,DLinear,96,6.039000034332275,6.039000034332275,0.0,43.02742385864258,46.017642974853516,44.52254104614258,44.52254104614258,0.06106049194931984,20260730
2023-07-06,EV,DLinear,32,0.0,0.0,0.0,2.9377269744873047,5.543710231781006,0.0,0.0,0.0,20260730
2023-07-06,EV,DLinear,48,0.0,0.0,0.0,4.224057197570801,35.51454544067383,1.6026074886322021,9.797736167907715,0.46277278661727905,20260730
2023-07-06,EV,DLinear,64,0.0,0.0,0.0,37.5799674987793,38.32567596435547,20.433155059814453,21.437578201293945,0.9272459149360657,20260730
2023-07-06,EV,DLinear,80,0.0,0.0,0.0,31.247257232666016,16.53472137451172,32.434654235839844,32.461708068847656,0.5592120289802551,20260730
2023-07-06,EV,DLinear,84,0.0,0.0,0.0,19.105260848999023,21.324047088623047,32.89457702636719,32.89457702636719,0.10313767194747925,20260730
2023-07-06,EV,DLinear,96,0.0,0.0,0.0,46.21614074707031,18.15789222717285,32.89457702636719,32.89457702636719,0.0,20260730
2023-07-07,EV,DLinear,32,0.0,0.0,0.0,2.2370450496673584,9.763612747192383,0.06343500316143036,0.06343500316143036,0.0012014205567538738,20260730
2023-07-07,EV,DLinear,48,0.0,0.0,0.0,4.440161228179932,25.043554306030273,0.9012984037399292,3.767216682434082,0.21408087015151978,20260730
2023-07-07,EV,DLinear,64,0.0,0.0,0.0,32.829345703125,35.07310485839844,5.733636856079102,5.733636856079102,0.13365662097930908,20260730
2023-07-07,EV,DLinear,80,0.0,0.0,0.0,26.0510196685791,9.107230186462402,17.35988426208496,17.35988426208496,1.2262523174285889,20260730
2023-07-07,EV,DLinear,84,0.0,0.0,0.0,23.96990203857422,39.66952896118164,17.35988426208496,17.35988426208496,0.3327368497848511,20260730
2023-07-07,EV,DLinear,96,0.0,0.0,0.0,33.01593017578125,1.7038425207138062,17.35988426208496,17.35988426208496,0.2301875501871109,20260730
2023-07-01,EV,LSTM,32,0.0,0.0,0.0,0.6393628716468811,0.8513482809066772,0.3457886278629303,0.6195464134216309,0.023263821378350258,20260730
2023-07-01,EV,LSTM,48,0.0,0.0,0.0,6.223848819732666,8.37319278717041,6.223848819732666,8.37319278717041,0.4309195876121521,20260730
2023-07-01,EV,LSTM,64,0.0,0.0,0.0,23.562803268432617,20.57710075378418,19.01943016052246,20.4355411529541,1.0543879270553589,20260730
2023-07-01,EV,LSTM,80,0.0,0.0,0.0,30.951690673828125,19.44809913635254,20.507450103759766,20.507450103759766,0.6703696846961975,20260730
2023-07-01,EV,LSTM,84,0.0,0.0,0.0,19.4804630279541,20.727354049682617,21.336580276489258,21.336580276489258,0.2763468027114868,20260730
2023-07-01,EV,LSTM,96,0.0,0.0,0.0,19.07496452331543,23.6582088470459,21.366586685180664,21.366586685180664,0.01230679266154766,20260730
2023-07-02,EV,LSTM,32,0.0,0.0,0.0,0.573911190032959,0.4000912010669708,0.0924450159072876,0.4257911443710327,0.038023702800273895,20260730
2023-07-02,EV,LSTM,48,0.0,0.0,0.0,8.876947402954102,12.028050422668457,8.876947402954102,12.028050422668457,0.5349167585372925,20260730
2023-07-02,EV,LSTM,64,0.0,0.0,0.0,27.315227508544922,23.62643814086914,17.03118896484375,17.96091079711914,0.9692858457565308,20260730
2023-07-02,EV,LSTM,80,0.0,0.0,0.0,24.0799617767334,21.30490493774414,17.96091079711914,17.96091079711914,0.612811267375946,20260730
2023-07-02,EV,LSTM,84,0.0,0.0,0.0,16.3969669342041,21.095495223999023,17.968921661376953,17.968921661376953,0.36820414662361145,20260730
2023-07-02,EV,LSTM,96,0.0,0.0,0.0,14.463258743286133,21.474590301513672,17.968921661376953,17.968921661376953,0.004663171246647835,20260730
2023-07-03,EV,LSTM,32,0.0,0.0,0.0,-0.05212933197617531,-0.6281293630599976,0.04047667235136032,0.25432053208351135,0.02044960856437683,20260730
2023-07-03,EV,LSTM,48,0.0,0.0,0.0,12.33115291595459,13.76891040802002,12.33115291595459,13.76891040802002,0.8075883388519287,20260730
2023-07-03,EV,LSTM,64,3.684000015258789,5.334000110626221,0.375,26.143123626708984,24.432968139648438,18.945714950561523,20.100473403930664,0.8864259123802185,20260730
2023-07-03,EV,LSTM,80,5.334000110626221,5.334000110626221,0.0625,17.25924301147461,25.566253662109375,19.787519454956055,20.134920120239258,0.4620567858219147,20260730
2023-07-03,EV,LSTM,84,5.334000110626221,5.334000110626221,0.0,14.631266593933105,23.85789680480957,20.186071395874023,20.23801612854004,0.45767655968666077,20260730
2023-07-03,EV,LSTM,96,5.334000110626221,5.334000110626221,0.0,16.682531356811523,23.79349708557129,20.23801612854004,20.23801612854004,0.008815355598926544,20260730
2023-07-04,EV,LSTM,32,0.0,0.0,0.0,-0.7616897225379944,-1.4066498279571533,0.0,0.17413091659545898,0.006279458291828632,20260730
2023-07-04,EV,LSTM,48,0.0,0.0,0.0,13.95264720916748,12.403767585754395,11.567863464355469,12.403767585754395,1.061206579208374,20260730
2023-07-04,EV,LSTM,64,0.0,0.0,0.0,21.450084686279297,22.683650970458984,21.079450607299805,22.54611587524414,0.8823809027671814,20260730
2023-07-04,EV,LSTM,80,0.0,0.0,0.0,16.483224868774414,29.258073806762695,22.925556182861328,26.546939849853516,0.355013906955719,20260730
2023-07-04,EV,LSTM,84,0.0,0.0,0.0,16.334243774414062,27.529142379760742,26.04869270324707,26.9792537689209,0.49481773376464844,20260730
2023-07-04,EV,LSTM,96,0.0,0.0,0.0,24.607423782348633,29.35108184814453,26.9792537689209,26.9792537689209,0.05332667753100395,20260730
2023-07-05,EV,LSTM,32,0.0,0.0,0.0,-0.9652941823005676,-1.6017926931381226,0.0,0.08321221172809601,0.002382077509537339,20260730
2023-07-05,EV,LSTM,48,0.0,6.039000034332275,0.875,12.09321403503418,7.990891933441162,7.710789203643799,7.990891933441162,1.0033817291259766,20260730
2023-07-05,EV,LSTM,64,6.039000034332275,6.039000034332275,0.9375,15.466487884521484,17.661666870117188,17.884443283081055,19.189138412475586,0.8725775480270386,20260730
2023-07-05,EV,LSTM,80,6.039000034332275,6.039000034332275,0.0,20.689434051513672,27.744274139404297,26.96341323852539,27.916717529296875,0.3453710377216339,20260730
2023-07-05,EV,LSTM,84,6.039000034332275,6.039000034332275,0.0,18.805511474609375,28.445531845092773,29.971960067749023,30.122583389282227,0.4493672847747803,20260730
2023-07-05,EV,LSTM,96,6.039000034332275,6.039000034332275,0.0,30.678136825561523,32.806148529052734,31.742136001586914,31.742136001586914,0.0915609821677208,20260730
2023-07-06,EV,LSTM,32,0.0,0.0,0.0,-0.5925633311271667,-0.8244704008102417,0.0,0.2197018414735794,0.005578881129622459,20260730
2023-07-06,EV,LSTM,48,0.0,0.0,0.0,8.283753395080566,4.293005466461182,4.1114501953125,4.293005466461182,0.8322838544845581,20260730
2023-07-06,EV,LSTM,64,0.0,0.0,0.0,14.213630676269531,15.693593978881836,16.132858276367188,17.150833129882812,0.9809879064559937,20260730
2023-07-06,EV,LSTM,80,0.0,0.0,0.0,27.810588836669922,24.233877182006836,27.544891357421875,27.544891357421875,0.48440858721733093,20260730
2023-07-06,EV,LSTM,84,0.0,0.0,0.0,21.531240463256836,25.713285446166992,29.650802612304688,29.650802612304688,0.35382574796676636,20260730
2023-07-06,EV,LSTM,96,0.0,0.0,0.0,31.022377014160156,31.612895965576172,31.31763458251953,31.31763458251953,0.08659615367650986,20260730
2023-07-07,EV,LSTM,32,0.0,0.0,0.0,0.1507202833890915,0.16964998841285706,0.060885682702064514,0.3584776520729065,0.008631267584860325,20260730
2023-07-07,EV,LSTM,48,0.0,0.0,0.0,5.201536655426025,3.756870746612549,3.445521831512451,3.756870746612549,0.46885591745376587,20260730
2023-07-07,EV,LSTM,64,0.0,0.0,0.0,16.843162536621094,15.22993278503418,14.135884284973145,15.22993278503418,1.0179609060287476,20260730
2023-07-07,EV,LSTM,80,0.0,0.0,0.0,31.775238037109375,18.921144485473633,23.674203872680664,23.674203872680664,0.6109721660614014,20260730
2023-07-07,EV,LSTM,84,0.0,0.0,0.0,21.341449737548828,22.39171028137207,25.311803817749023,25.311803817749023,0.28125256299972534,20260730
2023-07-07,EV,LSTM,96,0.0,0.0,0.0,25.04758071899414,27.406030654907227,26.226806640625,26.226806640625,0.05021148920059204,20260730
2023-07-01,EV,TCN,32,0.0,0.0,0.0,0.6670653820037842,0.6690798401832581,0.5421916842460632,0.6690798401832581,0.14448127150535583,20260730
2023-07-01,EV,TCN,48,0.0,0.0,0.0,10.826361656188965,16.63966178894043,10.826361656188965,14.92203426361084,0.5851322412490845,20260730
2023-07-01,EV,TCN,64,0.0,0.0,0.0,5.525744438171387,19.737756729125977,11.645513534545898,16.876327514648438,1.2113394737243652,20260730
2023-07-01,EV,TCN,80,0.0,0.0,0.0,18.242475509643555,16.423158645629883,17.339189529418945,17.39898109436035,1.328669786453247,20260730
2023-07-01,EV,TCN,84,0.0,0.0,0.0,20.137001037597656,27.402297973632812,17.39898109436035,17.39898109436035,0.23840224742889404,20260730
2023-07-01,EV,TCN,96,0.0,0.0,0.0,13.756213188171387,21.041748046875,17.39898109436035,17.39898109436035,0.07122578471899033,20260730
2023-07-02,EV,TCN,32,0.0,0.0,0.0,0.48210859298706055,-0.28639301657676697,0.13107621669769287,0.1689867228269577,0.13424086570739746,20260730
2023-07-02,EV,TCN,48,0.0,0.0,0.0,8.277838706970215,15.468561172485352,8.277838706970215,14.674787521362305,0.5590548515319824,20260730
2023-07-02,EV,TCN,64,0.0,0.0,0.0,6.520150661468506,16.432605743408203,9.886146545410156,16.465070724487305,0.9000595808029175,20260730
2023-07-02,EV,TCN,80,0.0,0.0,0.0,21.699419021606445,19.815078735351562,17.706600189208984,17.706600189208984,1.0652164220809937,20260730
2023-07-02,EV,TCN,84,0.0,0.0,0.0,21.410812377929688,30.463010787963867,17.706600189208984,17.706600189208984,0.13677026331424713,20260730
2023-07-02,EV,TCN,96,0.0,0.0,0.0,17.423845291137695,17.989349365234375,17.706600189208984,17.706600189208984,0.09198573231697083,20260730
2023-07-03,EV,TCN,32,0.0,0.0,0.0,0.6604316234588623,-0.42453181743621826,0.11526400595903397,0.14091019332408905,0.07728175818920135,20260730
2023-07-03,EV,TCN,48,0.0,0.0,0.0,5.6167449951171875,15.12209701538086,5.6167449951171875,15.12209701538086,0.7777680158615112,20260730
2023-07-03,EV,TCN,64,3.684000015258789,5.334000110626221,0.375,11.419321060180664,14.434819221496582,11.419321060180664,16.41915512084961,0.7807788252830505,20260730
2023-07-03,EV,TCN,80,5.334000110626221,5.334000110626221,0.0625,24.99013328552246,24.145715713500977,20.83646011352539,20.83646011352539,0.8312380313873291,20260730
2023-07-03,EV,TCN,84,5.334000110626221,5.334000110626221,0.0,27.64590835571289,29.566225051879883,20.83646011352539,20.83646011352539,0.1754428893327713,20260730
2023-07-03,EV,TCN,96,5.334000110626221,5.334000110626221,0.0,23.13114356994629,18.541765213012695,20.83646011352539,20.83646011352539,0.10089661926031113,20260730
2023-07-04,EV,TCN,32,0.0,0.0,0.0,1.0748275518417358,0.42591843008995056,0.37438878417015076,0.39119574427604675,0.01753111369907856,20260730
2023-07-04,EV,TCN,48,0.0,0.0,0.0,4.875941276550293,16.164779663085938,4.875941276550293,16.164779663085938,1.0934767723083496,20260730
2023-07-04,EV,TCN,64,0.0,0.0,0.0,16.87440299987793,15.747011184692383,16.800045013427734,17.510343551635742,0.9567317962646484,20260730
2023-07-04,EV,TCN,80,0.0,0.0,0.0,26.25166893005371,27.046173095703125,25.081022262573242,25.081022262573242,0.8091816306114197,20260730
2023-07-04,EV,TCN,84,0.0,0.0,0.0,34.770774841308594,25.90229034423828,25.081022262573242,25.081022262573242,0.3269343674182892,20260730
2023-07-04,EV,TCN,96,0.0,0.0,0.0,27.441011428833008,22.72103500366211,25.081022262573242,25.081022262573242,0.09140349179506302,20260730
2023-07-05,EV,TCN,32,0.0,0.0,0.0,1.4098193645477295,1.571436882019043,0.23096004128456116,0.2643239498138428,0.00573652982711792,20260730
2023-07-05,EV,TCN,48,0.0,6.039000034332275,0.875,6.4813032150268555,17.585124969482422,6.4813032150268555,17.585124969482422,1.2572152614593506,20260730
2023-07-05,EV,TCN,64,6.039000034332275,6.039000034332275,0.9375,18.535985946655273,18.914833068847656,18.50385093688965,19.370004653930664,1.2727916240692139,20260730
2023-07-05,EV,TCN,80,6.039000034332275,6.039000034332275,0.0,24.284597396850586,25.90325927734375,24.284597396850586,25.701873779296875,1.0131579637527466,20260730
2023-07-05,EV,TCN,84,6.039000034332275,6.039000034332275,0.0,36.91045379638672,21.86566734313965,26.00516128540039,26.00516128540039,0.47279563546180725,20260730
2023-07-05,EV,TCN,96,6.039000034332275,6.039000034332275,0.0,26.744422912597656,27.041820526123047,26.893125534057617,26.893125534057617,0.06907010078430176,20260730
2023-07-06,EV,TCN,32,0.0,0.0,0.0,1.4005340337753296,2.1780433654785156,1.4005340337753296,1.777977466583252,0.0348927341401577,20260730
2023-07-06,EV,TCN,48,0.0,0.0,0.0,8.999529838562012,18.009201049804688,8.999529838562012,18.009201049804688,1.133862853050232,20260730
2023-07-06,EV,TCN,64,0.0,0.0,0.0,14.87258243560791,21.251434326171875,14.87258243560791,21.251434326171875,1.482622742652893,20260730
2023-07-06,EV,TCN,80,0.0,0.0,0.0,20.00454330444336,21.290401458740234,20.450288772583008,22.515790939331055,1.2822132110595703,20260730
2023-07-06,EV,TCN,84,0.0,0.0,0.0,32.04576873779297,19.99833869934082,23.580589294433594,23.580589294433594,0.5012987852096558,20260730
2023-07-06,EV,TCN,96,0.0,0.0,0.0,21.24529457092285,27.771564483642578,24.50843048095703,24.50843048095703,0.048463694751262665,20260730
2023-07-07,EV,TCN,32,0.0,0.0,0.0,1.0774192810058594,1.8019180297851562,1.0774192810058594,1.8019180297851562,0.09890192747116089,20260730
2023-07-07,EV,TCN,48,0.0,0.0,0.0,10.448974609375,17.064889907836914,10.448974609375,16.976058959960938,0.8103452920913696,20260730
2023-07-07,EV,TCN,64,0.0,0.0,0.0,8.673737525939941,20.725635528564453,11.827727317810059,19.113237380981445,1.4172332286834717,20260730
2023-07-07,EV,TCN,80,0.0,0.0,0.0,16.69687271118164,16.739866256713867,16.678112030029297,19.57887077331543,1.4154912233352661,20260730
2023-07-07,EV,TCN,84,0.0,0.0,0.0,23.582815170288086,21.684814453125,19.74370574951172,19.74370574951172,0.3947809934616089,20260730
2023-07-07,EV,TCN,96,0.0,0.0,0.0,15.127849578857422,24.35956573486328,19.74370574951172,19.74370574951172,0.047421690076589584,20260730
2023-07-01,EV,iTransformer,32,0.0,0.0,0.0,0.4246197044849396,6.418300628662109,0.0,0.0,0.0,20260730
2023-07-01,EV,iTransformer,48,0.0,0.0,0.0,14.173768043518066,-7.366417407989502,1.076647162437439,1.076647162437439,0.04322264343500137,20260730
2023-07-01,EV,iTransformer,64,0.0,0.0,0.0,11.166027069091797,24.131452560424805,17.72212791442871,21.575410842895508,0.9468319416046143,20260730
2023-07-01,EV,iTransformer,80,0.0,0.0,0.0,57.26205825805664,9.789183616638184,21.606616973876953,21.606616973876953,0.035573810338974,20260730
2023-07-01,EV,iTransformer,84,0.0,0.0,0.0,3.19258189201355,-11.112984657287598,21.606616973876953,21.606616973876953,0.05442178249359131,20260730
2023-07-01,EV,iTransformer,96,0.0,0.0,0.0,21.12818145751953,28.325105667114258,24.339948654174805,24.339948654174805,0.4541206657886505,20260730
2023-07-02,EV,iTransformer,32,0.0,0.0,0.0,1.0994365215301514,5.410196304321289,2.849604845046997,3.4497499465942383,0.06533615291118622,20260730
2023-07-02,EV,iTransformer,48,0.0,0.0,0.0,14.788491249084473,7.351411819458008,5.773414611816406,7.2949137687683105,0.23001259565353394,20260730
2023-07-02,EV,iTransformer,64,0.0,0.0,0.0,12.7848539352417,13.166354179382324,21.22158432006836,23.500106811523438,0.8485174179077148,20260730
2023-07-02,EV,iTransformer,80,0.0,0.0,0.0,37.852882385253906,12.365756034851074,25.73701286315918,25.73701286315918,0.1623280942440033,20260730
2023-07-02,EV,iTransformer,84,0.0,0.0,0.0,19.411373138427734,-12.594564437866211,25.926620483398438,25.926620483398438,0.06357134133577347,20260730
2023-07-02,EV,iTransformer,96,0.0,0.0,0.0,22.69541358947754,41.02442932128906,27.52941131591797,27.52941131591797,0.08094927668571472,20260730
2023-07-03,EV,iTransformer,32,0.0,0.0,0.0,2.8036935329437256,3.9656596183776855,2.8287904262542725,4.0568413734436035,0.1138046532869339,20260730
2023-07-03,EV,iTransformer,48,0.0,0.0,0.0,8.080713272094727,22.492586135864258,8.253538131713867,20.729764938354492,1.26553213596344,20260730
2023-07-03,EV,iTransformer,64,3.684000015258789,5.334000110626221,0.375,11.437883377075195,15.145044326782227,24.357099533081055,24.923933029174805,0.8879771828651428,20260730
2023-07-03,EV,iTransformer,80,5.334000110626221,5.334000110626221,0.0625,17.89850425720215,19.23141860961914,25.931013107299805,25.931013107299805,0.03821874037384987,20260730
2023-07-03,EV,iTransformer,84,5.334000110626221,5.334000110626221,0.0,24.406328201293945,-18.886749267578125,25.9667911529541,25.9667911529541,0.07962598651647568,20260730
2023-07-03,EV,iTransformer,96,5.334000110626221,5.334000110626221,0.0,18.655975341796875,33.3925895690918,26.024282455444336,26.024282455444336,0.009022451005876064,20260730
2023-07-04,EV,iTransformer,32,0.0,0.0,0.0,4.497407913208008,4.139017581939697,3.8966753482818604,4.0587849617004395,0.08592777699232101,20260730
2023-07-04,EV,iTransformer,48,0.0,0.0,0.0,-4.4167680740356445,22.677539825439453,4.497407913208008,14.019210815429688,1.1812461614608765,20260730
2023-07-04,EV,iTransformer,64,0.0,0.0,0.0,6.983895301818848,32.87998962402344,14.020241737365723,16.83824920654297,1.2882211208343506,20260730
2023-07-04,EV,iTransformer,80,0.0,0.0,0.0,15.500940322875977,31.448514938354492,16.3801326751709,16.83824920654297,0.1524556428194046,20260730
2023-07-04,EV,iTransformer,84,0.0,0.0,0.0,19.602170944213867,-19.964027404785156,16.83824920654297,16.83824920654297,0.1496269553899765,20260730
2023-07-04,EV,iTransformer,96,0.0,0.0,0.0,17.571535110473633,16.104965209960938,16.83824920654297,16.83824920654297,0.0,20260730
2023-07-05,EV,iTransformer,32,0.0,0.0,0.0,4.641115665435791,4.934366703033447,0.11994718015193939,0.11994718015193939,0.0022717267274856567,20260730
2023-07-05,EV,iTransformer,48,0.0,6.039000034332275,0.875,-8.628944396972656,15.776349067687988,2.4471685886383057,8.053375244140625,0.6616936326026917,20260730
2023-07-05,EV,iTransformer,64,6.039000034332275,6.039000034332275,0.9375,6.6038336753845215,55.98659133911133,10.105006217956543,13.165815353393555,1.679438829421997,20260730
2023-07-05,EV,iTransformer,80,6.039000034332275,6.039000034332275,0.0,36.91757583618164,41.47128677368164,13.165815353393555,13.165815353393555,0.2998950183391571,20260730
2023-07-05,EV,iTransformer,84,6.039000034332275,6.039000034332275,0.0,13.322530746459961,-12.413476943969727,13.165815353393555,13.165815353393555,0.18644803762435913,20260730
2023-07-05,EV,iTransformer,96,6.039000034332275,6.039000034332275,0.0,22.18087387084961,4.150750637054443,13.165815353393555,13.165815353393555,0.039199359714984894,20260730
2023-07-06,EV,iTransformer,32,0.0,0.0,0.0,3.338252544403076,5.986860275268555,0.0063585760071873665,0.0063585760071873665,0.00012042757589370012,20260730
2023-07-06,EV,iTransformer,48,0.0,0.0,0.0,-6.577293395996094,-0.7424042224884033,0.4595295190811157,1.9281355142593384,0.13781344890594482,20260730
2023-07-06,EV,iTransformer,64,0.0,0.0,0.0,4.356240749359131,60.33762741088867,7.334773540496826,10.390251159667969,1.71183443069458,20260730
2023-07-06,EV,iTransformer,80,0.0,0.0,0.0,56.81438064575195,35.42321014404297,10.390251159667969,10.390251159667969,0.1537937968969345,20260730
2023-07-06,EV,iTransformer,84,0.0,0.0,0.0,-0.36746925115585327,-10.540371894836426,10.390251159667969,10.390251159667969,0.04820026457309723,20260730
2023-07-06,EV,iTransformer,96,0.0,0.0,0.0,22.378950119018555,-1.5984504222869873,10.390251159667969,10.390251159667969,0.18908637762069702,20260730
2023-07-07,EV,iTransformer,32,0.0,0.0,0.0,1.4452540874481201,6.861352920532227,0.0,0.0,0.0,20260730
2023-07-07,EV,iTransformer,48,0.0,0.0,0.0,3.129591703414917,-9.946220397949219,0.5469931364059448,2.8275442123413086,0.15256589651107788,20260730
2023-07-07,EV,iTransformer,64,0.0,0.0,0.0,9.948163986206055,50.92647171020508,10.821012496948242,19.2176513671875,1.6462023258209229,20260730
2023-07-07,EV,iTransformer,80,0.0,0.0,0.0,69.2850341796875,25.41480255126953,19.2176513671875,19.2176513671875,0.10599517822265625,20260730
2023-07-07,EV,iTransformer,84,0.0,0.0,0.0,1.7122979164123535,-5.494545936584473,19.2176513671875,19.2176513671875,0.023013200610876083,20260730
2023-07-07,EV,iTransformer,96,0.0,0.0,0.0,26.2739200592041,12.161376953125,19.2176513671875,19.2176513671875,0.5215024352073669,20260730
2023-07-01,EV,FeasibleDLinear,32,0.0,0.0,0.0,128.8423309326172,128.8423309326172,128.8423309326172,128.8423309326172,10.357760429382324,20260730
2023-07-01,EV,FeasibleDLinear,48,0.0,0.0,0.0,206.28402709960938,206.28402709960938,206.28402709960938,206.28402709960938,12.32797622680664,20260730
2023-07-01,EV,FeasibleDLinear,64,0.0,0.0,0.0,415.95965576171875,452.99322509765625,415.95965576171875,452.99322509765625,11.13622760772705,20260730
2023-07-01,EV,FeasibleDLinear,80,0.0,0.0,0.0,506.29876708984375,506.41571044921875,506.29876708984375,506.41571044921875,9.898111343383789,20260730
2023-07-01,EV,FeasibleDLinear,84,0.0,0.0,0.0,641.93896484375,641.93896484375,641.93896484375,641.93896484375,13.249222755432129,20260730
2023-07-01,EV,FeasibleDLinear,96,0.0,0.0,0.0,800.7904663085938,800.7904663085938,800.7904663085938,800.7904663085938,10.892411231994629,20260730
2023-07-02,EV,FeasibleDLinear,32,0.0,0.0,0.0,104.90055847167969,200.40431213378906,104.90055847167969,200.40431213378906,10.898086547851562,20260730
2023-07-02,EV,FeasibleDLinear,48,0.0,0.0,0.0,204.70977783203125,277.1567077636719,204.70977783203125,277.1567077636719,10.968643188476562,20260730
2023-07-02,EV,FeasibleDLinear,64,0.0,0.0,0.0,324.9143371582031,478.1148376464844,324.9143371582031,478.1148376464844,11.479630470275879,20260730
2023-07-02,EV,FeasibleDLinear,80,0.0,0.0,0.0,592.901123046875,595.085693359375,592.901123046875,595.085693359375,10.73608684539795,20260730
2023-07-02,EV,FeasibleDLinear,84,0.0,0.0,0.0,691.8018188476562,694.25146484375,691.8018188476562,694.25146484375,14.963635444641113,20260730
2023-07-02,EV,FeasibleDLinear,96,0.0,0.0,0.0,872.1673583984375,872.1673583984375,872.1673583984375,872.1673583984375,9.23832893371582,20260730
2023-07-03,EV,FeasibleDLinear,32,0.0,0.0,0.0,61.77400588989258,276.86395263671875,61.77400588989258,276.86395263671875,11.397346496582031,20260730
2023-07-03,EV,FeasibleDLinear,48,0.0,0.0,0.0,172.098876953125,349.35357666015625,172.098876953125,349.35357666015625,9.6891508102417,20260730
2023-07-03,EV,FeasibleDLinear,64,3.684000015258789,5.334000110626221,0.375,360.37591552734375,477.045654296875,360.37591552734375,477.045654296875,9.681631088256836,20260730
2023-07-03,EV,FeasibleDLinear,80,5.334000110626221,5.334000110626221,0.0625,608.355224609375,609.6671142578125,608.355224609375,609.6671142578125,9.638809204101562,20260730
2023-07-03,EV,FeasibleDLinear,84,5.334000110626221,5.334000110626221,0.0,699.3333740234375,701.7803344726562,699.3333740234375,701.7803344726562,14.393242835998535,20260730
2023-07-03,EV,FeasibleDLinear,96,5.334000110626221,5.334000110626221,0.0,849.5902099609375,849.5902099609375,849.5902099609375,849.5902099609375,7.617568016052246,20260730
2023-07-04,EV,FeasibleDLinear,32,0.0,0.0,0.0,56.39495086669922,292.60821533203125,56.39495086669922,292.60821533203125,11.635637283325195,20260730
2023-07-04,EV,FeasibleDLinear,48,0.0,0.0,0.0,203.54830932617188,371.6267395019531,203.54830932617188,371.6267395019531,11.434789657592773,20260730
2023-07-04,EV,FeasibleDLinear,64,0.0,0.0,0.0,374.5990295410156,467.4255065917969,374.5990295410156,467.4255065917969,7.85687780380249,20260730
2023-07-04,EV,FeasibleDLinear,80,0.0,0.0,0.0,583.42822265625,584.2857666015625,583.42822265625,584.2857666015625,7.842566013336182,20260730
2023-07-04,EV,FeasibleDLinear,84,0.0,0.0,0.0,658.9302368164062,662.3451538085938,658.9302368164062,662.3451538085938,12.307198524475098,20260730
2023-07-04,EV,FeasibleDLinear,96,0.0,0.0,0.0,804.900146484375,804.900146484375,804.900146484375,804.900146484375,7.425954341888428,20260730
2023-07-05,EV,FeasibleDLinear,32,0.0,0.0,0.0,83.63977813720703,228.1414794921875,83.63977813720703,228.1414794921875,11.373518943786621,20260730
2023-07-05,EV,FeasibleDLinear,48,0.0,6.039000034332275,0.875,274.8886413574219,315.1097717285156,274.8886413574219,315.1097717285156,13.124646186828613,20260730
2023-07-05,EV,FeasibleDLinear,64,6.039000034332275,6.039000034332275,0.9375,371.6404724121094,419.0295104980469,371.6404724121094,419.0295104980469,6.704713344573975,20260730
2023-07-05,EV,FeasibleDLinear,80,6.039000034332275,6.039000034332275,0.0,515.6168823242188,515.6168823242188,515.6168823242188,515.6168823242188,6.468836784362793,20260730
2023-07-05,EV,FeasibleDLinear,84,6.039000034332275,6.039000034332275,0.0,588.98681640625,588.9867553710938,588.98681640625,588.9867553710938,10.102144241333008,20260730
2023-07-05,EV,FeasibleDLinear,96,6.039000034332275,6.039000034332275,0.0,724.1871948242188,724.1871948242188,724.1871948242188,724.1871948242188,8.736368179321289,20260730
2023-07-06,EV,FeasibleDLinear,32,0.0,0.0,0.0,140.04466247558594,156.27687072753906,140.04466247558594,156.27687072753906,10.878165245056152,20260730
2023-07-06,EV,FeasibleDLinear,48,0.0,0.0,0.0,250.140869140625,250.140869140625,250.140869140625,250.140869140625,14.596221923828125,20260730
2023-07-06,EV,FeasibleDLinear,64,0.0,0.0,0.0,409.9039306640625,409.9039306640625,409.9039306640625,409.9039306640625,7.412714958190918,20260730
2023-07-06,EV,FeasibleDLinear,80,0.0,0.0,0.0,490.8141784667969,490.8141784667969,490.8141784667969,490.8141784667969,6.741422176361084,20260730
2023-07-06,EV,FeasibleDLinear,84,0.0,0.0,0.0,580.339599609375,580.3395385742188,580.339599609375,580.3395385742188,9.971817970275879,20260730
2023-07-06,EV,FeasibleDLinear,96,0.0,0.0,0.0,711.7711791992188,711.7711791992188,711.7711791992188,711.7711791992188,10.794288635253906,20260730
2023-07-07,EV,FeasibleDLinear,32,0.0,0.0,0.0,118.90877532958984,118.90877532958984,118.90877532958984,118.90877532958984,10.554174423217773,20260730
2023-07-07,EV,FeasibleDLinear,48,0.0,0.0,0.0,209.05532836914062,209.05532836914062,209.05532836914062,209.05532836914062,14.443719863891602,20260730
2023-07-07,EV,FeasibleDLinear,64,0.0,0.0,0.0,436.4044189453125,436.4044189453125,436.4044189453125,436.4044189453125,9.59394359588623,20260730
2023-07-07,EV,FeasibleDLinear,80,0.0,0.0,0.0,492.2528076171875,492.2528076171875,492.2528076171875,492.2528076171875,8.435604095458984,20260730
2023-07-07,EV,FeasibleDLinear,84,0.0,0.0,0.0,606.6066284179688,606.6066284179688,606.6066284179688,606.6066284179688,11.285802841186523,20260730
2023-07-07,EV,FeasibleDLinear,96,0.0,0.0,0.0,743.5455932617188,743.5455932617188,743.5455932617188,743.5455932617188,11.858444213867188,20260730
2023-07-01,EV,FeasibleTCN,32,0.0,0.0,0.0,0.0012138867750763893,0.11097927391529083,0.0012138867750763893,0.11097927391529083,0.06173398345708847,20260730
2023-07-01,EV,FeasibleTCN,48,0.0,0.0,0.0,0.01188892126083374,0.5454497337341309,0.01188892126083374,0.5454497337341309,1.2504085302352905,20260730
2023-07-01,EV,FeasibleTCN,64,0.0,0.0,0.0,2.997002124786377,6.218936920166016,2.997002124786377,6.218936920166016,1.647199034690857,20260730
2023-07-01,EV,FeasibleTCN,80,0.0,0.0,0.0,4.942831993103027,7.715757846832275,4.942831993103027,7.715757846832275,0.48399949073791504,20260730
2023-07-01,EV,FeasibleTCN,84,0.0,0.0,0.0,8.448038101196289,8.448038101196289,8.448038101196289,8.448038101196289,0.21044035255908966,20260730
2023-07-01,EV,FeasibleTCN,96,0.0,0.0,0.0,8.508736610412598,8.508736610412598,8.508736610412598,8.508736610412598,0.10994932800531387,20260730
2023-07-02,EV,FeasibleTCN,32,0.0,0.0,0.0,0.0014316244050860405,0.11790072917938232,0.0014316244050860405,0.11790072917938232,0.05613092705607414,20260730
2023-07-02,EV,FeasibleTCN,48,0.0,0.0,0.0,0.01396740972995758,0.6186630129814148,0.01396740972995758,0.6186630129814148,1.3995046615600586,20260730
2023-07-02,EV,FeasibleTCN,64,0.0,0.0,0.0,3.1800355911254883,6.394272327423096,3.1800355911254883,6.394272327423096,1.5727461576461792,20260730
2023-07-02,EV,FeasibleTCN,80,0.0,0.0,0.0,5.290262699127197,7.699421405792236,5.290262699127197,7.699421405792236,0.510189414024353,20260730
2023-07-02,EV,FeasibleTCN,84,0.0,0.0,0.0,8.571441650390625,8.571441650390625,8.571441650390625,8.571441650390625,0.20601902902126312,20260730
2023-07-02,EV,FeasibleTCN,96,0.0,0.0,0.0,8.637659072875977,8.637659072875977,8.637659072875977,8.637659072875977,0.10038717836141586,20260730
2023-07-03,EV,FeasibleTCN,32,0.0,0.0,0.0,0.0013884715735912323,0.1299508810043335,0.0013884715735912323,0.1299508810043335,0.05295766890048981,20260730
2023-07-03,EV,FeasibleTCN,48,0.0,0.0,0.0,0.013491913676261902,0.6919679641723633,0.013491913676261902,0.6919679641723633,1.5754108428955078,20260730
2023-07-03,EV,FeasibleTCN,64,3.684000015258789,5.334000110626221,0.375,3.514827251434326,6.733395099639893,3.514827251434326,6.733395099639893,1.5510454177856445,20260730
2023-07-03,EV,FeasibleTCN,80,5.334000110626221,5.334000110626221,0.0625,5.78478479385376,7.914409637451172,5.78478479385376,7.914409637451172,0.506218433380127,20260730
2023-07-03,EV,FeasibleTCN,84,5.334000110626221,5.334000110626221,0.0,9.021989822387695,9.021989822387695,9.021989822387695,9.021989822387695,0.20779012143611908,20260730
2023-07-03,EV,FeasibleTCN,96,5.334000110626221,5.334000110626221,0.0,9.095014572143555,9.095014572143555,9.095014572143555,9.095014572143555,0.09792009741067886,20260730
2023-07-04,EV,FeasibleTCN,32,0.0,0.0,0.0,0.0010932870209217072,0.13946238160133362,0.0010932870209217072,0.13946238160133362,0.05309460312128067,20260730
2023-07-04,EV,FeasibleTCN,48,0.0,0.0,0.0,0.010672122240066528,0.7020909786224365,0.010672122240066528,0.7020909786224365,1.6318920850753784,20260730
2023-07-04,EV,FeasibleTCN,64,0.0,0.0,0.0,3.737654685974121,6.984253883361816,3.737654685974121,6.984253883361816,1.588050127029419,20260730
2023-07-04,EV,FeasibleTCN,80,0.0,0.0,0.0,6.083848476409912,8.179596900939941,6.083848476409912,8.179596900939941,0.4711029529571533,20260730
2023-07-04,EV,FeasibleTCN,84,0.0,0.0,0.0,9.413834571838379,9.413834571838379,9.413834571838379,9.413834571838379,0.2107251137495041,20260730
2023-07-04,EV,FeasibleTCN,96,0.0,0.0,0.0,9.489391326904297,9.489391326904297,9.489391326904297,9.489391326904297,0.10175543278455734,20260730
2023-07-05,EV,FeasibleTCN,32,0.0,0.0,0.0,0.0007874295115470886,0.1274375319480896,0.0007874295115470886,0.1274375319480896,0.05611688271164894,20260730
2023-07-05,EV,FeasibleTCN,48,0.0,6.039000034332275,0.875,0.007916480302810669,0.5920841693878174,0.007916480302810669,0.5920841693878174,1.4958245754241943,20260730
2023-07-05,EV,FeasibleTCN,64,6.039000034332275,6.039000034332275,0.9375,3.522315740585327,6.781335353851318,3.522315740585327,6.781335353851318,1.6434452533721924,20260730
2023-07-05,EV,FeasibleTCN,80,6.039000034332275,6.039000034332275,0.0,5.676722526550293,8.072332382202148,5.676722526550293,8.072332382202148,0.43002286553382874,20260730
2023-07-05,EV,FeasibleTCN,84,6.039000034332275,6.039000034332275,0.0,9.166722297668457,9.166722297668457,9.166722297668457,9.166722297668457,0.21082940697669983,20260730
2023-07-05,EV,FeasibleTCN,96,6.039000034332275,6.039000034332275,0.0,9.233343124389648,9.233343124389648,9.233343124389648,9.233343124389648,0.1093510091304779,20260730
2023-07-06,EV,FeasibleTCN,32,0.0,0.0,0.0,0.0006543761119246483,0.1046564131975174,0.0006543761119246483,0.1046564131975174,0.059511180967092514,20260730
2023-07-06,EV,FeasibleTCN,48,0.0,0.0,0.0,0.006848573684692383,0.4619496464729309,0.006848573684692383,0.4619496464729309,1.2833997011184692,20260730
2023-07-06,EV,FeasibleTCN,64,0.0,0.0,0.0,3.0529377460479736,6.232476234436035,3.0529377460479736,6.232476234436035,1.6686989068984985,20260730
2023-07-06,EV,FeasibleTCN,80,0.0,0.0,0.0,4.872220993041992,7.621601104736328,4.872220993041992,7.621601104736328,0.40981146693229675,20260730
2023-07-06,EV,FeasibleTCN,84,0.0,0.0,0.0,8.452372550964355,8.452371597290039,8.452372550964355,8.452371597290039,0.20667552947998047,20260730
2023-07-06,EV,FeasibleTCN,96,0.0,0.0,0.0,8.506326675415039,8.506326675415039,8.506326675415039,8.506326675415039,0.11464875936508179,20260730
2023-07-07,EV,FeasibleTCN,32,0.0,0.0,0.0,0.0006914278492331505,0.08468461036682129,0.0006914278492331505,0.08468461036682129,0.060402315109968185,20260730
2023-07-07,EV,FeasibleTCN,48,0.0,0.0,0.0,0.007460683584213257,0.37895092368125916,0.007460683584213257,0.37895092368125916,1.148695707321167,20260730
2023-07-07,EV,FeasibleTCN,64,0.0,0.0,0.0,2.6388940811157227,5.683440208435059,2.6388940811157227,5.683440208435059,1.6409412622451782,20260730
2023-07-07,EV,FeasibleTCN,80,0.0,0.0,0.0,4.209112167358398,7.061124324798584,4.209112167358398,7.061124324798584,0.4207424223423004,20260730
2023-07-07,EV,FeasibleTCN,84,0.0,0.0,0.0,7.7191267013549805,7.7191267013549805,7.7191267013549805,7.7191267013549805,0.2004164606332779,20260730
2023-07-07,EV,FeasibleTCN,96,0.0,0.0,0.0,7.7640700340271,7.7640700340271,7.7640700340271,7.7640700340271,0.11273767054080963,20260730
2023-07-01,EV,FeasibleITransformer,32,0.0,0.0,0.0,0.061295248568058014,0.3355523943901062,0.061295248568058014,0.3355523943901062,0.22476047277450562,20260730
2023-07-01,EV,FeasibleITransformer,48,0.0,0.0,0.0,0.2764193117618561,0.5543407201766968,0.2764193117618561,0.5543407201766968,0.7432609796524048,20260730
2023-07-01,EV,FeasibleITransformer,64,0.0,0.0,0.0,0.6331921815872192,1.150501012802124,0.6331921815872192,1.150501012802124,0.5463003516197205,20260730
2023-07-01,EV,FeasibleITransformer,80,0.0,0.0,0.0,1.0212645530700684,1.4728657007217407,1.0212645530700684,1.4728657007217407,0.31634560227394104,20260730
2023-07-01,EV,FeasibleITransformer,84,0.0,0.0,0.0,1.2166635990142822,1.7387627363204956,1.2166635990142822,1.7387627363204956,0.40189823508262634,20260730
2023-07-01,EV,FeasibleITransformer,96,0.0,0.0,0.0,1.9987378120422363,1.9987378120422363,1.9987378120422363,1.9987378120422363,0.31332653760910034,20260730
2023-07-02,EV,FeasibleITransformer,32,0.0,0.0,0.0,0.08512929826974869,0.32930511236190796,0.08512929826974869,0.32930511236190796,0.1625615805387497,20260730
2023-07-02,EV,FeasibleITransformer,48,0.0,0.0,0.0,0.26491451263427734,0.7693883776664734,0.26491451263427734,0.7693883776664734,0.7149931788444519,20260730
2023-07-02,EV,FeasibleITransformer,64,0.0,0.0,0.0,0.6530027389526367,2.1863715648651123,0.6530027389526367,2.1863715648651123,0.48531675338745117,20260730
2023-07-02,EV,FeasibleITransformer,80,0.0,0.0,0.0,2.689544677734375,3.219545364379883,2.689544677734375,3.219545364379883,0.3852135241031647,20260730
2023-07-02,EV,FeasibleITransformer,84,0.0,0.0,0.0,3.103076934814453,3.7128570079803467,3.103076934814453,3.7128570079803467,0.3994463086128235,20260730
2023-07-02,EV,FeasibleITransformer,96,0.0,0.0,0.0,4.344821453094482,4.344821453094482,4.344821453094482,4.344821453094482,0.4700802266597748,20260730
2023-07-03,EV,FeasibleITransformer,32,0.0,0.0,0.0,0.09057553857564926,0.21196706593036652,0.09057553857564926,0.21196706593036652,0.12878727912902832,20260730
2023-07-03,EV,FeasibleITransformer,48,0.0,0.0,0.0,0.30835455656051636,0.6166635155677795,0.30835455656051636,0.6166635155677795,0.6087324619293213,20260730
2023-07-03,EV,FeasibleITransformer,64,3.684000015258789,5.334000110626221,0.375,0.45721930265426636,1.0639333724975586,0.45721930265426636,1.0639333724975586,0.4449288845062256,20260730
2023-07-03,EV,FeasibleITransformer,80,5.334000110626221,5.334000110626221,0.0625,1.004428744316101,1.370654821395874,1.004428744316101,1.370654821395874,0.24545049667358398,20260730
2023-07-03,EV,FeasibleITransformer,84,5.334000110626221,5.334000110626221,0.0,1.2678101062774658,1.5482494831085205,1.2678101062774658,1.5482494831085205,0.309521347284317,20260730
2023-07-03,EV,FeasibleITransformer,96,5.334000110626221,5.334000110626221,0.0,1.777696132659912,1.777696132659912,1.777696132659912,1.777696132659912,0.5764181017875671,20260730
2023-07-04,EV,FeasibleITransformer,32,0.0,0.0,0.0,0.10508931428194046,0.19103965163230896,0.10508931428194046,0.19103965163230896,0.13716700673103333,20260730
2023-07-04,EV,FeasibleITransformer,48,0.0,0.0,0.0,0.2522934377193451,0.5815823078155518,0.2522934377193451,0.5815823078155518,0.5439651608467102,20260730
2023-07-04,EV,FeasibleITransformer,64,0.0,0.0,0.0,0.47151562571525574,1.0659537315368652,0.47151562571525574,1.0659537315368652,0.762381374835968,20260730
2023-07-04,EV,FeasibleITransformer,80,0.0,0.0,0.0,1.4010565280914307,1.7458240985870361,1.4010565280914307,1.7458240985870361,0.3454163670539856,20260730
2023-07-04,EV,FeasibleITransformer,84,0.0,0.0,0.0,1.8110175132751465,2.034742832183838,1.8110175132751465,2.034742832183838,0.2001170963048935,20260730
2023-07-04,EV,FeasibleITransformer,96,0.0,0.0,0.0,2.563369035720825,2.563369035720825,2.563369035720825,2.563369035720825,0.47508442401885986,20260730
2023-07-05,EV,FeasibleITransformer,32,0.0,0.0,0.0,0.1454087197780609,0.30716603994369507,0.1454087197780609,0.30716603994369507,0.1856149435043335,20260730
2023-07-05,EV,FeasibleITransformer,48,0.0,6.039000034332275,0.875,0.8304340839385986,1.1377182006835938,0.8304340839385986,1.1377182006835938,0.9265139698982239,20260730
2023-07-05,EV,FeasibleITransformer,64,6.039000034332275,6.039000034332275,0.9375,1.4208770990371704,1.9461116790771484,1.4208770990371704,1.9461116790771484,1.3448822498321533,20260730
2023-07-05,EV,FeasibleITransformer,80,6.039000034332275,6.039000034332275,0.0,2.7009449005126953,3.0071606636047363,2.7009449005126953,3.0071606636047363,0.5959762930870056,20260730
2023-07-05,EV,FeasibleITransformer,84,6.039000034332275,6.039000034332275,0.0,3.065192937850952,3.365731716156006,3.065192937850952,3.365731716156006,0.2650981843471527,20260730
2023-07-05,EV,FeasibleITransformer,96,6.039000034332275,6.039000034332275,0.0,4.267014026641846,4.267014026641846,4.267014026641846,4.267014026641846,0.5203600525856018,20260730
2023-07-06,EV,FeasibleITransformer,32,0.0,0.0,0.0,0.10573277622461319,0.35488811135292053,0.10573277622461319,0.35488811135292053,0.2507833242416382,20260730
2023-07-06,EV,FeasibleITransformer,48,0.0,0.0,0.0,0.6687347292900085,1.122910976409912,0.6687347292900085,1.122910976409912,0.8329943418502808,20260730
2023-07-06,EV,FeasibleITransformer,64,0.0,0.0,0.0,1.482375144958496,2.2380459308624268,1.482375144958496,2.2380459308624268,1.4104349613189697,20260730
2023-07-06,EV,FeasibleITransformer,80,0.0,0.0,0.0,3.9600582122802734,4.149105548858643,3.9600582122802734,4.149105548858643,0.6347904205322266,20260730
2023-07-06,EV,FeasibleITransformer,84,0.0,0.0,0.0,4.2498459815979,4.525433540344238,4.2498459815979,4.525433540344238,0.19245027005672455,20260730
2023-07-06,EV,FeasibleITransformer,96,0.0,0.0,0.0,5.469876289367676,5.469876289367676,5.469876289367676,5.469876289367676,0.24737673997879028,20260730
2023-07-07,EV,FeasibleITransformer,32,0.0,0.0,0.0,0.10293372720479965,0.6276503205299377,0.10293372720479965,0.6276503205299377,0.2799140214920044,20260730
2023-07-07,EV,FeasibleITransformer,48,0.0,0.0,0.0,0.7413497567176819,1.5414949655532837,0.7413497567176819,1.5414949655532837,1.1902769804000854,20260730
2023-07-07,EV,FeasibleITransformer,64,0.0,0.0,0.0,6.060871601104736,6.396829128265381,6.060871601104736,6.396829128265381,1.446462631225586,20260730
2023-07-07,EV,FeasibleITransformer,80,0.0,0.0,0.0,10.224597930908203,10.52590274810791,10.224597930908203,10.52590274810791,0.5094009637832642,20260730
2023-07-07,EV,FeasibleITransformer,84,0.0,0.0,0.0,10.65748405456543,11.092538833618164,10.65748405456543,11.092538833618164,0.2831457555294037,20260730
2023-07-07,EV,FeasibleITransformer,96,0.0,0.0,0.0,11.982405662536621,11.982405662536621,11.982405662536621,11.982405662536621,0.23506024479866028,20260730
2023-07-01,ChargerMatched,SeasonalNaive,32,0.0,0.0,0.0,0.0,0.0,0.0,0.0,0.0,20260730
2023-07-01,ChargerMatched,SeasonalNaive,48,0.0,0.0,0.0,0.0,0.0,0.0,0.0,0.0,20260730
2023-07-01,ChargerMatched,SeasonalNaive,64,0.0,0.0,0.0,0.0,0.0,0.0,0.0,0.0,20260730
2023-07-01,ChargerMatched,SeasonalNaive,80,0.0,0.0,0.0,0.0,0.0,0.0,0.0,0.0,20260730
2023-07-01,ChargerMatched,SeasonalNaive,84,0.0,0.0,0.0,0.0,0.0,0.0,0.0,0.0,20260730
2023-07-01,ChargerMatched,SeasonalNaive,96,0.0,0.0,0.0,0.0,0.0,0.0,0.0,0.0,20260730
2023-07-02,ChargerMatched,SeasonalNaive,32,0.0,0.0,0.0,0.0,0.0,0.0,0.0,0.0,20260730
2023-07-02,ChargerMatched,SeasonalNaive,48,0.0,0.0,0.0,0.0,0.0,0.0,0.0,0.0,20260730
2023-07-02,ChargerMatched,SeasonalNaive,64,0.0,0.0,0.0,0.0,0.0,0.0,0.0,0.0,20260730
2023-07-02,ChargerMatched,SeasonalNaive,80,0.0,0.0,0.0,0.0,0.0,0.0,0.0,0.0,20260730
2023-07-02,ChargerMatched,SeasonalNaive,84,0.0,0.0,0.0,0.0,0.0,0.0,0.0,0.0,20260730
2023-07-02,ChargerMatched,SeasonalNaive,96,0.0,0.0,0.0,0.0,0.0,0.0,0.0,0.0,20260730
2023-07-03,ChargerMatched,SeasonalNaive,32,0.0,0.0,0.0,0.0,0.0,0.0,0.0,0.0,20260730
2023-07-03,ChargerMatched,SeasonalNaive,48,0.0,0.0,0.0,0.0,5.919000148773193,0.0,5.919000148773193,0.5625,20260730
2023-07-03,ChargerMatched,SeasonalNaive,64,3.684000015258789,5.334000110626221,0.375,5.919000148773193,5.919000148773193,5.919000148773193,5.919000148773193,0.25,20260730
2023-07-03,ChargerMatched,SeasonalNaive,80,5.334000110626221,5.334000110626221,0.0625,5.919000148773193,5.919000148773193,5.919000148773193,5.919000148773193,0.0,20260730
2023-07-03,ChargerMatched,SeasonalNaive,84,5.334000110626221,5.334000110626221,0.0,5.919000148773193,5.919000148773193,5.919000148773193,5.919000148773193,0.0,20260730
2023-07-03,ChargerMatched,SeasonalNaive,96,5.334000110626221,5.334000110626221,0.0,5.919000148773193,5.919000148773193,5.919000148773193,5.919000148773193,0.0,20260730
2023-07-04,ChargerMatched,SeasonalNaive,32,0.0,0.0,0.0,0.0,0.0,0.0,0.0,0.0,20260730
2023-07-04,ChargerMatched,SeasonalNaive,48,0.0,0.0,0.0,0.0,0.0,0.0,0.0,0.0,20260730
2023-07-04,ChargerMatched,SeasonalNaive,64,0.0,0.0,0.0,0.0,0.0,0.0,0.0,0.0,20260730
2023-07-04,ChargerMatched,SeasonalNaive,80,0.0,0.0,0.0,0.0,0.0,0.0,0.0,0.0,20260730
2023-07-04,ChargerMatched,SeasonalNaive,84,0.0,0.0,0.0,0.0,0.0,0.0,0.0,0.0,20260730
2023-07-04,ChargerMatched,SeasonalNaive,96,0.0,0.0,0.0,0.0,0.0,0.0,0.0,0.0,20260730
2023-07-05,ChargerMatched,SeasonalNaive,32,0.0,0.0,0.0,0.0,0.0,0.0,0.0,0.0,20260730
2023-07-05,ChargerMatched,SeasonalNaive,48,0.0,6.039000034332275,0.875,4.311999797821045,5.961999893188477,4.311999797821045,5.961999893188477,0.9375,20260730
2023-07-05,ChargerMatched,SeasonalNaive,64,6.039000034332275,6.039000034332275,0.9375,5.961999893188477,5.961999893188477,5.961999893188477,5.961999893188477,0.0625,20260730
2023-07-05,ChargerMatched,SeasonalNaive,80,6.039000034332275,6.039000034332275,0.0,5.961999893188477,5.961999893188477,5.961999893188477,5.961999893188477,0.0,20260730
2023-07-05,ChargerMatched,SeasonalNaive,84,6.039000034332275,6.039000034332275,0.0,5.961999893188477,5.961999893188477,5.961999893188477,5.961999893188477,0.0,20260730
2023-07-05,ChargerMatched,SeasonalNaive,96,6.039000034332275,6.039000034332275,0.0,5.961999893188477,5.961999893188477,5.961999893188477,5.961999893188477,0.0,20260730
2023-07-06,ChargerMatched,SeasonalNaive,32,0.0,0.0,0.0,0.0,0.0,0.0,0.0,0.0,20260730
2023-07-06,ChargerMatched,SeasonalNaive,48,0.0,0.0,0.0,0.0,0.0,0.0,0.0,0.0,20260730
2023-07-06,ChargerMatched,SeasonalNaive,64,0.0,0.0,0.0,0.0,0.0,0.0,0.0,0.0,20260730
2023-07-06,ChargerMatched,SeasonalNaive,80,0.0,0.0,0.0,0.0,0.0,0.0,0.0,0.0,20260730
2023-07-06,ChargerMatched,SeasonalNaive,84,0.0,0.0,0.0,0.0,0.0,0.0,0.0,0.0,20260730
2023-07-06,ChargerMatched,SeasonalNaive,96,0.0,0.0,0.0,0.0,0.0,0.0,0.0,0.0,20260730
2023-07-07,ChargerMatched,SeasonalNaive,32,0.0,0.0,0.0,0.0,0.0,0.0,0.0,0.0,20260730
2023-07-07,ChargerMatched,SeasonalNaive,48,0.0,0.0,0.0,0.0,0.0,0.0,0.0,0.0,20260730
2023-07-07,ChargerMatched,SeasonalNaive,64,0.0,0.0,0.0,20.18199920654297,23.100000381469727,20.1820011138916,23.100000381469727,0.875,20260730
2023-07-07,ChargerMatched,SeasonalNaive,80,0.0,0.0,0.0,30.082000732421875,30.082000732421875,30.082000732421875,30.082000732421875,0.375,20260730
2023-07-07,ChargerMatched,SeasonalNaive,84,0.0,0.0,0.0,30.082000732421875,30.082000732421875,30.082000732421875,30.082000732421875,0.0,20260730
2023-07-07,ChargerMatched,SeasonalNaive,96,0.0,0.0,0.0,30.082000732421875,30.082000732421875,30.082000732421875,30.082000732421875,0.0,20260730
2023-07-01,ChargerMatched,Ridge,32,0.0,0.0,0.0,0.6844675540924072,2.923912525177002,0.5825430154800415,2.6021246910095215,0.13351406157016754,20260730
2023-07-01,ChargerMatched,Ridge,48,0.0,0.0,0.0,8.529684066772461,8.160552024841309,6.310225009918213,6.899814128875732,0.7510915994644165,20260730
2023-07-01,ChargerMatched,Ridge,64,0.0,0.0,0.0,11.655517578125,6.905055046081543,8.163067817687988,8.995698928833008,0.3692830204963684,20260730
2023-07-01,ChargerMatched,Ridge,80,0.0,0.0,0.0,9.670234680175781,10.198097229003906,9.815713882446289,9.97779655456543,0.22436347603797913,20260730
2023-07-01,ChargerMatched,Ridge,84,0.0,0.0,0.0,10.086715698242188,10.780200958251953,9.95804500579834,9.97779655456543,0.31808722019195557,20260730
2023-07-01,ChargerMatched,Ridge,96,0.0,0.0,0.0,9.420421600341797,9.420421600341797,9.97779655456543,9.97779655456543,0.05814805626869202,20260730
2023-07-02,ChargerMatched,Ridge,32,0.0,0.0,0.0,0.9948080778121948,3.091707944869995,0.9681748151779175,3.091707944869995,0.14792220294475555,20260730
2023-07-02,ChargerMatched,Ridge,48,0.0,0.0,0.0,2.7605466842651367,8.1658935546875,4.942597389221191,9.246428489685059,0.5986303091049194,20260730
2023-07-02,ChargerMatched,Ridge,64,0.0,0.0,0.0,9.302139282226562,12.816418647766113,9.900215148925781,13.055709838867188,0.9475749731063843,20260730
2023-07-02,ChargerMatched,Ridge,80,0.0,0.0,0.0,16.931772232055664,16.728317260742188,15.345088958740234,15.345088958740234,0.5101239681243896,20260730
2023-07-02,ChargerMatched,Ridge,84,0.0,0.0,0.0,16.663497924804688,15.868718147277832,15.345088958740234,15.345088958740234,0.0992676168680191,20260730
2023-07-02,ChargerMatched,Ridge,96,0.0,0.0,0.0,15.345088958740234,15.345088958740234,15.345088958740234,15.345088958740234,0.07241453230381012,20260730
2023-07-03,ChargerMatched,Ridge,32,0.0,0.0,0.0,0.6901034116744995,0.002774655818939209,0.3349263668060303,0.6719979047775269,0.16572242975234985,20260730
2023-07-03,ChargerMatched,Ridge,48,0.0,0.0,0.0,7.693795204162598,9.197244644165039,6.959647178649902,10.980260848999023,0.5622991323471069,20260730
2023-07-03,ChargerMatched,Ridge,64,3.684000015258789,5.334000110626221,0.375,14.211747169494629,17.06541633605957,14.983080863952637,15.743396759033203,0.6633955836296082,20260730
2023-07-03,ChargerMatched,Ridge,80,5.334000110626221,5.334000110626221,0.0625,16.735139846801758,17.93242645263672,17.38983154296875,17.781715393066406,0.28898194432258606,20260730
2023-07-03,ChargerMatched,Ridge,84,5.334000110626221,5.334000110626221,0.0,17.340173721313477,18.01044464111328,18.125879287719727,18.1369686126709,0.18011441826820374,20260730
2023-07-03,ChargerMatched,Ridge,96,5.334000110626221,5.334000110626221,0.0,17.915565490722656,17.915565490722656,18.404199600219727,18.404199600219727,0.13304273784160614,20260730
2023-07-04,ChargerMatched,Ridge,32,0.0,0.0,0.0,0.8290607333183289,-0.06563901901245117,0.24001316726207733,0.49452757835388184,0.011410055682063103,20260730
2023-07-04,ChargerMatched,Ridge,48,0.0,0.0,0.0,3.6432924270629883,1.6688144207000732,5.6847686767578125,7.476200103759766,0.6431175470352173,20260730
2023-07-04,ChargerMatched,Ridge,64,0.0,0.0,0.0,3.6639223098754883,7.932509422302246,10.981223106384277,15.375789642333984,0.7249938249588013,20260730
2023-07-04,ChargerMatched,Ridge,80,0.0,0.0,0.0,11.472500801086426,12.558177947998047,16.42483139038086,17.838829040527344,0.7226622700691223,20260730
2023-07-04,ChargerMatched,Ridge,84,0.0,0.0,0.0,12.70403003692627,12.427693367004395,17.52344512939453,17.865558624267578,0.3018823266029358,20260730
2023-07-04,ChargerMatched,Ridge,96,0.0,0.0,0.0,12.447990417480469,12.447990417480469,17.865558624267578,17.865558624267578,0.1428055316209793,20260730
2023-07-05,ChargerMatched,Ridge,32,0.0,0.0,0.0,1.300894856452942,-0.36143243312835693,0.2465982735157013,0.31033286452293396,0.012191489338874817,20260730
2023-07-05,ChargerMatched,Ridge,48,0.0,6.039000034332275,0.875,7.857053756713867,12.465300559997559,8.957284927368164,12.185102462768555,1.2183181047439575,20260730
2023-07-05,ChargerMatched,Ridge,64,6.039000034332275,6.039000034332275,0.9375,12.029775619506836,16.905498504638672,12.032597541809082,17.092618942260742,0.7193697690963745,20260730
2023-07-05,ChargerMatched,Ridge,80,6.039000034332275,6.039000034332275,0.0,20.379554748535156,21.298133850097656,20.622745513916016,21.200658798217773,0.5633479952812195,20260730
2023-07-05,ChargerMatched,Ridge,84,6.039000034332275,6.039000034332275,0.0,21.09201431274414,21.76519012451172,21.240148544311523,22.11980628967285,0.22236430644989014,20260730
2023-07-05,ChargerMatched,Ridge,96,6.039000034332275,6.039000034332275,0.0,22.48571014404297,22.48571014404297,22.48571014404297,22.48571014404297,0.1064748466014862,20260730
2023-07-06,ChargerMatched,Ridge,32,0.0,0.0,0.0,0.7451685070991516,1.579271912574768,0.5928695201873779,1.3921977281570435,0.0745973289012909,20260730
2023-07-06,ChargerMatched,Ridge,48,0.0,0.0,0.0,7.109025478363037,14.055692672729492,7.109025478363037,14.055692672729492,0.8868641257286072,20260730
2023-07-06,ChargerMatched,Ridge,64,0.0,0.0,0.0,13.111798286437988,22.342514038085938,13.111798286437988,21.24690818786621,1.0884321928024292,20260730
2023-07-06,ChargerMatched,Ridge,80,0.0,0.0,0.0,23.78683090209961,24.241872787475586,22.692304611206055,22.692304611206055,1.0994207859039307,20260730
2023-07-06,ChargerMatched,Ridge,84,0.0,0.0,0.0,24.43604278564453,23.552244186401367,23.22608757019043,23.22608757019043,0.19096660614013672,20260730
2023-07-06,ChargerMatched,Ridge,96,0.0,0.0,0.0,23.22608757019043,23.22608757019043,23.22608757019043,23.22608757019043,0.05214289575815201,20260730
2023-07-07,ChargerMatched,Ridge,32,0.0,0.0,0.0,0.7323381900787354,2.467507839202881,0.7696226835250854,1.8026541471481323,0.10399771481752396,20260730
2023-07-07,ChargerMatched,Ridge,48,0.0,0.0,0.0,6.55588436126709,4.396302223205566,2.996013641357422,3.375570774078369,0.24334873259067535,20260730
2023-07-07,ChargerMatched,Ridge,64,0.0,0.0,0.0,8.865806579589844,7.69495153427124,3.319390296936035,3.9002296924591064,0.1472560465335846,20260730
2023-07-07,ChargerMatched,Ridge,80,0.0,0.0,0.0,10.06742000579834,10.207128524780273,5.774846076965332,5.821131706237793,0.30221980810165405,20260730
2023-07-07,ChargerMatched,Ridge,84,0.0,0.0,0.0,9.50716781616211,9.863499641418457,6.156174182891846,6.190748691558838,0.13004404306411743,20260730
2023-07-07,ChargerMatched,Ridge,96,0.0,0.0,0.0,9.716130256652832,9.716130256652832,6.411388874053955,6.411388874053955,0.0993860512971878,20260730
2023-07-01,ChargerMatched,DLinear,32,0.0,0.0,0.0,1.4232871532440186,8.457127571105957,0.7835084199905396,0.7835084199905396,0.0148391742259264,20260730
2023-07-01,ChargerMatched,DLinear,48,0.0,0.0,0.0,3.4077401161193848,12.926212310791016,2.247100591659546,4.724031925201416,0.20650961995124817,20260730
2023-07-01,ChargerMatched,DLinear,64,0.0,0.0,0.0,28.506797790527344,35.06791687011719,17.305444717407227,17.305444717407227,0.8028783798217773,20260730
2023-07-01,ChargerMatched,DLinear,80,0.0,0.0,0.0,23.168176651000977,24.988494873046875,19.849946975708008,19.849946975708008,1.3557519912719727,20260730
2023-07-01,ChargerMatched,DLinear,84,0.0,0.0,0.0,28.72521209716797,46.3892707824707,19.849946975708008,19.849946975708008,0.2821727693080902,20260730
2023-07-01,ChargerMatched,DLinear,96,0.0,0.0,0.0,21.53983497619629,18.160057067871094,19.849946975708008,19.849946975708008,0.28925204277038574,20260730
2023-07-02,ChargerMatched,DLinear,32,0.0,0.0,0.0,2.217301607131958,9.683037757873535,1.8477513790130615,3.3037986755371094,0.07514604926109314,20260730
2023-07-02,ChargerMatched,DLinear,48,0.0,0.0,0.0,4.2765960693359375,7.919864654541016,3.882183313369751,7.329625129699707,0.4548540711402893,20260730
2023-07-02,ChargerMatched,DLinear,64,0.0,0.0,0.0,20.713428497314453,26.282562255859375,9.84498405456543,10.095247268676758,0.6217467188835144,20260730
2023-07-02,ChargerMatched,DLinear,80,0.0,0.0,0.0,7.564286231994629,23.08045196533203,9.84498405456543,10.095247268676758,1.3141003847122192,20260730
2023-07-02,ChargerMatched,DLinear,84,0.0,0.0,0.0,10.216632843017578,30.190200805664062,10.095247268676758,10.095247268676758,0.019760673865675926,20260730
2023-07-02,ChargerMatched,DLinear,96,0.0,0.0,0.0,-1.0841840505599976,18.559656143188477,10.095247268676758,10.095247268676758,0.16391310095787048,20260730
2023-07-03,ChargerMatched,DLinear,32,0.0,0.0,0.0,3.013381004333496,8.048095703125,1.3655328750610352,1.3655328750610352,0.028367972001433372,20260730
2023-07-03,ChargerMatched,DLinear,48,0.0,0.0,0.0,5.470545291900635,8.966104507446289,4.895824909210205,9.259332656860352,1.1738059520721436,20260730
2023-07-03,ChargerMatched,DLinear,64,3.684000015258789,5.334000110626221,0.375,27.92287826538086,26.518844604492188,16.11104965209961,16.11104965209961,0.8694759011268616,20260730
2023-07-03,ChargerMatched,DLinear,80,5.334000110626221,5.334000110626221,0.0625,7.989872932434082,30.947952270507812,16.11104965209961,16.11104965209961,0.8825327754020691,20260730
2023-07-03,ChargerMatched,DLinear,84,5.334000110626221,5.334000110626221,0.0,3.4064931869506836,18.772897720336914,16.11104965209961,16.11104965209961,0.0,20260730
2023-07-03,ChargerMatched,DLinear,96,5.334000110626221,5.334000110626221,0.0,0.44420385360717773,31.777894973754883,16.11104965209961,16.11104965209961,0.004236525855958462,20260730
2023-07-04,ChargerMatched,DLinear,32,0.0,0.0,0.0,3.1974565982818604,4.418619632720947,0.0,0.0,0.0,20260730
2023-07-04,ChargerMatched,DLinear,48,0.0,0.0,0.0,3.640394687652588,11.975850105285645,2.463815689086914,11.593379020690918,0.9841458797454834,20260730
2023-07-04,ChargerMatched,DLinear,64,0.0,0.0,0.0,29.301868438720703,27.58553695678711,21.651065826416016,21.651065826416016,1.0661903619766235,20260730
2023-07-04,ChargerMatched,DLinear,80,0.0,0.0,0.0,14.792929649353027,32.91457748413086,24.328630447387695,24.328630447387695,0.558864414691925,20260730
2023-07-04,ChargerMatched,DLinear,84,0.0,0.0,0.0,4.388568878173828,11.087515830993652,24.328630447387695,24.328630447387695,0.0,20260730
2023-07-04,ChargerMatched,DLinear,96,0.0,0.0,0.0,15.21955394744873,38.10443878173828,24.328630447387695,24.328630447387695,0.0,20260730
2023-07-05,ChargerMatched,DLinear,32,0.0,0.0,0.0,2.6159794330596924,2.234464168548584,0.0,0.0,0.0,20260730
2023-07-05,ChargerMatched,DLinear,48,0.0,6.039000034332275,0.875,2.588442325592041,22.28807258605957,3.628293037414551,20.66431427001953,1.02293062210083,20260730
2023-07-05,ChargerMatched,DLinear,64,6.039000034332275,6.039000034332275,0.9375,29.45920181274414,29.941452026367188,28.81421661376953,30.112712860107422,1.1993259191513062,20260730
2023-07-05,ChargerMatched,DLinear,80,6.039000034332275,6.039000034332275,0.0,25.49707794189453,29.17772102355957,32.736366271972656,33.294864654541016,0.4492949843406677,20260730
2023-07-05,ChargerMatched,DLinear,84,6.039000034332275,6.039000034332275,0.0,14.251180648803711,14.703542709350586,33.43704605102539,33.43704605102539,0.10616369545459747,20260730
2023-07-05,ChargerMatched,DLinear,96,6.039000034332275,6.039000034332275,0.0,33.79220199584961,34.44438934326172,34.11829376220703,34.11829376220703,0.03440650552511215,20260730
2023-07-06,ChargerMatched,DLinear,32,0.0,0.0,0.0,1.6915504932403564,2.7336502075195312,0.0,0.0,0.0,20260730
2023-07-06,ChargerMatched,DLinear,48,0.0,0.0,0.0,2.8017139434814453,22.975955963134766,3.6579346656799316,10.027054786682129,0.4738893508911133,20260730
2023-07-06,ChargerMatched,DLinear,64,0.0,0.0,0.0,24.807899475097656,23.972978591918945,18.709781646728516,19.550731658935547,0.5965116024017334,20260730
2023-07-06,ChargerMatched,DLinear,80,0.0,0.0,0.0,21.506702423095703,12.542980194091797,21.867036819458008,22.27568244934082,0.3064018487930298,20260730
2023-07-06,ChargerMatched,DLinear,84,0.0,0.0,0.0,16.004878997802734,16.9928035736084,22.415817260742188,22.415817260742188,0.12261736392974854,20260730
2023-07-06,ChargerMatched,DLinear,96,0.0,0.0,0.0,32.167091369628906,13.531877517700195,22.415817260742188,22.415817260742188,0.0,20260730
2023-07-07,ChargerMatched,DLinear,32,0.0,0.0,0.0,1.1046963930130005,5.531899452209473,0.0,0.0,0.0,20260730
2023-07-07,ChargerMatched,DLinear,48,0.0,0.0,0.0,4.167265892028809,15.295477867126465,0.0,0.0,0.0,20260730
2023-07-07,ChargerMatched,DLinear,64,0.0,0.0,0.0,20.975261688232422,21.099220275878906,3.1517980098724365,3.1517980098724365,0.11938628554344177,20260730
2023-07-07,ChargerMatched,DLinear,80,0.0,0.0,0.0,16.82010841369629,6.179339408874512,13.00021743774414,13.00021743774414,0.6976988315582275,20260730
2023-07-07,ChargerMatched,DLinear,84,0.0,0.0,0.0,18.555124282836914,26.976364135742188,13.00021743774414,13.00021743774414,0.3114316761493683,20260730
2023-07-07,ChargerMatched,DLinear,96,0.0,0.0,0.0,22.2101993560791,1.7390236854553223,13.00021743774414,13.00021743774414,0.16637606918811798,20260730
2023-07-01,ChargerMatched,LSTM,32,0.0,0.0,0.0,0.4427177309989929,0.6358176469802856,0.4427177309989929,0.6358176469802856,0.02158874273300171,20260730
2023-07-01,ChargerMatched,LSTM,48,0.0,0.0,0.0,5.08103084564209,10.764591217041016,5.08103084564209,10.764591217041016,0.7292225956916809,20260730
2023-07-01,ChargerMatched,LSTM,64,0.0,0.0,0.0,20.830486297607422,18.945537567138672,17.81328773498535,17.81328773498535,0.5492904186248779,20260730
2023-07-01,ChargerMatched,LSTM,80,0.0,0.0,0.0,23.953643798828125,17.05841064453125,17.81328773498535,17.81328773498535,0.44908466935157776,20260730
2023-07-01,ChargerMatched,LSTM,84,0.0,0.0,0.0,17.370655059814453,17.635717391967773,17.81328773498535,17.81328773498535,0.12148068845272064,20260730
2023-07-01,ChargerMatched,LSTM,96,0.0,0.0,0.0,15.997736930847168,19.628841400146484,17.81328773498535,17.81328773498535,0.011036059819161892,20260730
2023-07-02,ChargerMatched,LSTM,32,0.0,0.0,0.0,0.4579979479312897,0.44936367869377136,0.3875841796398163,0.44936367869377136,0.03652167320251465,20260730
2023-07-02,ChargerMatched,LSTM,48,0.0,0.0,0.0,6.255331516265869,12.862138748168945,6.255331516265869,12.862138748168945,0.7597989439964294,20260730
2023-07-02,ChargerMatched,LSTM,64,0.0,0.0,0.0,22.927217483520508,19.826148986816406,14.27635383605957,14.27635383605957,0.49112021923065186,20260730
2023-07-02,ChargerMatched,LSTM,80,0.0,0.0,0.0,18.188438415527344,17.436988830566406,14.27635383605957,14.27635383605957,0.41588616371154785,20260730
2023-07-02,ChargerMatched,LSTM,84,0.0,0.0,0.0,14.223541259765625,17.78447723388672,14.27635383605957,14.27635383605957,0.18798165023326874,20260730
2023-07-02,ChargerMatched,LSTM,96,0.0,0.0,0.0,11.741316795349121,16.81139373779297,14.27635383605957,14.27635383605957,0.006237809546291828,20260730
2023-07-03,ChargerMatched,LSTM,32,0.0,0.0,0.0,0.06234293431043625,0.016010954976081848,0.02196679636836052,0.04177458584308624,0.036293476819992065,20260730
2023-07-03,ChargerMatched,LSTM,48,0.0,0.0,0.0,8.041885375976562,12.817434310913086,8.041885375976562,12.817434310913086,0.8297406435012817,20260730
2023-07-03,ChargerMatched,LSTM,64,3.684000015258789,5.334000110626221,0.375,21.128040313720703,19.202329635620117,14.433923721313477,14.433923721313477,0.41121888160705566,20260730
2023-07-03,ChargerMatched,LSTM,80,5.334000110626221,5.334000110626221,0.0625,13.014030456542969,19.435962677001953,14.433923721313477,14.433923721313477,0.31547829508781433,20260730
2023-07-03,ChargerMatched,LSTM,84,5.334000110626221,5.334000110626221,0.0,11.910927772521973,18.340879440307617,14.433923721313477,14.433923721313477,0.24114413559436798,20260730
2023-07-03,ChargerMatched,LSTM,96,5.334000110626221,5.334000110626221,0.0,11.931282043457031,16.936567306518555,14.433923721313477,14.433923721313477,0.00334151741117239,20260730
2023-07-04,ChargerMatched,LSTM,32,0.0,0.0,0.0,-0.4204344153404236,-0.3991802930831909,0.0,0.0,0.021048877388238907,20260730
2023-07-04,ChargerMatched,LSTM,48,0.0,0.0,0.0,8.70052433013916,10.774550437927246,8.70052433013916,10.774550437927246,0.8919433951377869,20260730
2023-07-04,ChargerMatched,LSTM,64,0.0,0.0,0.0,17.327655792236328,17.069683074951172,16.963172912597656,16.974245071411133,0.3416963517665863,20260730
2023-07-04,ChargerMatched,LSTM,80,0.0,0.0,0.0,11.852431297302246,20.781795501708984,17.327655792236328,18.01184844970703,0.2301369607448578,20260730
2023-07-04,ChargerMatched,LSTM,84,0.0,0.0,0.0,12.18673038482666,19.785717010498047,17.85075569152832,18.01184844970703,0.2572675049304962,20260730
2023-07-04,ChargerMatched,LSTM,96,0.0,0.0,0.0,16.425193786621094,19.59850311279297,18.01184844970703,18.01184844970703,0.01296986173838377,20260730
2023-07-05,ChargerMatched,LSTM,32,0.0,0.0,0.0,-0.61269611120224,-0.4971974790096283,0.0,0.0,0.0012904256582260132,20260730
2023-07-05,ChargerMatched,LSTM,48,0.0,6.039000034332275,0.875,7.6641154289245605,7.706689834594727,7.4074931144714355,7.706689834594727,0.8548226356506348,20260730
2023-07-05,ChargerMatched,LSTM,64,6.039000034332275,6.039000034332275,0.9375,13.282710075378418,13.606306076049805,13.841850280761719,13.948928833007812,0.3193553686141968,20260730
2023-07-05,ChargerMatched,LSTM,80,6.039000034332275,6.039000034332275,0.0,15.188188552856445,19.926603317260742,19.255395889282227,20.017879486083984,0.2070935070514679,20260730
2023-07-05,ChargerMatched,LSTM,84,6.039000034332275,6.039000034332275,0.0,14.016534805297852,20.364938735961914,20.711668014526367,20.885866165161133,0.22064746916294098,20260730
2023-07-05,ChargerMatched,LSTM,96,6.039000034332275,6.039000034332275,0.0,20.71590805053711,22.27911376953125,21.497509002685547,21.497509002685547,0.03968906030058861,20260730
2023-07-06,ChargerMatched,LSTM,32,0.0,0.0,0.0,-0.42021188139915466,-0.20960025489330292,0.0,0.0,0.0008269501850008965,20260730
2023-07-06,ChargerMatched,LSTM,48,0.0,0.0,0.0,5.7233452796936035,5.933749198913574,5.619272232055664,5.933749198913574,0.8299496173858643,20260730
2023-07-06,ChargerMatched,LSTM,64,0.0,0.0,0.0,13.365225791931152,13.461265563964844,14.138705253601074,14.562392234802246,0.3932369351387024,20260730
2023-07-06,ChargerMatched,LSTM,80,0.0,0.0,0.0,21.005111694335938,18.719425201416016,20.913806915283203,20.913806915283203,0.2951365113258362,20260730
2023-07-06,ChargerMatched,LSTM,84,0.0,0.0,0.0,17.319644927978516,20.237804412841797,21.79413414001465,21.79413414001465,0.1701173335313797,20260730
2023-07-06,ChargerMatched,LSTM,96,0.0,0.0,0.0,22.310283660888672,22.771230697631836,22.540760040283203,22.540760040283203,0.04770936071872711,20260730
2023-07-07,ChargerMatched,LSTM,32,0.0,0.0,0.0,0.05767585337162018,0.3370285630226135,0.04431617259979248,0.13129426538944244,0.0035733040422201157,20260730
2023-07-07,ChargerMatched,LSTM,48,0.0,0.0,0.0,4.230097770690918,6.931427955627441,4.230097770690918,6.931427955627441,0.7179433703422546,20260730
2023-07-07,ChargerMatched,LSTM,64,0.0,0.0,0.0,15.829225540161133,14.051214218139648,14.051214218139648,14.051214218139648,0.4787866175174713,20260730
2023-07-07,ChargerMatched,LSTM,80,0.0,0.0,0.0,24.40768051147461,16.186878204345703,19.04159164428711,19.04159164428711,0.3824446499347687,20260730
2023-07-07,ChargerMatched,LSTM,84,0.0,0.0,0.0,18.053796768188477,18.797815322875977,19.908267974853516,19.908267974853516,0.12593862414360046,20260730
2023-07-07,ChargerMatched,LSTM,96,0.0,0.0,0.0,19.355640411376953,21.2000732421875,20.27785873413086,20.27785873413086,0.025554386898875237,20260730
2023-07-01,ChargerMatched,TCN,32,0.0,0.0,0.0,0.5053884983062744,0.2682996988296509,0.2682996988296509,0.2682996988296509,0.0972810611128807,20260730
2023-07-01,ChargerMatched,TCN,48,0.0,0.0,0.0,10.1344633102417,13.807378768920898,10.1344633102417,13.807378768920898,0.6924894452095032,20260730
2023-07-01,ChargerMatched,TCN,64,0.0,0.0,0.0,5.407137870788574,17.167236328125,10.1344633102417,16.40239143371582,0.8354185819625854,20260730
2023-07-01,ChargerMatched,TCN,80,0.0,0.0,0.0,15.600811004638672,13.201973915100098,15.27842903137207,16.40239143371582,0.8973602652549744,20260730
2023-07-01,ChargerMatched,TCN,84,0.0,0.0,0.0,14.047706604003906,22.75035285949707,16.01432991027832,16.715526580810547,0.19621151685714722,20260730
2023-07-01,ChargerMatched,TCN,96,0.0,0.0,0.0,12.618605613708496,20.812442779541016,16.715526580810547,16.715526580810547,0.04462152719497681,20260730
2023-07-02,ChargerMatched,TCN,32,0.0,0.0,0.0,0.3733387291431427,-0.2830744981765747,0.0,0.0,0.09819106012582779,20260730
2023-07-02,ChargerMatched,TCN,48,0.0,0.0,0.0,8.097885131835938,12.604179382324219,8.097885131835938,12.604179382324219,0.647076427936554,20260730
2023-07-02,ChargerMatched,TCN,64,0.0,0.0,0.0,5.5816545486450195,14.250450134277344,8.097885131835938,14.250450134277344,0.641819179058075,20260730
2023-07-02,ChargerMatched,TCN,80,0.0,0.0,0.0,17.91954803466797,15.261297225952148,15.261297225952148,15.261297225952148,0.7308727502822876,20260730
2023-07-02,ChargerMatched,TCN,84,0.0,0.0,0.0,14.64950942993164,24.874465942382812,16.43046760559082,16.43046760559082,0.12426001578569412,20260730
2023-07-02,ChargerMatched,TCN,96,0.0,0.0,0.0,14.881916046142578,17.97901725769043,16.43046760559082,16.43046760559082,0.05273003503680229,20260730
2023-07-03,ChargerMatched,TCN,32,0.0,0.0,0.0,0.5412905216217041,-0.1179545521736145,0.000380590558052063,0.000380590558052063,0.0683625191450119,20260730
2023-07-03,ChargerMatched,TCN,48,0.0,0.0,0.0,5.945689678192139,11.286865234375,5.945689678192139,11.286865234375,0.6807986497879028,20260730
2023-07-03,ChargerMatched,TCN,64,3.684000015258789,5.334000110626221,0.375,8.204852104187012,11.950102806091309,8.204852104187012,11.976436614990234,0.530687689781189,20260730
2023-07-03,ChargerMatched,TCN,80,5.334000110626221,5.334000110626221,0.0625,19.57461929321289,17.539592742919922,17.505783081054688,17.505783081054688,0.5746975541114807,20260730
2023-07-03,ChargerMatched,TCN,84,5.334000110626221,5.334000110626221,0.0,18.282196044921875,23.655296325683594,17.66132354736328,17.66132354736328,0.14604924619197845,20260730
2023-07-03,ChargerMatched,TCN,96,5.334000110626221,5.334000110626221,0.0,18.0329647064209,17.28968048095703,17.66132354736328,17.66132354736328,0.051522836089134216,20260730
2023-07-04,ChargerMatched,TCN,32,0.0,0.0,0.0,0.8997271060943604,0.6816176176071167,0.6816176176071167,0.6816176176071167,0.03104168176651001,20260730
2023-07-04,ChargerMatched,TCN,48,0.0,0.0,0.0,5.254281997680664,11.02722454071045,5.254281997680664,11.02722454071045,0.7818673253059387,20260730
2023-07-04,ChargerMatched,TCN,64,0.0,0.0,0.0,11.355081558227539,12.069271087646484,11.355081558227539,12.069271087646484,0.5919585824012756,20260730
2023-07-04,ChargerMatched,TCN,80,0.0,0.0,0.0,19.64273452758789,18.658706665039062,18.658706665039062,18.658706665039062,0.5488402247428894,20260730
2023-07-04,ChargerMatched,TCN,84,0.0,0.0,0.0,22.50312042236328,20.357755661010742,19.690099716186523,19.690099716186523,0.2442922592163086,20260730
2023-07-04,ChargerMatched,TCN,96,0.0,0.0,0.0,20.125986099243164,19.429035186767578,19.777511596679688,19.777511596679688,0.0436694473028183,20260730
2023-07-05,ChargerMatched,TCN,32,0.0,0.0,0.0,1.1727824211120605,1.4969525337219238,0.7629148960113525,0.7629148960113525,0.014449146576225758,20260730
2023-07-05,ChargerMatched,TCN,48,0.0,6.039000034332275,0.875,6.497350692749023,11.916403770446777,6.497350692749023,11.916403770446777,0.8696250319480896,20260730
2023-07-05,ChargerMatched,TCN,64,6.039000034332275,6.039000034332275,0.9375,12.631071090698242,14.372360229492188,12.631071090698242,14.372360229492188,0.7718130946159363,20260730
2023-07-05,ChargerMatched,TCN,80,6.039000034332275,6.039000034332275,0.0,17.951889038085938,17.698165893554688,18.143157958984375,18.143157958984375,0.673338770866394,20260730
2023-07-05,ChargerMatched,TCN,84,6.039000034332275,6.039000034332275,0.0,23.914453506469727,17.28677749633789,20.42089080810547,20.42089080810547,0.3451111614704132,20260730
2023-07-05,ChargerMatched,TCN,96,6.039000034332275,6.039000034332275,0.0,19.496423721313477,22.710487365722656,21.103456497192383,21.103456497192383,0.0344729945063591,20260730
2023-07-06,ChargerMatched,TCN,32,0.0,0.0,0.0,1.1451140642166138,1.744982361793518,1.1451140642166138,1.5631067752838135,0.029647449031472206,20260730
2023-07-06,ChargerMatched,TCN,48,0.0,0.0,0.0,8.734464645385742,13.167865753173828,8.734464645385742,13.167865753173828,0.8696213960647583,20260730
2023-07-06,ChargerMatched,TCN,64,0.0,0.0,0.0,11.05122184753418,17.066471099853516,11.05122184753418,17.066471099853516,0.9302189350128174,20260730
2023-07-06,ChargerMatched,TCN,80,0.0,0.0,0.0,15.557601928710938,15.288468360900879,17.401988983154297,17.695629119873047,0.85039222240448,20260730
2023-07-06,ChargerMatched,TCN,84,0.0,0.0,0.0,21.271045684814453,16.511411666870117,19.868518829345703,19.868518829345703,0.37371668219566345,20260730
2023-07-06,ChargerMatched,TCN,96,0.0,0.0,0.0,16.469074249267578,24.466785430908203,20.46792984008789,20.46792984008789,0.0302731990814209,20260730
2023-07-07,ChargerMatched,TCN,32,0.0,0.0,0.0,0.8393502235412598,1.2236485481262207,0.8393502235412598,1.2236485481262207,0.06655506789684296,20260730
2023-07-07,ChargerMatched,TCN,48,0.0,0.0,0.0,10.19686222076416,13.781627655029297,10.19686222076416,13.781627655029297,0.7802813649177551,20260730
2023-07-07,ChargerMatched,TCN,64,0.0,0.0,0.0,7.88187837600708,17.950162887573242,10.19686222076416,17.69195556640625,0.9394943118095398,20260730
2023-07-07,ChargerMatched,TCN,80,0.0,0.0,0.0,14.244287490844727,13.351728439331055,15.653899192810059,17.69195556640625,0.9477500915527344,20260730
2023-07-07,ChargerMatched,TCN,84,0.0,0.0,0.0,16.363433837890625,18.575366973876953,17.843799591064453,18.368450164794922,0.3097182810306549,20260730
2023-07-07,ChargerMatched,TCN,96,0.0,0.0,0.0,13.357166290283203,23.37973403930664,18.368450164794922,18.368450164794922,0.033859048038721085,20260730
2023-07-01,ChargerMatched,iTransformer,32,0.0,0.0,0.0,0.7012341022491455,5.233694553375244,0.0,0.0,0.0,20260730
2023-07-01,ChargerMatched,iTransformer,48,0.0,0.0,0.0,9.909427642822266,0.5364917516708374,0.0,0.0,0.0,20260730
2023-07-01,ChargerMatched,iTransformer,64,0.0,0.0,0.0,7.949921131134033,22.298555374145508,13.02310848236084,16.653310775756836,0.7166603207588196,20260730
2023-07-01,ChargerMatched,iTransformer,80,0.0,0.0,0.0,35.00678634643555,7.974426746368408,16.653310775756836,16.653310775756836,0.0,20260730
2023-07-01,ChargerMatched,iTransformer,84,0.0,0.0,0.0,-2.679517984390259,-9.24815559387207,16.653310775756836,16.653310775756836,0.04112745448946953,20260730
2023-07-01,ChargerMatched,iTransformer,96,0.0,0.0,0.0,16.178321838378906,20.356794357299805,18.26755714416504,18.26755714416504,0.2765607237815857,20260730
2023-07-02,ChargerMatched,iTransformer,32,0.0,0.0,0.0,0.9614084959030151,4.381748199462891,1.3741071224212646,1.9918899536132812,0.037725187838077545,20260730
2023-07-02,ChargerMatched,iTransformer,48,0.0,0.0,0.0,9.10206127166748,9.086930274963379,4.929807662963867,7.619894981384277,0.2219567596912384,20260730
2023-07-02,ChargerMatched,iTransformer,64,0.0,0.0,0.0,8.266727447509766,18.05481719970703,19.636764526367188,20.064945220947266,0.77698814868927,20260730
2023-07-02,ChargerMatched,iTransformer,80,0.0,0.0,0.0,25.108760833740234,11.032980918884277,21.277034759521484,21.277034759521484,0.06213156506419182,20260730
2023-07-02,ChargerMatched,iTransformer,84,0.0,0.0,0.0,9.194089889526367,-9.181098937988281,21.32225799560547,21.32225799560547,0.006851473823189735,20260730
2023-07-02,ChargerMatched,iTransformer,96,0.0,0.0,0.0,17.397037506103516,29.94978141784668,21.947406768798828,21.947406768798828,0.031573276966810226,20260730
2023-07-03,ChargerMatched,iTransformer,32,0.0,0.0,0.0,2.414077043533325,3.6995885372161865,2.414077043533325,3.6995885372161865,0.09195075184106827,20260730
2023-07-03,ChargerMatched,iTransformer,48,0.0,0.0,0.0,6.920750617980957,19.62993621826172,6.920750617980957,18.269386291503906,0.8440565466880798,20260730
2023-07-03,ChargerMatched,iTransformer,64,3.684000015258789,5.334000110626221,0.375,8.108036041259766,18.54843521118164,19.04412269592285,19.04412269592285,0.6811153292655945,20260730
2023-07-03,ChargerMatched,iTransformer,80,5.334000110626221,5.334000110626221,0.0625,12.034479141235352,14.816632270812988,19.04412269592285,19.11682891845703,0.0,20260730
2023-07-03,ChargerMatched,iTransformer,84,5.334000110626221,5.334000110626221,0.0,12.528511047363281,-14.221933364868164,19.423294067382812,19.423294067382812,0.05745004117488861,20260730
2023-07-03,ChargerMatched,iTransformer,96,5.334000110626221,5.334000110626221,0.0,13.60323715209961,25.243350982666016,19.423294067382812,19.423294067382812,0.0,20260730
2023-07-04,ChargerMatched,iTransformer,32,0.0,0.0,0.0,3.2063961029052734,3.62668514251709,2.992624521255493,3.0843238830566406,0.06753209978342056,20260730
2023-07-04,ChargerMatched,iTransformer,48,0.0,0.0,0.0,-1.7947404384613037,17.010299682617188,2.9941892623901367,8.767289161682129,0.5857216119766235,20260730
2023-07-04,ChargerMatched,iTransformer,64,0.0,0.0,0.0,1.509056806564331,25.747028350830078,7.802855014801025,9.6875,0.7154821157455444,20260730
2023-07-04,ChargerMatched,iTransformer,80,0.0,0.0,0.0,5.792573928833008,19.237045288085938,9.667343139648438,9.6875,0.09651923179626465,20260730
2023-07-04,ChargerMatched,iTransformer,84,0.0,0.0,0.0,4.158205986022949,-19.197948455810547,9.6875,9.6875,0.05821553245186806,20260730
2023-07-04,ChargerMatched,iTransformer,96,0.0,0.0,0.0,8.924215316772461,10.450784683227539,9.6875,9.6875,0.0,20260730
2023-07-05,ChargerMatched,iTransformer,32,0.0,0.0,0.0,3.4339778423309326,4.602921962738037,0.5579513311386108,0.5579513311386108,0.010567259974777699,20260730
2023-07-05,ChargerMatched,iTransformer,48,0.0,6.039000034332275,0.875,-4.026821613311768,13.977983474731445,2.324519395828247,6.822559833526611,0.4779354929924011,20260730
2023-07-05,ChargerMatched,iTransformer,64,6.039000034332275,6.039000034332275,0.9375,2.357297420501709,42.44035339355469,4.7992706298828125,9.034921646118164,1.1255995035171509,20260730
2023-07-05,ChargerMatched,iTransformer,80,6.039000034332275,6.039000034332275,0.0,21.111223220825195,28.06229019165039,9.034921646118164,9.034921646118164,0.25286316871643066,20260730
2023-07-05,ChargerMatched,iTransformer,84,6.039000034332275,6.039000034332275,0.0,1.1735339164733887,-12.717814445495605,9.034921646118164,9.034921646118164,0.20046690106391907,20260730
2023-07-05,ChargerMatched,iTransformer,96,6.039000034332275,6.039000034332275,0.0,14.218643188476562,3.8511998653411865,9.034921646118164,9.034921646118164,0.019052626565098763,20260730
2023-07-06,ChargerMatched,iTransformer,32,0.0,0.0,0.0,2.2524468898773193,4.794269561767578,0.0,0.0,0.0,20260730
2023-07-06,ChargerMatched,iTransformer,48,0.0,0.0,0.0,-2.879243850708008,3.8773980140686035,0.5345271825790405,0.8790872693061829,0.033298760652542114,20260730
2023-07-06,ChargerMatched,iTransformer,64,0.0,0.0,0.0,2.9369659423828125,46.16448974609375,5.206875801086426,8.954771041870117,1.1737087965011597,20260730
2023-07-06,ChargerMatched,iTransformer,80,0.0,0.0,0.0,34.62337112426758,25.934232711791992,8.954771041870117,8.954771041870117,0.1537473499774933,20260730
2023-07-06,ChargerMatched,iTransformer,84,0.0,0.0,0.0,-5.38923978805542,-8.645467758178711,8.954771041870117,8.954771041870117,0.05599481984972954,20260730
2023-07-06,ChargerMatched,iTransformer,96,0.0,0.0,0.0,16.38664436340332,1.522898554801941,8.954771041870117,8.954771041870117,0.09588351100683212,20260730
2023-07-07,ChargerMatched,iTransformer,32,0.0,0.0,0.0,1.046294093132019,5.606329441070557,0.0,0.0,0.0,20260730
2023-07-07,ChargerMatched,iTransformer,48,0.0,0.0,0.0,2.3558125495910645,-2.2856268882751465,0.7879169583320618,1.1495496034622192,0.04354354366660118,20260730
2023-07-07,ChargerMatched,iTransformer,64,0.0,0.0,0.0,6.749121189117432,39.46559143066406,8.78006362915039,15.820571899414062,1.0848983526229858,20260730
2023-07-07,ChargerMatched,iTransformer,80,0.0,0.0,0.0,43.3183479309082,19.260915756225586,15.820571899414062,15.820571899414062,0.09982749819755554,20260730
2023-07-07,ChargerMatched,iTransformer,84,0.0,0.0,0.0,-2.928581714630127,-3.8717668056488037,15.820571899414062,15.820571899414062,0.0064861346036195755,20260730
2023-07-07,ChargerMatched,iTransformer,96,0.0,0.0,0.0,20.471271514892578,11.16987419128418,15.820571899414062,15.820571899414062,0.2998558580875397,20260730
2023-07-01,ChargerMatched,FeasibleDLinear,32,0.0,0.0,0.0,45.76543426513672,45.76543426513672,45.76543426513672,45.76543426513672,2.818809986114502,20260730
2023-07-01,ChargerMatched,FeasibleDLinear,48,0.0,0.0,0.0,70.060791015625,70.060791015625,70.060791015625,70.060791015625,3.2578892707824707,20260730
2023-07-01,ChargerMatched,FeasibleDLinear,64,0.0,0.0,0.0,125.09539794921875,140.54627990722656,125.09539794921875,140.54627990722656,3.179292678833008,20260730
2023-07-01,ChargerMatched,FeasibleDLinear,80,0.0,0.0,0.0,168.0233154296875,168.7638702392578,168.0233154296875,168.7638702392578,2.8409266471862793,20260730
2023-07-01,ChargerMatched,FeasibleDLinear,84,0.0,0.0,0.0,199.33396911621094,199.33395385742188,199.33396911621094,199.33395385742188,3.433666467666626,20260730
2023-07-01,ChargerMatched,FeasibleDLinear,96,0.0,0.0,0.0,248.66094970703125,248.66094970703125,248.66094970703125,248.66094970703125,2.9280526638031006,20260730
2023-07-02,ChargerMatched,FeasibleDLinear,32,0.0,0.0,0.0,39.04555892944336,70.01675415039062,39.04555892944336,70.01675415039062,3.0727427005767822,20260730
2023-07-02,ChargerMatched,FeasibleDLinear,48,0.0,0.0,0.0,71.91425323486328,95.60533142089844,71.91425323486328,95.60533142089844,3.3707518577575684,20260730
2023-07-02,ChargerMatched,FeasibleDLinear,64,0.0,0.0,0.0,130.81536865234375,156.7435760498047,130.81536865234375,156.7435760498047,3.3955557346343994,20260730
2023-07-02,ChargerMatched,FeasibleDLinear,80,0.0,0.0,0.0,212.3142852783203,212.99725341796875,212.3142852783203,212.99725341796875,3.2951040267944336,20260730
2023-07-02,ChargerMatched,FeasibleDLinear,84,0.0,0.0,0.0,239.19424438476562,240.84100341796875,239.19424438476562,240.84100341796875,4.072725296020508,20260730
2023-07-02,ChargerMatched,FeasibleDLinear,96,0.0,0.0,0.0,291.4970397949219,291.4970397949219,291.4970397949219,291.4970397949219,2.641555070877075,20260730
2023-07-03,ChargerMatched,FeasibleDLinear,32,0.0,0.0,0.0,26.41862678527832,84.30929565429688,26.41862678527832,84.30929565429688,3.262605905532837,20260730
2023-07-03,ChargerMatched,FeasibleDLinear,48,0.0,0.0,0.0,70.94520568847656,105.8465576171875,70.94520568847656,105.8465576171875,2.6611762046813965,20260730
2023-07-03,ChargerMatched,FeasibleDLinear,64,3.684000015258789,5.334000110626221,0.375,141.3174591064453,151.15374755859375,141.3174591064453,151.15374755859375,2.8341190814971924,20260730
2023-07-03,ChargerMatched,FeasibleDLinear,80,5.334000110626221,5.334000110626221,0.0625,215.01666259765625,215.55523681640625,215.01666259765625,215.55523681640625,2.992617130279541,20260730
2023-07-03,ChargerMatched,FeasibleDLinear,84,5.334000110626221,5.334000110626221,0.0,238.08273315429688,239.75762939453125,238.08273315429688,239.75762939453125,3.914246082305908,20260730
2023-07-03,ChargerMatched,FeasibleDLinear,96,5.334000110626221,5.334000110626221,0.0,279.6744689941406,279.6744689941406,279.6744689941406,279.6744689941406,2.1046242713928223,20260730
2023-07-04,ChargerMatched,FeasibleDLinear,32,0.0,0.0,0.0,26.59844207763672,93.60171508789062,26.59844207763672,93.60171508789062,3.360779047012329,20260730
2023-07-04,ChargerMatched,FeasibleDLinear,48,0.0,0.0,0.0,85.32107543945312,119.76361083984375,85.32107543945312,119.76361083984375,3.607151746749878,20260730
2023-07-04,ChargerMatched,FeasibleDLinear,64,0.0,0.0,0.0,142.96664428710938,154.23240661621094,142.96664428710938,154.23240661621094,2.352290630340576,20260730
2023-07-04,ChargerMatched,FeasibleDLinear,80,0.0,0.0,0.0,207.35723876953125,208.27268981933594,207.35723876953125,208.27268981933594,2.419013738632202,20260730
2023-07-04,ChargerMatched,FeasibleDLinear,84,0.0,0.0,0.0,229.15084838867188,230.29530334472656,229.15084838867188,230.29530334472656,3.451483726501465,20260730
2023-07-04,ChargerMatched,FeasibleDLinear,96,0.0,0.0,0.0,269.41607666015625,269.41607666015625,269.41607666015625,269.41607666015625,2.033597469329834,20260730
2023-07-05,ChargerMatched,FeasibleDLinear,32,0.0,0.0,0.0,33.60028839111328,73.31837463378906,33.60028839111328,73.31837463378906,3.2240099906921387,20260730
2023-07-05,ChargerMatched,FeasibleDLinear,48,0.0,6.039000034332275,0.875,87.19509887695312,99.2808609008789,87.19509887695312,99.2808609008789,3.657036781311035,20260730
2023-07-05,ChargerMatched,FeasibleDLinear,64,6.039000034332275,6.039000034332275,0.9375,114.65865325927734,129.7240753173828,114.65865325927734,129.7240753173828,1.8116384744644165,20260730
2023-07-05,ChargerMatched,FeasibleDLinear,80,6.039000034332275,6.039000034332275,0.0,159.3941650390625,159.3941650390625,159.3941650390625,159.3941650390625,1.7877048254013062,20260730
2023-07-05,ChargerMatched,FeasibleDLinear,84,6.039000034332275,6.039000034332275,0.0,176.6361083984375,178.25485229492188,176.6361083984375,178.25485229492188,2.7356138229370117,20260730
2023-07-05,ChargerMatched,FeasibleDLinear,96,6.039000034332275,6.039000034332275,0.0,219.4336395263672,219.4336395263672,219.4336395263672,219.4336395263672,2.3875961303710938,20260730
2023-07-06,ChargerMatched,FeasibleDLinear,32,0.0,0.0,0.0,46.185184478759766,54.29625701904297,46.185184478759766,54.29625701904297,2.991933584213257,20260730
2023-07-06,ChargerMatched,FeasibleDLinear,48,0.0,0.0,0.0,81.9495849609375,81.9495849609375,81.9495849609375,81.9495849609375,3.998849391937256,20260730
2023-07-06,ChargerMatched,FeasibleDLinear,64,0.0,0.0,0.0,129.47048950195312,129.47048950195312,129.47048950195312,129.47048950195312,1.9839046001434326,20260730
2023-07-06,ChargerMatched,FeasibleDLinear,80,0.0,0.0,0.0,154.36386108398438,154.36386108398438,154.36386108398438,154.36386108398438,1.8086333274841309,20260730
2023-07-06,ChargerMatched,FeasibleDLinear,84,0.0,0.0,0.0,181.20924377441406,181.20924377441406,181.20924377441406,181.20924377441406,2.8928515911102295,20260730
2023-07-06,ChargerMatched,FeasibleDLinear,96,0.0,0.0,0.0,223.152099609375,223.152099609375,223.152099609375,223.152099609375,3.0825564861297607,20260730
2023-07-07,ChargerMatched,FeasibleDLinear,32,0.0,0.0,0.0,43.98926544189453,43.9892692565918,43.98926544189453,43.9892692565918,2.8402135372161865,20260730
2023-07-07,ChargerMatched,FeasibleDLinear,48,0.0,0.0,0.0,72.61840057373047,72.61840057373047,72.61840057373047,72.61840057373047,3.861455202102661,20260730
2023-07-07,ChargerMatched,FeasibleDLinear,64,0.0,0.0,0.0,135.08668518066406,135.34848022460938,135.08668518066406,135.34848022460938,2.711649179458618,20260730
2023-07-07,ChargerMatched,FeasibleDLinear,80,0.0,0.0,0.0,155.16261291503906,155.16261291503906,155.16261291503906,155.16261291503906,2.4334325790405273,20260730
2023-07-07,ChargerMatched,FeasibleDLinear,84,0.0,0.0,0.0,185.876708984375,185.876708984375,185.876708984375,185.876708984375,3.067370653152466,20260730
2023-07-07,ChargerMatched,FeasibleDLinear,96,0.0,0.0,0.0,227.9485626220703,227.9485626220703,227.9485626220703,227.9485626220703,3.4027602672576904,20260730
2023-07-01,ChargerMatched,FeasibleTCN,32,0.0,0.0,0.0,19.521102905273438,21.653532028198242,19.521102905273438,21.653532028198242,2.4306840896606445,20260730
2023-07-01,ChargerMatched,FeasibleTCN,48,0.0,0.0,0.0,43.532867431640625,46.380306243896484,43.532867431640625,46.380306243896484,2.2230024337768555,20260730
2023-07-01,ChargerMatched,FeasibleTCN,64,0.0,0.0,0.0,73.80656433105469,82.0966796875,73.80656433105469,82.0966796875,2.444988489151001,20260730
2023-07-01,ChargerMatched,FeasibleTCN,80,0.0,0.0,0.0,101.9327392578125,114.06388854980469,101.9327392578125,114.06388854980469,2.752382516860962,20260730
2023-07-01,ChargerMatched,FeasibleTCN,84,0.0,0.0,0.0,139.53564453125,139.53564453125,139.53564453125,139.53564453125,2.472020387649536,20260730
2023-07-01,ChargerMatched,FeasibleTCN,96,0.0,0.0,0.0,161.03195190429688,161.03195190429688,161.03195190429688,161.03195190429688,2.5869243144989014,20260730
2023-07-02,ChargerMatched,FeasibleTCN,32,0.0,0.0,0.0,19.726451873779297,21.736778259277344,19.726451873779297,21.736778259277344,2.286771297454834,20260730
2023-07-02,ChargerMatched,FeasibleTCN,48,0.0,0.0,0.0,44.90668487548828,48.088043212890625,44.90668487548828,48.088043212890625,2.389777660369873,20260730
2023-07-02,ChargerMatched,FeasibleTCN,64,0.0,0.0,0.0,75.34798431396484,81.46885681152344,75.34798431396484,81.46885681152344,2.36629581451416,20260730
2023-07-02,ChargerMatched,FeasibleTCN,80,0.0,0.0,0.0,100.9856185913086,107.40469360351562,100.9856185913086,107.40469360351562,2.858145236968994,20260730
2023-07-02,ChargerMatched,FeasibleTCN,84,0.0,0.0,0.0,135.49610900878906,135.49610900878906,135.49610900878906,135.49610900878906,2.465217113494873,20260730
2023-07-02,ChargerMatched,FeasibleTCN,96,0.0,0.0,0.0,156.98345947265625,156.98345947265625,156.98345947265625,156.98345947265625,2.42087984085083,20260730
2023-07-03,ChargerMatched,FeasibleTCN,32,0.0,0.0,0.0,20.563098907470703,22.90430450439453,20.563098907470703,22.90430450439453,2.242846727371216,20260730
2023-07-03,ChargerMatched,FeasibleTCN,48,0.0,0.0,0.0,46.45640563964844,50.43138885498047,46.45640563964844,50.43138885498047,2.5769202709198,20260730
2023-07-03,ChargerMatched,FeasibleTCN,64,3.684000015258789,5.334000110626221,0.375,75.51968383789062,82.8604736328125,75.51968383789062,82.8604736328125,2.3443117141723633,20260730
2023-07-03,ChargerMatched,FeasibleTCN,80,5.334000110626221,5.334000110626221,0.0625,101.0147705078125,105.1539535522461,101.0147705078125,105.1539535522461,2.882033109664917,20260730
2023-07-03,ChargerMatched,FeasibleTCN,84,5.334000110626221,5.334000110626221,0.0,138.0425262451172,138.0425262451172,138.0425262451172,138.0425262451172,2.4993667602539062,20260730
2023-07-03,ChargerMatched,FeasibleTCN,96,5.334000110626221,5.334000110626221,0.0,160.66883850097656,160.66883850097656,160.66883850097656,160.66883850097656,2.3900556564331055,20260730
2023-07-04,ChargerMatched,FeasibleTCN,32,0.0,0.0,0.0,20.121803283691406,24.096900939941406,20.121803283691406,24.096900939941406,2.295443296432495,20260730
2023-07-04,ChargerMatched,FeasibleTCN,48,0.0,0.0,0.0,44.28076171875,51.08837890625,44.28076171875,51.08837890625,2.6141037940979004,20260730
2023-07-04,ChargerMatched,FeasibleTCN,64,0.0,0.0,0.0,72.36483001708984,84.22813415527344,72.36483001708984,84.22813415527344,2.3729443550109863,20260730
2023-07-04,ChargerMatched,FeasibleTCN,80,0.0,0.0,0.0,103.55353546142578,107.6226577758789,103.55353546142578,107.6226577758789,2.7775118350982666,20260730
2023-07-04,ChargerMatched,FeasibleTCN,84,0.0,0.0,0.0,142.75872802734375,142.75872802734375,142.75872802734375,142.75872802734375,2.538912773132324,20260730
2023-07-04,ChargerMatched,FeasibleTCN,96,0.0,0.0,0.0,166.4629669189453,166.4629669189453,166.4629669189453,166.4629669189453,2.491612672805786,20260730
2023-07-05,ChargerMatched,FeasibleTCN,32,0.0,0.0,0.0,17.620309829711914,24.755922317504883,17.620309829711914,24.755922317504883,2.4290218353271484,20260730
2023-07-05,ChargerMatched,FeasibleTCN,48,0.0,6.039000034332275,0.875,39.12567138671875,50.15312957763672,39.12567138671875,50.15312957763672,2.487032651901245,20260730
2023-07-05,ChargerMatched,FeasibleTCN,64,6.039000034332275,6.039000034332275,0.9375,69.4399185180664,85.77503204345703,69.4399185180664,85.77503204345703,2.4437620639801025,20260730
2023-07-05,ChargerMatched,FeasibleTCN,80,6.039000034332275,6.039000034332275,0.0,107.0006103515625,112.71421813964844,107.0006103515625,112.71421813964844,2.640282392501831,20260730
2023-07-05,ChargerMatched,FeasibleTCN,84,6.039000034332275,6.039000034332275,0.0,147.56472778320312,147.56472778320312,147.56472778320312,147.56472778320312,2.5602526664733887,20260730
2023-07-05,ChargerMatched,FeasibleTCN,96,6.039000034332275,6.039000034332275,0.0,171.83090209960938,171.83090209960938,171.83090209960938,171.83090209960938,2.6688318252563477,20260730
2023-07-06,ChargerMatched,FeasibleTCN,32,0.0,0.0,0.0,17.286102294921875,24.387720108032227,17.286102294921875,24.387720108032227,2.5581889152526855,20260730
2023-07-06,ChargerMatched,FeasibleTCN,48,0.0,0.0,0.0,39.02386474609375,48.29350280761719,39.02386474609375,48.29350280761719,2.2983510494232178,20260730
2023-07-06,ChargerMatched,FeasibleTCN,64,0.0,0.0,0.0,69.47496795654297,86.26426696777344,69.47496795654297,86.26426696777344,2.509455919265747,20260730
2023-07-06,ChargerMatched,FeasibleTCN,80,0.0,0.0,0.0,106.99828338623047,119.55059051513672,106.99828338623047,119.55059051513672,2.57944655418396,20260730
2023-07-06,ChargerMatched,FeasibleTCN,84,0.0,0.0,0.0,149.80499267578125,149.80499267578125,149.80499267578125,149.80499267578125,2.547057867050171,20260730
2023-07-06,ChargerMatched,FeasibleTCN,96,0.0,0.0,0.0,173.7797088623047,173.7797088623047,173.7797088623047,173.7797088623047,2.7905943393707275,20260730
2023-07-07,ChargerMatched,FeasibleTCN,32,0.0,0.0,0.0,19.493913650512695,23.612972259521484,19.493913650512695,23.612972259521484,2.6027698516845703,20260730
2023-07-07,ChargerMatched,FeasibleTCN,48,0.0,0.0,0.0,43.12226867675781,47.322288513183594,43.12226867675781,47.322288513183594,2.199648141860962,20260730
2023-07-07,ChargerMatched,FeasibleTCN,64,0.0,0.0,0.0,73.0819320678711,85.885009765625,73.0819320678711,85.885009765625,2.5308682918548584,20260730
2023-07-07,ChargerMatched,FeasibleTCN,80,0.0,0.0,0.0,106.30331420898438,122.2857894897461,106.30331420898438,122.2857894897461,2.646834135055542,20260730
2023-07-07,ChargerMatched,FeasibleTCN,84,0.0,0.0,0.0,148.81578063964844,148.81578063964844,148.81578063964844,148.81578063964844,2.5142343044281006,20260730
2023-07-07,ChargerMatched,FeasibleTCN,96,0.0,0.0,0.0,172.2347412109375,172.2347412109375,172.2347412109375,172.2347412109375,2.774081230163574,20260730
2023-07-01,ChargerMatched,FeasibleITransformer,32,0.0,0.0,0.0,0.09926177561283112,0.5472226738929749,0.09926177561283112,0.5472226738929749,0.1891460418701172,20260730
2023-07-01,ChargerMatched,FeasibleITransformer,48,0.0,0.0,0.0,0.40516912937164307,0.8100353479385376,0.40516912937164307,0.8100353479385376,0.29857343435287476,20260730
2023-07-01,ChargerMatched,FeasibleITransformer,64,0.0,0.0,0.0,0.9509544372558594,1.447787880897522,0.9509544372558594,1.447787880897522,0.27555033564567566,20260730
2023-07-01,ChargerMatched,FeasibleITransformer,80,0.0,0.0,0.0,1.6201846599578857,2.0208663940429688,1.6201846599578857,2.0208663940429688,0.27495360374450684,20260730
2023-07-01,ChargerMatched,FeasibleITransformer,84,0.0,0.0,0.0,2.0090250968933105,2.6380512714385986,2.0090250968933105,2.6380512714385986,0.3507108986377716,20260730
2023-07-01,ChargerMatched,FeasibleITransformer,96,0.0,0.0,0.0,3.0816664695739746,3.0816664695739746,3.0816664695739746,3.0816664695739746,0.3090754449367523,20260730
2023-07-02,ChargerMatched,FeasibleITransformer,32,0.0,0.0,0.0,0.12086603045463562,0.4778326153755188,0.12086603045463562,0.4778326153755188,0.13255393505096436,20260730
2023-07-02,ChargerMatched,FeasibleITransformer,48,0.0,0.0,0.0,0.3007468581199646,0.8027313947677612,0.3007468581199646,0.8027313947677612,0.29190146923065186,20260730
2023-07-02,ChargerMatched,FeasibleITransformer,64,0.0,0.0,0.0,0.6390525102615356,1.463842749595642,0.6390525102615356,1.463842749595642,0.2374722808599472,20260730
2023-07-02,ChargerMatched,FeasibleITransformer,80,0.0,0.0,0.0,1.628669261932373,2.0825626850128174,1.628669261932373,2.0825626850128174,0.2394658625125885,20260730
2023-07-02,ChargerMatched,FeasibleITransformer,84,0.0,0.0,0.0,2.1453537940979004,2.5971169471740723,2.1453537940979004,2.5971169471740723,0.3605498671531677,20260730
2023-07-02,ChargerMatched,FeasibleITransformer,96,0.0,0.0,0.0,2.9806551933288574,2.9806551933288574,2.9806551933288574,2.9806551933288574,0.47477176785469055,20260730
2023-07-03,ChargerMatched,FeasibleITransformer,32,0.0,0.0,0.0,0.12503182888031006,0.30154556035995483,0.12503182888031006,0.30154556035995483,0.10264855623245239,20260730
2023-07-03,ChargerMatched,FeasibleITransformer,48,0.0,0.0,0.0,0.26069462299346924,0.628911018371582,0.26069462299346924,0.628911018371582,0.22877508401870728,20260730
2023-07-03,ChargerMatched,FeasibleITransformer,64,3.684000015258789,5.334000110626221,0.375,0.3972872495651245,0.9233663082122803,0.3972872495651245,0.9233663082122803,0.2371136099100113,20260730
2023-07-03,ChargerMatched,FeasibleITransformer,80,5.334000110626221,5.334000110626221,0.0625,1.0136730670928955,1.274782657623291,1.0136730670928955,1.274782657623291,0.2087717205286026,20260730
2023-07-03,ChargerMatched,FeasibleITransformer,84,5.334000110626221,5.334000110626221,0.0,1.352001428604126,1.5018858909606934,1.352001428604126,1.5018858909606934,0.24212801456451416,20260730
2023-07-03,ChargerMatched,FeasibleITransformer,96,5.334000110626221,5.334000110626221,0.0,1.7299871444702148,1.7299871444702148,1.7299871444702148,1.7299871444702148,0.5250980854034424,20260730
2023-07-04,ChargerMatched,FeasibleITransformer,32,0.0,0.0,0.0,0.16081933677196503,0.29158759117126465,0.16081933677196503,0.29158759117126465,0.10796741396188736,20260730
2023-07-04,ChargerMatched,FeasibleITransformer,48,0.0,0.0,0.0,0.36974531412124634,0.712088942527771,0.36974531412124634,0.712088942527771,0.26693591475486755,20260730
2023-07-04,ChargerMatched,FeasibleITransformer,64,0.0,0.0,0.0,0.5425605773925781,0.9968221187591553,0.5425605773925781,0.9968221187591553,0.4006079435348511,20260730
2023-07-04,ChargerMatched,FeasibleITransformer,80,0.0,0.0,0.0,1.2472162246704102,1.480665683746338,1.2472162246704102,1.480665683746338,0.3178538978099823,20260730
2023-07-04,ChargerMatched,FeasibleITransformer,84,0.0,0.0,0.0,1.6468780040740967,1.750082015991211,1.6468780040740967,1.750082015991211,0.16074910759925842,20260730
2023-07-04,ChargerMatched,FeasibleITransformer,96,0.0,0.0,0.0,2.139859437942505,2.139859437942505,2.139859437942505,2.139859437942505,0.4639136493206024,20260730
2023-07-05,ChargerMatched,FeasibleITransformer,32,0.0,0.0,0.0,0.20665723085403442,0.41061168909072876,0.20665723085403442,0.41061168909072876,0.15239684283733368,20260730
2023-07-05,ChargerMatched,FeasibleITransformer,48,0.0,6.039000034332275,0.875,0.8153184056282043,0.9843252897262573,0.8153184056282043,0.9843252897262573,0.35592925548553467,20260730
2023-07-05,ChargerMatched,FeasibleITransformer,64,6.039000034332275,6.039000034332275,0.9375,1.3702754974365234,1.5478096008300781,1.3702754974365234,1.5478096008300781,0.6661857962608337,20260730
2023-07-05,ChargerMatched,FeasibleITransformer,80,6.039000034332275,6.039000034332275,0.0,2.3246588706970215,2.580834150314331,2.3246588706970215,2.580834150314331,0.5115795731544495,20260730
2023-07-05,ChargerMatched,FeasibleITransformer,84,6.039000034332275,6.039000034332275,0.0,2.953507900238037,3.210620403289795,2.953507900238037,3.210620403289795,0.16849854588508606,20260730
2023-07-05,ChargerMatched,FeasibleITransformer,96,6.039000034332275,6.039000034332275,0.0,4.216080188751221,4.216080188751221,4.216080188751221,4.216080188751221,0.4331275224685669,20260730
2023-07-06,ChargerMatched,FeasibleITransformer,32,0.0,0.0,0.0,0.1779944747686386,0.5738072395324707,0.1779944747686386,0.5738072395324707,0.21216700971126556,20260730
2023-07-06,ChargerMatched,FeasibleITransformer,48,0.0,0.0,0.0,1.2211613655090332,1.3305435180664062,1.2211613655090332,1.3305435180664062,0.4349915683269501,20260730
2023-07-06,ChargerMatched,FeasibleITransformer,64,0.0,0.0,0.0,2.4328744411468506,2.435957193374634,2.4328744411468506,2.435957193374634,0.8311858773231506,20260730
2023-07-06,ChargerMatched,FeasibleITransformer,80,0.0,0.0,0.0,4.394233703613281,4.486905097961426,4.394233703613281,4.486905097961426,0.6011540293693542,20260730
2023-07-06,ChargerMatched,FeasibleITransformer,84,0.0,0.0,0.0,5.073746681213379,5.521430015563965,5.073746681213379,5.521430015563965,0.16560153663158417,20260730
2023-07-06,ChargerMatched,FeasibleITransformer,96,0.0,0.0,0.0,7.3447065353393555,7.3447065353393555,7.3447065353393555,7.3447065353393555,0.22821441292762756,20260730
2023-07-07,ChargerMatched,FeasibleITransformer,32,0.0,0.0,0.0,0.13825710117816925,0.7551239132881165,0.13825710117816925,0.7551239132881165,0.24330632388591766,20260730
2023-07-07,ChargerMatched,FeasibleITransformer,48,0.0,0.0,0.0,0.9717846512794495,1.297873854637146,0.9717846512794495,1.297873854637146,0.4718579053878784,20260730
2023-07-07,ChargerMatched,FeasibleITransformer,64,0.0,0.0,0.0,2.328744411468506,2.5382437705993652,2.328744411468506,2.5382437705993652,0.6081703901290894,20260730
2023-07-07,ChargerMatched,FeasibleITransformer,80,0.0,0.0,0.0,3.350477457046509,3.8150129318237305,3.350477457046509,3.8150129318237305,0.4409005641937256,20260730
2023-07-07,ChargerMatched,FeasibleITransformer,84,0.0,0.0,0.0,4.1007843017578125,5.152090072631836,4.1007843017578125,5.152090072631836,0.24603870511054993,20260730
2023-07-07,ChargerMatched,FeasibleITransformer,96,0.0,0.0,0.0,6.42607307434082,6.42607307434082,6.42607307434082,6.42607307434082,0.2129278928041458,20260730
2023-07-01,ChargerFull,SeasonalNaive,32,0.8399999737739563,4.949999809265137,0.09375,0.0,4.949999809265137,0.0,4.949999809265137,0.09375,20260730
2023-07-01,ChargerFull,SeasonalNaive,48,16.05299949645996,19.35300064086914,0.8125,11.361000061035156,14.660999298095703,11.361000061035156,14.660999298095703,0.6875,20260730
2023-07-01,ChargerFull,SeasonalNaive,64,27.618999481201172,35.88800048828125,1.5,46.09000015258789,46.09000015258789,46.09000015258789,46.09000015258789,1.9375,20260730
2023-07-01,ChargerFull,SeasonalNaive,80,31.71500015258789,39.98400115966797,1.1875,50.2339973449707,58.4839973449707,50.2339973449707,58.4839973449707,0.625,20260730
2023-07-01,ChargerFull,SeasonalNaive,84,33.384002685546875,39.98400115966797,1.0,56.8339958190918,58.4839973449707,56.8339958190918,58.4839973449707,1.0,20260730
2023-07-01,ChargerFull,SeasonalNaive,96,39.98400115966797,39.98400115966797,0.3333333432674408,58.4839973449707,58.4839973449707,58.4839973449707,58.4839973449707,0.0833333358168602,20260730
2023-07-02,ChargerFull,SeasonalNaive,32,0.0,0.0,0.0,0.0,0.0,0.0,0.0,0.0,20260730
2023-07-02,ChargerFull,SeasonalNaive,48,28.857999801635742,28.857999801635742,1.375,6.3339996337890625,11.284000396728516,6.3339996337890625,11.284000396728516,0.5625,20260730
2023-07-02,ChargerFull,SeasonalNaive,64,47.73699951171875,47.73699951171875,1.3125,37.689998626708984,39.34000015258789,37.69000244140625,39.34000015258789,1.9375,20260730
2023-07-02,ChargerFull,SeasonalNaive,80,62.05500030517578,77.2030029296875,1.1875,46.900001525878906,46.900001525878906,46.900001525878906,46.900001525878906,0.5,20260730
2023-07-02,ChargerFull,SeasonalNaive,84,73.37100219726562,83.8030014038086,2.0,46.900001525878906,46.900001525878906,46.900001525878906,46.900001525878906,0.0,20260730
2023-07-02,ChargerFull,SeasonalNaive,96,84.92100524902344,84.92100524902344,0.5833333730697632,46.900001525878906,46.900001525878906,46.900001525878906,46.900001525878906,0.0,20260730
2023-07-03,ChargerFull,SeasonalNaive,32,0.0,14.850000381469727,0.28125,0.0,17.687000274658203,0.0,17.687000274658203,0.34375,20260730
2023-07-03,ChargerFull,SeasonalNaive,48,23.78799819946289,57.961997985839844,3.375,8.656000137329102,38.86199951171875,8.656000137329102,38.86199951171875,2.375,20260730
2023-07-03,ChargerFull,SeasonalNaive,64,92.65199279785156,104.97600555419922,4.6875,42.55099868774414,48.64999771118164,42.55099868774414,48.64999771118164,2.1875,20260730
2023-07-03,ChargerFull,SeasonalNaive,80,121.43299865722656,121.43299865722656,1.8125,59.159000396728516,62.35100173950195,59.159000396728516,62.35100173950195,0.75,20260730
2023-07-03,ChargerFull,SeasonalNaive,84,121.43299865722656,121.43299865722656,0.0,67.56900024414062,69.05899810791016,67.56900024414062,69.05899810791016,1.5,20260730
2023-07-03,ChargerFull,SeasonalNaive,96,121.43299865722656,121.43299865722656,0.0,70.86900329589844,70.86900329589844,70.86900329589844,70.86900329589844,0.1666666716337204,20260730
2023-07-04,ChargerFull,SeasonalNaive,32,0.0,0.0,0.0,1.319000005722046,16.5,1.319000005722046,16.5,0.3125,20260730
2023-07-04,ChargerFull,SeasonalNaive,48,0.656000018119812,4.949999809265137,0.1875,32.490997314453125,34.111000061035156,32.490997314453125,34.111000061035156,1.3125,20260730
2023-07-04,ChargerFull,SeasonalNaive,64,13.41200065612793,13.41200065612793,0.5625,72.47200775146484,77.70899963378906,72.47200775146484,77.70899963378906,2.9375,20260730
2023-07-04,ChargerFull,SeasonalNaive,80,16.437999725341797,16.437999725341797,0.3125,84.88199615478516,85.98999786376953,84.88199615478516,85.98999786376953,1.125,20260730
2023-07-04,ChargerFull,SeasonalNaive,84,16.437999725341797,16.437999725341797,0.0,85.98999786376953,87.63999938964844,85.98999786376953,87.63999938964844,0.75,20260730
2023-07-04,ChargerFull,SeasonalNaive,96,16.437999725341797,16.437999725341797,0.0,90.13700103759766,90.13700103759766,90.13700103759766,90.13700103759766,0.25,20260730
2023-07-05,ChargerFull,SeasonalNaive,32,0.0,26.399999618530273,0.5,0.0,16.5,0.0,16.5,0.3125,20260730
2023-07-05,ChargerFull,SeasonalNaive,48,36.979000091552734,83.26399993896484,3.6875,29.062000274658203,69.19700622558594,29.062000274658203,69.19700622558594,3.1875,20260730
2023-07-05,ChargerFull,SeasonalNaive,64,99.51699829101562,112.14399719238281,4.125,78.76600646972656,85.36599731445312,78.76600646972656,85.36599731445312,2.25,20260730
2023-07-05,ChargerFull,SeasonalNaive,80,112.5530014038086,112.5530014038086,0.5,85.36599731445312,85.36599731445312,85.36599731445312,85.36599731445312,0.25,20260730
2023-07-05,ChargerFull,SeasonalNaive,84,112.5530014038086,112.5530014038086,0.0,85.36599731445312,85.36599731445312,85.36599731445312,85.36599731445312,0.0,20260730
2023-07-05,ChargerFull,SeasonalNaive,96,112.5530014038086,112.5530014038086,0.0,85.36599731445312,85.36599731445312,85.36599731445312,85.36599731445312,0.0,20260730
2023-07-06,ChargerFull,SeasonalNaive,32,2.1019999980926514,14.850000381469727,0.28125,7.627999782562256,16.5,7.627999782562256,16.5,0.3125,20260730
2023-07-06,ChargerFull,SeasonalNaive,48,42.125,63.60099792480469,2.4375,58.28300094604492,69.37399291992188,58.28300094604492,69.37399291992188,2.8125,20260730
2023-07-06,ChargerFull,SeasonalNaive,64,77.25,86.08599853515625,3.125,97.88299560546875,103.78499603271484,97.88299560546875,103.78499603271484,2.25,20260730
2023-07-06,ChargerFull,SeasonalNaive,80,133.0570068359375,133.0570068359375,2.9375,103.78499603271484,103.78499603271484,103.78499603271484,103.78499603271484,0.25,20260730
2023-07-06,ChargerFull,SeasonalNaive,84,133.0570068359375,133.0570068359375,0.0,103.78499603271484,103.78499603271484,103.78499603271484,103.78499603271484,0.0,20260730
2023-07-06,ChargerFull,SeasonalNaive,96,133.0570068359375,133.0570068359375,0.0,103.78499603271484,103.78499603271484,103.78499603271484,103.78499603271484,0.0,20260730
2023-07-07,ChargerFull,SeasonalNaive,32,0.0,19.799999237060547,0.375,14.208999633789062,15.859000205993652,14.208999633789062,15.859000205993652,0.3125,20260730
2023-07-07,ChargerFull,SeasonalNaive,48,18.961999893188477,53.98600387573242,2.125,32.00299835205078,36.9530029296875,32.00299835205078,36.9530029296875,1.25,20260730
2023-07-07,ChargerFull,SeasonalNaive,64,81.76899719238281,94.96900177001953,4.0625,81.2490005493164,99.25,81.2490005493164,99.25,3.5625,20260730
2023-07-07,ChargerFull,SeasonalNaive,80,94.96900177001953,94.96900177001953,0.5,129.42799377441406,129.42799377441406,129.42799377441406,129.42799377441406,2.0625,20260730
2023-07-07,ChargerFull,SeasonalNaive,84,94.96900177001953,94.96900177001953,0.0,130.70399475097656,130.70399475097656,130.70399475097656,130.70399475097656,0.5,20260730
2023-07-07,ChargerFull,SeasonalNaive,96,94.96900177001953,94.96900177001953,0.0,130.70399475097656,130.70399475097656,130.70399475097656,130.70399475097656,0.0,20260730
2023-07-01,ChargerFull,Ridge,32,0.8399999737739563,4.949999809265137,0.09375,-1.9415442943572998,4.844484806060791,2.417588949203491,7.103146553039551,0.35120826959609985,20260730
2023-07-01,ChargerFull,Ridge,48,16.05299949645996,19.35300064086914,0.8125,0.06704568862915039,0.7849254608154297,13.25631046295166,16.80327033996582,0.5204722285270691,20260730
2023-07-01,ChargerFull,Ridge,64,27.618999481201172,35.88800048828125,1.5,33.24611282348633,36.86008834838867,42.29844665527344,43.73567581176758,1.6032648086547852,20260730
2023-07-01,ChargerFull,Ridge,80,31.71500015258789,39.98400115966797,1.1875,53.96638107299805,56.41242599487305,61.66504669189453,64.48465728759766,1.289542555809021,20260730
2023-07-01,ChargerFull,Ridge,84,33.384002685546875,39.98400115966797,1.0,60.03488540649414,62.066219329833984,66.25381469726562,69.34967041015625,1.2696475982666016,20260730
2023-07-01,ChargerFull,Ridge,96,39.98400115966797,39.98400115966797,0.3333333432674408,68.87299346923828,68.87299346923828,72.06568908691406,72.06568908691406,0.5458590388298035,20260730
2023-07-02,ChargerFull,Ridge,32,0.0,0.0,0.0,1.6128809452056885,8.669746398925781,4.982885360717773,11.295140266418457,0.47793081402778625,20260730
2023-07-02,ChargerFull,Ridge,48,28.857999801635742,28.857999801635742,1.375,25.0944881439209,19.646827697753906,17.863452911376953,23.06940460205078,0.8223776817321777,20260730
2023-07-02,ChargerFull,Ridge,64,47.73699951171875,47.73699951171875,1.3125,61.013919830322266,59.134849548339844,48.191890716552734,49.784969329833984,1.3552693128585815,20260730
2023-07-02,ChargerFull,Ridge,80,62.05500030517578,77.2030029296875,1.1875,70.44590759277344,78.56849670410156,69.176025390625,73.30651092529297,1.049458384513855,20260730
2023-07-02,ChargerFull,Ridge,84,73.37100219726562,83.8030014038086,2.0,73.54470825195312,78.1070327758789,74.24972534179688,76.28446197509766,0.8933348059654236,20260730
2023-07-02,ChargerFull,Ridge,96,84.92100524902344,84.92100524902344,0.5833333730697632,77.76046752929688,77.76046752929688,77.56554412841797,77.56554412841797,0.18200844526290894,20260730
2023-07-03,ChargerFull,Ridge,32,0.0,14.850000381469727,0.28125,0.3812471032142639,5.117626667022705,3.1907379627227783,10.483757019042969,0.34734445810317993,20260730
2023-07-03,ChargerFull,Ridge,48,23.78799819946289,57.961997985839844,3.375,29.910892486572266,38.95359802246094,25.18401336669922,35.89966583251953,2.280747652053833,20260730
2023-07-03,ChargerFull,Ridge,64,92.65199279785156,104.97600555419922,4.6875,54.833683013916016,59.83348846435547,53.80356216430664,58.34783172607422,2.834470510482788,20260730
2023-07-03,ChargerFull,Ridge,80,121.43299865722656,121.43299865722656,1.8125,72.02287292480469,72.3552017211914,68.66746520996094,70.60772705078125,1.3049098253250122,20260730
2023-07-03,ChargerFull,Ridge,84,121.43299865722656,121.43299865722656,0.0,70.10150146484375,73.90445709228516,69.34138488769531,72.12272644042969,0.7431098222732544,20260730
2023-07-03,ChargerFull,Ridge,96,121.43299865722656,121.43299865722656,0.0,73.33981323242188,73.33981323242188,73.33981323242188,73.33981323242188,0.33398401737213135,20260730
2023-07-04,ChargerFull,Ridge,32,0.0,0.0,0.0,-0.22760552167892456,0.9125595092773438,2.219247817993164,4.391028881072998,0.12555868923664093,20260730
2023-07-04,ChargerFull,Ridge,48,0.656000018119812,4.949999809265137,0.1875,19.199106216430664,32.34580993652344,18.516782760620117,30.68128204345703,1.4194705486297607,20260730
2023-07-04,ChargerFull,Ridge,64,13.41200065612793,13.41200065612793,0.5625,50.40226745605469,60.93437576293945,50.75962448120117,58.27335739135742,2.570979356765747,20260730
2023-07-04,ChargerFull,Ridge,80,16.437999725341797,16.437999725341797,0.3125,79.8623046875,82.2311782836914,78.29183959960938,83.26754760742188,1.4455952644348145,20260730
2023-07-04,ChargerFull,Ridge,84,16.437999725341797,16.437999725341797,0.0,86.8094482421875,87.02484130859375,84.66807556152344,87.53909301757812,1.4438438415527344,20260730
2023-07-04,ChargerFull,Ridge,96,16.437999725341797,16.437999725341797,0.0,90.54710388183594,90.54710388183594,90.54710388183594,90.54710388183594,0.3341115117073059,20260730
2023-07-05,ChargerFull,Ridge,32,0.0,26.399999618530273,0.5,-2.944375514984131,-0.6387600898742676,0.47695523500442505,8.01332950592041,0.1954740583896637,20260730
2023-07-05,ChargerFull,Ridge,48,36.979000091552734,83.26399993896484,3.6875,14.858898162841797,24.173049926757812,15.672220230102539,31.066383361816406,1.850616455078125,20260730
2023-07-05,ChargerFull,Ridge,64,99.51699829101562,112.14399719238281,4.125,47.54648971557617,47.340782165527344,44.374732971191406,44.78876876831055,2.1723580360412598,20260730
2023-07-05,ChargerFull,Ridge,80,112.5530014038086,112.5530014038086,0.5,66.56660461425781,71.57257080078125,66.45091247558594,68.63690948486328,1.4526340961456299,20260730
2023-07-05,ChargerFull,Ridge,84,112.5530014038086,112.5530014038086,0.0,72.71408081054688,73.24207305908203,71.96614837646484,72.46033477783203,1.1666817665100098,20260730
2023-07-05,ChargerFull,Ridge,96,112.5530014038086,112.5530014038086,0.0,76.34664916992188,76.34664916992188,76.34664916992188,76.34664916992188,0.3208020329475403,20260730
2023-07-06,ChargerFull,Ridge,32,2.1019999980926514,14.850000381469727,0.28125,0.11103111505508423,2.3566036224365234,0.7894686460494995,7.5280890464782715,0.2969749867916107,20260730
2023-07-06,ChargerFull,Ridge,48,42.125,63.60099792480469,2.4375,31.364688873291016,31.776010513305664,22.736717224121094,32.94215393066406,2.4061834812164307,20260730
2023-07-06,ChargerFull,Ridge,64,77.25,86.08599853515625,3.125,54.98455047607422,53.9243049621582,49.88309860229492,50.78371047973633,2.279381275177002,20260730
2023-07-06,ChargerFull,Ridge,80,133.0570068359375,133.0570068359375,2.9375,62.93853759765625,67.17115783691406,61.861473083496094,63.77833557128906,0.8401212096214294,20260730
2023-07-06,ChargerFull,Ridge,84,133.0570068359375,133.0570068359375,0.0,68.44419860839844,67.1744155883789,65.19806671142578,65.58634948730469,1.1285724639892578,20260730
2023-07-06,ChargerFull,Ridge,96,133.0570068359375,133.0570068359375,0.0,65.74671173095703,65.74671173095703,65.74671173095703,65.74671173095703,0.0631612241268158,20260730
2023-07-07,ChargerFull,Ridge,32,0.0,19.799999237060547,0.375,3.517397403717041,6.0695953369140625,7.037811756134033,12.417558670043945,0.4052630066871643,20260730
2023-07-07,ChargerFull,Ridge,48,18.961999893188477,53.98600387573242,2.125,22.865131378173828,32.926307678222656,21.73082160949707,34.76836395263672,1.6265082359313965,20260730
2023-07-07,ChargerFull,Ridge,64,81.76899719238281,94.96900177001953,4.0625,52.44896697998047,66.40010833740234,54.58945083618164,66.5499496459961,2.3106818199157715,20260730
2023-07-07,ChargerFull,Ridge,80,94.96900177001953,94.96900177001953,0.5,70.6427993774414,76.21189880371094,75.40023803710938,78.55912017822266,1.1432350873947144,20260730
2023-07-07,ChargerFull,Ridge,84,94.96900177001953,94.96900177001953,0.0,76.54234313964844,79.42394256591797,78.17622375488281,81.09281921386719,0.7240853309631348,20260730
2023-07-07,ChargerFull,Ridge,96,94.96900177001953,94.96900177001953,0.0,83.57438659667969,83.57438659667969,83.57438659667969,83.57438659667969,0.3744262158870697,20260730
2023-07-01,ChargerFull,DLinear,32,0.8399999737739563,4.949999809265137,0.09375,7.95173978805542,18.291202545166016,4.308907508850098,4.625088691711426,0.10018812119960785,20260730
2023-07-01,ChargerFull,DLinear,48,16.05299949645996,19.35300064086914,0.8125,12.283777236938477,28.82063102722168,11.87233829498291,14.574019432067871,0.37685343623161316,20260730
2023-07-01,ChargerFull,DLinear,64,27.618999481201172,35.88800048828125,1.5,56.38020706176758,74.85569763183594,40.229496002197266,41.88005828857422,1.7471731901168823,20260730
2023-07-01,ChargerFull,DLinear,80,31.71500015258789,39.98400115966797,1.1875,52.302696228027344,46.35517120361328,41.19783401489258,42.62004852294922,2.47251558303833,20260730
2023-07-01,ChargerFull,DLinear,84,33.384002685546875,39.98400115966797,1.0,65.80157470703125,99.87361145019531,42.829559326171875,42.829559326171875,0.452094703912735,20260730
2023-07-01,ChargerFull,DLinear,96,39.98400115966797,39.98400115966797,0.3333333432674408,36.976051330566406,35.5383186340332,42.829559326171875,42.829559326171875,0.40575501322746277,20260730
2023-07-02,ChargerFull,DLinear,32,0.0,0.0,0.0,2.4674999713897705,19.683673858642578,3.3411943912506104,7.93559455871582,0.15029536187648773,20260730
2023-07-02,ChargerFull,DLinear,48,28.857999801635742,28.857999801635742,1.375,17.872947692871094,33.9741325378418,19.46346092224121,32.094390869140625,1.3772004842758179,20260730
2023-07-02,ChargerFull,DLinear,64,47.73699951171875,47.73699951171875,1.3125,76.40506744384766,85.40061950683594,60.04558563232422,62.36262512207031,2.3429946899414062,20260730
2023-07-02,ChargerFull,DLinear,80,62.05500030517578,77.2030029296875,1.1875,50.856605529785156,88.9032974243164,60.04558563232422,65.18801879882812,3.030992031097412,20260730
2023-07-02,ChargerFull,DLinear,84,73.37100219726562,83.8030014038086,2.0,64.21025848388672,112.12419891357422,61.681053161621094,65.18801879882812,0.889144778251648,20260730
2023-07-02,ChargerFull,DLinear,96,84.92100524902344,84.92100524902344,0.5833333730697632,35.408843994140625,89.68597412109375,65.18801879882812,65.18801879882812,0.593873143196106,20260730
2023-07-03,ChargerFull,DLinear,32,0.0,14.850000381469727,0.28125,4.686079978942871,15.093952178955078,3.285057783126831,4.644266128540039,0.08795958012342453,20260730
2023-07-03,ChargerFull,DLinear,48,23.78799819946289,57.961997985839844,3.375,29.374652862548828,47.178871154785156,32.98931884765625,47.178871154785156,3.266374349594116,20260730
2023-07-03,ChargerFull,DLinear,64,92.65199279785156,104.97600555419922,4.6875,112.21407318115234,110.36432647705078,94.84497833251953,94.87804412841797,2.997647523880005,20260730
2023-07-03,ChargerFull,DLinear,80,121.43299865722656,121.43299865722656,1.8125,66.60566711425781,126.91183471679688,95.10088348388672,100.98201751708984,2.042668342590332,20260730
2023-07-03,ChargerFull,DLinear,84,121.43299865722656,121.43299865722656,0.0,64.71436309814453,105.61844635009766,95.10088348388672,100.98201751708984,0.6711121797561646,20260730
2023-07-03,ChargerFull,DLinear,96,121.43299865722656,121.43299865722656,0.0,59.756935119628906,142.20709228515625,100.98201751708984,100.98201751708984,0.5269308090209961,20260730
2023-07-04,ChargerFull,DLinear,32,0.0,0.0,0.0,9.711532592773438,12.389214515686035,2.6396687030792236,2.6396687030792236,0.04999372363090515,20260730
2023-07-04,ChargerFull,DLinear,48,0.656000018119812,4.949999809265137,0.1875,20.694108963012695,53.540504455566406,22.44965362548828,53.540504455566406,2.8957886695861816,20260730
2023-07-04,ChargerFull,DLinear,64,13.41200065612793,13.41200065612793,0.5625,107.37229919433594,108.39256286621094,101.32515716552734,101.86239624023438,3.7831356525421143,20260730
2023-07-04,ChargerFull,DLinear,80,16.437999725341797,16.437999725341797,0.3125,83.9677734375,118.54950714111328,106.20943450927734,106.20943450927734,1.1699740886688232,20260730
2023-07-04,ChargerFull,DLinear,84,16.437999725341797,16.437999725341797,0.0,62.70690155029297,69.83460998535156,106.20943450927734,106.20943450927734,0.1424282342195511,20260730
2023-07-04,ChargerFull,DLinear,96,16.437999725341797,16.437999725341797,0.0,75.27925109863281,137.13961791992188,106.20943450927734,106.20943450927734,0.0,20260730
2023-07-05,ChargerFull,DLinear,32,0.0,26.399999618530273,0.5,8.627978324890137,2.900463581085205,0.0,0.0,0.0,20260730
2023-07-05,ChargerFull,DLinear,48,36.979000091552734,83.26399993896484,3.6875,-4.746750831604004,34.82893371582031,7.247695446014404,29.38180923461914,1.1586809158325195,20260730
2023-07-05,ChargerFull,DLinear,64,99.51699829101562,112.14399719238281,4.125,60.532718658447266,57.6832160949707,51.914756774902344,53.608219146728516,2.2545557022094727,20260730
2023-07-05,ChargerFull,DLinear,80,112.5530014038086,112.5530014038086,0.5,52.72102737426758,55.15250778198242,66.07640075683594,66.34251403808594,0.7161844372749329,20260730
2023-07-05,ChargerFull,DLinear,84,112.5530014038086,112.5530014038086,0.0,27.034027099609375,22.223817825317383,67.03202819824219,67.29814147949219,0.14479173719882965,20260730
2023-07-05,ChargerFull,DLinear,96,112.5530014038086,112.5530014038086,0.0,63.30853271484375,71.3013687133789,67.30494689941406,67.30494689941406,0.013783711940050125,20260730
2023-07-06,ChargerFull,DLinear,32,2.1019999980926514,14.850000381469727,0.28125,4.134278297424316,14.953804969787598,0.06566758453845978,4.058995723724365,0.07687491923570633,20260730
2023-07-06,ChargerFull,DLinear,48,42.125,63.60099792480469,2.4375,16.184154510498047,68.57794189453125,16.676496505737305,49.83283615112305,1.8200571537017822,20260730
2023-07-06,ChargerFull,DLinear,64,77.25,86.08599853515625,3.125,83.63624572753906,88.6365966796875,83.33026123046875,87.86849975585938,2.509556770324707,20260730
2023-07-06,ChargerFull,DLinear,80,133.0570068359375,133.0570068359375,2.9375,99.00682067871094,80.62025451660156,99.5780029296875,99.5780029296875,1.6129735708236694,20260730
2023-07-06,ChargerFull,DLinear,84,133.0570068359375,133.0570068359375,0.0,93.45750427246094,97.19115447998047,108.4329833984375,108.4329833984375,1.3416626453399658,20260730
2023-07-06,ChargerFull,DLinear,96,133.0570068359375,133.0570068359375,0.0,131.28695678710938,92.66510009765625,111.97602844238281,111.97602844238281,0.17894208431243896,20260730
2023-07-07,ChargerFull,DLinear,32,0.0,19.799999237060547,0.375,0.5460073351860046,14.74575424194336,0.0,4.774716377258301,0.09043022990226746,20260730
2023-07-07,ChargerFull,DLinear,48,18.961999893188477,53.98600387573242,2.125,24.81281089782715,54.246585845947266,22.34955596923828,33.57054901123047,1.1048415899276733,20260730
2023-07-07,ChargerFull,DLinear,64,81.76899719238281,94.96900177001953,4.0625,79.53533935546875,80.10987854003906,55.15087890625,55.15087890625,1.3234801292419434,20260730
2023-07-07,ChargerFull,DLinear,80,94.96900177001953,94.96900177001953,0.5,84.13905334472656,67.24887084960938,77.53182983398438,77.53182983398438,2.2335281372070312,20260730
2023-07-07,ChargerFull,DLinear,84,94.96900177001953,94.96900177001953,0.0,96.44569396972656,123.19524383544922,88.16062927246094,88.57743072509766,1.7503232955932617,20260730
2023-07-07,ChargerFull,DLinear,96,94.96900177001953,94.96900177001953,0.0,110.04141235351562,67.11345672607422,88.57743072509766,88.57743072509766,0.8158515691757202,20260730
2023-07-01,ChargerFull,LSTM,32,0.8399999737739563,4.949999809265137,0.09375,0.761385977268219,2.788285255432129,0.8570610880851746,2.609018564224243,0.07631964981555939,20260730
2023-07-01,ChargerFull,LSTM,48,16.05299949645996,19.35300064086914,0.8125,22.142559051513672,36.656715393066406,22.142559051513672,36.656715393066406,2.2593657970428467,20260730
2023-07-01,ChargerFull,LSTM,64,27.618999481201172,35.88800048828125,1.5,78.17442321777344,80.41532897949219,77.75209045410156,80.41532897949219,2.180697202682495,20260730
2023-07-01,ChargerFull,LSTM,80,31.71500015258789,39.98400115966797,1.1875,101.61344909667969,81.20842742919922,82.3486328125,82.3486328125,1.580562710762024,20260730
2023-07-01,ChargerFull,LSTM,84,33.384002685546875,39.98400115966797,1.0,89.01461029052734,87.6958999633789,87.32032775878906,87.32032775878906,0.6693631410598755,20260730
2023-07-01,ChargerFull,LSTM,96,39.98400115966797,39.98400115966797,0.3333333432674408,88.82766723632812,90.38504028320312,89.60635375976562,89.60635375976562,0.22321943938732147,20260730
2023-07-02,ChargerFull,LSTM,32,0.0,0.0,0.0,1.1071290969848633,2.367453098297119,1.1071290969848633,2.367453098297119,0.0963834673166275,20260730
2023-07-02,ChargerFull,LSTM,48,28.857999801635742,28.857999801635742,1.375,22.064409255981445,41.517433166503906,22.064409255981445,41.517433166503906,2.1106672286987305,20260730
2023-07-02,ChargerFull,LSTM,64,47.73699951171875,47.73699951171875,1.3125,80.31818389892578,77.0492172241211,76.04876708984375,76.04876708984375,2.0616602897644043,20260730
2023-07-02,ChargerFull,LSTM,80,62.05500030517578,77.2030029296875,1.1875,82.4991455078125,78.90745544433594,76.49596405029297,76.49596405029297,1.4974011182785034,20260730
2023-07-02,ChargerFull,LSTM,84,73.37100219726562,83.8030014038086,2.0,77.93396759033203,85.55801391601562,77.53941345214844,77.53941345214844,0.8084198236465454,20260730
2023-07-02,ChargerFull,LSTM,96,84.92100524902344,84.92100524902344,0.5833333730697632,73.50081634521484,81.57801818847656,77.53941345214844,77.53941345214844,0.1405511200428009,20260730
2023-07-03,ChargerFull,LSTM,32,0.0,14.850000381469727,0.28125,0.5103003978729248,1.8255869150161743,0.5103003978729248,1.7649954557418823,0.08709251135587692,20260730
2023-07-03,ChargerFull,LSTM,48,23.78799819946289,57.961997985839844,3.375,26.465883255004883,42.82051086425781,26.465883255004883,42.82051086425781,2.196727752685547,20260730
2023-07-03,ChargerFull,LSTM,64,92.65199279785156,104.97600555419922,4.6875,77.63165283203125,75.25595092773438,74.28449249267578,75.05311584472656,1.9007623195648193,20260730
2023-07-03,ChargerFull,LSTM,80,121.43299865722656,121.43299865722656,1.8125,69.63956451416016,85.55853271484375,77.02477264404297,79.29464721679688,1.371591567993164,20260730
2023-07-03,ChargerFull,LSTM,84,121.43299865722656,121.43299865722656,0.0,72.63013458251953,88.00033569335938,79.83419036865234,80.65921783447266,0.9234828948974609,20260730
2023-07-03,ChargerFull,LSTM,96,121.43299865722656,121.43299865722656,0.0,75.03771209716797,86.28071594238281,80.65921783447266,80.65921783447266,0.16886389255523682,20260730
2023-07-04,ChargerFull,LSTM,32,0.0,0.0,0.0,-0.2349095642566681,1.2134006023406982,0.14821210503578186,1.2134006023406982,0.09547637403011322,20260730
2023-07-04,ChargerFull,LSTM,48,0.656000018119812,4.949999809265137,0.1875,31.180871963500977,40.16202163696289,31.180871963500977,40.16202163696289,2.5287749767303467,20260730
2023-07-04,ChargerFull,LSTM,64,13.41200065612793,13.41200065612793,0.5625,73.91211700439453,78.79207611083984,73.63666534423828,78.79207611083984,1.9030506610870361,20260730
2023-07-04,ChargerFull,LSTM,80,16.437999725341797,16.437999725341797,0.3125,73.3426513671875,96.10639190673828,82.11763763427734,94.63410186767578,1.3496447801589966,20260730
2023-07-04,ChargerFull,LSTM,84,16.437999725341797,16.437999725341797,0.0,82.06809997558594,97.21648406982422,90.13855743408203,94.93001556396484,1.0348451137542725,20260730
2023-07-04,ChargerFull,LSTM,96,16.437999725341797,16.437999725341797,0.0,95.07587432861328,95.17025756835938,95.1230697631836,95.1230697631836,0.3118917644023895,20260730
2023-07-05,ChargerFull,LSTM,32,0.0,26.399999618530273,0.5,-0.7254773378372192,0.5980515480041504,0.0,0.5791811347007751,0.03646731376647949,20260730
2023-07-05,ChargerFull,LSTM,48,36.979000091552734,83.26399993896484,3.6875,25.25121307373047,33.602481842041016,25.25121307373047,33.602481842041016,2.2092883586883545,20260730
2023-07-05,ChargerFull,LSTM,64,99.51699829101562,112.14399719238281,4.125,57.60783386230469,62.027061462402344,58.47138977050781,62.027061462402344,1.7499229907989502,20260730
2023-07-05,ChargerFull,LSTM,80,112.5530014038086,112.5530014038086,0.5,73.36444091796875,85.03569030761719,84.47612762451172,85.93655395507812,1.1239140033721924,20260730
2023-07-05,ChargerFull,LSTM,84,112.5530014038086,112.5530014038086,0.0,75.95259094238281,91.92559051513672,90.7345962524414,93.70497131347656,0.9482539296150208,20260730
2023-07-05,ChargerFull,LSTM,96,112.5530014038086,112.5530014038086,0.0,96.29594421386719,96.76094055175781,96.5284423828125,96.5284423828125,0.2926182448863983,20260730
2023-07-06,ChargerFull,LSTM,32,2.1019999980926514,14.850000381469727,0.28125,-0.39094096422195435,1.394312858581543,0.08339864760637283,1.0562434196472168,0.0341917984187603,20260730
2023-07-06,ChargerFull,LSTM,48,42.125,63.60099792480469,2.4375,24.350271224975586,30.994220733642578,24.350271224975586,30.994220733642578,2.290274143218994,20260730
2023-07-06,ChargerFull,LSTM,64,77.25,86.08599853515625,3.125,61.6141242980957,66.66129302978516,63.071964263916016,67.06221008300781,1.9935683012008667,20260730
2023-07-06,ChargerFull,LSTM,80,133.0570068359375,133.0570068359375,2.9375,92.29890441894531,85.40523529052734,91.6937255859375,91.72483825683594,1.2936478853225708,20260730
2023-07-06,ChargerFull,LSTM,84,133.0570068359375,133.0570068359375,0.0,88.99361419677734,93.62936401367188,97.58418273925781,98.21505737304688,0.820885419845581,20260730
2023-07-06,ChargerFull,LSTM,96,133.0570068359375,133.0570068359375,0.0,105.47523498535156,101.8692398071289,103.6722412109375,103.6722412109375,0.3480392396450043,20260730
2023-07-07,ChargerFull,LSTM,32,0.0,19.799999237060547,0.375,0.45826271176338196,2.1050596237182617,0.45826271176338196,1.9241812229156494,0.059687454253435135,20260730
2023-07-07,ChargerFull,LSTM,48,18.961999893188477,53.98600387573242,2.125,22.62085723876953,34.09143829345703,22.62085723876953,34.09143829345703,2.2622933387756348,20260730
2023-07-07,ChargerFull,LSTM,64,81.76899719238281,94.96900177001953,4.0625,70.99224853515625,73.8902587890625,70.40452575683594,73.8902587890625,2.121760129928589,20260730
2023-07-07,ChargerFull,LSTM,80,94.96900177001953,94.96900177001953,0.5,102.80099487304688,81.70160675048828,90.39869689941406,90.39869689941406,1.508449673652649,20260730
2023-07-07,ChargerFull,LSTM,84,94.96900177001953,94.96900177001953,0.0,96.41422271728516,92.76423645019531,96.50003051757812,96.50003051757812,0.7238041162490845,20260730
2023-07-07,ChargerFull,LSTM,96,94.96900177001953,94.96900177001953,0.0,102.70986938476562,100.390625,101.55024719238281,101.55024719238281,0.32829251885414124,20260730
2023-07-01,ChargerFull,TCN,32,0.8399999737739563,4.949999809265137,0.09375,3.1862664222717285,3.6214094161987305,3.012235403060913,3.2925071716308594,0.16717283427715302,20260730
2023-07-01,ChargerFull,TCN,48,16.05299949645996,19.35300064086914,0.8125,28.244287490844727,64.20813751220703,28.244287490844727,64.20813751220703,2.921356201171875,20260730
2023-07-01,ChargerFull,TCN,64,27.618999481201172,35.88800048828125,1.5,48.264102935791016,74.76551055908203,48.264102935791016,77.40650939941406,3.557800769805908,20260730
2023-07-01,ChargerFull,TCN,80,31.71500015258789,39.98400115966797,1.1875,110.8463363647461,101.82571411132812,101.82571411132812,101.82571411132812,2.8640217781066895,20260730
2023-07-01,ChargerFull,TCN,84,33.384002685546875,39.98400115966797,1.0,119.55844116210938,133.32696533203125,111.30610656738281,111.75135803222656,0.9851402044296265,20260730
2023-07-01,ChargerFull,TCN,96,39.98400115966797,39.98400115966797,0.3333333432674408,103.40804290771484,120.09467315673828,111.75135803222656,111.75135803222656,0.4868290424346924,20260730
2023-07-02,ChargerFull,TCN,32,0.0,0.0,0.0,2.9501209259033203,2.6980488300323486,2.4455859661102295,2.5181870460510254,0.17395028471946716,20260730
2023-07-02,ChargerFull,TCN,48,28.857999801635742,28.857999801635742,1.375,23.952980041503906,61.242496490478516,23.952980041503906,61.242496490478516,2.8128271102905273,20260730
2023-07-02,ChargerFull,TCN,64,47.73699951171875,47.73699951171875,1.3125,47.98868942260742,68.07199096679688,47.98868942260742,71.12730407714844,3.2317328453063965,20260730
2023-07-02,ChargerFull,TCN,80,62.05500030517578,77.2030029296875,1.1875,115.57431030273438,106.14045715332031,105.98390197753906,105.98390197753906,2.590378999710083,20260730
2023-07-02,ChargerFull,TCN,84,73.37100219726562,83.8030014038086,2.0,120.50511169433594,137.4537353515625,110.45512390136719,110.45512390136719,0.852482795715332,20260730
2023-07-02,ChargerFull,TCN,96,84.92100524902344,84.92100524902344,0.5833333730697632,108.29569244384766,112.61455535888672,110.45512390136719,110.45512390136719,0.5027036666870117,20260730
2023-07-03,ChargerFull,TCN,32,0.0,14.850000381469727,0.28125,3.3162713050842285,2.978945732116699,2.3412344455718994,2.3700313568115234,0.1324470192193985,20260730
2023-07-03,ChargerFull,TCN,48,23.78799819946289,57.961997985839844,3.375,19.524375915527344,58.46247100830078,19.524375915527344,58.46247100830078,2.844071865081787,20260730
2023-07-03,ChargerFull,TCN,64,92.65199279785156,104.97600555419922,4.6875,54.01081848144531,63.163246154785156,54.01081848144531,66.0934066772461,3.0364396572113037,20260730
2023-07-03,ChargerFull,TCN,80,121.43299865722656,121.43299865722656,1.8125,119.66746520996094,111.90628814697266,111.21582794189453,111.21582794189453,2.332878828048706,20260730
2023-07-03,ChargerFull,TCN,84,121.43299865722656,121.43299865722656,0.0,129.6424102783203,134.38034057617188,113.90733337402344,113.90733337402344,0.9341933131217957,20260730
2023-07-03,ChargerFull,TCN,96,121.43299865722656,121.43299865722656,0.0,116.72101593017578,111.09366607666016,113.90733337402344,113.90733337402344,0.5138117074966431,20260730
2023-07-04,ChargerFull,TCN,32,0.0,0.0,0.0,3.9246914386749268,4.235414505004883,2.5955440998077393,2.8002359867095947,0.07507631182670593,20260730
2023-07-04,ChargerFull,TCN,48,0.656000018119812,4.949999809265137,0.1875,18.2287654876709,57.649017333984375,18.2287654876709,57.649017333984375,2.9806041717529297,20260730
2023-07-04,ChargerFull,TCN,64,13.41200065612793,13.41200065612793,0.5625,61.724220275878906,63.52333068847656,61.724220275878906,66.28683471679688,3.104419231414795,20260730
2023-07-04,ChargerFull,TCN,80,16.437999725341797,16.437999725341797,0.3125,119.11788940429688,114.58853912353516,114.1918716430664,114.58853912353516,2.2779221534729004,20260730
2023-07-04,ChargerFull,TCN,84,16.437999725341797,16.437999725341797,0.0,139.20639038085938,125.60350036621094,118.95358276367188,118.95358276367188,1.1684856414794922,20260730
2023-07-04,ChargerFull,TCN,96,16.437999725341797,16.437999725341797,0.0,121.56145477294922,116.34571838378906,118.95358276367188,118.95358276367188,0.5060070753097534,20260730
2023-07-05,ChargerFull,TCN,32,0.0,26.399999618530273,0.5,4.24522590637207,5.439831256866455,2.127462387084961,2.2780890464782715,0.04314562678337097,20260730
2023-07-05,ChargerFull,TCN,48,36.979000091552734,83.26399993896484,3.6875,20.929351806640625,58.514976501464844,20.929351806640625,58.514976501464844,3.0937790870666504,20260730
2023-07-05,ChargerFull,TCN,64,99.51699829101562,112.14399719238281,4.125,64.78873443603516,68.65058135986328,64.78873443603516,70.89130401611328,3.350726842880249,20260730
2023-07-05,ChargerFull,TCN,80,112.5530014038086,112.5530014038086,0.5,113.27005004882812,110.93671417236328,109.59894561767578,110.93671417236328,2.4409332275390625,20260730
2023-07-05,ChargerFull,TCN,84,112.5530014038086,112.5530014038086,0.0,140.47344970703125,115.98297882080078,117.02994537353516,117.02994537353516,1.362526297569275,20260730
2023-07-05,ChargerFull,TCN,96,112.5530014038086,112.5530014038086,0.0,118.64636993408203,122.95548248291016,120.8009262084961,120.8009262084961,0.47555428743362427,20260730
2023-07-06,ChargerFull,TCN,32,2.1019999980926514,14.850000381469727,0.28125,4.048770427703857,5.751491546630859,2.61173415184021,3.2477481365203857,0.06151038035750389,20260730
2023-07-06,ChargerFull,TCN,48,42.125,63.60099792480469,2.4375,25.466413497924805,60.666587829589844,25.466413497924805,60.666587829589844,3.0812642574310303,20260730
2023-07-06,ChargerFull,TCN,64,77.25,86.08599853515625,3.125,61.151268005371094,74.04155731201172,61.151268005371094,75.64165496826172,3.577160358428955,20260730
2023-07-06,ChargerFull,TCN,80,133.0570068359375,133.0570068359375,2.9375,105.92753601074219,103.70475006103516,103.08232116699219,103.70475006103516,2.6933131217956543,20260730
2023-07-06,ChargerFull,TCN,84,133.0570068359375,133.0570068359375,0.0,131.86737060546875,112.4231185913086,113.9089584350586,113.9089584350586,1.3824543952941895,20260730
2023-07-06,ChargerFull,TCN,96,133.0570068359375,133.0570068359375,0.0,109.27384948730469,125.72291564941406,117.49838256835938,117.49838256835938,0.44634711742401123,20260730
2023-07-07,ChargerFull,TCN,32,0.0,19.799999237060547,0.375,3.3744349479675293,4.8158698081970215,2.7891464233398438,3.8261008262634277,0.11387379467487335,20260730
2023-07-07,ChargerFull,TCN,48,18.961999893188477,53.98600387573242,2.125,28.492652893066406,61.439979553222656,28.492652893066406,61.439979553222656,2.9356930255889893,20260730
2023-07-07,ChargerFull,TCN,64,81.76899719238281,94.96900177001953,4.0625,52.943328857421875,75.95600891113281,52.943328857421875,77.19380950927734,3.577559232711792,20260730
2023-07-07,ChargerFull,TCN,80,94.96900177001953,94.96900177001953,0.5,101.38740539550781,97.72840881347656,97.54034423828125,97.72840881347656,2.835862636566162,20260730
2023-07-07,ChargerFull,TCN,84,94.96900177001953,94.96900177001953,0.0,118.47227478027344,116.4381103515625,110.95986938476562,110.95986938476562,1.2048784494400024,20260730
2023-07-07,ChargerFull,TCN,96,94.96900177001953,94.96900177001953,0.0,100.0965347290039,121.82319641113281,110.95986938476562,110.95986938476562,0.4285227358341217,20260730
2023-07-01,ChargerFull,iTransformer,32,0.8399999737739563,4.949999809265137,0.09375,1.8871872425079346,12.96029281616211,2.635031223297119,4.337912559509277,0.0821574330329895,20260730
2023-07-01,ChargerFull,iTransformer,48,16.05299949645996,19.35300064086914,0.8125,39.41328048706055,30.872135162353516,17.580812454223633,17.580812454223633,0.5791066288948059,20260730
2023-07-01,ChargerFull,iTransformer,64,27.618999481201172,35.88800048828125,1.5,64.76103973388672,102.53559875488281,84.94172668457031,91.65079498291016,3.0384421348571777,20260730
2023-07-01,ChargerFull,iTransformer,80,31.71500015258789,39.98400115966797,1.1875,151.9644775390625,88.50508117675781,95.97604370117188,95.97604370117188,0.3414756655693054,20260730
2023-07-01,ChargerFull,iTransformer,84,33.384002685546875,39.98400115966797,1.0,58.301090240478516,47.070945739746094,98.59062957763672,98.59062957763672,0.5917608141899109,20260730
2023-07-01,ChargerFull,iTransformer,96,39.98400115966797,39.98400115966797,0.3333333432674408,106.20252990722656,122.35999298095703,107.25865173339844,107.25865173339844,0.47456297278404236,20260730
2023-07-02,ChargerFull,iTransformer,32,0.0,0.0,0.0,2.4924376010894775,9.741926193237305,3.1707870960235596,7.63001012802124,0.1445077657699585,20260730
2023-07-02,ChargerFull,iTransformer,48,28.857999801635742,28.857999801635742,1.375,38.592350006103516,43.100215911865234,31.878358840942383,34.04277420043945,1.1479105949401855,20260730
2023-07-02,ChargerFull,iTransformer,64,47.73699951171875,47.73699951171875,1.3125,61.594852447509766,82.97298431396484,86.80157470703125,91.73814392089844,2.867286205291748,20260730
2023-07-02,ChargerFull,iTransformer,80,62.05500030517578,77.2030029296875,1.1875,117.86918640136719,84.3771743774414,103.45989990234375,103.45989990234375,0.6142064332962036,20260730
2023-07-02,ChargerFull,iTransformer,84,73.37100219726562,83.8030014038086,2.0,73.81275939941406,33.65587615966797,107.57078552246094,107.57078552246094,0.6900242567062378,20260730
2023-07-02,ChargerFull,iTransformer,96,84.92100524902344,84.92100524902344,0.5833333730697632,94.18209838867188,128.34640502929688,108.85214233398438,108.85214233398438,0.06471464782953262,20260730
2023-07-03,ChargerFull,iTransformer,32,0.0,14.850000381469727,0.28125,3.668649911880493,9.445477485656738,3.668649911880493,9.289921760559082,0.23924045264720917,20260730
2023-07-03,ChargerFull,iTransformer,48,23.78799819946289,57.961997985839844,3.375,36.295135498046875,69.16629028320312,36.295135498046875,68.49635314941406,2.648934841156006,20260730
2023-07-03,ChargerFull,iTransformer,64,92.65199279785156,104.97600555419922,4.6875,68.6429672241211,94.97249603271484,92.48247528076172,98.03284454345703,3.0153238773345947,20260730
2023-07-03,ChargerFull,iTransformer,80,121.43299865722656,121.43299865722656,1.8125,100.77273559570312,108.54058837890625,114.14520263671875,114.14520263671875,0.8205578327178955,20260730
2023-07-03,ChargerFull,iTransformer,84,121.43299865722656,121.43299865722656,0.0,94.96493530273438,36.32084655761719,119.43975067138672,119.43975067138672,0.8022040128707886,20260730
2023-07-03,ChargerFull,iTransformer,96,121.43299865722656,121.43299865722656,0.0,104.81334686279297,134.066162109375,119.43975067138672,119.43975067138672,0.0,20260730
2023-07-04,ChargerFull,iTransformer,32,0.0,0.0,0.0,5.9969658851623535,10.818676948547363,5.9969658851623535,10.470239639282227,0.26547732949256897,20260730
2023-07-04,ChargerFull,iTransformer,48,0.656000018119812,4.949999809265137,0.1875,22.850034713745117,77.7585220336914,22.917322158813477,76.13644409179688,2.9526422023773193,20260730
2023-07-04,ChargerFull,iTransformer,64,13.41200065612793,13.41200065612793,0.5625,66.75151062011719,122.86471557617188,71.90360260009766,108.94900512695312,3.8242740631103516,20260730
2023-07-04,ChargerFull,iTransformer,80,16.437999725341797,16.437999725341797,0.3125,101.80350494384766,133.39083862304688,104.02143859863281,109.46549224853516,1.3236372470855713,20260730
2023-07-04,ChargerFull,iTransformer,84,16.437999725341797,16.437999725341797,0.0,85.17280578613281,34.03983688354492,109.46549224853516,109.46549224853516,1.0777603387832642,20260730
2023-07-04,ChargerFull,iTransformer,96,16.437999725341797,16.437999725341797,0.0,109.80242919921875,109.12855529785156,109.46549224853516,109.46549224853516,0.0,20260730
2023-07-05,ChargerFull,iTransformer,32,0.0,26.399999618530273,0.5,6.582250595092773,11.023503303527832,3.422560691833496,5.528926372528076,0.11377738416194916,20260730
2023-07-05,ChargerFull,iTransformer,48,36.979000091552734,83.26399993896484,3.6875,14.100642204284668,63.25453567504883,15.137274742126465,50.36898422241211,1.7090888023376465,20260730
2023-07-05,ChargerFull,iTransformer,64,99.51699829101562,112.14399719238281,4.125,60.708370208740234,146.24932861328125,60.708370208740234,88.04998779296875,3.825618028640747,20260730
2023-07-05,ChargerFull,iTransformer,80,112.5530014038086,112.5530014038086,0.5,122.80058288574219,137.29464721679688,88.04998779296875,88.04998779296875,1.3000328540802002,20260730
2023-07-05,ChargerFull,iTransformer,84,112.5530014038086,112.5530014038086,0.0,61.10437774658203,33.68170928955078,88.04998779296875,88.04998779296875,0.7860099077224731,20260730
2023-07-05,ChargerFull,iTransformer,96,112.5530014038086,112.5530014038086,0.0,102.42241668701172,73.67755126953125,88.04998779296875,88.04998779296875,0.0,20260730
2023-07-06,ChargerFull,iTransformer,32,2.1019999980926514,14.850000381469727,0.28125,6.48187780380249,15.572087287902832,3.831223964691162,8.61042308807373,0.16307619214057922,20260730
2023-07-06,ChargerFull,iTransformer,48,42.125,63.60099792480469,2.4375,19.61927604675293,49.01689910888672,19.491453170776367,35.9058837890625,1.0339189767837524,20260730
2023-07-06,ChargerFull,iTransformer,64,77.25,86.08599853515625,3.125,64.03917694091797,158.4095001220703,64.89962005615234,98.88882446289062,4.246155261993408,20260730
2023-07-06,ChargerFull,iTransformer,80,133.0570068359375,133.0570068359375,2.9375,157.1522216796875,136.5008544921875,98.88882446289062,98.88882446289062,1.1742210388183594,20260730
2023-07-06,ChargerFull,iTransformer,84,133.0570068359375,133.0570068359375,0.0,59.918365478515625,55.18467712402344,98.88882446289062,98.88882446289062,1.0054309368133545,20260730
2023-07-06,ChargerFull,iTransformer,96,133.0570068359375,133.0570068359375,0.0,116.54161834716797,81.23603057861328,98.88882446289062,98.88882446289062,0.23143483698368073,20260730
2023-07-07,ChargerFull,iTransformer,32,0.0,19.799999237060547,0.375,2.3476433753967285,14.23197078704834,1.1080387830734253,4.076031684875488,0.07719756662845612,20260730
2023-07-07,ChargerFull,iTransformer,48,18.961999893188477,53.98600387573242,2.125,28.575824737548828,33.014015197753906,14.6865816116333,15.408255577087402,0.4732973277568817,20260730
2023-07-07,ChargerFull,iTransformer,64,81.76899719238281,94.96900177001953,4.0625,61.55558776855469,133.73422241210938,62.921844482421875,96.72882080078125,3.790158748626709,20260730
2023-07-07,ChargerFull,iTransformer,80,94.96900177001953,94.96900177001953,0.5,168.04629516601562,118.38243103027344,105.03239440917969,105.03239440917969,1.0430328845977783,20260730
2023-07-07,ChargerFull,iTransformer,84,94.96900177001953,94.96900177001953,0.0,51.31873321533203,53.95960235595703,105.5089111328125,105.5089111328125,0.8140329122543335,20260730
2023-07-07,ChargerFull,iTransformer,96,94.96900177001953,94.96900177001953,0.0,116.69806671142578,94.90625,105.80216217041016,105.80216217041016,0.6869882345199585,20260730
2023-07-01,ChargerFull,FeasibleDLinear,32,0.8399999737739563,4.949999809265137,0.09375,44.45777130126953,44.45777130126953,44.45777130126953,44.45777130126953,2.747785806655884,20260730
2023-07-01,ChargerFull,FeasibleDLinear,48,16.05299949645996,19.35300064086914,0.8125,68.33026123046875,68.33026123046875,68.33026123046875,68.33026123046875,3.3159403800964355,20260730
2023-07-01,ChargerFull,FeasibleDLinear,64,27.618999481201172,35.88800048828125,1.5,129.02703857421875,142.1786651611328,129.02703857421875,142.1786651611328,3.1589412689208984,20260730
2023-07-01,ChargerFull,FeasibleDLinear,80,31.71500015258789,39.98400115966797,1.1875,185.12591552734375,186.10565185546875,185.12591552734375,186.10565185546875,2.9126033782958984,20260730
2023-07-01,ChargerFull,FeasibleDLinear,84,33.384002685546875,39.98400115966797,1.0,212.89608764648438,212.89608764648438,212.89608764648438,212.89608764648438,3.4343419075012207,20260730
2023-07-01,ChargerFull,FeasibleDLinear,96,39.98400115966797,39.98400115966797,0.3333333432674408,261.53570556640625,261.53570556640625,261.53570556640625,261.53570556640625,2.7394323348999023,20260730
2023-07-02,ChargerFull,FeasibleDLinear,32,0.0,0.0,0.0,40.84653091430664,63.891510009765625,40.84653091430664,63.891510009765625,3.022378921508789,20260730
2023-07-02,ChargerFull,FeasibleDLinear,48,28.857999801635742,28.857999801635742,1.375,68.29228973388672,86.48738861083984,68.29228973388672,86.48738861083984,3.324244976043701,20260730
2023-07-02,ChargerFull,FeasibleDLinear,64,47.73699951171875,47.73699951171875,1.3125,112.98703002929688,137.93057250976562,112.98703002929688,137.93057250976562,3.241295576095581,20260730
2023-07-02,ChargerFull,FeasibleDLinear,80,62.05500030517578,77.2030029296875,1.1875,169.13194274902344,172.2919464111328,169.13194274902344,172.2919464111328,2.862520217895508,20260730
2023-07-02,ChargerFull,FeasibleDLinear,84,73.37100219726562,83.8030014038086,2.0,192.32046508789062,196.9435272216797,192.32046508789062,196.9435272216797,3.5349104404449463,20260730
2023-07-02,ChargerFull,FeasibleDLinear,96,84.92100524902344,84.92100524902344,0.5833333730697632,239.69129943847656,239.69129943847656,239.69129943847656,239.69129943847656,2.6384806632995605,20260730
2023-07-03,ChargerFull,FeasibleDLinear,32,0.0,14.850000381469727,0.28125,36.81489562988281,78.34752655029297,36.81489562988281,78.34752655029297,3.2523481845855713,20260730
2023-07-03,ChargerFull,FeasibleDLinear,48,23.78799819946289,57.961997985839844,3.375,100.92008972167969,113.58780670166016,100.92008972167969,113.58780670166016,2.9616286754608154,20260730
2023-07-03,ChargerFull,FeasibleDLinear,64,92.65199279785156,104.97600555419922,4.6875,167.8856964111328,177.7814483642578,167.8856964111328,177.7814483642578,3.0081682205200195,20260730
2023-07-03,ChargerFull,FeasibleDLinear,80,121.43299865722656,121.43299865722656,1.8125,250.50442504882812,250.50442504882812,250.50442504882812,250.50442504882812,3.1294970512390137,20260730
2023-07-03,ChargerFull,FeasibleDLinear,84,121.43299865722656,121.43299865722656,0.0,274.39569091796875,274.39569091796875,274.39569091796875,274.39569091796875,3.619887113571167,20260730
2023-07-03,ChargerFull,FeasibleDLinear,96,121.43299865722656,121.43299865722656,0.0,312.86016845703125,312.86016845703125,312.86016845703125,312.86016845703125,1.9426517486572266,20260730
2023-07-04,ChargerFull,FeasibleDLinear,32,0.0,0.0,0.0,35.75690460205078,107.66780090332031,35.75690460205078,107.66780090332031,3.5103020668029785,20260730
2023-07-04,ChargerFull,FeasibleDLinear,48,0.656000018119812,4.949999809265137,0.1875,99.48359680175781,133.92218017578125,99.48359680175781,133.92218017578125,3.4842424392700195,20260730
2023-07-04,ChargerFull,FeasibleDLinear,64,13.41200065612793,13.41200065612793,0.5625,154.31857299804688,172.8517608642578,154.31857299804688,172.8517608642578,2.4692130088806152,20260730
2023-07-04,ChargerFull,FeasibleDLinear,80,16.437999725341797,16.437999725341797,0.3125,220.5519561767578,221.13507080078125,220.5519561767578,221.13507080078125,2.592792510986328,20260730
2023-07-04,ChargerFull,FeasibleDLinear,84,16.437999725341797,16.437999725341797,0.0,245.71607971191406,245.71607971191406,245.71607971191406,245.71607971191406,3.8127450942993164,20260730
2023-07-04,ChargerFull,FeasibleDLinear,96,16.437999725341797,16.437999725341797,0.0,285.1501770019531,285.1501770019531,285.1501770019531,285.1501770019531,1.9916212558746338,20260730
2023-07-05,ChargerFull,FeasibleDLinear,32,0.0,26.399999618530273,0.5,34.21123123168945,70.57442474365234,34.21123123168945,70.57442474365234,3.1097817420959473,20260730
2023-07-05,ChargerFull,FeasibleDLinear,48,36.979000091552734,83.26399993896484,3.6875,89.63096618652344,98.40000915527344,89.63096618652344,98.40000915527344,3.827197790145874,20260730
2023-07-05,ChargerFull,FeasibleDLinear,64,99.51699829101562,112.14399719238281,4.125,124.2751235961914,131.2550506591797,124.2751235961914,131.2550506591797,1.734646201133728,20260730
2023-07-05,ChargerFull,FeasibleDLinear,80,112.5530014038086,112.5530014038086,0.5,164.84759521484375,164.84759521484375,164.84759521484375,164.84759521484375,1.7908210754394531,20260730
2023-07-05,ChargerFull,FeasibleDLinear,84,112.5530014038086,112.5530014038086,0.0,183.6220703125,185.0469970703125,183.6220703125,185.0469970703125,2.755768299102783,20260730
2023-07-05,ChargerFull,FeasibleDLinear,96,112.5530014038086,112.5530014038086,0.0,230.10400390625,230.10400390625,230.10400390625,230.10400390625,2.847205877304077,20260730
2023-07-06,ChargerFull,FeasibleDLinear,32,2.1019999980926514,14.850000381469727,0.28125,55.710182189941406,64.98297882080078,55.710182189941406,64.98297882080078,3.136388063430786,20260730
2023-07-06,ChargerFull,FeasibleDLinear,48,42.125,63.60099792480469,2.4375,84.89933776855469,90.14697265625,84.89933776855469,90.14697265625,3.9735171794891357,20260730
2023-07-06,ChargerFull,FeasibleDLinear,64,77.25,86.08599853515625,3.125,128.62234497070312,132.03074645996094,128.62234497070312,132.03074645996094,2.1823792457580566,20260730
2023-07-06,ChargerFull,FeasibleDLinear,80,133.0570068359375,133.0570068359375,2.9375,157.48690795898438,158.26527404785156,157.48690795898438,158.26527404785156,2.049044609069824,20260730
2023-07-06,ChargerFull,FeasibleDLinear,84,133.0570068359375,133.0570068359375,0.0,181.30796813964844,182.1531982421875,181.30796813964844,182.1531982421875,3.022585391998291,20260730
2023-07-06,ChargerFull,FeasibleDLinear,96,133.0570068359375,133.0570068359375,0.0,223.16441345214844,223.16441345214844,223.16441345214844,223.16441345214844,2.8447015285491943,20260730
2023-07-07,ChargerFull,FeasibleDLinear,32,0.0,19.799999237060547,0.375,37.49515151977539,37.49515151977539,37.49515151977539,37.49515151977539,2.553333282470703,20260730
2023-07-07,ChargerFull,FeasibleDLinear,48,18.961999893188477,53.98600387573242,2.125,57.71180725097656,57.71180725097656,57.71180725097656,57.71180725097656,3.349625587463379,20260730
2023-07-07,ChargerFull,FeasibleDLinear,64,81.76899719238281,94.96900177001953,4.0625,101.1761703491211,101.1761703491211,101.1761703491211,101.1761703491211,1.937423825263977,20260730
2023-07-07,ChargerFull,FeasibleDLinear,80,94.96900177001953,94.96900177001953,0.5,112.76880645751953,112.76880645751953,112.76880645751953,112.76880645751953,2.0191802978515625,20260730
2023-07-07,ChargerFull,FeasibleDLinear,84,94.96900177001953,94.96900177001953,0.0,134.80152893066406,134.80154418945312,134.80152893066406,134.80154418945312,2.963552713394165,20260730
2023-07-07,ChargerFull,FeasibleDLinear,96,94.96900177001953,94.96900177001953,0.0,163.9094696044922,163.9094696044922,163.9094696044922,163.9094696044922,3.548999786376953,20260730
2023-07-01,ChargerFull,FeasibleTCN,32,0.8399999737739563,4.949999809265137,0.09375,12.817337036132812,17.67422866821289,12.817337036132812,17.67422866821289,1.9420251846313477,20260730
2023-07-01,ChargerFull,FeasibleTCN,48,16.05299949645996,19.35300064086914,0.8125,34.3919677734375,47.882511138916016,34.3919677734375,47.882511138916016,1.9903576374053955,20260730
2023-07-01,ChargerFull,FeasibleTCN,64,27.618999481201172,35.88800048828125,1.5,61.13885498046875,75.06845092773438,61.13885498046875,75.06845092773438,2.2368218898773193,20260730
2023-07-01,ChargerFull,FeasibleTCN,80,31.71500015258789,39.98400115966797,1.1875,80.23326110839844,101.57300567626953,80.23326110839844,101.57300567626953,2.5111546516418457,20260730
2023-07-01,ChargerFull,FeasibleTCN,84,33.384002685546875,39.98400115966797,1.0,119.9803466796875,119.9803466796875,119.9803466796875,119.9803466796875,2.499769926071167,20260730
2023-07-01,ChargerFull,FeasibleTCN,96,39.98400115966797,39.98400115966797,0.3333333432674408,135.26564025878906,135.26564025878906,135.26564025878906,135.26564025878906,2.4784157276153564,20260730
2023-07-02,ChargerFull,FeasibleTCN,32,0.0,0.0,0.0,14.167644500732422,18.173978805541992,14.167644500732422,18.173978805541992,1.852177381515503,20260730
2023-07-02,ChargerFull,FeasibleTCN,48,28.857999801635742,28.857999801635742,1.375,37.711700439453125,50.67171096801758,37.711700439453125,50.67171096801758,2.1702065467834473,20260730
2023-07-02,ChargerFull,FeasibleTCN,64,47.73699951171875,47.73699951171875,1.3125,63.6915397644043,76.45037841796875,63.6915397644043,76.45037841796875,2.18483829498291,20260730
2023-07-02,ChargerFull,FeasibleTCN,80,62.05500030517578,77.2030029296875,1.1875,82.60558319091797,98.1785659790039,82.60558319091797,98.1785659790039,2.634693145751953,20260730
2023-07-02,ChargerFull,FeasibleTCN,84,73.37100219726562,83.8030014038086,2.0,118.82090759277344,118.82090759277344,118.82090759277344,118.82090759277344,2.5088629722595215,20260730
2023-07-02,ChargerFull,FeasibleTCN,96,84.92100524902344,84.92100524902344,0.5833333730697632,134.58633422851562,134.58633422851562,134.58633422851562,134.58633422851562,2.33595871925354,20260730
2023-07-03,ChargerFull,FeasibleTCN,32,0.0,14.850000381469727,0.28125,14.156139373779297,19.274194717407227,14.156139373779297,19.274194717407227,1.8186365365982056,20260730
2023-07-03,ChargerFull,FeasibleTCN,48,23.78799819946289,57.961997985839844,3.375,37.51103210449219,53.86724090576172,37.51103210449219,53.86724090576172,2.3681881427764893,20260730
2023-07-03,ChargerFull,FeasibleTCN,64,92.65199279785156,104.97600555419922,4.6875,64.93617248535156,79.22927856445312,64.93617248535156,79.22927856445312,2.182764768600464,20260730
2023-07-03,ChargerFull,FeasibleTCN,80,121.43299865722656,121.43299865722656,1.8125,86.0851058959961,98.13631439208984,86.0851058959961,98.13631439208984,2.681459426879883,20260730
2023-07-03,ChargerFull,FeasibleTCN,84,121.43299865722656,121.43299865722656,0.0,122.4057846069336,122.4057846069336,122.4057846069336,122.4057846069336,2.569650173187256,20260730
2023-07-03,ChargerFull,FeasibleTCN,96,121.43299865722656,121.43299865722656,0.0,139.1341552734375,139.1341552734375,139.1341552734375,139.1341552734375,2.3139615058898926,20260730
2023-07-04,ChargerFull,FeasibleTCN,32,0.0,0.0,0.0,12.833808898925781,20.565967559814453,12.833808898925781,20.565967559814453,1.8817193508148193,20260730
2023-07-04,ChargerFull,FeasibleTCN,48,0.656000018119812,4.949999809265137,0.1875,34.15031814575195,55.514034271240234,34.15031814575195,55.514034271240234,2.4363837242126465,20260730
2023-07-04,ChargerFull,FeasibleTCN,64,13.41200065612793,13.41200065612793,0.5625,64.66101837158203,82.2178955078125,64.66101837158203,82.2178955078125,2.2356719970703125,20260730
2023-07-04,ChargerFull,FeasibleTCN,80,16.437999725341797,16.437999725341797,0.3125,90.16336059570312,101.839599609375,90.16336059570312,101.839599609375,2.6196470260620117,20260730
2023-07-04,ChargerFull,FeasibleTCN,84,16.437999725341797,16.437999725341797,0.0,128.8799591064453,128.8799591064453,128.8799591064453,128.8799591064453,2.6376004219055176,20260730
2023-07-04,ChargerFull,FeasibleTCN,96,16.437999725341797,16.437999725341797,0.0,146.86917114257812,146.86917114257812,146.86917114257812,146.86917114257812,2.4381892681121826,20260730
2023-07-05,ChargerFull,FeasibleTCN,32,0.0,26.399999618530273,0.5,11.74746036529541,21.515382766723633,11.74746036529541,21.515382766723633,2.027146816253662,20260730
2023-07-05,ChargerFull,FeasibleTCN,48,36.979000091552734,83.26399993896484,3.6875,31.271728515625,54.74562072753906,31.271728515625,54.74562072753906,2.3364033699035645,20260730
2023-07-05,ChargerFull,FeasibleTCN,64,99.51699829101562,112.14399719238281,4.125,64.13240814208984,84.1980972290039,64.13240814208984,84.1980972290039,2.323237895965576,20260730
2023-07-05,ChargerFull,FeasibleTCN,80,112.5530014038086,112.5530014038086,0.5,92.60359191894531,108.15727233886719,92.60359191894531,108.15727233886719,2.5002329349517822,20260730
2023-07-05,ChargerFull,FeasibleTCN,84,112.5530014038086,112.5530014038086,0.0,135.02601623535156,135.02601623535156,135.02601623535156,135.02601623535156,2.670349597930908,20260730
2023-07-05,ChargerFull,FeasibleTCN,96,112.5530014038086,112.5530014038086,0.0,154.05577087402344,154.05577087402344,154.05577087402344,154.05577087402344,2.6229751110076904,20260730
2023-07-06,ChargerFull,FeasibleTCN,32,2.1019999980926514,14.850000381469727,0.28125,11.445419311523438,20.984439849853516,11.445419311523438,20.984439849853516,2.135342836380005,20260730
2023-07-06,ChargerFull,FeasibleTCN,48,42.125,63.60099792480469,2.4375,30.696147918701172,51.643184661865234,30.696147918701172,51.643184661865234,2.1426851749420166,20260730
2023-07-06,ChargerFull,FeasibleTCN,64,77.25,86.08599853515625,3.125,63.38775634765625,82.85426330566406,63.38775634765625,82.85426330566406,2.373100519180298,20260730
2023-07-06,ChargerFull,FeasibleTCN,80,133.0570068359375,133.0570068359375,2.9375,90.67680358886719,112.3580551147461,90.67680358886719,112.3580551147461,2.43420672416687,20260730
2023-07-06,ChargerFull,FeasibleTCN,84,133.0570068359375,133.0570068359375,0.0,135.6713104248047,135.6713104248047,135.6713104248047,135.6713104248047,2.6337358951568604,20260730
2023-07-06,ChargerFull,FeasibleTCN,96,133.0570068359375,133.0570068359375,0.0,154.23117065429688,154.23117065429688,154.23117065429688,154.23117065429688,2.7346949577331543,20260730
2023-07-07,ChargerFull,FeasibleTCN,32,0.0,19.799999237060547,0.375,12.566007614135742,19.961891174316406,12.566007614135742,19.961891174316406,2.153566837310791,20260730
2023-07-07,ChargerFull,FeasibleTCN,48,18.961999893188477,53.98600387573242,2.125,33.709651947021484,49.20689392089844,33.709651947021484,49.20689392089844,2.018254518508911,20260730
2023-07-07,ChargerFull,FeasibleTCN,64,81.76899719238281,94.96900177001953,4.0625,63.92832946777344,80.24217224121094,63.92832946777344,80.24217224121094,2.3616905212402344,20260730
2023-07-07,ChargerFull,FeasibleTCN,80,94.96900177001953,94.96900177001953,0.5,87.81549835205078,111.82425689697266,87.81549835205078,111.82425689697266,2.460880756378174,20260730
2023-07-07,ChargerFull,FeasibleTCN,84,94.96900177001953,94.96900177001953,0.0,132.08718872070312,132.08718872070312,132.08718872070312,132.08718872070312,2.5672831535339355,20260730
2023-07-07,ChargerFull,FeasibleTCN,96,94.96900177001953,94.96900177001953,0.0,149.64280700683594,149.64280700683594,149.64280700683594,149.64280700683594,2.7026453018188477,20260730
2023-07-01,ChargerFull,FeasibleITransformer,32,0.8399999737739563,4.949999809265137,0.09375,3.6388087272644043,10.736785888671875,3.6388087272644043,10.736785888671875,0.6535605788230896,20260730
2023-07-01,ChargerFull,FeasibleITransformer,48,16.05299949645996,19.35300064086914,0.8125,13.188499450683594,17.731225967407227,13.188499450683594,17.731225967407227,1.6154124736785889,20260730
2023-07-01,ChargerFull,FeasibleITransformer,64,27.618999481201172,35.88800048828125,1.5,25.18271255493164,34.86946487426758,25.18271255493164,34.86946487426758,1.5356906652450562,20260730
2023-07-01,ChargerFull,FeasibleITransformer,80,31.71500015258789,39.98400115966797,1.1875,42.835548400878906,47.832664489746094,42.835548400878906,47.832664489746094,1.3381797075271606,20260730
2023-07-01,ChargerFull,FeasibleITransformer,84,33.384002685546875,39.98400115966797,1.0,52.05213165283203,58.12956619262695,52.05213165283203,58.12956619262695,1.7537363767623901,20260730
2023-07-01,ChargerFull,FeasibleITransformer,96,39.98400115966797,39.98400115966797,0.3333333432674408,69.45121765136719,69.45121765136719,69.45121765136719,69.45121765136719,0.9515185356140137,20260730
2023-07-02,ChargerFull,FeasibleITransformer,32,0.0,0.0,0.0,2.7610344886779785,7.257561206817627,2.7610344886779785,7.257561206817627,0.41377824544906616,20260730
2023-07-02,ChargerFull,FeasibleITransformer,48,28.857999801635742,28.857999801635742,1.375,6.970761299133301,12.768289566040039,6.970761299133301,12.768289566040039,1.0523384809494019,20260730
2023-07-02,ChargerFull,FeasibleITransformer,64,47.73699951171875,47.73699951171875,1.3125,11.850859642028809,22.121414184570312,11.850859642028809,22.121414184570312,1.140491008758545,20260730
2023-07-02,ChargerFull,FeasibleITransformer,80,62.05500030517578,77.2030029296875,1.1875,23.816869735717773,29.93239974975586,23.816869735717773,29.93239974975586,1.1021385192871094,20260730
2023-07-02,ChargerFull,FeasibleITransformer,84,73.37100219726562,83.8030014038086,2.0,30.273815155029297,35.743186950683594,30.273815155029297,35.743186950683594,1.4645543098449707,20260730
2023-07-02,ChargerFull,FeasibleITransformer,96,84.92100524902344,84.92100524902344,0.5833333730697632,41.449073791503906,41.449073791503906,41.449073791503906,41.449073791503906,1.3314718008041382,20260730
2023-07-03,ChargerFull,FeasibleITransformer,32,0.0,14.850000381469727,0.28125,3.168883800506592,8.17717170715332,3.168883800506592,8.17717170715332,0.4102124869823456,20260730
2023-07-03,ChargerFull,FeasibleITransformer,48,23.78799819946289,57.961997985839844,3.375,7.793532848358154,18.986413955688477,7.793532848358154,18.986413955688477,1.2785508632659912,20260730
2023-07-03,ChargerFull,FeasibleITransformer,64,92.65199279785156,104.97600555419922,4.6875,12.783191680908203,28.569074630737305,12.783191680908203,28.569074630737305,1.5524184703826904,20260730
2023-07-03,ChargerFull,FeasibleITransformer,80,121.43299865722656,121.43299865722656,1.8125,32.39873504638672,40.26998519897461,32.39873504638672,40.26998519897461,1.3675405979156494,20260730
2023-07-03,ChargerFull,FeasibleITransformer,84,121.43299865722656,121.43299865722656,0.0,42.26254653930664,46.721839904785156,42.26254653930664,46.721839904785156,1.3606935739517212,20260730
2023-07-03,ChargerFull,FeasibleITransformer,96,121.43299865722656,121.43299865722656,0.0,56.07998275756836,56.07998275756836,56.07998275756836,56.07998275756836,1.4816005229949951,20260730
2023-07-04,ChargerFull,FeasibleITransformer,32,0.0,0.0,0.0,4.051410675048828,9.89854907989502,4.051410675048828,9.89854907989502,0.543056070804596,20260730
2023-07-04,ChargerFull,FeasibleITransformer,48,0.656000018119812,4.949999809265137,0.1875,12.11330509185791,24.980863571166992,12.11330509185791,24.980863571166992,1.5523734092712402,20260730
2023-07-04,ChargerFull,FeasibleITransformer,64,13.41200065612793,13.41200065612793,0.5625,25.27878189086914,34.414344787597656,25.27878189086914,34.414344787597656,2.399106502532959,20260730
2023-07-04,ChargerFull,FeasibleITransformer,80,16.437999725341797,16.437999725341797,0.3125,41.47208786010742,46.86509704589844,41.47208786010742,46.86509704589844,1.6901135444641113,20260730
2023-07-04,ChargerFull,FeasibleITransformer,84,16.437999725341797,16.437999725341797,0.0,48.59353256225586,52.79536819458008,48.59353256225586,52.79536819458008,0.9400922060012817,20260730
2023-07-04,ChargerFull,FeasibleITransformer,96,16.437999725341797,16.437999725341797,0.0,64.3875961303711,64.3875961303711,64.3875961303711,64.3875961303711,1.7350032329559326,20260730
2023-07-05,ChargerFull,FeasibleITransformer,32,0.0,26.399999618530273,0.5,5.989347457885742,8.73207950592041,5.989347457885742,8.73207950592041,0.6080348491668701,20260730
2023-07-05,ChargerFull,FeasibleITransformer,48,36.979000091552734,83.26399993896484,3.6875,19.820253372192383,20.076053619384766,19.820253372192383,20.076053619384766,1.4501025676727295,20260730
2023-07-05,ChargerFull,FeasibleITransformer,64,99.51699829101562,112.14399719238281,4.125,28.173843383789062,28.82483673095703,28.173843383789062,28.82483673095703,2.465623617172241,20260730
2023-07-05,ChargerFull,FeasibleITransformer,80,112.5530014038086,112.5530014038086,0.5,43.30289077758789,44.583587646484375,43.30289077758789,44.583587646484375,2.025188446044922,20260730
2023-07-05,ChargerFull,FeasibleITransformer,84,112.5530014038086,112.5530014038086,0.0,50.24850082397461,51.66559982299805,50.24850082397461,51.66559982299805,0.8310486078262329,20260730
2023-07-05,ChargerFull,FeasibleITransformer,96,112.5530014038086,112.5530014038086,0.0,68.7602310180664,68.7602310180664,68.7602310180664,68.7602310180664,1.2857890129089355,20260730
2023-07-06,ChargerFull,FeasibleITransformer,32,2.1019999980926514,14.850000381469727,0.28125,5.547966003417969,16.845378875732422,5.547966003417969,16.845378875732422,0.9316437244415283,20260730
2023-07-06,ChargerFull,FeasibleITransformer,48,42.125,63.60099792480469,2.4375,27.652725219726562,28.23838233947754,27.652725219726562,28.23838233947754,1.6896826028823853,20260730
2023-07-06,ChargerFull,FeasibleITransformer,64,77.25,86.08599853515625,3.125,43.522037506103516,44.608150482177734,43.522037506103516,44.608150482177734,3.1576199531555176,20260730
2023-07-06,ChargerFull,FeasibleITransformer,80,133.0570068359375,133.0570068359375,2.9375,86.44001007080078,86.44001007080078,86.44001007080078,86.44001007080078,2.7435128688812256,20260730
2023-07-06,ChargerFull,FeasibleITransformer,84,133.0570068359375,133.0570068359375,0.0,94.28091430664062,94.85113525390625,94.28091430664062,94.85113525390625,1.3209552764892578,20260730
2023-07-06,ChargerFull,FeasibleITransformer,96,133.0570068359375,133.0570068359375,0.0,111.78631591796875,111.78631591796875,111.78631591796875,111.78631591796875,0.888333261013031,20260730
2023-07-07,ChargerFull,FeasibleITransformer,32,0.0,19.799999237060547,0.375,2.026949167251587,11.874702453613281,2.026949167251587,11.874702453613281,0.7679122090339661,20260730
2023-07-07,ChargerFull,FeasibleITransformer,48,18.961999893188477,53.98600387573242,2.125,17.65662384033203,19.50200843811035,17.65662384033203,19.50200843811035,1.6748738288879395,20260730
2023-07-07,ChargerFull,FeasibleITransformer,64,81.76899719238281,94.96900177001953,4.0625,35.589813232421875,37.61834716796875,35.589813232421875,37.61834716796875,2.0286059379577637,20260730
2023-07-07,ChargerFull,FeasibleITransformer,80,94.96900177001953,94.96900177001953,0.5,67.1076431274414,67.39421081542969,67.1076431274414,67.39421081542969,2.011486291885376,20260730
2023-07-07,ChargerFull,FeasibleITransformer,84,94.96900177001953,94.96900177001953,0.0,75.77088165283203,77.31729125976562,75.77088165283203,77.31729125976562,1.3126121759414673,20260730
2023-07-07,ChargerFull,FeasibleITransformer,96,94.96900177001953,94.96900177001953,0.0,92.79564666748047,92.79564666748047,92.79564666748047,92.79564666748047,0.8598363399505615,20260730
