day,method,case,t_idx,load_kw
2023-07-01,Perfect,EV,1,0.0
2023-07-01,Perfect,EV,2,0.0
2023-07-01,Perfect,EV,3,0.0
2023-07-01,Perfect,EV,4,6.6
2023-07-01,Perfect,EV,5,6.6
2023-07-01,Perfect,EV,6,13.2
2023-07-01,Perfect,EV,7,13.2
2023-07-01,Perfect,EV,8,13.2
2023-07-01,Perfect,EV,9,13.2
2023-07-01,Perfect,EV,10,13.2
2023-07-01,Perfect,EV,11,13.2
2023-07-01,Perfect,EV,12,19.8
2023-07-01,Perfect,EV,13,19.8
2023-07-01,Perfect,EV,14,19.8
2023-07-01,Perfect,EV,15,19.8
2023-07-01,Perfect,EV,16,19.8
2023-07-01,Perfect,EV,17,19.8
2023-07-01,Perfect,EV,18,19.8
2023-07-01,Perfect,EV,19,13.2
2023-07-01,Perfect,EV,20,13.2
2023-07-01,Perfect,EV,21,19.8
2023-07-01,Perfect,EV,22,6.62
2023-07-01,Perfect,EV,23,8.8763636
2023-07-01,Perfect,EV,24,15.976
2023-07-01,Perfect,EV,25,19.8
2023-07-01,Perfect,EV,26,6.6
2023-07-01,Perfect,EV,27,13.2
2023-07-01,Perfect,EV,28,22.212
2023-07-01,Perfect,EV,29,26.4
2023-07-01,Perfect,EV,30,26.4
2023-07-01,Perfect,EV,31,36.020727
2023-07-01,Perfect,EV,32,21.232364
2023-07-01,Perfect,EV,33,32.748
2023-07-01,Perfect,EV,34,51.315636
2023-07-01,Perfect,EV,35,49.529091
2023-07-01,Perfect,EV,36,70.323636
2023-07-01,Perfect,EV,37,62.12
2023-07-01,Perfect,EV,38,70.323636
2023-07-01,Perfect,EV,39,65.758909
2023-07-01,Perfect,EV,40,70.323636
2023-07-01,Perfect,EV,41,69.892
2023-07-01,Perfect,EV,42,68.324
2023-07-01,Perfect,EV,43,70.323636
2023-07-01,Perfect,EV,44,70.323636
2023-07-01,Perfect,EV,45,70.323636
2023-07-01,Perfect,EV,46,70.323636
2023-07-01,Perfect,EV,47,70.323636
2023-07-01,Perfect,EV,48,70.323636
2023-07-01,Perfect,EV,49,70.323636
2023-07-01,Perfect,EV,50,70.323636
2023-07-01,Perfect,EV,51,70.323636
2023-07-01,Perfect,EV,52,70.323636
2023-07-01,Perfect,EV,53,70.323636
2023-07-01,Perfect,EV,54,70.323636
2023-07-01,Perfect,EV,55,70.323636
2023-07-01,Perfect,EV,56,70.323636
2023-07-01,Perfect,EV,57,70.323636
2023-07-01,Perfect,EV,58,70.323636
2023-07-01,Perfect,EV,59,70.323636
2023-07-01,Perfect,EV,60,70.323636
2023-07-01,Perfect,EV,61,70.323636
2023-07-01,Perfect,EV,62,70.323636
2023-07-01,Perfect,EV,63,70.323636
2023-07-01,Perfect,EV,64,70.323636
2023-07-01,Perfect,EV,65,25.7564
2023-07-01,Perfect,EV,66,25.7564
2023-07-01,Perfect,EV,67,25.7564
2023-07-01,Perfect,EV,68,25.7564
2023-07-01,Perfect,EV,69,25.7564
2023-07-01,Perfect,EV,70,25.7564
2023-07-01,Perfect,EV,71,25.7564
2023-07-01,Perfect,EV,72,25.7564
2023-07-01,Perfect,EV,73,25.7564
2023-07-01,Perfect,EV,74,25.7564
2023-07-01,Perfect,EV,75,25.7564
2023-07-01,Perfect,EV,76,25.7564
2023-07-01,Perfect,EV,77,25.7564
2023-07-01,Perfect,EV,78,25.7564
2023-07-01,Perfect,EV,79,25.7564
2023-07-01,Perfect,EV,80,25.7564
2023-07-01,Perfect,EV,81,25.7564
2023-07-01,Perfect,EV,82,25.7564
2023-07-01,Perfect,EV,83,25.7564
2023-07-01,Perfect,EV,84,25.7564
2023-07-01,Perfect,EV,85,39.6
2023-07-01,Perfect,EV,86,39.6
2023-07-01,Perfect,EV,87,39.6
2023-07-01,Perfect,EV,88,36.132
2023-07-01,Perfect,EV,89,26.4
2023-07-01,Perfect,EV,90,13.2
2023-07-01,Perfect,EV,91,13.2
2023-07-01,Perfect,EV,92,0.544
2023-07-01,Perfect,EV,93,4.788
2023-07-01,Perfect,EV,94,6.6
2023-07-01,Perfect,EV,95,0.0
2023-07-01,Perfect,EV,96,0.0
2023-07-01,Perfect,Charger,1,0.0
2023-07-01,Perfect,Charger,2,0.0
2023-07-01,Perfect,Charger,3,0.0
2023-07-01,Perfect,Charger,4,6.6
2023-07-01,Perfect,Charger,5,6.6
2023-07-01,Perfect,Charger,6,13.2
2023-07-01,Perfect,Charger,7,13.2
2023-07-01,Perfect,Charger,8,13.2
2023-07-01,Perfect,Charger,9,13.2
2023-07-01,Perfect,Charger,10,13.2
2023-07-01,Perfect,Charger,11,13.2
2023-07-01,Perfect,Charger,12,13.2
2023-07-01,Perfect,Charger,13,2.444
2023-07-01,Perfect,Charger,14,16.748
2023-07-01,Perfect,Charger,15,13.2
2023-07-01,Perfect,Charger,16,6.6
2023-07-01,Perfect,Charger,17,13.2
2023-07-01,Perfect,Charger,18,19.8
2023-07-01,Perfect,Charger,19,19.8
2023-07-01,Perfect,Charger,20,26.4
2023-07-01,Perfect,Charger,21,26.4
2023-07-01,Perfect,Charger,22,26.4
2023-07-01,Perfect,Charger,23,26.4
2023-07-01,Perfect,Charger,24,26.4
2023-07-01,Perfect,Charger,25,19.8
2023-07-01,Perfect,Charger,26,26.4
2023-07-01,Perfect,Charger,27,26.4
2023-07-01,Perfect,Charger,28,33.0
2023-07-01,Perfect,Charger,29,33.544
2023-07-01,Perfect,Charger,30,46.2
2023-07-01,Perfect,Charger,31,33.0
2023-07-01,Perfect,Charger,32,46.2
2023-07-01,Perfect,Charger,33,39.6
2023-07-01,Perfect,Charger,34,59.4
2023-07-01,Perfect,Charger,35,63.296
2023-07-01,Perfect,Charger,36,65.656966
2023-07-01,Perfect,Charger,37,65.656966
2023-07-01,Perfect,Charger,38,65.656966
2023-07-01,Perfect,Charger,39,65.656966
2023-07-01,Perfect,Charger,40,52.8
2023-07-01,Perfect,Charger,41,53.972
2023-07-01,Perfect,Charger,42,60.309102
2023-07-01,Perfect,Charger,43,52.8
2023-07-01,Perfect,Charger,44,65.656966
2023-07-01,Perfect,Charger,45,65.656966
2023-07-01,Perfect,Charger,46,63.39668
2023-07-01,Perfect,Charger,47,65.656966
2023-07-01,Perfect,Charger,48,65.656966
2023-07-01,Perfect,Charger,49,65.656966
2023-07-01,Perfect,Charger,50,65.656966
2023-07-01,Perfect,Charger,51,62.047034
2023-07-01,Perfect,Charger,52,59.530068
2023-07-01,Perfect,Charger,53,65.656966
2023-07-01,Perfect,Charger,54,65.656966
2023-07-01,Perfect,Charger,55,65.656966
2023-07-01,Perfect,Charger,56,65.656966
2023-07-01,Perfect,Charger,57,65.656966
2023-07-01,Perfect,Charger,58,65.656966
2023-07-01,Perfect,Charger,59,65.224681
2023-07-01,Perfect,Charger,60,53.63449
2023-07-01,Perfect,Charger,61,52.107442
2023-07-01,Perfect,Charger,62,51.205932
2023-07-01,Perfect,Charger,63,55.968
2023-07-01,Perfect,Charger,64,65.656966
2023-07-01,Perfect,Charger,65,24.9372
2023-07-01,Perfect,Charger,66,24.9372
2023-07-01,Perfect,Charger,67,24.9372
2023-07-01,Perfect,Charger,68,24.9372
2023-07-01,Perfect,Charger,69,24.9372
2023-07-01,Perfect,Charger,70,24.9372
2023-07-01,Perfect,Charger,71,24.9372
2023-07-01,Perfect,Charger,72,24.9372
2023-07-01,Perfect,Charger,73,24.9372
2023-07-01,Perfect,Charger,74,24.9372
2023-07-01,Perfect,Charger,75,24.9372
2023-07-01,Perfect,Charger,76,24.2232
2023-07-01,Perfect,Charger,77,24.9372
2023-07-01,Perfect,Charger,78,24.9372
2023-07-01,Perfect,Charger,79,19.8
2023-07-01,Perfect,Charger,80,24.9372
2023-07-01,Perfect,Charger,81,19.8
2023-07-01,Perfect,Charger,82,19.8
2023-07-01,Perfect,Charger,83,19.8
2023-07-01,Perfect,Charger,84,19.8
2023-07-01,Perfect,Charger,85,39.6
2023-07-01,Perfect,Charger,86,38.128
2023-07-01,Perfect,Charger,87,33.0
2023-07-01,Perfect,Charger,88,29.532
2023-07-01,Perfect,Charger,89,19.8
2023-07-01,Perfect,Charger,90,13.2
2023-07-01,Perfect,Charger,91,0.0
2023-07-01,Perfect,Charger,92,0.0
2023-07-01,Perfect,Charger,93,4.788
2023-07-01,Perfect,Charger,94,6.6
2023-07-01,Perfect,Charger,95,0.0
2023-07-01,Perfect,Charger,96,0.0
2023-07-01,Noforecast,EV,1,0.0
2023-07-01,Noforecast,EV,2,0.0
2023-07-01,Noforecast,EV,3,0.0
2023-07-01,Noforecast,EV,4,4.2535
2023-07-01,Noforecast,EV,5,4.2535
2023-07-01,Noforecast,EV,6,5.3966981
2023-07-01,Noforecast,EV,7,5.3966981
2023-07-01,Noforecast,EV,8,5.3966981
2023-07-01,Noforecast,EV,9,5.3966981
2023-07-01,Noforecast,EV,10,5.3966981
2023-07-01,Noforecast,EV,11,5.3966981
2023-07-01,Noforecast,EV,12,6.4551662
2023-07-01,Noforecast,EV,13,6.4551662
2023-07-01,Noforecast,EV,14,6.4551662
2023-07-01,Noforecast,EV,15,6.4551662
2023-07-01,Noforecast,EV,16,6.4551662
2023-07-01,Noforecast,EV,17,6.4551662
2023-07-01,Noforecast,EV,18,10.704485
2023-07-01,Noforecast,EV,19,10.704485
2023-07-01,Noforecast,EV,20,10.704485
2023-07-01,Noforecast,EV,21,10.704485
2023-07-01,Noforecast,EV,22,10.704485
2023-07-01,Noforecast,EV,23,10.704485
2023-07-01,Noforecast,EV,24,10.704485
2023-07-01,Noforecast,EV,25,10.704485
2023-07-01,Noforecast,EV,26,11.80321
2023-07-01,Noforecast,EV,27,11.80321
2023-07-01,Noforecast,EV,28,14.159626
2023-07-01,Noforecast,EV,29,19.003614
2023-07-01,Noforecast,EV,30,22.503227
2023-07-01,Noforecast,EV,31,22.503227
2023-07-01,Noforecast,EV,32,24.074227
2023-07-01,Noforecast,EV,33,24.074227
2023-07-01,Noforecast,EV,34,29.308273
2023-07-01,Noforecast,EV,35,29.308273
2023-07-01,Noforecast,EV,36,41.915068
2023-07-01,Noforecast,EV,37,43.149614
2023-07-01,Noforecast,EV,38,45.246814
2023-07-01,Noforecast,EV,39,45.246814
2023-07-01,Noforecast,EV,40,45.246814
2023-07-01,Noforecast,EV,41,51.516528
2023-07-01,Noforecast,EV,42,57.003861
2023-07-01,Noforecast,EV,43,57.003861
2023-07-01,Noforecast,EV,44,57.003861
2023-07-01,Noforecast,EV,45,57.698
2023-07-01,Noforecast,EV,46,57.698
2023-07-01,Noforecast,EV,47,57.765194
2023-07-01,Noforecast,EV,48,57.765194
2023-07-01,Noforecast,EV,49,57.765194
2023-07-01,Noforecast,EV,50,62.255652
2023-07-01,Noforecast,EV,51,67.960985
2023-07-01,Noforecast,EV,52,70.466
2023-07-01,Noforecast,EV,53,73.862894
2023-07-01,Noforecast,EV,54,79.994094
2023-07-01,Noforecast,EV,55,86.452094
2023-07-01,Noforecast,EV,56,86.452094
2023-07-01,Noforecast,EV,57,86.452094
2023-07-01,Noforecast,EV,58,86.514023
2023-07-01,Noforecast,EV,59,86.514023
2023-07-01,Noforecast,EV,60,86.514023
2023-07-01,Noforecast,EV,61,86.514023
2023-07-01,Noforecast,EV,62,86.514023
2023-07-01,Noforecast,EV,63,86.514023
2023-07-01,Noforecast,EV,64,86.514023
2023-07-01,Noforecast,EV,65,42.916386
2023-07-01,Noforecast,EV,66,42.916386
2023-07-01,Noforecast,EV,67,42.916386
2023-07-01,Noforecast,EV,68,47.808386
2023-07-01,Noforecast,EV,69,47.808386
2023-07-01,Noforecast,EV,70,47.808386
2023-07-01,Noforecast,EV,71,47.808386
2023-07-01,Noforecast,EV,72,47.808386
2023-07-01,Noforecast,EV,73,44.666842
2023-07-01,Noforecast,EV,74,47.651614
2023-07-01,Noforecast,EV,75,47.808386
2023-07-01,Noforecast,EV,76,42.768
2023-07-01,Noforecast,EV,77,39.716
2023-07-01,Noforecast,EV,78,39.676
2023-07-01,Noforecast,EV,79,46.2
2023-07-01,Noforecast,EV,80,39.6
2023-07-01,Noforecast,EV,81,33.0
2023-07-01,Noforecast,EV,82,33.0
2023-07-01,Noforecast,EV,83,19.852
2023-07-01,Noforecast,EV,84,26.4
2023-07-01,Noforecast,EV,85,39.6
2023-07-01,Noforecast,EV,86,39.6
2023-07-01,Noforecast,EV,87,39.6
2023-07-01,Noforecast,EV,88,36.132
2023-07-01,Noforecast,EV,89,26.4
2023-07-01,Noforecast,EV,90,13.2
2023-07-01,Noforecast,EV,91,13.2
2023-07-01,Noforecast,EV,92,0.544
2023-07-01,Noforecast,EV,93,4.788
2023-07-01,Noforecast,EV,94,6.6
2023-07-01,Noforecast,EV,95,0.0
2023-07-01,Noforecast,EV,96,0.0
2023-07-01,Noforecast,Charger,1,0.0
2023-07-01,Noforecast,Charger,2,0.0
2023-07-01,Noforecast,Charger,3,0.0
2023-07-01,Noforecast,Charger,4,4.2535
2023-07-01,Noforecast,Charger,5,4.2535
2023-07-01,Noforecast,Charger,6,5.3966981
2023-07-01,Noforecast,Charger,7,5.3966981
2023-07-01,Noforecast,Charger,8,5.3966981
2023-07-01,Noforecast,Charger,9,5.3966981
2023-07-01,Noforecast,Charger,10,5.3966981
2023-07-01,Noforecast,Charger,11,5.3966981
2023-07-01,Noforecast,Charger,12,6.4551662
2023-07-01,Noforecast,Charger,13,6.4551662
2023-07-01,Noforecast,Charger,14,6.4551662
2023-07-01,Noforecast,Charger,15,6.4551662
2023-07-01,Noforecast,Charger,16,6.4551662
2023-07-01,Noforecast,Charger,17,6.4551662
2023-07-01,Noforecast,Charger,18,10.995819
2023-07-01,Noforecast,Charger,19,10.995819
2023-07-01,Noforecast,Charger,20,10.995819
2023-07-01,Noforecast,Charger,21,10.995819
2023-07-01,Noforecast,Charger,22,10.995819
2023-07-01,Noforecast,Charger,23,10.995819
2023-07-01,Noforecast,Charger,24,10.995819
2023-07-01,Noforecast,Charger,25,10.995819
2023-07-01,Noforecast,Charger,26,11.732584
2023-07-01,Noforecast,Charger,27,11.732584
2023-07-01,Noforecast,Charger,28,13.977175
2023-07-01,Noforecast,Charger,29,18.908044
2023-07-01,Noforecast,Charger,30,22.312088
2023-07-01,Noforecast,Charger,31,22.312088
2023-07-01,Noforecast,Charger,32,23.883088
2023-07-01,Noforecast,Charger,33,23.883088
2023-07-01,Noforecast,Charger,34,29.078905
2023-07-01,Noforecast,Charger,35,29.078905
2023-07-01,Noforecast,Charger,36,41.857726
2023-07-01,Noforecast,Charger,37,43.092272
2023-07-01,Noforecast,Charger,38,45.189472
2023-07-01,Noforecast,Charger,39,45.189472
2023-07-01,Noforecast,Charger,40,45.189472
2023-07-01,Noforecast,Charger,41,51.459186
2023-07-01,Noforecast,Charger,42,56.946519
2023-07-01,Noforecast,Charger,43,56.946519
2023-07-01,Noforecast,Charger,44,56.946519
2023-07-01,Noforecast,Charger,45,56.946519
2023-07-01,Noforecast,Charger,46,56.946519
2023-07-01,Noforecast,Charger,47,56.946519
2023-07-01,Noforecast,Charger,48,56.946519
2023-07-01,Noforecast,Charger,49,56.946519
2023-07-01,Noforecast,Charger,50,56.946519
2023-07-01,Noforecast,Charger,51,63.452944
2023-07-01,Noforecast,Charger,52,63.866
2023-07-01,Noforecast,Charger,53,65.79225
2023-07-01,Noforecast,Charger,54,71.92345
2023-07-01,Noforecast,Charger,55,78.642138
2023-07-01,Noforecast,Charger,56,78.642138
2023-07-01,Noforecast,Charger,57,78.642138
2023-07-01,Noforecast,Charger,58,78.642138
2023-07-01,Noforecast,Charger,59,78.642138
2023-07-01,Noforecast,Charger,60,78.642138
2023-07-01,Noforecast,Charger,61,78.642138
2023-07-01,Noforecast,Charger,62,78.642138
2023-07-01,Noforecast,Charger,63,78.642138
2023-07-01,Noforecast,Charger,64,78.642138
2023-07-01,Noforecast,Charger,65,37.60432
2023-07-01,Noforecast,Charger,66,37.604318
2023-07-01,Noforecast,Charger,67,37.60432
2023-07-01,Noforecast,Charger,68,37.60432
2023-07-01,Noforecast,Charger,69,37.60432
2023-07-01,Noforecast,Charger,70,41.052992
2023-07-01,Noforecast,Charger,71,41.052992
2023-07-01,Noforecast,Charger,72,41.052992
2023-07-01,Noforecast,Charger,73,42.932661
2023-07-01,Noforecast,Charger,74,42.932661
2023-07-01,Noforecast,Charger,75,42.932661
2023-07-01,Noforecast,Charger,76,40.233862
2023-07-01,Noforecast,Charger,77,33.0
2023-07-01,Noforecast,Charger,78,33.0
2023-07-01,Noforecast,Charger,79,26.516
2023-07-01,Noforecast,Charger,80,33.0
2023-07-01,Noforecast,Charger,81,26.4
2023-07-01,Noforecast,Charger,82,26.4
2023-07-01,Noforecast,Charger,83,19.8
2023-07-01,Noforecast,Charger,84,19.8
2023-07-01,Noforecast,Charger,85,38.18
2023-07-01,Noforecast,Charger,86,33.0
2023-07-01,Noforecast,Charger,87,33.0
2023-07-01,Noforecast,Charger,88,29.532
2023-07-01,Noforecast,Charger,89,19.8
2023-07-01,Noforecast,Charger,90,13.2
2023-07-01,Noforecast,Charger,91,6.6
2023-07-01,Noforecast,Charger,92,0.544
2023-07-01,Noforecast,Charger,93,4.788
2023-07-01,Noforecast,Charger,94,6.6
2023-07-01,Noforecast,Charger,95,0.0
2023-07-01,Noforecast,Charger,96,0.0
2023-07-01,Persistence,EV,1,0.0
2023-07-01,Persistence,EV,2,0.0
2023-07-01,Persistence,EV,3,0.0
2023-07-01,Persistence,EV,4,6.6
2023-07-01,Persistence,EV,5,6.6
2023-07-01,Persistence,EV,6,13.2
2023-07-01,Persistence,EV,7,13.2
2023-07-01,Persistence,EV,8,13.2
2023-07-01,Persistence,EV,9,13.2
2023-07-01,Persistence,EV,10,13.2
2023-07-01,Persistence,EV,11,13.2
2023-07-01,Persistence,EV,12,13.2
2023-07-01,Persistence,EV,13,6.6
2023-07-01,Persistence,EV,14,6.6
2023-07-01,Persistence,EV,15,13.22
2023-07-01,Persistence,EV,16,6.6
2023-07-01,Persistence,EV,17,14.7824
2023-07-01,Persistence,EV,18,19.8
2023-07-01,Persistence,EV,19,18.2176
2023-07-01,Persistence,EV,20,19.8
2023-07-01,Persistence,EV,21,6.6
2023-07-01,Persistence,EV,22,12.2944
2023-07-01,Persistence,EV,23,16.748
2023-07-01,Persistence,EV,24,13.2
2023-07-01,Persistence,EV,25,19.8
2023-07-01,Persistence,EV,26,19.8
2023-07-01,Persistence,EV,27,19.8
2023-07-01,Persistence,EV,28,15.612
2023-07-01,Persistence,EV,29,33.0
2023-07-01,Persistence,EV,30,26.4
2023-07-01,Persistence,EV,31,33.656
2023-07-01,Persistence,EV,32,44.6176
2023-07-01,Persistence,EV,33,39.6
2023-07-01,Persistence,EV,34,39.6
2023-07-01,Persistence,EV,35,33.0
2023-07-01,Persistence,EV,36,70.112
2023-07-01,Persistence,EV,37,75.00125
2023-07-01,Persistence,EV,38,79.366607
2023-07-01,Persistence,EV,39,73.353393
2023-07-01,Persistence,EV,40,66.0
2023-07-01,Persistence,EV,41,70.474217
2023-07-01,Persistence,EV,42,71.940533
2023-07-01,Persistence,EV,43,74.968
2023-07-01,Persistence,EV,44,78.32
2023-07-01,Persistence,EV,45,35.045393
2023-07-01,Persistence,EV,46,59.292
2023-07-01,Persistence,EV,47,79.366607
2023-07-01,Persistence,EV,48,79.366607
2023-07-01,Persistence,EV,49,79.366607
2023-07-01,Persistence,EV,50,84.984754
2023-07-01,Persistence,EV,51,90.887781
2023-07-01,Persistence,EV,52,94.306917
2023-07-01,Persistence,EV,53,94.306917
2023-07-01,Persistence,EV,54,94.738649
2023-07-01,Persistence,EV,55,94.738649
2023-07-01,Persistence,EV,56,63.935171
2023-07-01,Persistence,EV,57,67.747526
2023-07-01,Persistence,EV,58,57.880474
2023-07-01,Persistence,EV,59,91.959197
2023-07-01,Persistence,EV,60,56.37275
2023-07-01,Persistence,EV,61,52.8
2023-07-01,Persistence,EV,62,44.136
2023-07-01,Persistence,EV,63,52.8
2023-07-01,Persistence,EV,64,66.0
2023-07-01,Persistence,EV,65,32.5492
2023-07-01,Persistence,EV,66,15.5552
2023-07-01,Persistence,EV,67,32.5492
2023-07-01,Persistence,EV,68,32.5492
2023-07-01,Persistence,EV,69,29.584
2023-07-01,Persistence,EV,70,27.2372
2023-07-01,Persistence,EV,71,24.056
2023-07-01,Persistence,EV,72,19.8
2023-07-01,Persistence,EV,73,32.5492
2023-07-01,Persistence,EV,74,32.5492
2023-07-01,Persistence,EV,75,26.4
2023-07-01,Persistence,EV,76,18.244
2023-07-01,Persistence,EV,77,26.4
2023-07-01,Persistence,EV,78,19.8
2023-07-01,Persistence,EV,79,26.4
2023-07-01,Persistence,EV,80,28.0456
2023-07-01,Persistence,EV,81,26.452
2023-07-01,Persistence,EV,82,18.208
2023-07-01,Persistence,EV,83,26.4
2023-07-01,Persistence,EV,84,19.8
2023-07-01,Persistence,EV,85,39.6
2023-07-01,Persistence,EV,86,33.0
2023-07-01,Persistence,EV,87,33.0
2023-07-01,Persistence,EV,88,23.476
2023-07-01,Persistence,EV,89,19.8
2023-07-01,Persistence,EV,90,6.6
2023-07-01,Persistence,EV,91,6.6
2023-07-01,Persistence,EV,92,0.0
2023-07-01,Persistence,EV,93,4.788
2023-07-01,Persistence,EV,94,6.6
2023-07-01,Persistence,EV,95,0.0
2023-07-01,Persistence,EV,96,0.0
2023-07-01,Persistence,Charger,1,0.0
2023-07-01,Persistence,Charger,2,0.0
2023-07-01,Persistence,Charger,3,0.0
2023-07-01,Persistence,Charger,4,6.6
2023-07-01,Persistence,Charger,5,6.6
2023-07-01,Persistence,Charger,6,6.6
2023-07-01,Persistence,Charger,7,6.6
2023-07-01,Persistence,Charger,8,13.2
2023-07-01,Persistence,Charger,9,13.2
2023-07-01,Persistence,Charger,10,13.2
2023-07-01,Persistence,Charger,11,13.2
2023-07-01,Persistence,Charger,12,19.8
2023-07-01,Persistence,Charger,13,19.8
2023-07-01,Persistence,Charger,14,19.8
2023-07-01,Persistence,Charger,15,19.8
2023-07-01,Persistence,Charger,16,19.8
2023-07-01,Persistence,Charger,17,19.8
2023-07-01,Persistence,Charger,18,26.4
2023-07-01,Persistence,Charger,19,26.4
2023-07-01,Persistence,Charger,20,26.4
2023-07-01,Persistence,Charger,21,26.4
2023-07-01,Persistence,Charger,22,26.4
2023-07-01,Persistence,Charger,23,26.4
2023-07-01,Persistence,Charger,24,26.4
2023-07-01,Persistence,Charger,25,17.184
2023-07-01,Persistence,Charger,26,26.4
2023-07-01,Persistence,Charger,27,26.4
2023-07-01,Persistence,Charger,28,39.6
2023-07-01,Persistence,Charger,29,30.232
2023-07-01,Persistence,Charger,30,33.0
2023-07-01,Persistence,Charger,31,33.0
2023-07-01,Persistence,Charger,32,52.8
2023-07-01,Persistence,Charger,33,46.2
2023-07-01,Persistence,Charger,34,46.728
2023-07-01,Persistence,Charger,35,52.8
2023-07-01,Persistence,Charger,36,78.4408
2023-07-01,Persistence,Charger,37,78.4408
2023-07-01,Persistence,Charger,38,78.4408
2023-07-01,Persistence,Charger,39,71.568
2023-07-01,Persistence,Charger,40,75.9416
2023-07-01,Persistence,Charger,41,78.4408
2023-07-01,Persistence,Charger,42,74.572
2023-07-01,Persistence,Charger,43,83.5242
2023-07-01,Persistence,Charger,44,78.32
2023-07-01,Persistence,Charger,45,46.952
2023-07-01,Persistence,Charger,46,59.4
2023-07-01,Persistence,Charger,47,76.812
2023-07-01,Persistence,Charger,48,74.7478
2023-07-01,Persistence,Charger,49,79.2
2023-07-01,Persistence,Charger,50,83.5242
2023-07-01,Persistence,Charger,51,84.098642
2023-07-01,Persistence,Charger,52,86.268999
2023-07-01,Persistence,Charger,53,86.268999
2023-07-01,Persistence,Charger,54,86.268999
2023-07-01,Persistence,Charger,55,85.922292
2023-07-01,Persistence,Charger,56,66.228922
2023-07-01,Persistence,Charger,57,51.792785
2023-07-01,Persistence,Charger,58,69.784
2023-07-01,Persistence,Charger,59,76.668364
2023-07-01,Persistence,Charger,60,64.944
2023-07-01,Persistence,Charger,61,39.6
2023-07-01,Persistence,Charger,62,42.771358
2023-07-01,Persistence,Charger,63,42.768
2023-07-01,Persistence,Charger,64,52.8
2023-07-01,Persistence,Charger,65,27.1592
2023-07-01,Persistence,Charger,66,27.1592
2023-07-01,Persistence,Charger,67,16.6648
2023-07-01,Persistence,Charger,68,15.4312
2023-07-01,Persistence,Charger,69,13.2
2023-07-01,Persistence,Charger,70,19.5264
2023-07-01,Persistence,Charger,71,13.2
2023-07-01,Persistence,Charger,72,19.8
2023-07-01,Persistence,Charger,73,27.8464
2023-07-01,Persistence,Charger,74,27.8464
2023-07-01,Persistence,Charger,75,27.8464
2023-07-01,Persistence,Charger,76,27.3304
2023-07-01,Persistence,Charger,77,27.8464
2023-07-01,Persistence,Charger,78,27.8464
2023-07-01,Persistence,Charger,79,27.8464
2023-07-01,Persistence,Charger,80,27.8464
2023-07-01,Persistence,Charger,81,26.4
2023-07-01,Persistence,Charger,82,26.4
2023-07-01,Persistence,Charger,83,19.8
2023-07-01,Persistence,Charger,84,19.8
2023-07-01,Persistence,Charger,85,31.58
2023-07-01,Persistence,Charger,86,19.8
2023-07-01,Persistence,Charger,87,26.4
2023-07-01,Persistence,Charger,88,16.332
2023-07-01,Persistence,Charger,89,13.2
2023-07-01,Persistence,Charger,90,6.6
2023-07-01,Persistence,Charger,91,0.0
2023-07-01,Persistence,Charger,92,0.0
2023-07-01,Persistence,Charger,93,4.788
2023-07-01,Persistence,Charger,94,0.0
2023-07-01,Persistence,Charger,95,0.0
2023-07-01,Persistence,Charger,96,0.0
2023-07-01,Statistic,EV,1,0.0
2023-07-01,Statistic,EV,2,0.0
2023-07-01,Statistic,EV,3,0.0
2023-07-01,Statistic,EV,4,6.6
2023-07-01,Statistic,EV,5,6.6
2023-07-01,Statistic,EV,6,6.6
2023-07-01,Statistic,EV,7,0.0
2023-07-01,Statistic,EV,8,6.6
2023-07-01,Statistic,EV,9,0.0
2023-07-01,Statistic,EV,10,0.0
2023-07-01,Statistic,EV,11,9.3944
2023-07-01,Statistic,EV,12,11.044
2023-07-01,Statistic,EV,13,6.6
2023-07-01,Statistic,EV,14,6.6
2023-07-01,Statistic,EV,15,13.2
2023-07-01,Statistic,EV,16,13.2
2023-07-01,Statistic,EV,17,6.6
2023-07-01,Statistic,EV,18,19.8
2023-07-01,Statistic,EV,19,13.2
2023-07-01,Statistic,EV,20,8.2544
2023-07-01,Statistic,EV,21,16.5168
2023-07-01,Statistic,EV,22,20.4568
2023-07-01,Statistic,EV,23,13.2
2023-07-01,Statistic,EV,24,19.8
2023-07-01,Statistic,EV,25,19.8
2023-07-01,Statistic,EV,26,23.957441
2023-07-01,Statistic,EV,27,24.654559
2023-07-01,Statistic,EV,28,25.696054
2023-07-01,Statistic,EV,29,27.350176
2023-07-01,Statistic,EV,30,29.200338
2023-07-01,Statistic,EV,31,29.200338
2023-07-01,Statistic,EV,32,29.581186
2023-07-01,Statistic,EV,33,29.581186
2023-07-01,Statistic,EV,34,30.500412
2023-07-01,Statistic,EV,35,31.730145
2023-07-01,Statistic,EV,36,42.755938
2023-07-01,Statistic,EV,37,43.240938
2023-07-01,Statistic,EV,38,43.240938
2023-07-01,Statistic,EV,39,43.240938
2023-07-01,Statistic,EV,40,43.240938
2023-07-01,Statistic,EV,41,46.499438
2023-07-01,Statistic,EV,42,48.75747
2023-07-01,Statistic,EV,43,54.792982
2023-07-01,Statistic,EV,44,56.627839
2023-07-01,Statistic,EV,45,56.627839
2023-07-01,Statistic,EV,46,56.627839
2023-07-01,Statistic,EV,47,58.551593
2023-07-01,Statistic,EV,48,62.923122
2023-07-01,Statistic,EV,49,62.923122
2023-07-01,Statistic,EV,50,62.923122
2023-07-01,Statistic,EV,51,64.705693
2023-07-01,Statistic,EV,52,70.079232
2023-07-01,Statistic,EV,53,71.411686
2023-07-01,Statistic,EV,54,77.071635
2023-07-01,Statistic,EV,55,81.417282
2023-07-01,Statistic,EV,56,81.417282
2023-07-01,Statistic,EV,57,81.417282
2023-07-01,Statistic,EV,58,81.417282
2023-07-01,Statistic,EV,59,81.417282
2023-07-01,Statistic,EV,60,81.417282
2023-07-01,Statistic,EV,61,81.417282
2023-07-01,Statistic,EV,62,81.417282
2023-07-01,Statistic,EV,63,81.417282
2023-07-01,Statistic,EV,64,81.417282
2023-07-01,Statistic,EV,65,39.986264
2023-07-01,Statistic,EV,66,39.986264
2023-07-01,Statistic,EV,67,39.986264
2023-07-01,Statistic,EV,68,42.808972
2023-07-01,Statistic,EV,69,39.6
2023-07-01,Statistic,EV,70,42.004933
2023-07-01,Statistic,EV,71,31.10723
2023-07-01,Statistic,EV,72,42.808972
2023-07-01,Statistic,EV,73,43.003247
2023-07-01,Statistic,EV,74,43.003247
2023-07-01,Statistic,EV,75,43.003247
2023-07-01,Statistic,EV,76,42.768
2023-07-01,Statistic,EV,77,39.716
2023-07-01,Statistic,EV,78,39.6
2023-07-01,Statistic,EV,79,43.003247
2023-07-01,Statistic,EV,80,42.872753
2023-07-01,Statistic,EV,81,26.452
2023-07-01,Statistic,EV,82,33.0
2023-07-01,Statistic,EV,83,26.4
2023-07-01,Statistic,EV,84,26.4
2023-07-01,Statistic,EV,85,39.6
2023-07-01,Statistic,EV,86,39.6
2023-07-01,Statistic,EV,87,39.6
2023-07-01,Statistic,EV,88,36.132
2023-07-01,Statistic,EV,89,26.4
2023-07-01,Statistic,EV,90,13.2
2023-07-01,Statistic,EV,91,13.2
2023-07-01,Statistic,EV,92,0.544
2023-07-01,Statistic,EV,93,4.788
2023-07-01,Statistic,EV,94,6.6
2023-07-01,Statistic,EV,95,0.0
2023-07-01,Statistic,EV,96,0.0
2023-07-01,Statistic,Charger,1,0.0
2023-07-01,Statistic,Charger,2,0.0
2023-07-01,Statistic,Charger,3,0.0
2023-07-01,Statistic,Charger,4,0.0
2023-07-01,Statistic,Charger,5,6.6
2023-07-01,Statistic,Charger,6,6.6
2023-07-01,Statistic,Charger,7,6.6
2023-07-01,Statistic,Charger,8,13.2
2023-07-01,Statistic,Charger,9,13.2
2023-07-01,Statistic,Charger,10,13.2
2023-07-01,Statistic,Charger,11,13.2
2023-07-01,Statistic,Charger,12,17.16225
2023-07-01,Statistic,Charger,13,17.16225
2023-07-01,Statistic,Charger,14,17.16225
2023-07-01,Statistic,Charger,15,8.96175
2023-07-01,Statistic,Charger,16,17.16225
2023-07-01,Statistic,Charger,17,13.2
2023-07-01,Statistic,Charger,18,17.16225
2023-07-01,Statistic,Charger,19,17.16225
2023-07-01,Statistic,Charger,20,17.16225
2023-07-01,Statistic,Charger,21,17.16225
2023-07-01,Statistic,Charger,22,17.16225
2023-07-01,Statistic,Charger,23,17.16225
2023-07-01,Statistic,Charger,24,17.16225
2023-07-01,Statistic,Charger,25,13.2
2023-07-01,Statistic,Charger,26,22.946145
2023-07-01,Statistic,Charger,27,22.946145
2023-07-01,Statistic,Charger,28,24.223084
2023-07-01,Statistic,Charger,29,25.800166
2023-07-01,Statistic,Charger,30,27.687485
2023-07-01,Statistic,Charger,31,27.687485
2023-07-01,Statistic,Charger,32,28.068333
2023-07-01,Statistic,Charger,33,28.068333
2023-07-01,Statistic,Charger,34,28.987559
2023-07-01,Statistic,Charger,35,30.217292
2023-07-01,Statistic,Charger,36,41.482212
2023-07-01,Statistic,Charger,37,41.967212
2023-07-01,Statistic,Charger,38,41.967212
2023-07-01,Statistic,Charger,39,41.967212
2023-07-01,Statistic,Charger,40,41.967212
2023-07-01,Statistic,Charger,41,43.109138
2023-07-01,Statistic,Charger,42,45.117833
2023-07-01,Statistic,Charger,43,50.862742
2023-07-01,Statistic,Charger,44,53.008266
2023-07-01,Statistic,Charger,45,53.008266
2023-07-01,Statistic,Charger,46,53.008266
2023-07-01,Statistic,Charger,47,56.220488
2023-07-01,Statistic,Charger,48,60.592018
2023-07-01,Statistic,Charger,49,60.592018
2023-07-01,Statistic,Charger,50,60.592018
2023-07-01,Statistic,Charger,51,60.592018
2023-07-01,Statistic,Charger,52,60.592018
2023-07-01,Statistic,Charger,53,62.406277
2023-07-01,Statistic,Charger,54,67.641388
2023-07-01,Statistic,Charger,55,72.343521
2023-07-01,Statistic,Charger,56,72.343521
2023-07-01,Statistic,Charger,57,72.343521
2023-07-01,Statistic,Charger,58,72.343521
2023-07-01,Statistic,Charger,59,72.343521
2023-07-01,Statistic,Charger,60,72.343521
2023-07-01,Statistic,Charger,61,72.343521
2023-07-01,Statistic,Charger,62,72.343521
2023-07-01,Statistic,Charger,63,72.343521
2023-07-01,Statistic,Charger,64,72.343521
2023-07-01,Statistic,Charger,65,34.553865
2023-07-01,Statistic,Charger,66,34.553865
2023-07-01,Statistic,Charger,67,34.553865
2023-07-01,Statistic,Charger,68,34.553865
2023-07-01,Statistic,Charger,69,15.250645
2023-07-01,Statistic,Charger,70,32.009082
2023-07-01,Statistic,Charger,71,34.553865
2023-07-01,Statistic,Charger,72,34.553865
2023-07-01,Statistic,Charger,73,38.59991
2023-07-01,Statistic,Charger,74,38.59991
2023-07-01,Statistic,Charger,75,38.59991
2023-07-01,Statistic,Charger,76,32.349802
2023-07-01,Statistic,Charger,77,33.0
2023-07-01,Statistic,Charger,78,33.0
2023-07-01,Statistic,Charger,79,38.59991
2023-07-01,Statistic,Charger,80,34.07609
2023-07-01,Statistic,Charger,81,26.4
2023-07-01,Statistic,Charger,82,26.4
2023-07-01,Statistic,Charger,83,19.8
2023-07-01,Statistic,Charger,84,19.8
2023-07-01,Statistic,Charger,85,38.18
2023-07-01,Statistic,Charger,86,33.0
2023-07-01,Statistic,Charger,87,33.0
2023-07-01,Statistic,Charger,88,29.532
2023-07-01,Statistic,Charger,89,19.8
2023-07-01,Statistic,Charger,90,13.2
2023-07-01,Statistic,Charger,91,6.6
2023-07-01,Statistic,Charger,92,0.544
2023-07-01,Statistic,Charger,93,4.788
2023-07-01,Statistic,Charger,94,6.6
2023-07-01,Statistic,Charger,95,0.0
2023-07-01,Statistic,Charger,96,0.0
2023-07-01,GMM,EV,1,0.0
2023-07-01,GMM,EV,2,0.0
2023-07-01,GMM,EV,3,0.0
2023-07-01,GMM,EV,4,6.6
2023-07-01,GMM,EV,5,6.6
2023-07-01,GMM,EV,6,6.6
2023-07-01,GMM,EV,7,0.0
2023-07-01,GMM,EV,8,6.6
2023-07-01,GMM,EV,9,0.0
2023-07-01,GMM,EV,10,6.6
2023-07-01,GMM,EV,11,13.2
2023-07-01,GMM,EV,12,13.2
2023-07-01,GMM,EV,13,6.62
2023-07-01,GMM,EV,14,8.6883476
2023-07-01,GMM,EV,15,17.711652
2023-07-01,GMM,EV,16,13.2
2023-07-01,GMM,EV,17,13.2
2023-07-01,GMM,EV,18,26.4
2023-07-01,GMM,EV,19,26.4
2023-07-01,GMM,EV,20,26.4
2023-07-01,GMM,EV,21,23.348
2023-07-01,GMM,EV,22,26.4
2023-07-01,GMM,EV,23,19.8
2023-07-01,GMM,EV,24,19.8
2023-07-01,GMM,EV,25,19.8
2023-07-01,GMM,EV,26,26.4
2023-07-01,GMM,EV,27,22.212
2023-07-01,GMM,EV,28,19.8
2023-07-01,GMM,EV,29,33.0
2023-07-01,GMM,EV,30,39.6
2023-07-01,GMM,EV,31,13.744
2023-07-01,GMM,EV,32,38.968
2023-07-01,GMM,EV,33,28.527997
2023-07-01,GMM,EV,34,41.119997
2023-07-01,GMM,EV,35,46.088003
2023-07-01,GMM,EV,36,56.313657
2023-07-01,GMM,EV,37,56.798657
2023-07-01,GMM,EV,38,57.575398
2023-07-01,GMM,EV,39,52.8
2023-07-01,GMM,EV,40,43.447429
2023-07-01,GMM,EV,41,42.656642
2023-07-01,GMM,EV,42,46.686587
2023-07-01,GMM,EV,43,58.409465
2023-07-01,GMM,EV,44,59.408333
2023-07-01,GMM,EV,45,59.408333
2023-07-01,GMM,EV,46,59.408333
2023-07-01,GMM,EV,47,63.972015
2023-07-01,GMM,EV,48,65.210208
2023-07-01,GMM,EV,49,68.820458
2023-07-01,GMM,EV,50,70.974175
2023-07-01,GMM,EV,51,70.974175
2023-07-01,GMM,EV,52,75.579123
2023-07-01,GMM,EV,53,82.312123
2023-07-01,GMM,EV,54,82.312123
2023-07-01,GMM,EV,55,82.312123
2023-07-01,GMM,EV,56,82.312123
2023-07-01,GMM,EV,57,82.312123
2023-07-01,GMM,EV,58,82.312123
2023-07-01,GMM,EV,59,82.312123
2023-07-01,GMM,EV,60,82.312123
2023-07-01,GMM,EV,61,82.312123
2023-07-01,GMM,EV,62,82.312123
2023-07-01,GMM,EV,63,82.312123
2023-07-01,GMM,EV,64,82.312123
2023-07-01,GMM,EV,65,31.545158
2023-07-01,GMM,EV,66,31.545158
2023-07-01,GMM,EV,67,31.545158
2023-07-01,GMM,EV,68,26.4
2023-07-01,GMM,EV,69,22.030018
2023-07-01,GMM,EV,70,31.545158
2023-07-01,GMM,EV,71,21.254842
2023-07-01,GMM,EV,72,31.545158
2023-07-01,GMM,EV,73,31.545158
2023-07-01,GMM,EV,74,31.545158
2023-07-01,GMM,EV,75,31.545158
2023-07-01,GMM,EV,76,31.545158
2023-07-01,GMM,EV,77,31.545158
2023-07-01,GMM,EV,78,16.805877
2023-07-01,GMM,EV,79,19.8
2023-07-01,GMM,EV,80,29.154129
2023-07-01,GMM,EV,81,17.599092
2023-07-01,GMM,EV,82,26.476
2023-07-01,GMM,EV,83,26.4
2023-07-01,GMM,EV,84,26.4
2023-07-01,GMM,EV,85,39.6
2023-07-01,GMM,EV,86,39.6
2023-07-01,GMM,EV,87,39.6
2023-07-01,GMM,EV,88,36.132
2023-07-01,GMM,EV,89,26.4
2023-07-01,GMM,EV,90,13.2
2023-07-01,GMM,EV,91,6.6
2023-07-01,GMM,EV,92,0.0
2023-07-01,GMM,EV,93,4.788
2023-07-01,GMM,EV,94,6.6
2023-07-01,GMM,EV,95,0.0
2023-07-01,GMM,EV,96,0.0
2023-07-01,GMM,Charger,1,0.0
2023-07-01,GMM,Charger,2,0.0
2023-07-01,GMM,Charger,3,0.0
2023-07-01,GMM,Charger,4,6.6
2023-07-01,GMM,Charger,5,6.6
2023-07-01,GMM,Charger,6,13.2
2023-07-01,GMM,Charger,7,13.2
2023-07-01,GMM,Charger,8,13.2
2023-07-01,GMM,Charger,9,13.2
2023-07-01,GMM,Charger,10,13.2
2023-07-01,GMM,Charger,11,13.2
2023-07-01,GMM,Charger,12,13.2
2023-07-01,GMM,Charger,13,13.22
2023-07-01,GMM,Charger,14,19.8
2023-07-01,GMM,Charger,15,19.8
2023-07-01,GMM,Charger,16,19.8
2023-07-01,GMM,Charger,17,19.8
2023-07-01,GMM,Charger,18,19.8
2023-07-01,GMM,Charger,19,6.6
2023-07-01,GMM,Charger,20,23.348
2023-07-01,GMM,Charger,21,19.8
2023-07-01,GMM,Charger,22,19.8
2023-07-01,GMM,Charger,23,19.8
2023-07-01,GMM,Charger,24,19.8
2023-07-01,GMM,Charger,25,19.8
2023-07-01,GMM,Charger,26,13.2
2023-07-01,GMM,Charger,27,13.2
2023-07-01,GMM,Charger,28,33.0
2023-07-01,GMM,Charger,29,39.6
2023-07-01,GMM,Charger,30,43.712
2023-07-01,GMM,Charger,31,28.497816
2023-07-01,GMM,Charger,32,29.76
2023-07-01,GMM,Charger,33,33.0
2023-07-01,GMM,Charger,34,39.6
2023-07-01,GMM,Charger,35,43.712
2023-07-01,GMM,Charger,36,52.617548
2023-07-01,GMM,Charger,37,53.102548
2023-07-01,GMM,Charger,38,53.879289
2023-07-01,GMM,Charger,39,53.879289
2023-07-01,GMM,Charger,40,53.879289
2023-07-01,GMM,Charger,41,53.879289
2023-07-01,GMM,Charger,42,53.879289
2023-07-01,GMM,Charger,43,57.211997
2023-07-01,GMM,Charger,44,58.210866
2023-07-01,GMM,Charger,45,58.210866
2023-07-01,GMM,Charger,46,58.210866
2023-07-01,GMM,Charger,47,61.957561
2023-07-01,GMM,Charger,48,63.195754
2023-07-01,GMM,Charger,49,67.270979
2023-07-01,GMM,Charger,50,67.270979
2023-07-01,GMM,Charger,51,67.270979
2023-07-01,GMM,Charger,52,67.270979
2023-07-01,GMM,Charger,53,67.270979
2023-07-01,GMM,Charger,54,67.270979
2023-07-01,GMM,Charger,55,67.270979
2023-07-01,GMM,Charger,56,67.270979
2023-07-01,GMM,Charger,57,67.270979
2023-07-01,GMM,Charger,58,67.270979
2023-07-01,GMM,Charger,59,67.270979
2023-07-01,GMM,Charger,60,67.270979
2023-07-01,GMM,Charger,61,67.270979
2023-07-01,GMM,Charger,62,67.270979
2023-07-01,GMM,Charger,63,67.270979
2023-07-01,GMM,Charger,64,67.270979
2023-07-01,GMM,Charger,65,31.545718
2023-07-01,GMM,Charger,66,15.514239
2023-07-01,GMM,Charger,67,25.528192
2023-07-01,GMM,Charger,68,20.777718
2023-07-01,GMM,Charger,69,30.763642
2023-07-01,GMM,Charger,70,31.545718
2023-07-01,GMM,Charger,71,23.862325
2023-07-01,GMM,Charger,72,31.545718
2023-07-01,GMM,Charger,73,26.298282
2023-07-01,GMM,Charger,74,19.8
2023-07-01,GMM,Charger,75,31.545718
2023-07-01,GMM,Charger,76,29.830538
2023-07-01,GMM,Charger,77,26.4
2023-07-01,GMM,Charger,78,31.542135
2023-07-01,GMM,Charger,79,31.545718
2023-07-01,GMM,Charger,80,26.417286
2023-07-01,GMM,Charger,81,19.8
2023-07-01,GMM,Charger,82,19.8
2023-07-01,GMM,Charger,83,19.8
2023-07-01,GMM,Charger,84,19.8
2023-07-01,GMM,Charger,85,38.18
2023-07-01,GMM,Charger,86,33.0
2023-07-01,GMM,Charger,87,33.0
2023-07-01,GMM,Charger,88,29.532
2023-07-01,GMM,Charger,89,19.8
2023-07-01,GMM,Charger,90,7.144
2023-07-01,GMM,Charger,91,0.0
2023-07-01,GMM,Charger,92,0.0
2023-07-01,GMM,Charger,93,4.788
2023-07-01,GMM,Charger,94,6.6
2023-07-01,GMM,Charger,95,0.0
2023-07-01,GMM,Charger,96,0.0
2023-07-01,LSTM,EV,1,0.0
2023-07-01,LSTM,EV,2,0.0
2023-07-01,LSTM,EV,3,0.0
2023-07-01,LSTM,EV,4,6.6
2023-07-01,LSTM,EV,5,6.6
2023-07-01,LSTM,EV,6,6.6
2023-07-01,LSTM,EV,7,0.0
2023-07-01,LSTM,EV,8,6.6
2023-07-01,LSTM,EV,9,3.9292353
2023-07-01,LSTM,EV,10,0.0
2023-07-01,LSTM,EV,11,12.854471
2023-07-01,LSTM,EV,12,9.0526551
2023-07-01,LSTM,EV,13,6.6
2023-07-01,LSTM,EV,14,10.033049
2023-07-01,LSTM,EV,15,19.8
2023-07-01,LSTM,EV,16,13.2
2023-07-01,LSTM,EV,17,19.8
2023-07-01,LSTM,EV,18,2.412
2023-07-01,LSTM,EV,19,13.2
2023-07-01,LSTM,EV,20,10.148
2023-07-01,LSTM,EV,21,13.382765
2023-07-01,LSTM,EV,22,6.6
2023-07-01,LSTM,EV,23,19.982765
2023-07-01,LSTM,EV,24,13.2
2023-07-01,LSTM,EV,25,19.8
2023-07-01,LSTM,EV,26,24.005244
2023-07-01,LSTM,EV,27,24.005244
2023-07-01,LSTM,EV,28,25.43942
2023-07-01,LSTM,EV,29,27.614976
2023-07-01,LSTM,EV,30,29.519433
2023-07-01,LSTM,EV,31,29.519433
2023-07-01,LSTM,EV,32,29.900281
2023-07-01,LSTM,EV,33,29.900281
2023-07-01,LSTM,EV,34,29.967894
2023-07-01,LSTM,EV,35,31.197628
2023-07-01,LSTM,EV,36,41.703133
2023-07-01,LSTM,EV,37,41.703133
2023-07-01,LSTM,EV,38,42.273986
2023-07-01,LSTM,EV,39,42.273986
2023-07-01,LSTM,EV,40,44.574599
2023-07-01,LSTM,EV,41,47.596479
2023-07-01,LSTM,EV,42,48.014074
2023-07-01,LSTM,EV,43,54.013711
2023-07-01,LSTM,EV,44,54.987114
2023-07-01,LSTM,EV,45,55.240379
2023-07-01,LSTM,EV,46,55.391705
2023-07-01,LSTM,EV,47,62.508474
2023-07-01,LSTM,EV,48,65.536931
2023-07-01,LSTM,EV,49,65.536931
2023-07-01,LSTM,EV,50,67.35656
2023-07-01,LSTM,EV,51,70.277572
2023-07-01,LSTM,EV,52,73.986602
2023-07-01,LSTM,EV,53,74.883085
2023-07-01,LSTM,EV,54,79.269335
2023-07-01,LSTM,EV,55,84.16044
2023-07-01,LSTM,EV,56,84.16044
2023-07-01,LSTM,EV,57,84.16044
2023-07-01,LSTM,EV,58,84.16044
2023-07-01,LSTM,EV,59,84.16044
2023-07-01,LSTM,EV,60,84.16044
2023-07-01,LSTM,EV,61,84.16044
2023-07-01,LSTM,EV,62,84.16044
2023-07-01,LSTM,EV,63,84.16044
2023-07-01,LSTM,EV,64,84.16044
2023-07-01,LSTM,EV,65,31.650094
2023-07-01,LSTM,EV,66,31.650094
2023-07-01,LSTM,EV,67,31.650094
2023-07-01,LSTM,EV,68,33.864742
2023-07-01,LSTM,EV,69,33.864742
2023-07-01,LSTM,EV,70,37.777212
2023-07-01,LSTM,EV,71,37.777212
2023-07-01,LSTM,EV,72,37.777211
2023-07-01,LSTM,EV,73,42.341212
2023-07-01,LSTM,EV,74,42.341212
2023-07-01,LSTM,EV,75,42.341212
2023-07-01,LSTM,EV,76,40.142788
2023-07-01,LSTM,EV,77,42.341212
2023-07-01,LSTM,EV,78,42.341212
2023-07-01,LSTM,EV,79,42.341212
2023-07-01,LSTM,EV,80,40.793576
2023-07-01,LSTM,EV,81,26.452
2023-07-01,LSTM,EV,82,33.0
2023-07-01,LSTM,EV,83,26.4
2023-07-01,LSTM,EV,84,26.4
2023-07-01,LSTM,EV,85,39.6
2023-07-01,LSTM,EV,86,39.6
2023-07-01,LSTM,EV,87,39.6
2023-07-01,LSTM,EV,88,36.132
2023-07-01,LSTM,EV,89,26.4
2023-07-01,LSTM,EV,90,13.2
2023-07-01,LSTM,EV,91,13.2
2023-07-01,LSTM,EV,92,0.544
2023-07-01,LSTM,EV,93,4.788
2023-07-01,LSTM,EV,94,6.6
2023-07-01,LSTM,EV,95,0.0
2023-07-01,LSTM,EV,96,0.0
2023-07-01,LSTM,Charger,1,0.0
2023-07-01,LSTM,Charger,2,0.0
2023-07-01,LSTM,Charger,3,0.0
2023-07-01,LSTM,Charger,4,6.6
2023-07-01,LSTM,Charger,5,6.6
2023-07-01,LSTM,Charger,6,0.0
2023-07-01,LSTM,Charger,7,6.6
2023-07-01,LSTM,Charger,8,6.6
2023-07-01,LSTM,Charger,9,6.6
2023-07-01,LSTM,Charger,10,6.6
2023-07-01,LSTM,Charger,11,13.2
2023-07-01,LSTM,Charger,12,13.2
2023-07-01,LSTM,Charger,13,17.780819
2023-07-01,LSTM,Charger,14,13.2
2023-07-01,LSTM,Charger,15,17.780819
2023-07-01,LSTM,Charger,16,6.6
2023-07-01,LSTM,Charger,17,13.2
2023-07-01,LSTM,Charger,18,17.786903
2023-07-01,LSTM,Charger,19,17.786903
2023-07-01,LSTM,Charger,20,17.786903
2023-07-01,LSTM,Charger,21,17.786903
2023-07-01,LSTM,Charger,22,17.786903
2023-07-01,LSTM,Charger,23,17.786903
2023-07-01,LSTM,Charger,24,17.786903
2023-07-01,LSTM,Charger,25,17.786903
2023-07-01,LSTM,Charger,26,22.588445
2023-07-01,LSTM,Charger,27,22.588445
2023-07-01,LSTM,Charger,28,24.16333
2023-07-01,LSTM,Charger,29,26.338886
2023-07-01,LSTM,Charger,30,28.243343
2023-07-01,LSTM,Charger,31,28.243343
2023-07-01,LSTM,Charger,32,28.624191
2023-07-01,LSTM,Charger,33,28.624191
2023-07-01,LSTM,Charger,34,28.691804
2023-07-01,LSTM,Charger,35,29.921538
2023-07-01,LSTM,Charger,36,40.427043
2023-07-01,LSTM,Charger,37,40.427043
2023-07-01,LSTM,Charger,38,40.997895
2023-07-01,LSTM,Charger,39,40.997895
2023-07-01,LSTM,Charger,40,40.997895
2023-07-01,LSTM,Charger,41,43.104644
2023-07-01,LSTM,Charger,42,43.388785
2023-07-01,LSTM,Charger,43,49.273214
2023-07-01,LSTM,Charger,44,50.246618
2023-07-01,LSTM,Charger,45,50.499882
2023-07-01,LSTM,Charger,46,50.651208
2023-07-01,LSTM,Charger,47,59.333727
2023-07-01,LSTM,Charger,48,62.362185
2023-07-01,LSTM,Charger,49,62.362185
2023-07-01,LSTM,Charger,50,62.362185
2023-07-01,LSTM,Charger,51,62.362185
2023-07-01,LSTM,Charger,52,62.362185
2023-07-01,LSTM,Charger,53,62.362185
2023-07-01,LSTM,Charger,54,64.299457
2023-07-01,LSTM,Charger,55,73.677528
2023-07-01,LSTM,Charger,56,73.677528
2023-07-01,LSTM,Charger,57,73.677528
2023-07-01,LSTM,Charger,58,73.677528
2023-07-01,LSTM,Charger,59,73.677528
2023-07-01,LSTM,Charger,60,73.677528
2023-07-01,LSTM,Charger,61,73.677528
2023-07-01,LSTM,Charger,62,73.677528
2023-07-01,LSTM,Charger,63,73.677528
2023-07-01,LSTM,Charger,64,73.677528
2023-07-01,LSTM,Charger,65,29.390279
2023-07-01,LSTM,Charger,66,29.390275
2023-07-01,LSTM,Charger,67,29.390279
2023-07-01,LSTM,Charger,68,29.390279
2023-07-01,LSTM,Charger,69,29.390279
2023-07-01,LSTM,Charger,70,33.031879
2023-07-01,LSTM,Charger,71,33.031879
2023-07-01,LSTM,Charger,72,33.031879
2023-07-01,LSTM,Charger,73,37.585253
2023-07-01,LSTM,Charger,74,37.585252
2023-07-01,LSTM,Charger,75,37.585253
2023-07-01,LSTM,Charger,76,33.0
2023-07-01,LSTM,Charger,77,37.585253
2023-07-01,LSTM,Charger,78,33.0
2023-07-01,LSTM,Charger,79,37.585253
2023-07-01,LSTM,Charger,80,29.706609
2023-07-01,LSTM,Charger,81,26.4
2023-07-01,LSTM,Charger,82,26.4
2023-07-01,LSTM,Charger,83,19.8
2023-07-01,LSTM,Charger,84,19.8
2023-07-01,LSTM,Charger,85,38.18
2023-07-01,LSTM,Charger,86,33.0
2023-07-01,LSTM,Charger,87,33.0
2023-07-01,LSTM,Charger,88,29.532
2023-07-01,LSTM,Charger,89,19.8
2023-07-01,LSTM,Charger,90,13.2
2023-07-01,LSTM,Charger,91,6.6
2023-07-01,LSTM,Charger,92,0.544
2023-07-01,LSTM,Charger,93,4.788
2023-07-01,LSTM,Charger,94,6.6
2023-07-01,LSTM,Charger,95,0.0
2023-07-01,LSTM,Charger,96,0.0
2023-07-01,TCN,EV,1,0.0
2023-07-01,TCN,EV,2,0.0
2023-07-01,TCN,EV,3,0.0
2023-07-01,TCN,EV,4,6.6
2023-07-01,TCN,EV,5,6.6
2023-07-01,TCN,EV,6,13.2
2023-07-01,TCN,EV,7,13.2
2023-07-01,TCN,EV,8,13.2
2023-07-01,TCN,EV,9,10.712
2023-07-01,TCN,EV,10,13.2
2023-07-01,TCN,EV,11,13.2
2023-07-01,TCN,EV,12,13.2
2023-07-01,TCN,EV,13,13.2
2023-07-01,TCN,EV,14,10.37271
2023-07-01,TCN,EV,15,15.106355
2023-07-01,TCN,EV,16,8.4863552
2023-07-01,TCN,EV,17,13.2
2023-07-01,TCN,EV,18,26.4
2023-07-01,TCN,EV,19,15.612
2023-07-01,TCN,EV,20,19.8
2023-07-01,TCN,EV,21,23.348
2023-07-01,TCN,EV,22,22.62729
2023-07-01,TCN,EV,23,26.4
2023-07-01,TCN,EV,24,26.4
2023-07-01,TCN,EV,25,6.6
2023-07-01,TCN,EV,26,26.4
2023-07-01,TCN,EV,27,26.4
2023-07-01,TCN,EV,28,39.6
2023-07-01,TCN,EV,29,33.0
2023-07-01,TCN,EV,30,42.717727
2023-07-01,TCN,EV,31,42.717727
2023-07-01,TCN,EV,32,42.717727
2023-07-01,TCN,EV,33,33.0
2023-07-01,TCN,EV,34,42.717727
2023-07-01,TCN,EV,35,28.566315
2023-07-01,TCN,EV,36,51.958904
2023-07-01,TCN,EV,37,51.958904
2023-07-01,TCN,EV,38,51.958904
2023-07-01,TCN,EV,39,46.579999
2023-07-01,TCN,EV,40,51.958904
2023-07-01,TCN,EV,41,52.476725
2023-07-01,TCN,EV,42,52.476725
2023-07-01,TCN,EV,43,56.28921
2023-07-01,TCN,EV,44,57.809781
2023-07-01,TCN,EV,45,57.809781
2023-07-01,TCN,EV,46,57.809781
2023-07-01,TCN,EV,47,62.510875
2023-07-01,TCN,EV,48,64.529815
2023-07-01,TCN,EV,49,64.529815
2023-07-01,TCN,EV,50,64.529815
2023-07-01,TCN,EV,51,64.529815
2023-07-01,TCN,EV,52,64.529815
2023-07-01,TCN,EV,53,64.529815
2023-07-01,TCN,EV,54,64.529815
2023-07-01,TCN,EV,55,64.973296
2023-07-01,TCN,EV,56,64.973296
2023-07-01,TCN,EV,57,64.973296
2023-07-01,TCN,EV,58,64.973296
2023-07-01,TCN,EV,59,64.973296
2023-07-01,TCN,EV,60,64.973296
2023-07-01,TCN,EV,61,64.973296
2023-07-01,TCN,EV,62,64.973296
2023-07-01,TCN,EV,63,64.973296
2023-07-01,TCN,EV,64,64.973296
2023-07-01,TCN,EV,65,39.239812
2023-07-01,TCN,EV,66,39.239812
2023-07-01,TCN,EV,67,39.239812
2023-07-01,TCN,EV,68,39.239812
2023-07-01,TCN,EV,69,39.239812
2023-07-01,TCN,EV,70,39.239812
2023-07-01,TCN,EV,71,39.239812
2023-07-01,TCN,EV,72,39.239812
2023-07-01,TCN,EV,73,43.303833
2023-07-01,TCN,EV,74,43.303833
2023-07-01,TCN,EV,75,43.303833
2023-07-01,TCN,EV,76,43.303833
2023-07-01,TCN,EV,77,43.303833
2023-07-01,TCN,EV,78,39.6
2023-07-01,TCN,EV,79,42.459747
2023-07-01,TCN,EV,80,33.896501
2023-07-01,TCN,EV,81,26.452
2023-07-01,TCN,EV,82,33.0
2023-07-01,TCN,EV,83,26.4
2023-07-01,TCN,EV,84,26.4
2023-07-01,TCN,EV,85,33.0
2023-07-01,TCN,EV,86,33.0
2023-07-01,TCN,EV,87,33.0
2023-07-01,TCN,EV,88,29.532
2023-07-01,TCN,EV,89,19.8
2023-07-01,TCN,EV,90,6.6
2023-07-01,TCN,EV,91,6.6
2023-07-01,TCN,EV,92,0.0
2023-07-01,TCN,EV,93,4.788
2023-07-01,TCN,EV,94,6.6
2023-07-01,TCN,EV,95,0.0
2023-07-01,TCN,EV,96,0.0
2023-07-01,TCN,Charger,1,0.0
2023-07-01,TCN,Charger,2,0.0
2023-07-01,TCN,Charger,3,0.0
2023-07-01,TCN,Charger,4,6.6
2023-07-01,TCN,Charger,5,6.6
2023-07-01,TCN,Charger,6,13.2
2023-07-01,TCN,Charger,7,13.2
2023-07-01,TCN,Charger,8,13.2
2023-07-01,TCN,Charger,9,13.2
2023-07-01,TCN,Charger,10,10.712
2023-07-01,TCN,Charger,11,13.2
2023-07-01,TCN,Charger,12,6.6
2023-07-01,TCN,Charger,13,19.8
2023-07-01,TCN,Charger,14,6.6
2023-07-01,TCN,Charger,15,6.6
2023-07-01,TCN,Charger,16,19.8
2023-07-01,TCN,Charger,17,19.8
2023-07-01,TCN,Charger,18,19.8
2023-07-01,TCN,Charger,19,23.348
2023-07-01,TCN,Charger,20,19.8
2023-07-01,TCN,Charger,21,24.600491
2023-07-01,TCN,Charger,22,19.8
2023-07-01,TCN,Charger,23,19.8
2023-07-01,TCN,Charger,24,19.8
2023-07-01,TCN,Charger,25,19.8
2023-07-01,TCN,Charger,26,26.4
2023-07-01,TCN,Charger,27,26.4
2023-07-01,TCN,Charger,28,39.6
2023-07-01,TCN,Charger,29,39.6
2023-07-01,TCN,Charger,30,39.6
2023-07-01,TCN,Charger,31,39.6
2023-07-01,TCN,Charger,32,39.6
2023-07-01,TCN,Charger,33,39.6
2023-07-01,TCN,Charger,34,39.6
2023-07-01,TCN,Charger,35,39.6
2023-07-01,TCN,Charger,36,47.792894
2023-07-01,TCN,Charger,37,47.792894
2023-07-01,TCN,Charger,38,47.792894
2023-07-01,TCN,Charger,39,42.442464
2023-07-01,TCN,Charger,40,47.792894
2023-07-01,TCN,Charger,41,48.018696
2023-07-01,TCN,Charger,42,48.116156
2023-07-01,TCN,Charger,43,50.900942
2023-07-01,TCN,Charger,44,52.421513
2023-07-01,TCN,Charger,45,52.421513
2023-07-01,TCN,Charger,46,52.421513
2023-07-01,TCN,Charger,47,56.137496
2023-07-01,TCN,Charger,48,57.402236
2023-07-01,TCN,Charger,49,57.402236
2023-07-01,TCN,Charger,50,57.402236
2023-07-01,TCN,Charger,51,57.402236
2023-07-01,TCN,Charger,52,57.402236
2023-07-01,TCN,Charger,53,57.402236
2023-07-01,TCN,Charger,54,57.424413
2023-07-01,TCN,Charger,55,61.235829
2023-07-01,TCN,Charger,56,61.235829
2023-07-01,TCN,Charger,57,61.235829
2023-07-01,TCN,Charger,58,61.235829
2023-07-01,TCN,Charger,59,61.235829
2023-07-01,TCN,Charger,60,61.235829
2023-07-01,TCN,Charger,61,61.235829
2023-07-01,TCN,Charger,62,61.235829
2023-07-01,TCN,Charger,63,61.235829
2023-07-01,TCN,Charger,64,61.235829
2023-07-01,TCN,Charger,65,29.391362
2023-07-01,TCN,Charger,66,29.391362
2023-07-01,TCN,Charger,67,29.391362
2023-07-01,TCN,Charger,68,29.391362
2023-07-01,TCN,Charger,69,29.391362
2023-07-01,TCN,Charger,70,29.391362
2023-07-01,TCN,Charger,71,29.391362
2023-07-01,TCN,Charger,72,29.391362
2023-07-01,TCN,Charger,73,32.227995
2023-07-01,TCN,Charger,74,32.227995
2023-07-01,TCN,Charger,75,32.227995
2023-07-01,TCN,Charger,76,32.227995
2023-07-01,TCN,Charger,77,32.227995
2023-07-01,TCN,Charger,78,32.227995
2023-07-01,TCN,Charger,79,32.227995
2023-07-01,TCN,Charger,80,32.227995
2023-07-01,TCN,Charger,81,32.227995
2023-07-01,TCN,Charger,82,27.248005
2023-07-01,TCN,Charger,83,19.8
2023-07-01,TCN,Charger,84,19.8
2023-07-01,TCN,Charger,85,38.18
2023-07-01,TCN,Charger,86,33.0
2023-07-01,TCN,Charger,87,33.0
2023-07-01,TCN,Charger,88,25.295509
2023-07-01,TCN,Charger,89,13.2
2023-07-01,TCN,Charger,90,6.6
2023-07-01,TCN,Charger,91,0.0
2023-07-01,TCN,Charger,92,0.0
2023-07-01,TCN,Charger,93,4.788
2023-07-01,TCN,Charger,94,6.6
2023-07-01,TCN,Charger,95,0.0
2023-07-01,TCN,Charger,96,0.0
2023-07-01,Transformer,EV,1,0.0
2023-07-01,Transformer,EV,2,0.0
2023-07-01,Transformer,EV,3,0.0
2023-07-01,Transformer,EV,4,6.6
2023-07-01,Transformer,EV,5,6.6
2023-07-01,Transformer,EV,6,13.2
2023-07-01,Transformer,EV,7,13.2
2023-07-01,Transformer,EV,8,13.2
2023-07-01,Transformer,EV,9,13.2
2023-07-01,Transformer,EV,10,10.712
2023-07-01,Transformer,EV,11,13.2
2023-07-01,Transformer,EV,12,6.6
2023-07-01,Transformer,EV,13,6.62
2023-07-01,Transformer,EV,14,1.8161615
2023-07-01,Transformer,EV,15,13.2
2023-07-01,Transformer,EV,16,10.137763
2023-07-01,Transformer,EV,17,12.837344
2023-07-01,Transformer,EV,18,21.0352
2023-07-01,Transformer,EV,19,13.2
2023-07-01,Transformer,EV,20,26.4
2023-07-01,Transformer,EV,21,19.8
2023-07-01,Transformer,EV,22,23.348
2023-07-01,Transformer,EV,23,22.212
2023-07-01,Transformer,EV,24,26.4
2023-07-01,Transformer,EV,25,6.6
2023-07-01,Transformer,EV,26,26.4
2023-07-01,Transformer,EV,27,26.4
2023-07-01,Transformer,EV,28,39.6
2023-07-01,Transformer,EV,29,39.6
2023-07-01,Transformer,EV,30,40.144
2023-07-01,Transformer,EV,31,42.624726
2023-07-01,Transformer,EV,32,42.913916
2023-07-01,Transformer,EV,33,19.8
2023-07-01,Transformer,EV,34,29.583906
2023-07-01,Transformer,EV,35,39.6
2023-07-01,Transformer,EV,36,52.22255
2023-07-01,Transformer,EV,37,52.22255
2023-07-01,Transformer,EV,38,52.22255
2023-07-01,Transformer,EV,39,49.916902
2023-07-01,Transformer,EV,40,52.81895
2023-07-01,Transformer,EV,41,53.493613
2023-07-01,Transformer,EV,42,53.493613
2023-07-01,Transformer,EV,43,58.511029
2023-07-01,Transformer,EV,44,58.679822
2023-07-01,Transformer,EV,45,58.679822
2023-07-01,Transformer,EV,46,58.679822
2023-07-01,Transformer,EV,47,63.331306
2023-07-01,Transformer,EV,48,65.373423
2023-07-01,Transformer,EV,49,65.373423
2023-07-01,Transformer,EV,50,65.44544
2023-07-01,Transformer,EV,51,67.520261
2023-07-01,Transformer,EV,52,68.915123
2023-07-01,Transformer,EV,53,68.915123
2023-07-01,Transformer,EV,54,70.565041
2023-07-01,Transformer,EV,55,73.736316
2023-07-01,Transformer,EV,56,73.736316
2023-07-01,Transformer,EV,57,73.736316
2023-07-01,Transformer,EV,58,73.736316
2023-07-01,Transformer,EV,59,73.736316
2023-07-01,Transformer,EV,60,73.736316
2023-07-01,Transformer,EV,61,73.736316
2023-07-01,Transformer,EV,62,73.736316
2023-07-01,Transformer,EV,63,73.736316
2023-07-01,Transformer,EV,64,73.736316
2023-07-01,Transformer,EV,65,34.846881
2023-07-01,Transformer,EV,66,25.626926
2023-07-01,Transformer,EV,67,34.846881
2023-07-01,Transformer,EV,68,34.846881
2023-07-01,Transformer,EV,69,34.846881
2023-07-01,Transformer,EV,70,34.846881
2023-07-01,Transformer,EV,71,32.10528
2023-07-01,Transformer,EV,72,32.239737
2023-07-01,Transformer,EV,73,36.441693
2023-07-01,Transformer,EV,74,36.441693
2023-07-01,Transformer,EV,75,36.441693
2023-07-01,Transformer,EV,76,36.441693
2023-07-01,Transformer,EV,77,36.441693
2023-07-01,Transformer,EV,78,35.299165
2023-07-01,Transformer,EV,79,36.441693
2023-07-01,Transformer,EV,80,33.076
2023-07-01,Transformer,EV,81,33.0
2023-07-01,Transformer,EV,82,33.0
2023-07-01,Transformer,EV,83,16.227786
2023-07-01,Transformer,EV,84,26.4
2023-07-01,Transformer,EV,85,39.6
2023-07-01,Transformer,EV,86,39.6
2023-07-01,Transformer,EV,87,39.6
2023-07-01,Transformer,EV,88,29.532
2023-07-01,Transformer,EV,89,19.8
2023-07-01,Transformer,EV,90,6.6
2023-07-01,Transformer,EV,91,6.6
2023-07-01,Transformer,EV,92,0.0
2023-07-01,Transformer,EV,93,4.788
2023-07-01,Transformer,EV,94,6.6
2023-07-01,Transformer,EV,95,0.0
2023-07-01,Transformer,EV,96,0.0
2023-07-01,Transformer,Charger,1,0.0
2023-07-01,Transformer,Charger,2,0.0
2023-07-01,Transformer,Charger,3,0.0
2023-07-01,Transformer,Charger,4,6.6
2023-07-01,Transformer,Charger,5,6.6
2023-07-01,Transformer,Charger,6,13.2
2023-07-01,Transformer,Charger,7,13.2
2023-07-01,Transformer,Charger,8,13.2
2023-07-01,Transformer,Charger,9,13.2
2023-07-01,Transformer,Charger,10,13.2
2023-07-01,Transformer,Charger,11,13.2
2023-07-01,Transformer,Charger,12,13.2
2023-07-01,Transformer,Charger,13,6.6
2023-07-01,Transformer,Charger,14,13.2
2023-07-01,Transformer,Charger,15,13.2
2023-07-01,Transformer,Charger,16,19.8
2023-07-01,Transformer,Charger,17,17.312
2023-07-01,Transformer,Charger,18,13.2
2023-07-01,Transformer,Charger,19,19.8
2023-07-01,Transformer,Charger,20,26.4
2023-07-01,Transformer,Charger,21,26.4
2023-07-01,Transformer,Charger,22,26.4
2023-07-01,Transformer,Charger,23,26.4
2023-07-01,Transformer,Charger,24,26.4
2023-07-01,Transformer,Charger,25,19.8
2023-07-01,Transformer,Charger,26,26.4
2023-07-01,Transformer,Charger,27,26.4
2023-07-01,Transformer,Charger,28,38.863161
2023-07-01,Transformer,Charger,29,39.6
2023-07-01,Transformer,Charger,30,38.11755
2023-07-01,Transformer,Charger,31,35.03058
2023-07-01,Transformer,Charger,32,39.6
2023-07-01,Transformer,Charger,33,38.968
2023-07-01,Transformer,Charger,34,39.58542
2023-07-01,Transformer,Charger,35,39.6
2023-07-01,Transformer,Charger,36,46.95968
2023-07-01,Transformer,Charger,37,46.95968
2023-07-01,Transformer,Charger,38,46.95968
2023-07-01,Transformer,Charger,39,46.95968
2023-07-01,Transformer,Charger,40,47.945105
2023-07-01,Transformer,Charger,41,48.619768
2023-07-01,Transformer,Charger,42,48.619768
2023-07-01,Transformer,Charger,43,53.219944
2023-07-01,Transformer,Charger,44,53.388737
2023-07-01,Transformer,Charger,45,54.314501
2023-07-01,Transformer,Charger,46,54.314501
2023-07-01,Transformer,Charger,47,58.06431
2023-07-01,Transformer,Charger,48,59.700009
2023-07-01,Transformer,Charger,49,59.700009
2023-07-01,Transformer,Charger,50,59.700009
2023-07-01,Transformer,Charger,51,59.700009
2023-07-01,Transformer,Charger,52,63.460677
2023-07-01,Transformer,Charger,53,63.608873
2023-07-01,Transformer,Charger,54,63.608873
2023-07-01,Transformer,Charger,55,66.680972
2023-07-01,Transformer,Charger,56,66.680972
2023-07-01,Transformer,Charger,57,66.680972
2023-07-01,Transformer,Charger,58,66.680972
2023-07-01,Transformer,Charger,59,66.680972
2023-07-01,Transformer,Charger,60,66.680972
2023-07-01,Transformer,Charger,61,66.680972
2023-07-01,Transformer,Charger,62,66.680972
2023-07-01,Transformer,Charger,63,66.680972
2023-07-01,Transformer,Charger,64,66.680972
2023-07-01,Transformer,Charger,65,30.308525
2023-07-01,Transformer,Charger,66,30.308525
2023-07-01,Transformer,Charger,67,30.308525
2023-07-01,Transformer,Charger,68,30.308525
2023-07-01,Transformer,Charger,69,20.617574
2023-07-01,Transformer,Charger,70,25.383071
2023-07-01,Transformer,Charger,71,18.83433
2023-07-01,Transformer,Charger,72,30.308525
2023-07-01,Transformer,Charger,73,32.238282
2023-07-01,Transformer,Charger,74,32.238282
2023-07-01,Transformer,Charger,75,32.238282
2023-07-01,Transformer,Charger,76,32.238282
2023-07-01,Transformer,Charger,77,32.238282
2023-07-01,Transformer,Charger,78,32.238282
2023-07-01,Transformer,Charger,79,32.238282
2023-07-01,Transformer,Charger,80,32.238282
2023-07-01,Transformer,Charger,81,32.238282
2023-07-01,Transformer,Charger,82,26.4
2023-07-01,Transformer,Charger,83,20.637715
2023-07-01,Transformer,Charger,84,19.8
2023-07-01,Transformer,Charger,85,38.18
2023-07-01,Transformer,Charger,86,33.0
2023-07-01,Transformer,Charger,87,26.944
2023-07-01,Transformer,Charger,88,22.932
2023-07-01,Transformer,Charger,89,13.2
2023-07-01,Transformer,Charger,90,6.6
2023-07-01,Transformer,Charger,91,0.0
2023-07-01,Transformer,Charger,92,0.0
2023-07-01,Transformer,Charger,93,4.788
2023-07-01,Transformer,Charger,94,6.6
2023-07-01,Transformer,Charger,95,0.0
2023-07-01,Transformer,Charger,96,0.0
2023-07-01,iTransformer,EV,1,0.0
2023-07-01,iTransformer,EV,2,0.0
2023-07-01,iTransformer,EV,3,0.0
2023-07-01,iTransformer,EV,4,4.112
2023-07-01,iTransformer,EV,5,6.6
2023-07-01,iTransformer,EV,6,13.2
2023-07-01,iTransformer,EV,7,13.2
2023-07-01,iTransformer,EV,8,13.2
2023-07-01,iTransformer,EV,9,13.2
2023-07-01,iTransformer,EV,10,13.2
2023-07-01,iTransformer,EV,11,13.2
2023-07-01,iTransformer,EV,12,13.2
2023-07-01,iTransformer,EV,13,13.2
2023-07-01,iTransformer,EV,14,13.2
2023-07-01,iTransformer,EV,15,6.6
2023-07-01,iTransformer,EV,16,16.748
2023-07-01,iTransformer,EV,17,13.2
2023-07-01,iTransformer,EV,18,26.4
2023-07-01,iTransformer,EV,19,26.4
2023-07-01,iTransformer,EV,20,26.4
2023-07-01,iTransformer,EV,21,19.8
2023-07-01,iTransformer,EV,22,26.4
2023-07-01,iTransformer,EV,23,26.4
2023-07-01,iTransformer,EV,24,19.8
2023-07-01,iTransformer,EV,25,19.8
2023-07-01,iTransformer,EV,26,26.4
2023-07-01,iTransformer,EV,27,13.2
2023-07-01,iTransformer,EV,28,26.235659
2023-07-01,iTransformer,EV,29,35.412
2023-07-01,iTransformer,EV,30,39.784341
2023-07-01,iTransformer,EV,31,33.0
2023-07-01,iTransformer,EV,32,38.695009
2023-07-01,iTransformer,EV,33,26.369789
2023-07-01,iTransformer,EV,34,38.697966
2023-07-01,iTransformer,EV,35,37.076341
2023-07-01,iTransformer,EV,36,50.004815
2023-07-01,iTransformer,EV,37,50.004815
2023-07-01,iTransformer,EV,38,50.004815
2023-07-01,iTransformer,EV,39,50.004815
2023-07-01,iTransformer,EV,40,49.365961
2023-07-01,iTransformer,EV,41,52.658482
2023-07-01,iTransformer,EV,42,52.658482
2023-07-01,iTransformer,EV,43,57.27973
2023-07-01,iTransformer,EV,44,57.603028
2023-07-01,iTransformer,EV,45,57.603028
2023-07-01,iTransformer,EV,46,57.603028
2023-07-01,iTransformer,EV,47,60.890038
2023-07-01,iTransformer,EV,48,63.146199
2023-07-01,iTransformer,EV,49,65.776035
2023-07-01,iTransformer,EV,50,69.169809
2023-07-01,iTransformer,EV,51,69.169809
2023-07-01,iTransformer,EV,52,69.169809
2023-07-01,iTransformer,EV,53,69.169809
2023-07-01,iTransformer,EV,54,69.169809
2023-07-01,iTransformer,EV,55,69.169809
2023-07-01,iTransformer,EV,56,69.169809
2023-07-01,iTransformer,EV,57,69.169809
2023-07-01,iTransformer,EV,58,69.169809
2023-07-01,iTransformer,EV,59,69.169809
2023-07-01,iTransformer,EV,60,69.169809
2023-07-01,iTransformer,EV,61,69.169809
2023-07-01,iTransformer,EV,62,69.169809
2023-07-01,iTransformer,EV,63,69.169809
2023-07-01,iTransformer,EV,64,69.169809
2023-07-01,iTransformer,EV,65,31.247459
2023-07-01,iTransformer,EV,66,31.247459
2023-07-01,iTransformer,EV,67,31.247459
2023-07-01,iTransformer,EV,68,31.247459
2023-07-01,iTransformer,EV,69,31.247459
2023-07-01,iTransformer,EV,70,32.003532
2023-07-01,iTransformer,EV,71,32.003532
2023-07-01,iTransformer,EV,72,32.003532
2023-07-01,iTransformer,EV,73,38.873325
2023-07-01,iTransformer,EV,74,38.873322
2023-07-01,iTransformer,EV,75,38.873325
2023-07-01,iTransformer,EV,76,38.873325
2023-07-01,iTransformer,EV,77,38.873325
2023-07-01,iTransformer,EV,78,38.873325
2023-07-01,iTransformer,EV,79,38.873325
2023-07-01,iTransformer,EV,80,38.873325
2023-07-01,iTransformer,EV,81,38.873325
2023-07-01,iTransformer,EV,82,33.802675
2023-07-01,iTransformer,EV,83,19.852
2023-07-01,iTransformer,EV,84,26.4
2023-07-01,iTransformer,EV,85,39.6
2023-07-01,iTransformer,EV,86,39.6
2023-07-01,iTransformer,EV,87,39.6
2023-07-01,iTransformer,EV,88,36.132
2023-07-01,iTransformer,EV,89,26.4
2023-07-01,iTransformer,EV,90,7.144
2023-07-01,iTransformer,EV,91,6.6
2023-07-01,iTransformer,EV,92,0.0
2023-07-01,iTransformer,EV,93,4.788
2023-07-01,iTransformer,EV,94,6.6
2023-07-01,iTransformer,EV,95,0.0
2023-07-01,iTransformer,EV,96,0.0
2023-07-01,iTransformer,Charger,1,0.0
2023-07-01,iTransformer,Charger,2,0.0
2023-07-01,iTransformer,Charger,3,0.0
2023-07-01,iTransformer,Charger,4,6.6
2023-07-01,iTransformer,Charger,5,6.6
2023-07-01,iTransformer,Charger,6,0.0
2023-07-01,iTransformer,Charger,7,6.6
2023-07-01,iTransformer,Charger,8,2.3768791
2023-07-01,iTransformer,Charger,9,6.6
2023-07-01,iTransformer,Charger,10,6.6
2023-07-01,iTransformer,Charger,11,0.0
2023-07-01,iTransformer,Charger,12,19.8
2023-07-01,iTransformer,Charger,13,13.2
2023-07-01,iTransformer,Charger,14,13.2
2023-07-01,iTransformer,Charger,15,13.2
2023-07-01,iTransformer,Charger,16,13.2
2023-07-01,iTransformer,Charger,17,19.8
2023-07-01,iTransformer,Charger,18,26.4
2023-07-01,iTransformer,Charger,19,23.348
2023-07-01,iTransformer,Charger,20,26.4
2023-07-01,iTransformer,Charger,21,19.8
2023-07-01,iTransformer,Charger,22,26.4
2023-07-01,iTransformer,Charger,23,26.4
2023-07-01,iTransformer,Charger,24,26.4
2023-07-01,iTransformer,Charger,25,13.2
2023-07-01,iTransformer,Charger,26,26.4
2023-07-01,iTransformer,Charger,27,26.4
2023-07-01,iTransformer,Charger,28,33.0
2023-07-01,iTransformer,Charger,29,35.551482
2023-07-01,iTransformer,Charger,30,41.427401
2023-07-01,iTransformer,Charger,31,41.427401
2023-07-01,iTransformer,Charger,32,33.0
2023-07-01,iTransformer,Charger,33,17.982031
2023-07-01,iTransformer,Charger,34,26.4
2023-07-01,iTransformer,Charger,35,34.056094
2023-07-01,iTransformer,Charger,36,49.686528
2023-07-01,iTransformer,Charger,37,49.686528
2023-07-01,iTransformer,Charger,38,49.686528
2023-07-01,iTransformer,Charger,39,49.686528
2023-07-01,iTransformer,Charger,40,49.686528
2023-07-01,iTransformer,Charger,41,52.366216
2023-07-01,iTransformer,Charger,42,52.366216
2023-07-01,iTransformer,Charger,43,56.732737
2023-07-01,iTransformer,Charger,44,57.056035
2023-07-01,iTransformer,Charger,45,57.056035
2023-07-01,iTransformer,Charger,46,57.056035
2023-07-01,iTransformer,Charger,47,58.944444
2023-07-01,iTransformer,Charger,48,63.817252
2023-07-01,iTransformer,Charger,49,64.772873
2023-07-01,iTransformer,Charger,50,64.772873
2023-07-01,iTransformer,Charger,51,64.772873
2023-07-01,iTransformer,Charger,52,64.772873
2023-07-01,iTransformer,Charger,53,64.772873
2023-07-01,iTransformer,Charger,54,64.772873
2023-07-01,iTransformer,Charger,55,64.772873
2023-07-01,iTransformer,Charger,56,64.772873
2023-07-01,iTransformer,Charger,57,64.772873
2023-07-01,iTransformer,Charger,58,64.772873
2023-07-01,iTransformer,Charger,59,64.772873
2023-07-01,iTransformer,Charger,60,64.772873
2023-07-01,iTransformer,Charger,61,64.772873
2023-07-01,iTransformer,Charger,62,64.772873
2023-07-01,iTransformer,Charger,63,64.772873
2023-07-01,iTransformer,Charger,64,64.772873
2023-07-01,iTransformer,Charger,65,24.786661
2023-07-01,iTransformer,Charger,66,16.83501
2023-07-01,iTransformer,Charger,67,24.786661
2023-07-01,iTransformer,Charger,68,24.786661
2023-07-01,iTransformer,Charger,69,24.786661
2023-07-01,iTransformer,Charger,70,26.005853
2023-07-01,iTransformer,Charger,71,26.005853
2023-07-01,iTransformer,Charger,72,26.005853
2023-07-01,iTransformer,Charger,73,32.499195
2023-07-01,iTransformer,Charger,74,32.499195
2023-07-01,iTransformer,Charger,75,32.499195
2023-07-01,iTransformer,Charger,76,32.499195
2023-07-01,iTransformer,Charger,77,32.499195
2023-07-01,iTransformer,Charger,78,32.499195
2023-07-01,iTransformer,Charger,79,32.499195
2023-07-01,iTransformer,Charger,80,32.499195
2023-07-01,iTransformer,Charger,81,32.499195
2023-07-01,iTransformer,Charger,82,26.976805
2023-07-01,iTransformer,Charger,83,19.8
2023-07-01,iTransformer,Charger,84,19.8
2023-07-01,iTransformer,Charger,85,38.18
2023-07-01,iTransformer,Charger,86,33.0
2023-07-01,iTransformer,Charger,87,33.0
2023-07-01,iTransformer,Charger,88,29.532
2023-07-01,iTransformer,Charger,89,19.8
2023-07-01,iTransformer,Charger,90,13.2
2023-07-01,iTransformer,Charger,91,0.544
2023-07-01,iTransformer,Charger,92,0.0
2023-07-01,iTransformer,Charger,93,4.788
2023-07-01,iTransformer,Charger,94,6.6
2023-07-01,iTransformer,Charger,95,0.0
2023-07-01,iTransformer,Charger,96,0.0
2023-07-02,Perfect,EV,1,0.0
2023-07-02,Perfect,EV,2,0.0
2023-07-02,Perfect,EV,3,6.6
2023-07-02,Perfect,EV,4,13.2
2023-07-02,Perfect,EV,5,13.2
2023-07-02,Perfect,EV,6,13.2
2023-07-02,Perfect,EV,7,13.2
2023-07-02,Perfect,EV,8,13.2
2023-07-02,Perfect,EV,9,13.2
2023-07-02,Perfect,EV,10,13.2
2023-07-02,Perfect,EV,11,13.2
2023-07-02,Perfect,EV,12,13.2
2023-07-02,Perfect,EV,13,13.2
2023-07-02,Perfect,EV,14,13.2
2023-07-02,Perfect,EV,15,13.2
2023-07-02,Perfect,EV,16,13.2
2023-07-02,Perfect,EV,17,13.2
2023-07-02,Perfect,EV,18,13.2
2023-07-02,Perfect,EV,19,13.2
2023-07-02,Perfect,EV,20,13.2
2023-07-02,Perfect,EV,21,6.6
2023-07-02,Perfect,EV,22,13.2
2023-07-02,Perfect,EV,23,10.9535
2023-07-02,Perfect,EV,24,13.2
2023-07-02,Perfect,EV,25,17.6225
2023-07-02,Perfect,EV,26,19.8
2023-07-02,Perfect,EV,27,19.8
2023-07-02,Perfect,EV,28,26.4
2023-07-02,Perfect,EV,29,39.6
2023-07-02,Perfect,EV,30,37.12875
2023-07-02,Perfect,EV,31,57.04
2023-07-02,Perfect,EV,32,62.65125
2023-07-02,Perfect,EV,33,62.65125
2023-07-02,Perfect,EV,34,62.65125
2023-07-02,Perfect,EV,35,62.65125
2023-07-02,Perfect,EV,36,62.65125
2023-07-02,Perfect,EV,37,62.65125
2023-07-02,Perfect,EV,38,62.65125
2023-07-02,Perfect,EV,39,62.65125
2023-07-02,Perfect,EV,40,62.65125
2023-07-02,Perfect,EV,41,62.65125
2023-07-02,Perfect,EV,42,62.65125
2023-07-02,Perfect,EV,43,62.65125
2023-07-02,Perfect,EV,44,62.65125
2023-07-02,Perfect,EV,45,62.65125
2023-07-02,Perfect,EV,46,62.65125
2023-07-02,Perfect,EV,47,62.65125
2023-07-02,Perfect,EV,48,62.65125
2023-07-02,Perfect,EV,49,62.65125
2023-07-02,Perfect,EV,50,62.65125
2023-07-02,Perfect,EV,51,62.65125
2023-07-02,Perfect,EV,52,62.65125
2023-07-02,Perfect,EV,53,62.65125
2023-07-02,Perfect,EV,54,62.65125
2023-07-02,Perfect,EV,55,62.65125
2023-07-02,Perfect,EV,56,62.65125
2023-07-02,Perfect,EV,57,62.65125
2023-07-02,Perfect,EV,58,62.65125
2023-07-02,Perfect,EV,59,62.65125
2023-07-02,Perfect,EV,60,62.65125
2023-07-02,Perfect,EV,61,62.65125
2023-07-02,Perfect,EV,62,62.65125
2023-07-02,Perfect,EV,63,62.65125
2023-07-02,Perfect,EV,64,62.65125
2023-07-02,Perfect,EV,65,31.288
2023-07-02,Perfect,EV,66,31.288
2023-07-02,Perfect,EV,67,31.288
2023-07-02,Perfect,EV,68,31.288
2023-07-02,Perfect,EV,69,31.288
2023-07-02,Perfect,EV,70,31.288
2023-07-02,Perfect,EV,71,31.288
2023-07-02,Perfect,EV,72,31.288
2023-07-02,Perfect,EV,73,31.288
2023-07-02,Perfect,EV,74,31.288
2023-07-02,Perfect,EV,75,31.288
2023-07-02,Perfect,EV,76,31.288
2023-07-02,Perfect,EV,77,31.288
2023-07-02,Perfect,EV,78,31.288
2023-07-02,Perfect,EV,79,31.288
2023-07-02,Perfect,EV,80,28.152
2023-07-02,Perfect,EV,81,31.288
2023-07-02,Perfect,EV,82,26.4
2023-07-02,Perfect,EV,83,26.4
2023-07-02,Perfect,EV,84,18.088
2023-07-02,Perfect,EV,85,47.392
2023-07-02,Perfect,EV,86,39.6
2023-07-02,Perfect,EV,87,43.752
2023-07-02,Perfect,EV,88,26.4
2023-07-02,Perfect,EV,89,17.376
2023-07-02,Perfect,EV,90,19.8
2023-07-02,Perfect,EV,91,13.2
2023-07-02,Perfect,EV,92,13.2
2023-07-02,Perfect,EV,93,5.304
2023-07-02,Perfect,EV,94,6.6
2023-07-02,Perfect,EV,95,0.0
2023-07-02,Perfect,EV,96,0.0
2023-07-02,Perfect,Charger,1,0.0
2023-07-02,Perfect,Charger,2,0.0
2023-07-02,Perfect,Charger,3,6.6
2023-07-02,Perfect,Charger,4,13.2
2023-07-02,Perfect,Charger,5,13.2
2023-07-02,Perfect,Charger,6,13.2
2023-07-02,Perfect,Charger,7,13.2
2023-07-02,Perfect,Charger,8,13.2
2023-07-02,Perfect,Charger,9,13.2
2023-07-02,Perfect,Charger,10,13.2
2023-07-02,Perfect,Charger,11,13.2
2023-07-02,Perfect,Charger,12,13.2
2023-07-02,Perfect,Charger,13,13.2
2023-07-02,Perfect,Charger,14,13.2
2023-07-02,Perfect,Charger,15,13.2
2023-07-02,Perfect,Charger,16,13.2
2023-07-02,Perfect,Charger,17,13.2
2023-07-02,Perfect,Charger,18,13.2
2023-07-02,Perfect,Charger,19,13.2
2023-07-02,Perfect,Charger,20,13.2
2023-07-02,Perfect,Charger,21,6.6
2023-07-02,Perfect,Charger,22,6.6
2023-07-02,Perfect,Charger,23,13.2
2023-07-02,Perfect,Charger,24,13.2
2023-07-02,Perfect,Charger,25,13.2
2023-07-02,Perfect,Charger,26,19.8
2023-07-02,Perfect,Charger,27,26.4
2023-07-02,Perfect,Charger,28,33.0
2023-07-02,Perfect,Charger,29,37.24
2023-07-02,Perfect,Charger,30,41.996
2023-07-02,Perfect,Charger,31,52.8
2023-07-02,Perfect,Charger,32,57.42
2023-07-02,Perfect,Charger,33,64.027692
2023-07-02,Perfect,Charger,34,64.027692
2023-07-02,Perfect,Charger,35,64.027692
2023-07-02,Perfect,Charger,36,64.027692
2023-07-02,Perfect,Charger,37,64.027692
2023-07-02,Perfect,Charger,38,64.027692
2023-07-02,Perfect,Charger,39,64.027692
2023-07-02,Perfect,Charger,40,64.027692
2023-07-02,Perfect,Charger,41,54.293238
2023-07-02,Perfect,Charger,42,52.8
2023-07-02,Perfect,Charger,43,64.027692
2023-07-02,Perfect,Charger,44,64.027692
2023-07-02,Perfect,Charger,45,64.027692
2023-07-02,Perfect,Charger,46,64.027692
2023-07-02,Perfect,Charger,47,64.027692
2023-07-02,Perfect,Charger,48,64.027692
2023-07-02,Perfect,Charger,49,61.185846
2023-07-02,Perfect,Charger,50,64.027692
2023-07-02,Perfect,Charger,51,64.027692
2023-07-02,Perfect,Charger,52,63.804
2023-07-02,Perfect,Charger,53,51.240616
2023-07-02,Perfect,Charger,54,42.076
2023-07-02,Perfect,Charger,55,32.083692
2023-07-02,Perfect,Charger,56,38.347384
2023-07-02,Perfect,Charger,57,47.264
2023-07-02,Perfect,Charger,58,59.4
2023-07-02,Perfect,Charger,59,38.495379
2023-07-02,Perfect,Charger,60,50.831385
2023-07-02,Perfect,Charger,61,42.240924
2023-07-02,Perfect,Charger,62,64.027692
2023-07-02,Perfect,Charger,63,64.027692
2023-07-02,Perfect,Charger,64,64.027692
2023-07-02,Perfect,Charger,65,23.990353
2023-07-02,Perfect,Charger,66,23.990353
2023-07-02,Perfect,Charger,67,23.990352
2023-07-02,Perfect,Charger,68,23.990353
2023-07-02,Perfect,Charger,69,23.990353
2023-07-02,Perfect,Charger,70,23.990353
2023-07-02,Perfect,Charger,71,23.990353
2023-07-02,Perfect,Charger,72,23.990353
2023-07-02,Perfect,Charger,73,23.990353
2023-07-02,Perfect,Charger,74,23.990353
2023-07-02,Perfect,Charger,75,23.990353
2023-07-02,Perfect,Charger,76,23.990353
2023-07-02,Perfect,Charger,77,23.990353
2023-07-02,Perfect,Charger,78,23.990353
2023-07-02,Perfect,Charger,79,23.990353
2023-07-02,Perfect,Charger,80,23.990353
2023-07-02,Perfect,Charger,81,23.990353
2023-07-02,Perfect,Charger,82,19.8
2023-07-02,Perfect,Charger,83,13.2
2023-07-02,Perfect,Charger,84,13.2
2023-07-02,Perfect,Charger,85,27.592
2023-07-02,Perfect,Charger,86,19.8
2023-07-02,Perfect,Charger,87,26.4
2023-07-02,Perfect,Charger,88,13.54
2023-07-02,Perfect,Charger,89,13.2
2023-07-02,Perfect,Charger,90,13.2
2023-07-02,Perfect,Charger,91,13.2
2023-07-02,Perfect,Charger,92,13.2
2023-07-02,Perfect,Charger,93,5.304
2023-07-02,Perfect,Charger,94,6.6
2023-07-02,Perfect,Charger,95,0.0
2023-07-02,Perfect,Charger,96,0.0
2023-07-02,Noforecast,EV,1,0.0
2023-07-02,Noforecast,EV,2,0.0
2023-07-02,Noforecast,EV,3,2.9404167
2023-07-02,Noforecast,EV,4,4.4235342
2023-07-02,Noforecast,EV,5,4.4235342
2023-07-02,Noforecast,EV,6,4.4235342
2023-07-02,Noforecast,EV,7,4.4235342
2023-07-02,Noforecast,EV,8,4.4235342
2023-07-02,Noforecast,EV,9,4.4235342
2023-07-02,Noforecast,EV,10,4.4235342
2023-07-02,Noforecast,EV,11,4.4235342
2023-07-02,Noforecast,EV,12,4.4235342
2023-07-02,Noforecast,EV,13,4.4235342
2023-07-02,Noforecast,EV,14,4.4235342
2023-07-02,Noforecast,EV,15,4.4235342
2023-07-02,Noforecast,EV,16,4.4235342
2023-07-02,Noforecast,EV,17,4.4235342
2023-07-02,Noforecast,EV,18,4.4235342
2023-07-02,Noforecast,EV,19,4.4235342
2023-07-02,Noforecast,EV,20,4.4235342
2023-07-02,Noforecast,EV,21,6.9954678
2023-07-02,Noforecast,EV,22,6.9954678
2023-07-02,Noforecast,EV,23,6.9954678
2023-07-02,Noforecast,EV,24,6.9954678
2023-07-02,Noforecast,EV,25,8.8173408
2023-07-02,Noforecast,EV,26,9.7342638
2023-07-02,Noforecast,EV,27,9.7342638
2023-07-02,Noforecast,EV,28,10.027237
2023-07-02,Noforecast,EV,29,12.608348
2023-07-02,Noforecast,EV,30,12.608348
2023-07-02,Noforecast,EV,31,18.540936
2023-07-02,Noforecast,EV,32,19.023118
2023-07-02,Noforecast,EV,33,22.555993
2023-07-02,Noforecast,EV,34,31.179964
2023-07-02,Noforecast,EV,35,31.179964
2023-07-02,Noforecast,EV,36,32.942407
2023-07-02,Noforecast,EV,37,32.942407
2023-07-02,Noforecast,EV,38,40.111991
2023-07-02,Noforecast,EV,39,42.321338
2023-07-02,Noforecast,EV,40,42.321338
2023-07-02,Noforecast,EV,41,47.533338
2023-07-02,Noforecast,EV,42,55.755117
2023-07-02,Noforecast,EV,43,59.854092
2023-07-02,Noforecast,EV,44,64.745031
2023-07-02,Noforecast,EV,45,76.204894
2023-07-02,Noforecast,EV,46,77.703561
2023-07-02,Noforecast,EV,47,77.703561
2023-07-02,Noforecast,EV,48,77.703561
2023-07-02,Noforecast,EV,49,77.703561
2023-07-02,Noforecast,EV,50,77.703561
2023-07-02,Noforecast,EV,51,77.703561
2023-07-02,Noforecast,EV,52,77.703561
2023-07-02,Noforecast,EV,53,77.703561
2023-07-02,Noforecast,EV,54,77.703561
2023-07-02,Noforecast,EV,55,77.703561
2023-07-02,Noforecast,EV,56,77.703561
2023-07-02,Noforecast,EV,57,77.703561
2023-07-02,Noforecast,EV,58,77.703561
2023-07-02,Noforecast,EV,59,77.703561
2023-07-02,Noforecast,EV,60,77.703561
2023-07-02,Noforecast,EV,61,77.703561
2023-07-02,Noforecast,EV,62,77.703561
2023-07-02,Noforecast,EV,63,77.703561
2023-07-02,Noforecast,EV,64,77.703561
2023-07-02,Noforecast,EV,65,43.46003
2023-07-02,Noforecast,EV,66,46.029308
2023-07-02,Noforecast,EV,67,46.029308
2023-07-02,Noforecast,EV,68,54.100308
2023-07-02,Noforecast,EV,69,54.100308
2023-07-02,Noforecast,EV,70,62.40166
2023-07-02,Noforecast,EV,71,62.40166
2023-07-02,Noforecast,EV,72,62.40166
2023-07-02,Noforecast,EV,73,59.4
2023-07-02,Noforecast,EV,74,58.644
2023-07-02,Noforecast,EV,75,48.452
2023-07-02,Noforecast,EV,76,46.2
2023-07-02,Noforecast,EV,77,39.6
2023-07-02,Noforecast,EV,78,39.6
2023-07-02,Noforecast,EV,79,36.504
2023-07-02,Noforecast,EV,80,38.864
2023-07-02,Noforecast,EV,81,33.0
2023-07-02,Noforecast,EV,82,25.464
2023-07-02,Noforecast,EV,83,19.8
2023-07-02,Noforecast,EV,84,19.8
2023-07-02,Noforecast,EV,85,47.392
2023-07-02,Noforecast,EV,86,39.6
2023-07-02,Noforecast,EV,87,43.752
2023-07-02,Noforecast,EV,88,26.4
2023-07-02,Noforecast,EV,89,17.376
2023-07-02,Noforecast,EV,90,19.8
2023-07-02,Noforecast,EV,91,13.2
2023-07-02,Noforecast,EV,92,13.2
2023-07-02,Noforecast,EV,93,5.304
2023-07-02,Noforecast,EV,94,6.6
2023-07-02,Noforecast,EV,95,0.0
2023-07-02,Noforecast,EV,96,0.0
2023-07-02,Noforecast,Charger,1,0.0
2023-07-02,Noforecast,Charger,2,0.0
2023-07-02,Noforecast,Charger,3,2.9404167
2023-07-02,Noforecast,Charger,4,4.4235342
2023-07-02,Noforecast,Charger,5,4.4235342
2023-07-02,Noforecast,Charger,6,4.4235342
2023-07-02,Noforecast,Charger,7,4.4235342
2023-07-02,Noforecast,Charger,8,4.4235342
2023-07-02,Noforecast,Charger,9,4.4235342
2023-07-02,Noforecast,Charger,10,4.4235342
2023-07-02,Noforecast,Charger,11,4.4235342
2023-07-02,Noforecast,Charger,12,4.4235342
2023-07-02,Noforecast,Charger,13,4.4235342
2023-07-02,Noforecast,Charger,14,4.4235342
2023-07-02,Noforecast,Charger,15,4.4235342
2023-07-02,Noforecast,Charger,16,4.4235342
2023-07-02,Noforecast,Charger,17,4.4235342
2023-07-02,Noforecast,Charger,18,4.4235342
2023-07-02,Noforecast,Charger,19,4.4235342
2023-07-02,Noforecast,Charger,20,4.4235342
2023-07-02,Noforecast,Charger,21,6.9954678
2023-07-02,Noforecast,Charger,22,6.9954678
2023-07-02,Noforecast,Charger,23,6.9954678
2023-07-02,Noforecast,Charger,24,6.9954678
2023-07-02,Noforecast,Charger,25,8.8173408
2023-07-02,Noforecast,Charger,26,9.7342638
2023-07-02,Noforecast,Charger,27,9.7342638
2023-07-02,Noforecast,Charger,28,10.027237
2023-07-02,Noforecast,Charger,29,12.608348
2023-07-02,Noforecast,Charger,30,12.608348
2023-07-02,Noforecast,Charger,31,18.540936
2023-07-02,Noforecast,Charger,32,19.023118
2023-07-02,Noforecast,Charger,33,22.555993
2023-07-02,Noforecast,Charger,34,31.037376
2023-07-02,Noforecast,Charger,35,31.037376
2023-07-02,Noforecast,Charger,36,32.243091
2023-07-02,Noforecast,Charger,37,32.243091
2023-07-02,Noforecast,Charger,38,40.790281
2023-07-02,Noforecast,Charger,39,42.705881
2023-07-02,Noforecast,Charger,40,42.705881
2023-07-02,Noforecast,Charger,41,47.546209
2023-07-02,Noforecast,Charger,42,56.561262
2023-07-02,Noforecast,Charger,43,60.601082
2023-07-02,Noforecast,Charger,44,60.601082
2023-07-02,Noforecast,Charger,45,71.713353
2023-07-02,Noforecast,Charger,46,73.212019
2023-07-02,Noforecast,Charger,47,73.212019
2023-07-02,Noforecast,Charger,48,73.212019
2023-07-02,Noforecast,Charger,49,73.212019
2023-07-02,Noforecast,Charger,50,73.212019
2023-07-02,Noforecast,Charger,51,73.212019
2023-07-02,Noforecast,Charger,52,69.135981
2023-07-02,Noforecast,Charger,53,73.212019
2023-07-02,Noforecast,Charger,54,73.212019
2023-07-02,Noforecast,Charger,55,73.212019
2023-07-02,Noforecast,Charger,56,73.212019
2023-07-02,Noforecast,Charger,57,73.212019
2023-07-02,Noforecast,Charger,58,73.212019
2023-07-02,Noforecast,Charger,59,73.212019
2023-07-02,Noforecast,Charger,60,73.212019
2023-07-02,Noforecast,Charger,61,73.212019
2023-07-02,Noforecast,Charger,62,73.212019
2023-07-02,Noforecast,Charger,63,73.212019
2023-07-02,Noforecast,Charger,64,73.212019
2023-07-02,Noforecast,Charger,65,27.516653
2023-07-02,Noforecast,Charger,66,27.516653
2023-07-02,Noforecast,Charger,67,27.516653
2023-07-02,Noforecast,Charger,68,35.138662
2023-07-02,Noforecast,Charger,69,35.138662
2023-07-02,Noforecast,Charger,70,45.106648
2023-07-02,Noforecast,Charger,71,45.106648
2023-07-02,Noforecast,Charger,72,45.106648
2023-07-02,Noforecast,Charger,73,45.275324
2023-07-02,Noforecast,Charger,74,45.275324
2023-07-02,Noforecast,Charger,75,42.155619
2023-07-02,Noforecast,Charger,76,39.6
2023-07-02,Noforecast,Charger,77,39.6
2023-07-02,Noforecast,Charger,78,33.0
2023-07-02,Noforecast,Charger,79,33.0
2023-07-02,Noforecast,Charger,80,33.0
2023-07-02,Noforecast,Charger,81,24.4
2023-07-02,Noforecast,Charger,82,19.8
2023-07-02,Noforecast,Charger,83,13.2
2023-07-02,Noforecast,Charger,84,13.2
2023-07-02,Noforecast,Charger,85,35.604
2023-07-02,Noforecast,Charger,86,27.864
2023-07-02,Noforecast,Charger,87,33.0
2023-07-02,Noforecast,Charger,88,13.2
2023-07-02,Noforecast,Charger,89,13.2
2023-07-02,Noforecast,Charger,90,13.2
2023-07-02,Noforecast,Charger,91,13.2
2023-07-02,Noforecast,Charger,92,6.6
2023-07-02,Noforecast,Charger,93,5.304
2023-07-02,Noforecast,Charger,94,6.6
2023-07-02,Noforecast,Charger,95,0.0
2023-07-02,Noforecast,Charger,96,0.0
2023-07-02,Persistence,EV,1,0.0
2023-07-02,Persistence,EV,2,0.0
2023-07-02,Persistence,EV,3,6.6
2023-07-02,Persistence,EV,4,13.2
2023-07-02,Persistence,EV,5,13.2
2023-07-02,Persistence,EV,6,13.2
2023-07-02,Persistence,EV,7,13.2
2023-07-02,Persistence,EV,8,13.2
2023-07-02,Persistence,EV,9,13.2
2023-07-02,Persistence,EV,10,13.2
2023-07-02,Persistence,EV,11,13.2
2023-07-02,Persistence,EV,12,13.2
2023-07-02,Persistence,EV,13,13.2
2023-07-02,Persistence,EV,14,13.2
2023-07-02,Persistence,EV,15,13.2
2023-07-02,Persistence,EV,16,13.2
2023-07-02,Persistence,EV,17,13.2
2023-07-02,Persistence,EV,18,6.6
2023-07-02,Persistence,EV,19,13.2
2023-07-02,Persistence,EV,20,6.6
2023-07-02,Persistence,EV,21,0.0
2023-07-02,Persistence,EV,22,13.2
2023-07-02,Persistence,EV,23,6.6
2023-07-02,Persistence,EV,24,0.0
2023-07-02,Persistence,EV,25,8.3770909
2023-07-02,Persistence,EV,26,22.502
2023-07-02,Persistence,EV,27,20.872
2023-07-02,Persistence,EV,28,25.328
2023-07-02,Persistence,EV,29,28.94
2023-07-02,Persistence,EV,30,26.4
2023-07-02,Persistence,EV,31,52.8
2023-07-02,Persistence,EV,32,55.128509
2023-07-02,Persistence,EV,33,70.301763
2023-07-02,Persistence,EV,34,74.527569
2023-07-02,Persistence,EV,35,50.401272
2023-07-02,Persistence,EV,36,59.070272
2023-07-02,Persistence,EV,37,58.222194
2023-07-02,Persistence,EV,38,48.112
2023-07-02,Persistence,EV,39,64.94
2023-07-02,Persistence,EV,40,62.083491
2023-07-02,Persistence,EV,41,56.728431
2023-07-02,Persistence,EV,42,74.527569
2023-07-02,Persistence,EV,43,74.527569
2023-07-02,Persistence,EV,44,73.388
2023-07-02,Persistence,EV,45,56.844
2023-07-02,Persistence,EV,46,59.639569
2023-07-02,Persistence,EV,47,74.527569
2023-07-02,Persistence,EV,48,74.527569
2023-07-02,Persistence,EV,49,41.075569
2023-07-02,Persistence,EV,50,56.392509
2023-07-02,Persistence,EV,51,73.876
2023-07-02,Persistence,EV,52,57.848
2023-07-02,Persistence,EV,53,56.33106
2023-07-02,Persistence,EV,54,57.252
2023-07-02,Persistence,EV,55,73.392
2023-07-02,Persistence,EV,56,55.144
2023-07-02,Persistence,EV,57,74.527569
2023-07-02,Persistence,EV,58,74.527569
2023-07-02,Persistence,EV,59,74.527569
2023-07-02,Persistence,EV,60,74.527569
2023-07-02,Persistence,EV,61,74.527569
2023-07-02,Persistence,EV,62,74.527569
2023-07-02,Persistence,EV,63,74.527569
2023-07-02,Persistence,EV,64,74.527569
2023-07-02,Persistence,EV,65,24.312594
2023-07-02,Persistence,EV,66,25.843234
2023-07-02,Persistence,EV,67,25.843234
2023-07-02,Persistence,EV,68,31.07237
2023-07-02,Persistence,EV,69,31.07237
2023-07-02,Persistence,EV,70,39.976197
2023-07-02,Persistence,EV,71,39.976197
2023-07-02,Persistence,EV,72,39.223803
2023-07-02,Persistence,EV,73,39.6
2023-07-02,Persistence,EV,74,26.4
2023-07-02,Persistence,EV,75,26.4
2023-07-02,Persistence,EV,76,19.8
2023-07-02,Persistence,EV,77,29.429333
2023-07-02,Persistence,EV,78,28.038344
2023-07-02,Persistence,EV,79,31.904
2023-07-02,Persistence,EV,80,31.182541
2023-07-02,Persistence,EV,81,24.4
2023-07-02,Persistence,EV,82,27.561656
2023-07-02,Persistence,EV,83,19.8
2023-07-02,Persistence,EV,84,19.8
2023-07-02,Persistence,EV,85,47.392
2023-07-02,Persistence,EV,86,39.6
2023-07-02,Persistence,EV,87,43.752
2023-07-02,Persistence,EV,88,26.4
2023-07-02,Persistence,EV,89,17.376
2023-07-02,Persistence,EV,90,19.8
2023-07-02,Persistence,EV,91,13.2
2023-07-02,Persistence,EV,92,13.2
2023-07-02,Persistence,EV,93,5.304
2023-07-02,Persistence,EV,94,6.6
2023-07-02,Persistence,EV,95,0.0
2023-07-02,Persistence,EV,96,0.0
2023-07-02,Persistence,Charger,1,0.0
2023-07-02,Persistence,Charger,2,0.0
2023-07-02,Persistence,Charger,3,6.6
2023-07-02,Persistence,Charger,4,13.2
2023-07-02,Persistence,Charger,5,13.2
2023-07-02,Persistence,Charger,6,13.2
2023-07-02,Persistence,Charger,7,13.2
2023-07-02,Persistence,Charger,8,13.2
2023-07-02,Persistence,Charger,9,13.2
2023-07-02,Persistence,Charger,10,13.2
2023-07-02,Persistence,Charger,11,13.2
2023-07-02,Persistence,Charger,12,13.2
2023-07-02,Persistence,Charger,13,13.2
2023-07-02,Persistence,Charger,14,13.2
2023-07-02,Persistence,Charger,15,13.2
2023-07-02,Persistence,Charger,16,13.2
2023-07-02,Persistence,Charger,17,13.2
2023-07-02,Persistence,Charger,18,13.2
2023-07-02,Persistence,Charger,19,6.6
2023-07-02,Persistence,Charger,20,6.6
2023-07-02,Persistence,Charger,21,6.6
2023-07-02,Persistence,Charger,22,19.8
2023-07-02,Persistence,Charger,23,19.436
2023-07-02,Persistence,Charger,24,19.8
2023-07-02,Persistence,Charger,25,19.8
2023-07-02,Persistence,Charger,26,26.4
2023-07-02,Persistence,Charger,27,26.4
2023-07-02,Persistence,Charger,28,26.4
2023-07-02,Persistence,Charger,29,46.2
2023-07-02,Persistence,Charger,30,39.6
2023-07-02,Persistence,Charger,31,63.510471
2023-07-02,Persistence,Charger,32,64.215319
2023-07-02,Persistence,Charger,33,67.748194
2023-07-02,Persistence,Charger,34,69.883033
2023-07-02,Persistence,Charger,35,55.821629
2023-07-02,Persistence,Charger,36,49.88
2023-07-02,Persistence,Charger,37,69.883033
2023-07-02,Persistence,Charger,38,70.023049
2023-07-02,Persistence,Charger,39,70.759818
2023-07-02,Persistence,Charger,40,67.049441
2023-07-02,Persistence,Charger,41,64.497922
2023-07-02,Persistence,Charger,42,70.813292
2023-07-02,Persistence,Charger,43,58.54
2023-07-02,Persistence,Charger,44,70.813292
2023-07-02,Persistence,Charger,45,70.813292
2023-07-02,Persistence,Charger,46,66.0
2023-07-02,Persistence,Charger,47,46.849627
2023-07-02,Persistence,Charger,48,70.813292
2023-07-02,Persistence,Charger,49,46.2
2023-07-02,Persistence,Charger,50,59.4
2023-07-02,Persistence,Charger,51,49.328
2023-07-02,Persistence,Charger,52,70.813292
2023-07-02,Persistence,Charger,53,65.272
2023-07-02,Persistence,Charger,54,70.813292
2023-07-02,Persistence,Charger,55,56.588
2023-07-02,Persistence,Charger,56,49.128
2023-07-02,Persistence,Charger,57,67.054708
2023-07-02,Persistence,Charger,58,70.813292
2023-07-02,Persistence,Charger,59,58.768237
2023-07-02,Persistence,Charger,60,50.564
2023-07-02,Persistence,Charger,61,47.986708
2023-07-02,Persistence,Charger,62,41.525416
2023-07-02,Persistence,Charger,63,64.213292
2023-07-02,Persistence,Charger,64,61.693292
2023-07-02,Persistence,Charger,65,20.757
2023-07-02,Persistence,Charger,66,20.757
2023-07-02,Persistence,Charger,67,20.757
2023-07-02,Persistence,Charger,68,27.809615
2023-07-02,Persistence,Charger,69,27.809615
2023-07-02,Persistence,Charger,70,30.401615
2023-07-02,Persistence,Charger,71,30.401615
2023-07-02,Persistence,Charger,72,30.401615
2023-07-02,Persistence,Charger,73,30.401615
2023-07-02,Persistence,Charger,74,25.644
2023-07-02,Persistence,Charger,75,26.4
2023-07-02,Persistence,Charger,76,26.4
2023-07-02,Persistence,Charger,77,20.919308
2023-07-02,Persistence,Charger,78,26.4
2023-07-02,Persistence,Charger,79,26.314385
2023-07-02,Persistence,Charger,80,26.4
2023-07-02,Persistence,Charger,81,24.485615
2023-07-02,Persistence,Charger,82,19.8
2023-07-02,Persistence,Charger,83,13.2
2023-07-02,Persistence,Charger,84,13.2
2023-07-02,Persistence,Charger,85,23.512
2023-07-02,Persistence,Charger,86,19.8
2023-07-02,Persistence,Charger,87,26.4
2023-07-02,Persistence,Charger,88,13.2
2023-07-02,Persistence,Charger,89,13.2
2023-07-02,Persistence,Charger,90,13.2
2023-07-02,Persistence,Charger,91,13.2
2023-07-02,Persistence,Charger,92,6.6
2023-07-02,Persistence,Charger,93,5.304
2023-07-02,Persistence,Charger,94,6.6
2023-07-02,Persistence,Charger,95,0.0
2023-07-02,Persistence,Charger,96,0.0
2023-07-02,Statistic,EV,1,0.0
2023-07-02,Statistic,EV,2,0.0
2023-07-02,Statistic,EV,3,6.6
2023-07-02,Statistic,EV,4,0.0
2023-07-02,Statistic,EV,5,6.6
2023-07-02,Statistic,EV,6,6.6
2023-07-02,Statistic,EV,7,6.6
2023-07-02,Statistic,EV,8,6.6
2023-07-02,Statistic,EV,9,6.6
2023-07-02,Statistic,EV,10,13.2
2023-07-02,Statistic,EV,11,13.2
2023-07-02,Statistic,EV,12,6.6
2023-07-02,Statistic,EV,13,13.2
2023-07-02,Statistic,EV,14,13.2
2023-07-02,Statistic,EV,15,6.236
2023-07-02,Statistic,EV,16,13.2
2023-07-02,Statistic,EV,17,13.2
2023-07-02,Statistic,EV,18,13.2
2023-07-02,Statistic,EV,19,6.6
2023-07-02,Statistic,EV,20,2.54
2023-07-02,Statistic,EV,21,19.8
2023-07-02,Statistic,EV,22,19.8
2023-07-02,Statistic,EV,23,19.8
2023-07-02,Statistic,EV,24,19.8
2023-07-02,Statistic,EV,25,26.4
2023-07-02,Statistic,EV,26,33.0
2023-07-02,Statistic,EV,27,33.0
2023-07-02,Statistic,EV,28,13.2
2023-07-02,Statistic,EV,29,26.4
2023-07-02,Statistic,EV,30,29.16
2023-07-02,Statistic,EV,31,37.474133
2023-07-02,Statistic,EV,32,33.871378
2023-07-02,Statistic,EV,33,60.172525
2023-07-02,Statistic,EV,34,64.819235
2023-07-02,Statistic,EV,35,62.923773
2023-07-02,Statistic,EV,36,44.428
2023-07-02,Statistic,EV,37,65.05076
2023-07-02,Statistic,EV,38,70.272093
2023-07-02,Statistic,EV,39,70.272093
2023-07-02,Statistic,EV,40,52.156
2023-07-02,Statistic,EV,41,67.280794
2023-07-02,Statistic,EV,42,70.272093
2023-07-02,Statistic,EV,43,57.124
2023-07-02,Statistic,EV,44,65.282037
2023-07-02,Statistic,EV,45,70.272093
2023-07-02,Statistic,EV,46,70.272093
2023-07-02,Statistic,EV,47,64.6
2023-07-02,Statistic,EV,48,70.272093
2023-07-02,Statistic,EV,49,39.6
2023-07-02,Statistic,EV,50,63.929312
2023-07-02,Statistic,EV,51,58.447031
2023-07-02,Statistic,EV,52,70.272093
2023-07-02,Statistic,EV,53,38.556
2023-07-02,Statistic,EV,54,46.2
2023-07-02,Statistic,EV,55,70.272093
2023-07-02,Statistic,EV,56,70.272093
2023-07-02,Statistic,EV,57,70.272093
2023-07-02,Statistic,EV,58,70.272093
2023-07-02,Statistic,EV,59,70.272093
2023-07-02,Statistic,EV,60,70.272093
2023-07-02,Statistic,EV,61,70.272093
2023-07-02,Statistic,EV,62,70.272093
2023-07-02,Statistic,EV,63,70.272093
2023-07-02,Statistic,EV,64,70.272093
2023-07-02,Statistic,EV,65,33.262015
2023-07-02,Statistic,EV,66,32.684595
2023-07-02,Statistic,EV,67,29.375588
2023-07-02,Statistic,EV,68,33.262015
2023-07-02,Statistic,EV,69,27.641985
2023-07-02,Statistic,EV,70,37.950481
2023-07-02,Statistic,EV,71,37.950481
2023-07-02,Statistic,EV,72,37.950481
2023-07-02,Statistic,EV,73,38.500467
2023-07-02,Statistic,EV,74,38.500467
2023-07-02,Statistic,EV,75,38.500467
2023-07-02,Statistic,EV,76,36.304934
2023-07-02,Statistic,EV,77,38.500467
2023-07-02,Statistic,EV,78,27.499533
2023-07-02,Statistic,EV,79,26.4
2023-07-02,Statistic,EV,80,32.395465
2023-07-02,Statistic,EV,81,30.264
2023-07-02,Statistic,EV,82,26.4
2023-07-02,Statistic,EV,83,26.4
2023-07-02,Statistic,EV,84,18.864
2023-07-02,Statistic,EV,85,40.792
2023-07-02,Statistic,EV,86,39.6
2023-07-02,Statistic,EV,87,46.2
2023-07-02,Statistic,EV,88,30.552
2023-07-02,Statistic,EV,89,17.376
2023-07-02,Statistic,EV,90,19.8
2023-07-02,Statistic,EV,91,13.2
2023-07-02,Statistic,EV,92,13.2
2023-07-02,Statistic,EV,93,5.304
2023-07-02,Statistic,EV,94,6.6
2023-07-02,Statistic,EV,95,0.0
2023-07-02,Statistic,EV,96,0.0
2023-07-02,Statistic,Charger,1,0.0
2023-07-02,Statistic,Charger,2,0.0
2023-07-02,Statistic,Charger,3,6.6
2023-07-02,Statistic,Charger,4,13.2
2023-07-02,Statistic,Charger,5,9.14
2023-07-02,Statistic,Charger,6,13.2
2023-07-02,Statistic,Charger,7,2.8421709e-14
2023-07-02,Statistic,Charger,8,13.2
2023-07-02,Statistic,Charger,9,13.2
2023-07-02,Statistic,Charger,10,6.6
2023-07-02,Statistic,Charger,11,6.6
2023-07-02,Statistic,Charger,12,13.2
2023-07-02,Statistic,Charger,13,13.2
2023-07-02,Statistic,Charger,14,13.2
2023-07-02,Statistic,Charger,15,13.2
2023-07-02,Statistic,Charger,16,13.2
2023-07-02,Statistic,Charger,17,13.2
2023-07-02,Statistic,Charger,18,6.6
2023-07-02,Statistic,Charger,19,6.6
2023-07-02,Statistic,Charger,20,13.2
2023-07-02,Statistic,Charger,21,19.436
2023-07-02,Statistic,Charger,22,19.8
2023-07-02,Statistic,Charger,23,19.8
2023-07-02,Statistic,Charger,24,19.8
2023-07-02,Statistic,Charger,25,26.4
2023-07-02,Statistic,Charger,26,13.2
2023-07-02,Statistic,Charger,27,19.8
2023-07-02,Statistic,Charger,28,19.8
2023-07-02,Statistic,Charger,29,34.605144
2023-07-02,Statistic,Charger,30,26.4
2023-07-02,Statistic,Charger,31,58.641781
2023-07-02,Statistic,Charger,32,58.641781
2023-07-02,Statistic,Charger,33,60.396906
2023-07-02,Statistic,Charger,34,65.043615
2023-07-02,Statistic,Charger,35,59.4
2023-07-02,Statistic,Charger,36,65.043615
2023-07-02,Statistic,Charger,37,66.580316
2023-07-02,Statistic,Charger,38,71.801649
2023-07-02,Statistic,Charger,39,71.801649
2023-07-02,Statistic,Charger,40,68.318351
2023-07-02,Statistic,Charger,41,71.801649
2023-07-02,Statistic,Charger,42,71.801649
2023-07-02,Statistic,Charger,43,71.801649
2023-07-02,Statistic,Charger,44,71.801649
2023-07-02,Statistic,Charger,45,71.801649
2023-07-02,Statistic,Charger,46,71.801649
2023-07-02,Statistic,Charger,47,59.64
2023-07-02,Statistic,Charger,48,71.801649
2023-07-02,Statistic,Charger,49,71.801649
2023-07-02,Statistic,Charger,50,68.588
2023-07-02,Statistic,Charger,51,71.801649
2023-07-02,Statistic,Charger,52,47.448
2023-07-02,Statistic,Charger,53,27.464
2023-07-02,Statistic,Charger,54,58.834201
2023-07-02,Statistic,Charger,55,48.88
2023-07-02,Statistic,Charger,56,57.56
2023-07-02,Statistic,Charger,57,71.801649
2023-07-02,Statistic,Charger,58,69.262351
2023-07-02,Statistic,Charger,59,65.784
2023-07-02,Statistic,Charger,60,63.261899
2023-07-02,Statistic,Charger,61,47.488
2023-07-02,Statistic,Charger,62,60.205649
2023-07-02,Statistic,Charger,63,71.801649
2023-07-02,Statistic,Charger,64,59.644699
2023-07-02,Statistic,Charger,65,17.699111
2023-07-02,Statistic,Charger,66,17.699111
2023-07-02,Statistic,Charger,67,17.699111
2023-07-02,Statistic,Charger,68,19.272444
2023-07-02,Statistic,Charger,69,19.272444
2023-07-02,Statistic,Charger,70,29.302444
2023-07-02,Statistic,Charger,71,29.302445
2023-07-02,Statistic,Charger,72,29.302445
2023-07-02,Statistic,Charger,73,29.302445
2023-07-02,Statistic,Charger,74,26.4
2023-07-02,Statistic,Charger,75,25.643999
2023-07-02,Statistic,Charger,76,26.4
2023-07-02,Statistic,Charger,77,26.4
2023-07-02,Statistic,Charger,78,26.4
2023-07-02,Statistic,Charger,79,24.4
2023-07-02,Statistic,Charger,80,26.4
2023-07-02,Statistic,Charger,81,26.4
2023-07-02,Statistic,Charger,82,19.8
2023-07-02,Statistic,Charger,83,13.2
2023-07-02,Statistic,Charger,84,13.2
2023-07-02,Statistic,Charger,85,30.112
2023-07-02,Statistic,Charger,86,21.264
2023-07-02,Statistic,Charger,87,33.0
2023-07-02,Statistic,Charger,88,13.2
2023-07-02,Statistic,Charger,89,13.2
2023-07-02,Statistic,Charger,90,13.2
2023-07-02,Statistic,Charger,91,13.2
2023-07-02,Statistic,Charger,92,6.6
2023-07-02,Statistic,Charger,93,5.304
2023-07-02,Statistic,Charger,94,6.6
2023-07-02,Statistic,Charger,95,0.0
2023-07-02,Statistic,Charger,96,0.0
2023-07-02,GMM,EV,1,0.0
2023-07-02,GMM,EV,2,0.0
2023-07-02,GMM,EV,3,6.6
2023-07-02,GMM,EV,4,13.2
2023-07-02,GMM,EV,5,13.2
2023-07-02,GMM,EV,6,13.2
2023-07-02,GMM,EV,7,13.2
2023-07-02,GMM,EV,8,13.2
2023-07-02,GMM,EV,9,13.2
2023-07-02,GMM,EV,10,13.2
2023-07-02,GMM,EV,11,13.2
2023-07-02,GMM,EV,12,13.2
2023-07-02,GMM,EV,13,13.2
2023-07-02,GMM,EV,14,13.2
2023-07-02,GMM,EV,15,13.2
2023-07-02,GMM,EV,16,13.2
2023-07-02,GMM,EV,17,13.2
2023-07-02,GMM,EV,18,13.2
2023-07-02,GMM,EV,19,6.6
2023-07-02,GMM,EV,20,9.14
2023-07-02,GMM,EV,21,6.6
2023-07-02,GMM,EV,22,6.6
2023-07-02,GMM,EV,23,13.2
2023-07-02,GMM,EV,24,6.6
2023-07-02,GMM,EV,25,13.2
2023-07-02,GMM,EV,26,19.8
2023-07-02,GMM,EV,27,13.2
2023-07-02,GMM,EV,28,13.832695
2023-07-02,GMM,EV,29,34.017043
2023-07-02,GMM,EV,30,26.4
2023-07-02,GMM,EV,31,45.606236
2023-07-02,GMM,EV,32,45.606236
2023-07-02,GMM,EV,33,46.100575
2023-07-02,GMM,EV,34,51.245608
2023-07-02,GMM,EV,35,51.245608
2023-07-02,GMM,EV,36,52.533608
2023-07-02,GMM,EV,37,54.647322
2023-07-02,GMM,EV,38,59.868655
2023-07-02,GMM,EV,39,57.04695
2023-07-02,GMM,EV,40,59.868655
2023-07-02,GMM,EV,41,50.82
2023-07-02,GMM,EV,42,59.868655
2023-07-02,GMM,EV,43,59.868655
2023-07-02,GMM,EV,44,59.868655
2023-07-02,GMM,EV,45,59.868655
2023-07-02,GMM,EV,46,59.868655
2023-07-02,GMM,EV,47,59.868655
2023-07-02,GMM,EV,48,59.868655
2023-07-02,GMM,EV,49,59.868655
2023-07-02,GMM,EV,50,68.501351
2023-07-02,GMM,EV,51,68.501351
2023-07-02,GMM,EV,52,68.501351
2023-07-02,GMM,EV,53,68.501351
2023-07-02,GMM,EV,54,68.501351
2023-07-02,GMM,EV,55,68.501351
2023-07-02,GMM,EV,56,68.501351
2023-07-02,GMM,EV,57,68.501351
2023-07-02,GMM,EV,58,68.501351
2023-07-02,GMM,EV,59,68.501351
2023-07-02,GMM,EV,60,68.501351
2023-07-02,GMM,EV,61,68.501351
2023-07-02,GMM,EV,62,68.501351
2023-07-02,GMM,EV,63,68.501351
2023-07-02,GMM,EV,64,68.501351
2023-07-02,GMM,EV,65,38.158937
2023-07-02,GMM,EV,66,38.360154
2023-07-02,GMM,EV,67,23.209981
2023-07-02,GMM,EV,68,38.360154
2023-07-02,GMM,EV,69,38.360154
2023-07-02,GMM,EV,70,44.3
2023-07-02,GMM,EV,71,44.3
2023-07-02,GMM,EV,72,42.474485
2023-07-02,GMM,EV,73,44.3
2023-07-02,GMM,EV,74,44.3
2023-07-02,GMM,EV,75,44.3
2023-07-02,GMM,EV,76,39.6
2023-07-02,GMM,EV,77,31.468
2023-07-02,GMM,EV,78,26.4
2023-07-02,GMM,EV,79,37.568
2023-07-02,GMM,EV,80,32.91144
2023-07-02,GMM,EV,81,30.264
2023-07-02,GMM,EV,82,26.4
2023-07-02,GMM,EV,83,19.8
2023-07-02,GMM,EV,84,19.8
2023-07-02,GMM,EV,85,40.792
2023-07-02,GMM,EV,86,39.6
2023-07-02,GMM,EV,87,46.2
2023-07-02,GMM,EV,88,30.552
2023-07-02,GMM,EV,89,17.376
2023-07-02,GMM,EV,90,19.8
2023-07-02,GMM,EV,91,13.2
2023-07-02,GMM,EV,92,13.2
2023-07-02,GMM,EV,93,5.304
2023-07-02,GMM,EV,94,6.6
2023-07-02,GMM,EV,95,0.0
2023-07-02,GMM,EV,96,0.0
2023-07-02,GMM,Charger,1,0.0
2023-07-02,GMM,Charger,2,0.0
2023-07-02,GMM,Charger,3,6.6
2023-07-02,GMM,Charger,4,13.2
2023-07-02,GMM,Charger,5,13.2
2023-07-02,GMM,Charger,6,13.2
2023-07-02,GMM,Charger,7,13.2
2023-07-02,GMM,Charger,8,13.2
2023-07-02,GMM,Charger,9,13.2
2023-07-02,GMM,Charger,10,13.2
2023-07-02,GMM,Charger,11,13.2
2023-07-02,GMM,Charger,12,13.2
2023-07-02,GMM,Charger,13,13.2
2023-07-02,GMM,Charger,14,13.2
2023-07-02,GMM,Charger,15,13.2
2023-07-02,GMM,Charger,16,13.2
2023-07-02,GMM,Charger,17,13.2
2023-07-02,GMM,Charger,18,13.2
2023-07-02,GMM,Charger,19,13.2
2023-07-02,GMM,Charger,20,9.14
2023-07-02,GMM,Charger,21,10.562734
2023-07-02,GMM,Charger,22,6.6
2023-07-02,GMM,Charger,23,9.1306331
2023-07-02,GMM,Charger,24,6.6
2023-07-02,GMM,Charger,25,21.954869
2023-07-02,GMM,Charger,26,33.0
2023-07-02,GMM,Charger,27,33.0
2023-07-02,GMM,Charger,28,39.6
2023-07-02,GMM,Charger,29,42.531233
2023-07-02,GMM,Charger,30,38.355287
2023-07-02,GMM,Charger,31,44.105392
2023-07-02,GMM,Charger,32,44.105392
2023-07-02,GMM,Charger,33,44.441496
2023-07-02,GMM,Charger,34,50.133894
2023-07-02,GMM,Charger,35,50.133894
2023-07-02,GMM,Charger,36,51.454048
2023-07-02,GMM,Charger,37,53.567762
2023-07-02,GMM,Charger,38,58.023834
2023-07-02,GMM,Charger,39,58.023834
2023-07-02,GMM,Charger,40,58.023834
2023-07-02,GMM,Charger,41,58.023834
2023-07-02,GMM,Charger,42,58.023834
2023-07-02,GMM,Charger,43,58.023834
2023-07-02,GMM,Charger,44,58.023834
2023-07-02,GMM,Charger,45,58.023834
2023-07-02,GMM,Charger,46,58.023834
2023-07-02,GMM,Charger,47,58.023834
2023-07-02,GMM,Charger,48,58.023834
2023-07-02,GMM,Charger,49,58.023834
2023-07-02,GMM,Charger,50,60.25442
2023-07-02,GMM,Charger,51,60.25442
2023-07-02,GMM,Charger,52,60.25442
2023-07-02,GMM,Charger,53,60.25442
2023-07-02,GMM,Charger,54,60.25442
2023-07-02,GMM,Charger,55,47.523276
2023-07-02,GMM,Charger,56,60.25442
2023-07-02,GMM,Charger,57,60.25442
2023-07-02,GMM,Charger,58,60.25442
2023-07-02,GMM,Charger,59,60.25442
2023-07-02,GMM,Charger,60,60.25442
2023-07-02,GMM,Charger,61,60.25442
2023-07-02,GMM,Charger,62,60.25442
2023-07-02,GMM,Charger,63,60.25442
2023-07-02,GMM,Charger,64,60.25442
2023-07-02,GMM,Charger,65,26.540752
2023-07-02,GMM,Charger,66,24.359132
2023-07-02,GMM,Charger,67,26.540752
2023-07-02,GMM,Charger,68,26.540752
2023-07-02,GMM,Charger,69,25.936
2023-07-02,GMM,Charger,70,32.023688
2023-07-02,GMM,Charger,71,32.023688
2023-07-02,GMM,Charger,72,32.023688
2023-07-02,GMM,Charger,73,32.023688
2023-07-02,GMM,Charger,74,32.023688
2023-07-02,GMM,Charger,75,32.023688
2023-07-02,GMM,Charger,76,32.023688
2023-07-02,GMM,Charger,77,33.0
2023-07-02,GMM,Charger,78,24.4
2023-07-02,GMM,Charger,79,33.0
2023-07-02,GMM,Charger,80,33.0
2023-07-02,GMM,Charger,81,27.864
2023-07-02,GMM,Charger,82,19.8
2023-07-02,GMM,Charger,83,13.2
2023-07-02,GMM,Charger,84,13.2
2023-07-02,GMM,Charger,85,26.4
2023-07-02,GMM,Charger,86,26.547858
2023-07-02,GMM,Charger,87,26.4
2023-07-02,GMM,Charger,88,13.2
2023-07-02,GMM,Charger,89,13.2
2023-07-02,GMM,Charger,90,13.2
2023-07-02,GMM,Charger,91,13.2
2023-07-02,GMM,Charger,92,6.6
2023-07-02,GMM,Charger,93,5.304
2023-07-02,GMM,Charger,94,6.6
2023-07-02,GMM,Charger,95,0.0
2023-07-02,GMM,Charger,96,0.0
2023-07-02,LSTM,EV,1,0.0
2023-07-02,LSTM,EV,2,0.0
2023-07-02,LSTM,EV,3,6.6
2023-07-02,LSTM,EV,4,13.2
2023-07-02,LSTM,EV,5,6.6
2023-07-02,LSTM,EV,6,13.2
2023-07-02,LSTM,EV,7,12.836
2023-07-02,LSTM,EV,8,6.6
2023-07-02,LSTM,EV,9,6.6
2023-07-02,LSTM,EV,10,6.6
2023-07-02,LSTM,EV,11,6.6
2023-07-02,LSTM,EV,12,13.2
2023-07-02,LSTM,EV,13,9.14
2023-07-02,LSTM,EV,14,6.6
2023-07-02,LSTM,EV,15,6.6
2023-07-02,LSTM,EV,16,13.2
2023-07-02,LSTM,EV,17,13.2
2023-07-02,LSTM,EV,18,13.2
2023-07-02,LSTM,EV,19,13.2
2023-07-02,LSTM,EV,20,13.2
2023-07-02,LSTM,EV,21,6.6
2023-07-02,LSTM,EV,22,13.2
2023-07-02,LSTM,EV,23,13.2
2023-07-02,LSTM,EV,24,11.689918
2023-07-02,LSTM,EV,25,18.086207
2023-07-02,LSTM,EV,26,19.00313
2023-07-02,LSTM,EV,27,19.00313
2023-07-02,LSTM,EV,28,19.296103
2023-07-02,LSTM,EV,29,20.777214
2023-07-02,LSTM,EV,30,20.777214
2023-07-02,LSTM,EV,31,26.709802
2023-07-02,LSTM,EV,32,27.191984
2023-07-02,LSTM,EV,33,30.168674
2023-07-02,LSTM,EV,34,35.313706
2023-07-02,LSTM,EV,35,35.313706
2023-07-02,LSTM,EV,36,35.999787
2023-07-02,LSTM,EV,37,37.23664
2023-07-02,LSTM,EV,38,42.457973
2023-07-02,LSTM,EV,39,42.482526
2023-07-02,LSTM,EV,40,42.482526
2023-07-02,LSTM,EV,41,44.41792
2023-07-02,LSTM,EV,42,49.407839
2023-07-02,LSTM,EV,43,52.561759
2023-07-02,LSTM,EV,44,52.645864
2023-07-02,LSTM,EV,45,61.488987
2023-07-02,LSTM,EV,46,63.038155
2023-07-02,LSTM,EV,47,63.038155
2023-07-02,LSTM,EV,48,66.720155
2023-07-02,LSTM,EV,49,66.720155
2023-07-02,LSTM,EV,50,66.720155
2023-07-02,LSTM,EV,51,66.720155
2023-07-02,LSTM,EV,52,66.720155
2023-07-02,LSTM,EV,53,66.720155
2023-07-02,LSTM,EV,54,66.720155
2023-07-02,LSTM,EV,55,66.720155
2023-07-02,LSTM,EV,56,66.720155
2023-07-02,LSTM,EV,57,73.532438
2023-07-02,LSTM,EV,58,73.532438
2023-07-02,LSTM,EV,59,73.532438
2023-07-02,LSTM,EV,60,73.532438
2023-07-02,LSTM,EV,61,73.532438
2023-07-02,LSTM,EV,62,73.532438
2023-07-02,LSTM,EV,63,73.532438
2023-07-02,LSTM,EV,64,73.532438
2023-07-02,LSTM,EV,65,46.854495
2023-07-02,LSTM,EV,66,49.646999
2023-07-02,LSTM,EV,67,49.646999
2023-07-02,LSTM,EV,68,58.208332
2023-07-02,LSTM,EV,69,58.208332
2023-07-02,LSTM,EV,70,67.456331
2023-07-02,LSTM,EV,71,59.4
2023-07-02,LSTM,EV,72,59.161781
2023-07-02,LSTM,EV,73,58.644
2023-07-02,LSTM,EV,74,48.452
2023-07-02,LSTM,EV,75,33.0
2023-07-02,LSTM,EV,76,50.97091
2023-07-02,LSTM,EV,77,52.8
2023-07-02,LSTM,EV,78,31.0
2023-07-02,LSTM,EV,79,38.664
2023-07-02,LSTM,EV,80,39.6
2023-07-02,LSTM,EV,81,26.4
2023-07-02,LSTM,EV,82,19.8
2023-07-02,LSTM,EV,83,19.8
2023-07-02,LSTM,EV,84,19.064
2023-07-02,LSTM,EV,85,47.392
2023-07-02,LSTM,EV,86,39.6
2023-07-02,LSTM,EV,87,43.752
2023-07-02,LSTM,EV,88,26.4
2023-07-02,LSTM,EV,89,17.376
2023-07-02,LSTM,EV,90,19.8
2023-07-02,LSTM,EV,91,13.2
2023-07-02,LSTM,EV,92,13.2
2023-07-02,LSTM,EV,93,5.304
2023-07-02,LSTM,EV,94,6.6
2023-07-02,LSTM,EV,95,0.0
2023-07-02,LSTM,EV,96,0.0
2023-07-02,LSTM,Charger,1,0.0
2023-07-02,LSTM,Charger,2,0.0
2023-07-02,LSTM,Charger,3,6.6
2023-07-02,LSTM,Charger,4,6.6
2023-07-02,LSTM,Charger,5,6.1615511
2023-07-02,LSTM,Charger,6,13.2
2023-07-02,LSTM,Charger,7,13.2
2023-07-02,LSTM,Charger,8,13.2
2023-07-02,LSTM,Charger,9,13.2
2023-07-02,LSTM,Charger,10,13.2
2023-07-02,LSTM,Charger,11,6.6
2023-07-02,LSTM,Charger,12,9.14
2023-07-02,LSTM,Charger,13,13.2
2023-07-02,LSTM,Charger,14,6.6
2023-07-02,LSTM,Charger,15,13.2
2023-07-02,LSTM,Charger,16,13.2
2023-07-02,LSTM,Charger,17,13.2
2023-07-02,LSTM,Charger,18,13.2
2023-07-02,LSTM,Charger,19,6.6
2023-07-02,LSTM,Charger,20,13.2
2023-07-02,LSTM,Charger,21,15.449103
2023-07-02,LSTM,Charger,22,13.2
2023-07-02,LSTM,Charger,23,15.449103
2023-07-02,LSTM,Charger,24,15.449103
2023-07-02,LSTM,Charger,25,17.386634
2023-07-02,LSTM,Charger,26,18.303557
2023-07-02,LSTM,Charger,27,18.303557
2023-07-02,LSTM,Charger,28,18.59653
2023-07-02,LSTM,Charger,29,20.077641
2023-07-02,LSTM,Charger,30,20.077641
2023-07-02,LSTM,Charger,31,26.010229
2023-07-02,LSTM,Charger,32,26.492411
2023-07-02,LSTM,Charger,33,29.4691
2023-07-02,LSTM,Charger,34,34.614132
2023-07-02,LSTM,Charger,35,34.614132
2023-07-02,LSTM,Charger,36,35.300213
2023-07-02,LSTM,Charger,37,36.537066
2023-07-02,LSTM,Charger,38,41.758399
2023-07-02,LSTM,Charger,39,41.758399
2023-07-02,LSTM,Charger,40,41.758399
2023-07-02,LSTM,Charger,41,43.093393
2023-07-02,LSTM,Charger,42,46.6208
2023-07-02,LSTM,Charger,43,51.789269
2023-07-02,LSTM,Charger,44,51.789269
2023-07-02,LSTM,Charger,45,56.383893
2023-07-02,LSTM,Charger,46,57.648775
2023-07-02,LSTM,Charger,47,57.648775
2023-07-02,LSTM,Charger,48,57.648775
2023-07-02,LSTM,Charger,49,57.648775
2023-07-02,LSTM,Charger,50,59.588059
2023-07-02,LSTM,Charger,51,59.588059
2023-07-02,LSTM,Charger,52,59.588059
2023-07-02,LSTM,Charger,53,59.588059
2023-07-02,LSTM,Charger,54,59.588059
2023-07-02,LSTM,Charger,55,59.588059
2023-07-02,LSTM,Charger,56,59.588059
2023-07-02,LSTM,Charger,57,59.588059
2023-07-02,LSTM,Charger,58,59.588059
2023-07-02,LSTM,Charger,59,59.588059
2023-07-02,LSTM,Charger,60,59.588059
2023-07-02,LSTM,Charger,61,59.588059
2023-07-02,LSTM,Charger,62,59.588059
2023-07-02,LSTM,Charger,63,59.588059
2023-07-02,LSTM,Charger,64,59.588059
2023-07-02,LSTM,Charger,65,37.506373
2023-07-02,LSTM,Charger,66,37.506373
2023-07-02,LSTM,Charger,67,37.506373
2023-07-02,LSTM,Charger,68,45.283173
2023-07-02,LSTM,Charger,69,45.283173
2023-07-02,LSTM,Charger,70,54.256506
2023-07-02,LSTM,Charger,71,54.256506
2023-07-02,LSTM,Charger,72,54.256506
2023-07-02,LSTM,Charger,73,48.676
2023-07-02,LSTM,Charger,74,45.444
2023-07-02,LSTM,Charger,75,39.6
2023-07-02,LSTM,Charger,76,33.0
2023-07-02,LSTM,Charger,77,33.0
2023-07-02,LSTM,Charger,78,24.4
2023-07-02,LSTM,Charger,79,33.0
2023-07-02,LSTM,Charger,80,26.4
2023-07-02,LSTM,Charger,81,26.4
2023-07-02,LSTM,Charger,82,19.8
2023-07-02,LSTM,Charger,83,13.2
2023-07-02,LSTM,Charger,84,13.2
2023-07-02,LSTM,Charger,85,37.603688
2023-07-02,LSTM,Charger,86,27.864
2023-07-02,LSTM,Charger,87,33.0
2023-07-02,LSTM,Charger,88,13.2
2023-07-02,LSTM,Charger,89,13.2
2023-07-02,LSTM,Charger,90,13.2
2023-07-02,LSTM,Charger,91,13.2
2023-07-02,LSTM,Charger,92,6.6
2023-07-02,LSTM,Charger,93,5.304
2023-07-02,LSTM,Charger,94,6.6
2023-07-02,LSTM,Charger,95,0.0
2023-07-02,LSTM,Charger,96,0.0
2023-07-02,TCN,EV,1,0.0
2023-07-02,TCN,EV,2,0.0
2023-07-02,TCN,EV,3,6.6
2023-07-02,TCN,EV,4,13.2
2023-07-02,TCN,EV,5,13.2
2023-07-02,TCN,EV,6,13.2
2023-07-02,TCN,EV,7,13.2
2023-07-02,TCN,EV,8,9.14
2023-07-02,TCN,EV,9,13.2
2023-07-02,TCN,EV,10,6.6
2023-07-02,TCN,EV,11,13.2
2023-07-02,TCN,EV,12,13.2
2023-07-02,TCN,EV,13,12.836
2023-07-02,TCN,EV,14,13.2
2023-07-02,TCN,EV,15,13.2
2023-07-02,TCN,EV,16,13.2
2023-07-02,TCN,EV,17,13.2
2023-07-02,TCN,EV,18,13.2
2023-07-02,TCN,EV,19,13.2
2023-07-02,TCN,EV,20,13.2
2023-07-02,TCN,EV,21,13.2
2023-07-02,TCN,EV,22,6.6
2023-07-02,TCN,EV,23,6.6
2023-07-02,TCN,EV,24,13.2
2023-07-02,TCN,EV,25,22.004076
2023-07-02,TCN,EV,26,30.795924
2023-07-02,TCN,EV,27,28.462245
2023-07-02,TCN,EV,28,30.113246
2023-07-02,TCN,EV,29,38.837439
2023-07-02,TCN,EV,30,35.00812
2023-07-02,TCN,EV,31,45.503671
2023-07-02,TCN,EV,32,45.985853
2023-07-02,TCN,EV,33,48.428634
2023-07-02,TCN,EV,34,52.934957
2023-07-02,TCN,EV,35,52.934957
2023-07-02,TCN,EV,36,46.2
2023-07-02,TCN,EV,37,47.239944
2023-07-02,TCN,EV,38,54.15101
2023-07-02,TCN,EV,39,54.15101
2023-07-02,TCN,EV,40,54.15101
2023-07-02,TCN,EV,41,54.15101
2023-07-02,TCN,EV,42,57.956756
2023-07-02,TCN,EV,43,58.535539
2023-07-02,TCN,EV,44,58.535539
2023-07-02,TCN,EV,45,58.535539
2023-07-02,TCN,EV,46,58.535539
2023-07-02,TCN,EV,47,58.535539
2023-07-02,TCN,EV,48,58.535539
2023-07-02,TCN,EV,49,58.535539
2023-07-02,TCN,EV,50,58.535539
2023-07-02,TCN,EV,51,63.539812
2023-07-02,TCN,EV,52,63.539812
2023-07-02,TCN,EV,53,63.539812
2023-07-02,TCN,EV,54,63.539812
2023-07-02,TCN,EV,55,63.539812
2023-07-02,TCN,EV,56,63.539812
2023-07-02,TCN,EV,57,63.539812
2023-07-02,TCN,EV,58,63.539812
2023-07-02,TCN,EV,59,63.539812
2023-07-02,TCN,EV,60,63.539812
2023-07-02,TCN,EV,61,63.539812
2023-07-02,TCN,EV,62,63.539812
2023-07-02,TCN,EV,63,63.539812
2023-07-02,TCN,EV,64,63.539812
2023-07-02,TCN,EV,65,39.681
2023-07-02,TCN,EV,66,39.681
2023-07-02,TCN,EV,67,39.681
2023-07-02,TCN,EV,68,44.883381
2023-07-02,TCN,EV,69,44.883381
2023-07-02,TCN,EV,70,54.131381
2023-07-02,TCN,EV,71,54.131381
2023-07-02,TCN,EV,72,42.645118
2023-07-02,TCN,EV,73,50.010816
2023-07-02,TCN,EV,74,46.2
2023-07-02,TCN,EV,75,35.252
2023-07-02,TCN,EV,76,33.0
2023-07-02,TCN,EV,77,25.644
2023-07-02,TCN,EV,78,31.0
2023-07-02,TCN,EV,79,31.904
2023-07-02,TCN,EV,80,32.264
2023-07-02,TCN,EV,81,38.664
2023-07-02,TCN,EV,82,19.8
2023-07-02,TCN,EV,83,19.8
2023-07-02,TCN,EV,84,19.8
2023-07-02,TCN,EV,85,47.392
2023-07-02,TCN,EV,86,39.6
2023-07-02,TCN,EV,87,43.752
2023-07-02,TCN,EV,88,26.4
2023-07-02,TCN,EV,89,17.376
2023-07-02,TCN,EV,90,19.8
2023-07-02,TCN,EV,91,13.2
2023-07-02,TCN,EV,92,13.2
2023-07-02,TCN,EV,93,5.304
2023-07-02,TCN,EV,94,6.6
2023-07-02,TCN,EV,95,0.0
2023-07-02,TCN,EV,96,0.0
2023-07-02,TCN,Charger,1,0.0
2023-07-02,TCN,Charger,2,0.0
2023-07-02,TCN,Charger,3,0.0
2023-07-02,TCN,Charger,4,13.2
2023-07-02,TCN,Charger,5,13.2
2023-07-02,TCN,Charger,6,13.2
2023-07-02,TCN,Charger,7,13.2
2023-07-02,TCN,Charger,8,13.2
2023-07-02,TCN,Charger,9,13.2
2023-07-02,TCN,Charger,10,13.2
2023-07-02,TCN,Charger,11,13.2
2023-07-02,TCN,Charger,12,13.2
2023-07-02,TCN,Charger,13,13.2
2023-07-02,TCN,Charger,14,13.2
2023-07-02,TCN,Charger,15,13.2
2023-07-02,TCN,Charger,16,13.2
2023-07-02,TCN,Charger,17,13.2
2023-07-02,TCN,Charger,18,13.2
2023-07-02,TCN,Charger,19,13.2
2023-07-02,TCN,Charger,20,13.2
2023-07-02,TCN,Charger,21,13.2
2023-07-02,TCN,Charger,22,19.8
2023-07-02,TCN,Charger,23,19.8
2023-07-02,TCN,Charger,24,19.8
2023-07-02,TCN,Charger,25,19.8
2023-07-02,TCN,Charger,26,26.4
2023-07-02,TCN,Charger,27,28.94
2023-07-02,TCN,Charger,28,39.309363
2023-07-02,TCN,Charger,29,39.309363
2023-07-02,TCN,Charger,30,32.502864
2023-07-02,TCN,Charger,31,42.66014
2023-07-02,TCN,Charger,32,43.142322
2023-07-02,TCN,Charger,33,45.636065
2023-07-02,TCN,Charger,34,49.593097
2023-07-02,TCN,Charger,35,49.593097
2023-07-02,TCN,Charger,36,49.593097
2023-07-02,TCN,Charger,37,49.593097
2023-07-02,TCN,Charger,38,52.044197
2023-07-02,TCN,Charger,39,52.044197
2023-07-02,TCN,Charger,40,52.044197
2023-07-02,TCN,Charger,41,52.044197
2023-07-02,TCN,Charger,42,54.661476
2023-07-02,TCN,Charger,43,54.661476
2023-07-02,TCN,Charger,44,54.661476
2023-07-02,TCN,Charger,45,54.661476
2023-07-02,TCN,Charger,46,54.661476
2023-07-02,TCN,Charger,47,54.661476
2023-07-02,TCN,Charger,48,54.661476
2023-07-02,TCN,Charger,49,54.661476
2023-07-02,TCN,Charger,50,54.661476
2023-07-02,TCN,Charger,51,54.661476
2023-07-02,TCN,Charger,52,54.661476
2023-07-02,TCN,Charger,53,54.661476
2023-07-02,TCN,Charger,54,54.661476
2023-07-02,TCN,Charger,55,54.661476
2023-07-02,TCN,Charger,56,54.661476
2023-07-02,TCN,Charger,57,54.661476
2023-07-02,TCN,Charger,58,54.661476
2023-07-02,TCN,Charger,59,54.661476
2023-07-02,TCN,Charger,60,54.661476
2023-07-02,TCN,Charger,61,54.661476
2023-07-02,TCN,Charger,62,54.661476
2023-07-02,TCN,Charger,63,54.661476
2023-07-02,TCN,Charger,64,54.661476
2023-07-02,TCN,Charger,65,30.411782
2023-07-02,TCN,Charger,66,30.411782
2023-07-02,TCN,Charger,67,30.411782
2023-07-02,TCN,Charger,68,30.411782
2023-07-02,TCN,Charger,69,30.411782
2023-07-02,TCN,Charger,70,45.215934
2023-07-02,TCN,Charger,71,45.215934
2023-07-02,TCN,Charger,72,45.215934
2023-07-02,TCN,Charger,73,45.215934
2023-07-02,TCN,Charger,74,45.215934
2023-07-02,TCN,Charger,75,39.6
2023-07-02,TCN,Charger,76,29.104066
2023-07-02,TCN,Charger,77,33.0
2023-07-02,TCN,Charger,78,26.4
2023-07-02,TCN,Charger,79,26.4
2023-07-02,TCN,Charger,80,26.4
2023-07-02,TCN,Charger,81,24.4
2023-07-02,TCN,Charger,82,19.8
2023-07-02,TCN,Charger,83,13.2
2023-07-02,TCN,Charger,84,13.2
2023-07-02,TCN,Charger,85,35.604
2023-07-02,TCN,Charger,86,27.864
2023-07-02,TCN,Charger,87,33.0
2023-07-02,TCN,Charger,88,13.2
2023-07-02,TCN,Charger,89,13.2
2023-07-02,TCN,Charger,90,13.2
2023-07-02,TCN,Charger,91,13.2
2023-07-02,TCN,Charger,92,6.6
2023-07-02,TCN,Charger,93,5.304
2023-07-02,TCN,Charger,94,6.6
2023-07-02,TCN,Charger,95,0.0
2023-07-02,TCN,Charger,96,0.0
2023-07-02,Transformer,EV,1,0.0
2023-07-02,Transformer,EV,2,0.0
2023-07-02,Transformer,EV,3,0.0
2023-07-02,Transformer,EV,4,13.2
2023-07-02,Transformer,EV,5,13.2
2023-07-02,Transformer,EV,6,6.6
2023-07-02,Transformer,EV,7,13.2
2023-07-02,Transformer,EV,8,13.2
2023-07-02,Transformer,EV,9,13.2
2023-07-02,Transformer,EV,10,13.2
2023-07-02,Transformer,EV,11,13.2
2023-07-02,Transformer,EV,12,13.2
2023-07-02,Transformer,EV,13,13.2
2023-07-02,Transformer,EV,14,13.2
2023-07-02,Transformer,EV,15,13.2
2023-07-02,Transformer,EV,16,13.2
2023-07-02,Transformer,EV,17,13.2
2023-07-02,Transformer,EV,18,13.2
2023-07-02,Transformer,EV,19,13.2
2023-07-02,Transformer,EV,20,13.2
2023-07-02,Transformer,EV,21,6.6
2023-07-02,Transformer,EV,22,6.6
2023-07-02,Transformer,EV,23,13.2
2023-07-02,Transformer,EV,24,6.6
2023-07-02,Transformer,EV,25,13.2
2023-07-02,Transformer,EV,26,33.0
2023-07-02,Transformer,EV,27,33.0
2023-07-02,Transformer,EV,28,19.7332
2023-07-02,Transformer,EV,29,36.041627
2023-07-02,Transformer,EV,30,36.041627
2023-07-02,Transformer,EV,31,41.076857
2023-07-02,Transformer,EV,32,41.559039
2023-07-02,Transformer,EV,33,42.823164
2023-07-02,Transformer,EV,34,47.573595
2023-07-02,Transformer,EV,35,47.573595
2023-07-02,Transformer,EV,36,47.573595
2023-07-02,Transformer,EV,37,48.037601
2023-07-02,Transformer,EV,38,52.271905
2023-07-02,Transformer,EV,39,52.271905
2023-07-02,Transformer,EV,40,52.271905
2023-07-02,Transformer,EV,41,52.271905
2023-07-02,Transformer,EV,42,54.907802
2023-07-02,Transformer,EV,43,55.932596
2023-07-02,Transformer,EV,44,55.932596
2023-07-02,Transformer,EV,45,57.964531
2023-07-02,Transformer,EV,46,57.964531
2023-07-02,Transformer,EV,47,57.964531
2023-07-02,Transformer,EV,48,59.638818
2023-07-02,Transformer,EV,49,59.638818
2023-07-02,Transformer,EV,50,70.047591
2023-07-02,Transformer,EV,51,70.047591
2023-07-02,Transformer,EV,52,70.047591
2023-07-02,Transformer,EV,53,70.047591
2023-07-02,Transformer,EV,54,70.047591
2023-07-02,Transformer,EV,55,70.047591
2023-07-02,Transformer,EV,56,70.047591
2023-07-02,Transformer,EV,57,70.807339
2023-07-02,Transformer,EV,58,70.807339
2023-07-02,Transformer,EV,59,70.807339
2023-07-02,Transformer,EV,60,70.807339
2023-07-02,Transformer,EV,61,70.807339
2023-07-02,Transformer,EV,62,70.807339
2023-07-02,Transformer,EV,63,70.807339
2023-07-02,Transformer,EV,64,70.807339
2023-07-02,Transformer,EV,65,34.448776
2023-07-02,Transformer,EV,66,34.448776
2023-07-02,Transformer,EV,67,34.448776
2023-07-02,Transformer,EV,68,40.706998
2023-07-02,Transformer,EV,69,40.706998
2023-07-02,Transformer,EV,70,46.82227
2023-07-02,Transformer,EV,71,46.82227
2023-07-02,Transformer,EV,72,46.82227
2023-07-02,Transformer,EV,73,34.32746
2023-07-02,Transformer,EV,74,39.155435
2023-07-02,Transformer,EV,75,45.040381
2023-07-02,Transformer,EV,76,32.244
2023-07-02,Transformer,EV,77,33.0
2023-07-02,Transformer,EV,78,33.0
2023-07-02,Transformer,EV,79,31.904
2023-07-02,Transformer,EV,80,26.4
2023-07-02,Transformer,EV,81,37.6
2023-07-02,Transformer,EV,82,19.8
2023-07-02,Transformer,EV,83,24.728
2023-07-02,Transformer,EV,84,13.2
2023-07-02,Transformer,EV,85,47.392
2023-07-02,Transformer,EV,86,39.6
2023-07-02,Transformer,EV,87,43.752
2023-07-02,Transformer,EV,88,26.4
2023-07-02,Transformer,EV,89,17.376
2023-07-02,Transformer,EV,90,19.8
2023-07-02,Transformer,EV,91,13.2
2023-07-02,Transformer,EV,92,13.2
2023-07-02,Transformer,EV,93,5.304
2023-07-02,Transformer,EV,94,6.6
2023-07-02,Transformer,EV,95,0.0
2023-07-02,Transformer,EV,96,0.0
2023-07-02,Transformer,Charger,1,0.0
2023-07-02,Transformer,Charger,2,0.0
2023-07-02,Transformer,Charger,3,6.6
2023-07-02,Transformer,Charger,4,13.2
2023-07-02,Transformer,Charger,5,13.2
2023-07-02,Transformer,Charger,6,13.2
2023-07-02,Transformer,Charger,7,13.2
2023-07-02,Transformer,Charger,8,9.14
2023-07-02,Transformer,Charger,9,13.2
2023-07-02,Transformer,Charger,10,6.6
2023-07-02,Transformer,Charger,11,12.836
2023-07-02,Transformer,Charger,12,13.2
2023-07-02,Transformer,Charger,13,13.2
2023-07-02,Transformer,Charger,14,13.2
2023-07-02,Transformer,Charger,15,13.2
2023-07-02,Transformer,Charger,16,13.2
2023-07-02,Transformer,Charger,17,13.2
2023-07-02,Transformer,Charger,18,13.2
2023-07-02,Transformer,Charger,19,13.2
2023-07-02,Transformer,Charger,20,13.2
2023-07-02,Transformer,Charger,21,6.6
2023-07-02,Transformer,Charger,22,17.082838
2023-07-02,Transformer,Charger,23,13.2
2023-07-02,Transformer,Charger,24,18.248515
2023-07-02,Transformer,Charger,25,19.8
2023-07-02,Transformer,Charger,26,26.742947
2023-07-02,Transformer,Charger,27,26.4
2023-07-02,Transformer,Charger,28,17.125699
2023-07-02,Transformer,Charger,29,34.293534
2023-07-02,Transformer,Charger,30,34.293534
2023-07-02,Transformer,Charger,31,39.321349
2023-07-02,Transformer,Charger,32,42.333087
2023-07-02,Transformer,Charger,33,43.597212
2023-07-02,Transformer,Charger,34,48.347644
2023-07-02,Transformer,Charger,35,48.347644
2023-07-02,Transformer,Charger,36,48.347644
2023-07-02,Transformer,Charger,37,48.81165
2023-07-02,Transformer,Charger,38,53.045953
2023-07-02,Transformer,Charger,39,53.045953
2023-07-02,Transformer,Charger,40,53.045953
2023-07-02,Transformer,Charger,41,53.045953
2023-07-02,Transformer,Charger,42,53.045953
2023-07-02,Transformer,Charger,43,53.045953
2023-07-02,Transformer,Charger,44,53.045953
2023-07-02,Transformer,Charger,45,53.110728
2023-07-02,Transformer,Charger,46,53.110728
2023-07-02,Transformer,Charger,47,53.110728
2023-07-02,Transformer,Charger,48,53.110728
2023-07-02,Transformer,Charger,49,53.110728
2023-07-02,Transformer,Charger,50,53.110728
2023-07-02,Transformer,Charger,51,53.110728
2023-07-02,Transformer,Charger,52,53.110728
2023-07-02,Transformer,Charger,53,53.110728
2023-07-02,Transformer,Charger,54,53.110728
2023-07-02,Transformer,Charger,55,53.110728
2023-07-02,Transformer,Charger,56,53.110728
2023-07-02,Transformer,Charger,57,53.110728
2023-07-02,Transformer,Charger,58,53.110728
2023-07-02,Transformer,Charger,59,53.110728
2023-07-02,Transformer,Charger,60,53.110728
2023-07-02,Transformer,Charger,61,53.110728
2023-07-02,Transformer,Charger,62,53.110728
2023-07-02,Transformer,Charger,63,53.110728
2023-07-02,Transformer,Charger,64,53.110728
2023-07-02,Transformer,Charger,65,27.951171
2023-07-02,Transformer,Charger,66,27.951171
2023-07-02,Transformer,Charger,67,27.951171
2023-07-02,Transformer,Charger,68,35.204949
2023-07-02,Transformer,Charger,69,35.204949
2023-07-02,Transformer,Charger,70,41.858376
2023-07-02,Transformer,Charger,71,41.858376
2023-07-02,Transformer,Charger,72,41.858376
2023-07-02,Transformer,Charger,73,26.4
2023-07-02,Transformer,Charger,74,33.0
2023-07-02,Transformer,Charger,75,26.367255
2023-07-02,Transformer,Charger,76,32.244
2023-07-02,Transformer,Charger,77,33.0
2023-07-02,Transformer,Charger,78,26.4
2023-07-02,Transformer,Charger,79,26.4
2023-07-02,Transformer,Charger,80,26.4
2023-07-02,Transformer,Charger,81,24.4
2023-07-02,Transformer,Charger,82,19.8
2023-07-02,Transformer,Charger,83,13.2
2023-07-02,Transformer,Charger,84,13.2
2023-07-02,Transformer,Charger,85,35.604
2023-07-02,Transformer,Charger,86,27.864
2023-07-02,Transformer,Charger,87,33.0
2023-07-02,Transformer,Charger,88,13.2
2023-07-02,Transformer,Charger,89,13.2
2023-07-02,Transformer,Charger,90,13.2
2023-07-02,Transformer,Charger,91,13.2
2023-07-02,Transformer,Charger,92,6.6
2023-07-02,Transformer,Charger,93,5.304
2023-07-02,Transformer,Charger,94,6.6
2023-07-02,Transformer,Charger,95,0.0
2023-07-02,Transformer,Charger,96,0.0
2023-07-02,iTransformer,EV,1,0.0
2023-07-02,iTransformer,EV,2,0.0
2023-07-02,iTransformer,EV,3,6.6
2023-07-02,iTransformer,EV,4,13.2
2023-07-02,iTransformer,EV,5,13.2
2023-07-02,iTransformer,EV,6,13.2
2023-07-02,iTransformer,EV,7,13.2
2023-07-02,iTransformer,EV,8,6.6
2023-07-02,iTransformer,EV,9,6.6
2023-07-02,iTransformer,EV,10,13.2
2023-07-02,iTransformer,EV,11,13.2
2023-07-02,iTransformer,EV,12,13.2
2023-07-02,iTransformer,EV,13,13.2
2023-07-02,iTransformer,EV,14,13.2
2023-07-02,iTransformer,EV,15,9.14
2023-07-02,iTransformer,EV,16,13.2
2023-07-02,iTransformer,EV,17,13.2
2023-07-02,iTransformer,EV,18,13.2
2023-07-02,iTransformer,EV,19,13.2
2023-07-02,iTransformer,EV,20,13.2
2023-07-02,iTransformer,EV,21,19.8
2023-07-02,iTransformer,EV,22,19.436
2023-07-02,iTransformer,EV,23,19.8
2023-07-02,iTransformer,EV,24,13.2
2023-07-02,iTransformer,EV,25,19.8
2023-07-02,iTransformer,EV,26,19.8
2023-07-02,iTransformer,EV,27,19.8
2023-07-02,iTransformer,EV,28,25.602105
2023-07-02,iTransformer,EV,29,37.215067
2023-07-02,iTransformer,EV,30,33.822828
2023-07-02,iTransformer,EV,31,41.573583
2023-07-02,iTransformer,EV,32,32.748
2023-07-02,iTransformer,EV,33,43.721707
2023-07-02,iTransformer,EV,34,47.376417
2023-07-02,iTransformer,EV,35,47.376417
2023-07-02,iTransformer,EV,36,47.376417
2023-07-02,iTransformer,EV,37,47.923315
2023-07-02,iTransformer,EV,38,52.11604
2023-07-02,iTransformer,EV,39,52.11604
2023-07-02,iTransformer,EV,40,52.11604
2023-07-02,iTransformer,EV,41,52.242802
2023-07-02,iTransformer,EV,42,56.206023
2023-07-02,iTransformer,EV,43,58.153477
2023-07-02,iTransformer,EV,44,58.153477
2023-07-02,iTransformer,EV,45,60.054057
2023-07-02,iTransformer,EV,46,60.054057
2023-07-02,iTransformer,EV,47,60.054057
2023-07-02,iTransformer,EV,48,60.054057
2023-07-02,iTransformer,EV,49,60.054057
2023-07-02,iTransformer,EV,50,69.504068
2023-07-02,iTransformer,EV,51,69.504068
2023-07-02,iTransformer,EV,52,68.556136
2023-07-02,iTransformer,EV,53,68.052
2023-07-02,iTransformer,EV,54,67.373616
2023-07-02,iTransformer,EV,55,69.504068
2023-07-02,iTransformer,EV,56,69.504068
2023-07-02,iTransformer,EV,57,69.504068
2023-07-02,iTransformer,EV,58,69.504068
2023-07-02,iTransformer,EV,59,69.504068
2023-07-02,iTransformer,EV,60,69.504068
2023-07-02,iTransformer,EV,61,69.504068
2023-07-02,iTransformer,EV,62,69.504068
2023-07-02,iTransformer,EV,63,69.504068
2023-07-02,iTransformer,EV,64,69.504068
2023-07-02,iTransformer,EV,65,29.831258
2023-07-02,iTransformer,EV,66,31.505715
2023-07-02,iTransformer,EV,67,31.505715
2023-07-02,iTransformer,EV,68,39.282515
2023-07-02,iTransformer,EV,69,39.282515
2023-07-02,iTransformer,EV,70,45.410953
2023-07-02,iTransformer,EV,71,45.410953
2023-07-02,iTransformer,EV,72,45.410953
2023-07-02,iTransformer,EV,73,39.6
2023-07-02,iTransformer,EV,74,35.748068
2023-07-02,iTransformer,EV,75,41.146745
2023-07-02,iTransformer,EV,76,39.6
2023-07-02,iTransformer,EV,77,33.0
2023-07-02,iTransformer,EV,78,38.664
2023-07-02,iTransformer,EV,79,29.904
2023-07-02,iTransformer,EV,80,26.4
2023-07-02,iTransformer,EV,81,32.264
2023-07-02,iTransformer,EV,82,26.4
2023-07-02,iTransformer,EV,83,19.8
2023-07-02,iTransformer,EV,84,19.8
2023-07-02,iTransformer,EV,85,47.392
2023-07-02,iTransformer,EV,86,39.6
2023-07-02,iTransformer,EV,87,43.752
2023-07-02,iTransformer,EV,88,26.4
2023-07-02,iTransformer,EV,89,17.376
2023-07-02,iTransformer,EV,90,19.8
2023-07-02,iTransformer,EV,91,13.2
2023-07-02,iTransformer,EV,92,13.2
2023-07-02,iTransformer,EV,93,5.304
2023-07-02,iTransformer,EV,94,6.6
2023-07-02,iTransformer,EV,95,0.0
2023-07-02,iTransformer,EV,96,0.0
2023-07-02,iTransformer,Charger,1,0.0
2023-07-02,iTransformer,Charger,2,0.0
2023-07-02,iTransformer,Charger,3,6.6
2023-07-02,iTransformer,Charger,4,9.14
2023-07-02,iTransformer,Charger,5,13.2
2023-07-02,iTransformer,Charger,6,13.2
2023-07-02,iTransformer,Charger,7,6.6
2023-07-02,iTransformer,Charger,8,13.2
2023-07-02,iTransformer,Charger,9,12.836
2023-07-02,iTransformer,Charger,10,13.2
2023-07-02,iTransformer,Charger,11,13.2
2023-07-02,iTransformer,Charger,12,13.2
2023-07-02,iTransformer,Charger,13,13.2
2023-07-02,iTransformer,Charger,14,13.2
2023-07-02,iTransformer,Charger,15,13.2
2023-07-02,iTransformer,Charger,16,13.2
2023-07-02,iTransformer,Charger,17,13.2
2023-07-02,iTransformer,Charger,18,13.2
2023-07-02,iTransformer,Charger,19,13.2
2023-07-02,iTransformer,Charger,20,13.2
2023-07-02,iTransformer,Charger,21,6.6
2023-07-02,iTransformer,Charger,22,6.6
2023-07-02,iTransformer,Charger,23,12.117629
2023-07-02,iTransformer,Charger,24,13.2
2023-07-02,iTransformer,Charger,25,24.448953
2023-07-02,iTransformer,Charger,26,27.482371
2023-07-02,iTransformer,Charger,27,24.825823
2023-07-02,iTransformer,Charger,28,33.714777
2023-07-02,iTransformer,Charger,29,36.663731
2023-07-02,iTransformer,Charger,30,26.985784
2023-07-02,iTransformer,Charger,31,40.971587
2023-07-02,iTransformer,Charger,32,40.971587
2023-07-02,iTransformer,Charger,33,42.843911
2023-07-02,iTransformer,Charger,34,46.498621
2023-07-02,iTransformer,Charger,35,46.498621
2023-07-02,iTransformer,Charger,36,46.498621
2023-07-02,iTransformer,Charger,37,47.045519
2023-07-02,iTransformer,Charger,38,51.238244
2023-07-02,iTransformer,Charger,39,51.238244
2023-07-02,iTransformer,Charger,40,51.238244
2023-07-02,iTransformer,Charger,41,51.238244
2023-07-02,iTransformer,Charger,42,53.85597
2023-07-02,iTransformer,Charger,43,56.65252
2023-07-02,iTransformer,Charger,44,56.65252
2023-07-02,iTransformer,Charger,45,57.988013
2023-07-02,iTransformer,Charger,46,57.988013
2023-07-02,iTransformer,Charger,47,57.988013
2023-07-02,iTransformer,Charger,48,57.988013
2023-07-02,iTransformer,Charger,49,57.988013
2023-07-02,iTransformer,Charger,50,57.988013
2023-07-02,iTransformer,Charger,51,57.988013
2023-07-02,iTransformer,Charger,52,57.988013
2023-07-02,iTransformer,Charger,53,57.988013
2023-07-02,iTransformer,Charger,54,57.988013
2023-07-02,iTransformer,Charger,55,57.988013
2023-07-02,iTransformer,Charger,56,57.988013
2023-07-02,iTransformer,Charger,57,57.988013
2023-07-02,iTransformer,Charger,58,57.988013
2023-07-02,iTransformer,Charger,59,57.988013
2023-07-02,iTransformer,Charger,60,57.988013
2023-07-02,iTransformer,Charger,61,57.988013
2023-07-02,iTransformer,Charger,62,57.988013
2023-07-02,iTransformer,Charger,63,57.988013
2023-07-02,iTransformer,Charger,64,57.988013
2023-07-02,iTransformer,Charger,65,26.218056
2023-07-02,iTransformer,Charger,66,26.218056
2023-07-02,iTransformer,Charger,67,26.218056
2023-07-02,iTransformer,Charger,68,33.994856
2023-07-02,iTransformer,Charger,69,33.994856
2023-07-02,iTransformer,Charger,70,40.123293
2023-07-02,iTransformer,Charger,71,40.123293
2023-07-02,iTransformer,Charger,72,40.123294
2023-07-02,iTransformer,Charger,73,33.0
2023-07-02,iTransformer,Charger,74,25.948561
2023-07-02,iTransformer,Charger,75,34.887197
2023-07-02,iTransformer,Charger,76,33.0
2023-07-02,iTransformer,Charger,77,33.0
2023-07-02,iTransformer,Charger,78,26.4
2023-07-02,iTransformer,Charger,79,26.4
2023-07-02,iTransformer,Charger,80,26.4
2023-07-02,iTransformer,Charger,81,24.4
2023-07-02,iTransformer,Charger,82,19.8
2023-07-02,iTransformer,Charger,83,13.2
2023-07-02,iTransformer,Charger,84,13.2
2023-07-02,iTransformer,Charger,85,35.604
2023-07-02,iTransformer,Charger,86,27.864
2023-07-02,iTransformer,Charger,87,33.0
2023-07-02,iTransformer,Charger,88,13.2
2023-07-02,iTransformer,Charger,89,13.2
2023-07-02,iTransformer,Charger,90,13.2
2023-07-02,iTransformer,Charger,91,13.2
2023-07-02,iTransformer,Charger,92,6.6
2023-07-02,iTransformer,Charger,93,5.304
2023-07-02,iTransformer,Charger,94,6.6
2023-07-02,iTransformer,Charger,95,0.0
2023-07-02,iTransformer,Charger,96,0.0
2023-07-03,Perfect,EV,1,0.0
2023-07-03,Perfect,EV,2,0.0
2023-07-03,Perfect,EV,3,6.6
2023-07-03,Perfect,EV,4,13.2
2023-07-03,Perfect,EV,5,13.2
2023-07-03,Perfect,EV,6,6.6
2023-07-03,Perfect,EV,7,13.2
2023-07-03,Perfect,EV,8,13.2
2023-07-03,Perfect,EV,9,6.6
2023-07-03,Perfect,EV,10,13.2
2023-07-03,Perfect,EV,11,13.2
2023-07-03,Perfect,EV,12,13.2
2023-07-03,Perfect,EV,13,13.2
2023-07-03,Perfect,EV,14,13.2
2023-07-03,Perfect,EV,15,6.6
2023-07-03,Perfect,EV,16,6.648
2023-07-03,Perfect,EV,17,13.2
2023-07-03,Perfect,EV,18,6.6
2023-07-03,Perfect,EV,19,6.6
2023-07-03,Perfect,EV,20,13.2
2023-07-03,Perfect,EV,21,6.6
2023-07-03,Perfect,EV,22,13.2
2023-07-03,Perfect,EV,23,13.2
2023-07-03,Perfect,EV,24,38.816
2023-07-03,Perfect,EV,25,45.388
2023-07-03,Perfect,EV,26,52.8
2023-07-03,Perfect,EV,27,79.2
2023-07-03,Perfect,EV,28,86.568
2023-07-03,Perfect,EV,29,125.4
2023-07-03,Perfect,EV,30,174.16787
2023-07-03,Perfect,EV,31,198.0
2023-07-03,Perfect,EV,32,210.31613
2023-07-03,Perfect,EV,33,241.21933
2023-07-03,Perfect,EV,34,241.21933
2023-07-03,Perfect,EV,35,243.89019
2023-07-03,Perfect,EV,36,243.89019
2023-07-03,Perfect,EV,37,243.89019
2023-07-03,Perfect,EV,38,243.89019
2023-07-03,Perfect,EV,39,243.89019
2023-07-03,Perfect,EV,40,243.89019
2023-07-03,Perfect,EV,41,243.89019
2023-07-03,Perfect,EV,42,243.89019
2023-07-03,Perfect,EV,43,243.89019
2023-07-03,Perfect,EV,44,244.61678
2023-07-03,Perfect,EV,45,244.61678
2023-07-03,Perfect,EV,46,245.24057
2023-07-03,Perfect,EV,47,245.24057
2023-07-03,Perfect,EV,48,245.24057
2023-07-03,Perfect,EV,49,245.24057
2023-07-03,Perfect,EV,50,245.24057
2023-07-03,Perfect,EV,51,245.24057
2023-07-03,Perfect,EV,52,245.24057
2023-07-03,Perfect,EV,53,245.24057
2023-07-03,Perfect,EV,54,245.24057
2023-07-03,Perfect,EV,55,245.24057
2023-07-03,Perfect,EV,56,245.24057
2023-07-03,Perfect,EV,57,245.24057
2023-07-03,Perfect,EV,58,245.24057
2023-07-03,Perfect,EV,59,245.24057
2023-07-03,Perfect,EV,60,245.24057
2023-07-03,Perfect,EV,61,245.24057
2023-07-03,Perfect,EV,62,245.24057
2023-07-03,Perfect,EV,63,245.24057
2023-07-03,Perfect,EV,64,245.24057
2023-07-03,Perfect,EV,65,49.734575
2023-07-03,Perfect,EV,66,49.734575
2023-07-03,Perfect,EV,67,49.734575
2023-07-03,Perfect,EV,68,49.734575
2023-07-03,Perfect,EV,69,49.734575
2023-07-03,Perfect,EV,70,49.734575
2023-07-03,Perfect,EV,71,49.734575
2023-07-03,Perfect,EV,72,49.734575
2023-07-03,Perfect,EV,73,49.734575
2023-07-03,Perfect,EV,74,49.734575
2023-07-03,Perfect,EV,75,49.734575
2023-07-03,Perfect,EV,76,49.734575
2023-07-03,Perfect,EV,77,49.734575
2023-07-03,Perfect,EV,78,49.734575
2023-07-03,Perfect,EV,79,49.734573
2023-07-03,Perfect,EV,80,49.734575
2023-07-03,Perfect,EV,81,35.504
2023-07-03,Perfect,EV,82,34.62
2023-07-03,Perfect,EV,83,38.148
2023-07-03,Perfect,EV,84,26.4
2023-07-03,Perfect,EV,85,52.8
2023-07-03,Perfect,EV,86,48.648
2023-07-03,Perfect,EV,87,27.192
2023-07-03,Perfect,EV,88,19.8
2023-07-03,Perfect,EV,89,1.188
2023-07-03,Perfect,EV,90,0.0
2023-07-03,Perfect,EV,91,6.6
2023-07-03,Perfect,EV,92,0.0
2023-07-03,Perfect,EV,93,6.6
2023-07-03,Perfect,EV,94,0.0
2023-07-03,Perfect,EV,95,0.0
2023-07-03,Perfect,EV,96,0.0
2023-07-03,Perfect,Charger,1,0.0
2023-07-03,Perfect,Charger,2,0.0
2023-07-03,Perfect,Charger,3,6.6
2023-07-03,Perfect,Charger,4,6.6
2023-07-03,Perfect,Charger,5,0.0
2023-07-03,Perfect,Charger,6,6.6
2023-07-03,Perfect,Charger,7,6.6
2023-07-03,Perfect,Charger,8,0.0
2023-07-03,Perfect,Charger,9,0.0
2023-07-03,Perfect,Charger,10,6.6
2023-07-03,Perfect,Charger,11,13.2
2023-07-03,Perfect,Charger,12,13.2
2023-07-03,Perfect,Charger,13,13.2
2023-07-03,Perfect,Charger,14,13.2
2023-07-03,Perfect,Charger,15,13.2
2023-07-03,Perfect,Charger,16,13.2
2023-07-03,Perfect,Charger,17,13.2
2023-07-03,Perfect,Charger,18,13.2
2023-07-03,Perfect,Charger,19,13.2
2023-07-03,Perfect,Charger,20,13.2
2023-07-03,Perfect,Charger,21,13.2
2023-07-03,Perfect,Charger,22,6.6
2023-07-03,Perfect,Charger,23,13.2
2023-07-03,Perfect,Charger,24,39.6
2023-07-03,Perfect,Charger,25,52.8
2023-07-03,Perfect,Charger,26,72.6
2023-07-03,Perfect,Charger,27,79.2
2023-07-03,Perfect,Charger,28,107.276
2023-07-03,Perfect,Charger,29,137.876
2023-07-03,Perfect,Charger,30,183.396
2023-07-03,Perfect,Charger,31,205.1
2023-07-03,Perfect,Charger,32,244.2
2023-07-03,Perfect,Charger,33,251.48081
2023-07-03,Perfect,Charger,34,251.48081
2023-07-03,Perfect,Charger,35,251.48081
2023-07-03,Perfect,Charger,36,251.48081
2023-07-03,Perfect,Charger,37,251.48081
2023-07-03,Perfect,Charger,38,251.48081
2023-07-03,Perfect,Charger,39,251.48081
2023-07-03,Perfect,Charger,40,251.48081
2023-07-03,Perfect,Charger,41,251.48081
2023-07-03,Perfect,Charger,42,251.48081
2023-07-03,Perfect,Charger,43,251.48081
2023-07-03,Perfect,Charger,44,251.48081
2023-07-03,Perfect,Charger,45,251.48081
2023-07-03,Perfect,Charger,46,251.48081
2023-07-03,Perfect,Charger,47,251.48081
2023-07-03,Perfect,Charger,48,251.48081
2023-07-03,Perfect,Charger,49,251.48081
2023-07-03,Perfect,Charger,50,251.48081
2023-07-03,Perfect,Charger,51,251.48081
2023-07-03,Perfect,Charger,52,251.48081
2023-07-03,Perfect,Charger,53,251.48081
2023-07-03,Perfect,Charger,54,251.48081
2023-07-03,Perfect,Charger,55,231.808
2023-07-03,Perfect,Charger,56,223.156
2023-07-03,Perfect,Charger,57,222.85838
2023-07-03,Perfect,Charger,58,188.516
2023-07-03,Perfect,Charger,59,189.67281
2023-07-03,Perfect,Charger,60,155.11669
2023-07-03,Perfect,Charger,61,158.164
2023-07-03,Perfect,Charger,62,135.40537
2023-07-03,Perfect,Charger,63,197.71285
2023-07-03,Perfect,Charger,64,160.44807
2023-07-03,Perfect,Charger,65,21.031636
2023-07-03,Perfect,Charger,66,21.031636
2023-07-03,Perfect,Charger,67,21.031636
2023-07-03,Perfect,Charger,68,21.031636
2023-07-03,Perfect,Charger,69,21.031636
2023-07-03,Perfect,Charger,70,21.031636
2023-07-03,Perfect,Charger,71,21.031636
2023-07-03,Perfect,Charger,72,13.2
2023-07-03,Perfect,Charger,73,19.8
2023-07-03,Perfect,Charger,74,19.8
2023-07-03,Perfect,Charger,75,19.324727
2023-07-03,Perfect,Charger,76,21.031636
2023-07-03,Perfect,Charger,77,13.2
2023-07-03,Perfect,Charger,78,21.031636
2023-07-03,Perfect,Charger,79,13.2
2023-07-03,Perfect,Charger,80,15.914546
2023-07-03,Perfect,Charger,81,0.0
2023-07-03,Perfect,Charger,82,5.148
2023-07-03,Perfect,Charger,83,6.6
2023-07-03,Perfect,Charger,84,6.6
2023-07-03,Perfect,Charger,85,15.288
2023-07-03,Perfect,Charger,86,16.004
2023-07-03,Perfect,Charger,87,6.6
2023-07-03,Perfect,Charger,88,6.6
2023-07-03,Perfect,Charger,89,0.0
2023-07-03,Perfect,Charger,90,0.0
2023-07-03,Perfect,Charger,91,0.0
2023-07-03,Perfect,Charger,92,0.0
2023-07-03,Perfect,Charger,93,0.0
2023-07-03,Perfect,Charger,94,0.0
2023-07-03,Perfect,Charger,95,0.0
2023-07-03,Perfect,Charger,96,0.0
2023-07-03,Noforecast,EV,1,0.0
2023-07-03,Noforecast,EV,2,0.0
2023-07-03,Noforecast,EV,3,2.9351111
2023-07-03,Noforecast,EV,4,6.4887542
2023-07-03,Noforecast,EV,5,6.4887542
2023-07-03,Noforecast,EV,6,6.4887542
2023-07-03,Noforecast,EV,7,6.4887542
2023-07-03,Noforecast,EV,8,6.4887542
2023-07-03,Noforecast,EV,9,6.4887542
2023-07-03,Noforecast,EV,10,6.4887542
2023-07-03,Noforecast,EV,11,6.4887542
2023-07-03,Noforecast,EV,12,6.4887542
2023-07-03,Noforecast,EV,13,6.4887542
2023-07-03,Noforecast,EV,14,6.4887542
2023-07-03,Noforecast,EV,15,6.4887542
2023-07-03,Noforecast,EV,16,6.4887542
2023-07-03,Noforecast,EV,17,6.4887542
2023-07-03,Noforecast,EV,18,6.4887542
2023-07-03,Noforecast,EV,19,6.4887542
2023-07-03,Noforecast,EV,20,6.4887542
2023-07-03,Noforecast,EV,21,6.4887542
2023-07-03,Noforecast,EV,22,6.4887542
2023-07-03,Noforecast,EV,23,6.4887542
2023-07-03,Noforecast,EV,24,15.577252
2023-07-03,Noforecast,EV,25,20.938944
2023-07-03,Noforecast,EV,26,27.217245
2023-07-03,Noforecast,EV,27,31.14586
2023-07-03,Noforecast,EV,28,34.0895
2023-07-03,Noforecast,EV,29,56.96279
2023-07-03,Noforecast,EV,30,78.488538
2023-07-03,Noforecast,EV,31,84.546538
2023-07-03,Noforecast,EV,32,88.50606
2023-07-03,Noforecast,EV,33,101.62695
2023-07-03,Noforecast,EV,34,118.6538
2023-07-03,Noforecast,EV,35,136.84794
2023-07-03,Noforecast,EV,36,144.56042
2023-07-03,Noforecast,EV,37,163.18372
2023-07-03,Noforecast,EV,38,176.75718
2023-07-03,Noforecast,EV,39,188.86898
2023-07-03,Noforecast,EV,40,206.33206
2023-07-03,Noforecast,EV,41,226.81073
2023-07-03,Noforecast,EV,42,229.45683
2023-07-03,Noforecast,EV,43,238.94677
2023-07-03,Noforecast,EV,44,252.80237
2023-07-03,Noforecast,EV,45,254.8157
2023-07-03,Noforecast,EV,46,254.8157
2023-07-03,Noforecast,EV,47,255.692
2023-07-03,Noforecast,EV,48,260.32174
2023-07-03,Noforecast,EV,49,260.32174
2023-07-03,Noforecast,EV,50,263.75241
2023-07-03,Noforecast,EV,51,263.75241
2023-07-03,Noforecast,EV,52,263.75241
2023-07-03,Noforecast,EV,53,263.75241
2023-07-03,Noforecast,EV,54,263.75241
2023-07-03,Noforecast,EV,55,263.75241
2023-07-03,Noforecast,EV,56,269.85333
2023-07-03,Noforecast,EV,57,283.45146
2023-07-03,Noforecast,EV,58,283.45146
2023-07-03,Noforecast,EV,59,283.45146
2023-07-03,Noforecast,EV,60,283.45146
2023-07-03,Noforecast,EV,61,283.45146
2023-07-03,Noforecast,EV,62,283.45146
2023-07-03,Noforecast,EV,63,283.45146
2023-07-03,Noforecast,EV,64,283.45146
2023-07-03,Noforecast,EV,65,125.84583
2023-07-03,Noforecast,EV,66,129.47703
2023-07-03,Noforecast,EV,67,140.31603
2023-07-03,Noforecast,EV,68,144.28936
2023-07-03,Noforecast,EV,69,144.28936
2023-07-03,Noforecast,EV,70,144.28936
2023-07-03,Noforecast,EV,71,120.172
2023-07-03,Noforecast,EV,72,106.884
2023-07-03,Noforecast,EV,73,112.2
2023-07-03,Noforecast,EV,74,105.6
2023-07-03,Noforecast,EV,75,99.0
2023-07-03,Noforecast,EV,76,85.8
2023-07-03,Noforecast,EV,77,67.62
2023-07-03,Noforecast,EV,78,81.032
2023-07-03,Noforecast,EV,79,58.52
2023-07-03,Noforecast,EV,80,63.236
2023-07-03,Noforecast,EV,81,37.688
2023-07-03,Noforecast,EV,82,26.4
2023-07-03,Noforecast,EV,83,18.348
2023-07-03,Noforecast,EV,84,19.8
2023-07-03,Noforecast,EV,85,52.8
2023-07-03,Noforecast,EV,86,48.648
2023-07-03,Noforecast,EV,87,27.192
2023-07-03,Noforecast,EV,88,19.8
2023-07-03,Noforecast,EV,89,1.188
2023-07-03,Noforecast,EV,90,0.0
2023-07-03,Noforecast,EV,91,6.6
2023-07-03,Noforecast,EV,92,0.0
2023-07-03,Noforecast,EV,93,6.6
2023-07-03,Noforecast,EV,94,0.0
2023-07-03,Noforecast,EV,95,0.0
2023-07-03,Noforecast,EV,96,0.0
2023-07-03,Noforecast,Charger,1,0.0
2023-07-03,Noforecast,Charger,2,0.0
2023-07-03,Noforecast,Charger,3,2.9351111
2023-07-03,Noforecast,Charger,4,6.4887542
2023-07-03,Noforecast,Charger,5,6.4887542
2023-07-03,Noforecast,Charger,6,6.4887542
2023-07-03,Noforecast,Charger,7,6.4887542
2023-07-03,Noforecast,Charger,8,6.4887542
2023-07-03,Noforecast,Charger,9,6.4887542
2023-07-03,Noforecast,Charger,10,6.4887542
2023-07-03,Noforecast,Charger,11,6.4887542
2023-07-03,Noforecast,Charger,12,6.4887542
2023-07-03,Noforecast,Charger,13,6.4887542
2023-07-03,Noforecast,Charger,14,6.4887542
2023-07-03,Noforecast,Charger,15,6.4887542
2023-07-03,Noforecast,Charger,16,6.4887542
2023-07-03,Noforecast,Charger,17,6.4887542
2023-07-03,Noforecast,Charger,18,6.4887542
2023-07-03,Noforecast,Charger,19,6.4887542
2023-07-03,Noforecast,Charger,20,6.4887542
2023-07-03,Noforecast,Charger,21,6.4887542
2023-07-03,Noforecast,Charger,22,6.4887542
2023-07-03,Noforecast,Charger,23,6.4887542
2023-07-03,Noforecast,Charger,24,15.577252
2023-07-03,Noforecast,Charger,25,20.938944
2023-07-03,Noforecast,Charger,26,27.217245
2023-07-03,Noforecast,Charger,27,31.14586
2023-07-03,Noforecast,Charger,28,34.0895
2023-07-03,Noforecast,Charger,29,56.96279
2023-07-03,Noforecast,Charger,30,78.488538
2023-07-03,Noforecast,Charger,31,84.546538
2023-07-03,Noforecast,Charger,32,88.50606
2023-07-03,Noforecast,Charger,33,101.62695
2023-07-03,Noforecast,Charger,34,118.6538
2023-07-03,Noforecast,Charger,35,136.84794
2023-07-03,Noforecast,Charger,36,144.56042
2023-07-03,Noforecast,Charger,37,160.52603
2023-07-03,Noforecast,Charger,38,173.14981
2023-07-03,Noforecast,Charger,39,184.95191
2023-07-03,Noforecast,Charger,40,198.99776
2023-07-03,Noforecast,Charger,41,219.85516
2023-07-03,Noforecast,Charger,42,222.70216
2023-07-03,Noforecast,Charger,43,230.66883
2023-07-03,Noforecast,Charger,44,244.52443
2023-07-03,Noforecast,Charger,45,246.53776
2023-07-03,Noforecast,Charger,46,246.89221
2023-07-03,Noforecast,Charger,47,251.00288
2023-07-03,Noforecast,Charger,48,251.00288
2023-07-03,Noforecast,Charger,49,251.00288
2023-07-03,Noforecast,Charger,50,251.49621
2023-07-03,Noforecast,Charger,51,251.49621
2023-07-03,Noforecast,Charger,52,251.49621
2023-07-03,Noforecast,Charger,53,251.49621
2023-07-03,Noforecast,Charger,54,251.49621
2023-07-03,Noforecast,Charger,55,251.49621
2023-07-03,Noforecast,Charger,56,251.49621
2023-07-03,Noforecast,Charger,57,251.49621
2023-07-03,Noforecast,Charger,58,251.49621
2023-07-03,Noforecast,Charger,59,251.49621
2023-07-03,Noforecast,Charger,60,251.49621
2023-07-03,Noforecast,Charger,61,251.49621
2023-07-03,Noforecast,Charger,62,251.49621
2023-07-03,Noforecast,Charger,63,251.49621
2023-07-03,Noforecast,Charger,64,251.49621
2023-07-03,Noforecast,Charger,65,55.192421
2023-07-03,Noforecast,Charger,66,58.868421
2023-07-03,Noforecast,Charger,67,65.000421
2023-07-03,Noforecast,Charger,68,65.000421
2023-07-03,Noforecast,Charger,69,65.000421
2023-07-03,Noforecast,Charger,70,65.000421
2023-07-03,Noforecast,Charger,71,65.000421
2023-07-03,Noforecast,Charger,72,65.000421
2023-07-03,Noforecast,Charger,73,65.000421
2023-07-03,Noforecast,Charger,74,55.564
2023-07-03,Noforecast,Charger,75,46.772
2023-07-03,Noforecast,Charger,76,51.97432
2023-07-03,Noforecast,Charger,77,46.2
2023-07-03,Noforecast,Charger,78,52.8
2023-07-03,Noforecast,Charger,79,38.496
2023-07-03,Noforecast,Charger,80,33.0
2023-07-03,Noforecast,Charger,81,26.4
2023-07-03,Noforecast,Charger,82,13.932
2023-07-03,Noforecast,Charger,83,19.8
2023-07-03,Noforecast,Charger,84,6.6
2023-07-03,Noforecast,Charger,85,19.8
2023-07-03,Noforecast,Charger,86,26.068
2023-07-03,Noforecast,Charger,87,13.2
2023-07-03,Noforecast,Charger,88,6.6
2023-07-03,Noforecast,Charger,89,0.0
2023-07-03,Noforecast,Charger,90,0.0
2023-07-03,Noforecast,Charger,91,0.0
2023-07-03,Noforecast,Charger,92,0.0
2023-07-03,Noforecast,Charger,93,0.0
2023-07-03,Noforecast,Charger,94,0.0
2023-07-03,Noforecast,Charger,95,0.0
2023-07-03,Noforecast,Charger,96,0.0
2023-07-03,Persistence,EV,1,0.0
2023-07-03,Persistence,EV,2,0.0
2023-07-03,Persistence,EV,3,6.6
2023-07-03,Persistence,EV,4,13.2
2023-07-03,Persistence,EV,5,13.2
2023-07-03,Persistence,EV,6,13.2
2023-07-03,Persistence,EV,7,13.2
2023-07-03,Persistence,EV,8,13.2
2023-07-03,Persistence,EV,9,13.2
2023-07-03,Persistence,EV,10,13.2
2023-07-03,Persistence,EV,11,13.2
2023-07-03,Persistence,EV,12,13.2
2023-07-03,Persistence,EV,13,6.6
2023-07-03,Persistence,EV,14,13.2
2023-07-03,Persistence,EV,15,6.6
2023-07-03,Persistence,EV,16,6.6
2023-07-03,Persistence,EV,17,6.6
2023-07-03,Persistence,EV,18,6.648
2023-07-03,Persistence,EV,19,6.6
2023-07-03,Persistence,EV,20,6.6
2023-07-03,Persistence,EV,21,13.2
2023-07-03,Persistence,EV,22,13.2
2023-07-03,Persistence,EV,23,13.2
2023-07-03,Persistence,EV,24,38.816
2023-07-03,Persistence,EV,25,45.388
2023-07-03,Persistence,EV,26,52.8
2023-07-03,Persistence,EV,27,79.2
2023-07-03,Persistence,EV,28,86.568
2023-07-03,Persistence,EV,29,125.4
2023-07-03,Persistence,EV,30,177.128
2023-07-03,Persistence,EV,31,187.94197
2023-07-03,Persistence,EV,32,215.03503
2023-07-03,Persistence,EV,33,244.29112
2023-07-03,Persistence,EV,34,244.29112
2023-07-03,Persistence,EV,35,248.99889
2023-07-03,Persistence,EV,36,250.84196
2023-07-03,Persistence,EV,37,212.85275
2023-07-03,Persistence,EV,38,250.84196
2023-07-03,Persistence,EV,39,250.84196
2023-07-03,Persistence,EV,40,250.84196
2023-07-03,Persistence,EV,41,250.84196
2023-07-03,Persistence,EV,42,250.84196
2023-07-03,Persistence,EV,43,262.84267
2023-07-03,Persistence,EV,44,269.16763
2023-07-03,Persistence,EV,45,269.16763
2023-07-03,Persistence,EV,46,269.16763
2023-07-03,Persistence,EV,47,269.16763
2023-07-03,Persistence,EV,48,269.16763
2023-07-03,Persistence,EV,49,269.16763
2023-07-03,Persistence,EV,50,269.16763
2023-07-03,Persistence,EV,51,269.16763
2023-07-03,Persistence,EV,52,269.16763
2023-07-03,Persistence,EV,53,269.16763
2023-07-03,Persistence,EV,54,222.11963
2023-07-03,Persistence,EV,55,247.89417
2023-07-03,Persistence,EV,56,253.53258
2023-07-03,Persistence,EV,57,227.528
2023-07-03,Persistence,EV,58,244.42
2023-07-03,Persistence,EV,59,250.452
2023-07-03,Persistence,EV,60,211.012
2023-07-03,Persistence,EV,61,244.908
2023-07-03,Persistence,EV,62,161.88
2023-07-03,Persistence,EV,63,229.332
2023-07-03,Persistence,EV,64,177.984
2023-07-03,Persistence,EV,65,44.444286
2023-07-03,Persistence,EV,66,53.103978
2023-07-03,Persistence,EV,67,57.266978
2023-07-03,Persistence,EV,68,58.350614
2023-07-03,Persistence,EV,69,59.883414
2023-07-03,Persistence,EV,70,59.883414
2023-07-03,Persistence,EV,71,48.475033
2023-07-03,Persistence,EV,72,59.188022
2023-07-03,Persistence,EV,73,35.545971
2023-07-03,Persistence,EV,74,48.309443
2023-07-03,Persistence,EV,75,43.644846
2023-07-03,Persistence,EV,76,38.72
2023-07-03,Persistence,EV,77,44.888
2023-07-03,Persistence,EV,78,52.8
2023-07-03,Persistence,EV,79,44.852
2023-07-03,Persistence,EV,80,39.6
2023-07-03,Persistence,EV,81,33.0
2023-07-03,Persistence,EV,82,19.8
2023-07-03,Persistence,EV,83,20.852
2023-07-03,Persistence,EV,84,19.8
2023-07-03,Persistence,EV,85,48.384
2023-07-03,Persistence,EV,86,48.648
2023-07-03,Persistence,EV,87,27.192
2023-07-03,Persistence,EV,88,19.8
2023-07-03,Persistence,EV,89,1.188
2023-07-03,Persistence,EV,90,0.0
2023-07-03,Persistence,EV,91,6.6
2023-07-03,Persistence,EV,92,0.0
2023-07-03,Persistence,EV,93,6.6
2023-07-03,Persistence,EV,94,0.0
2023-07-03,Persistence,EV,95,0.0
2023-07-03,Persistence,EV,96,0.0
2023-07-03,Persistence,Charger,1,0.0
2023-07-03,Persistence,Charger,2,0.0
2023-07-03,Persistence,Charger,3,0.0
2023-07-03,Persistence,Charger,4,6.6
2023-07-03,Persistence,Charger,5,6.6
2023-07-03,Persistence,Charger,6,13.2
2023-07-03,Persistence,Charger,7,13.2
2023-07-03,Persistence,Charger,8,13.2
2023-07-03,Persistence,Charger,9,13.2
2023-07-03,Persistence,Charger,10,13.2
2023-07-03,Persistence,Charger,11,13.2
2023-07-03,Persistence,Charger,12,13.2
2023-07-03,Persistence,Charger,13,6.6
2023-07-03,Persistence,Charger,14,13.2
2023-07-03,Persistence,Charger,15,13.2
2023-07-03,Persistence,Charger,16,6.6
2023-07-03,Persistence,Charger,17,13.2
2023-07-03,Persistence,Charger,18,13.2
2023-07-03,Persistence,Charger,19,6.648
2023-07-03,Persistence,Charger,20,13.2
2023-07-03,Persistence,Charger,21,6.6
2023-07-03,Persistence,Charger,22,13.2
2023-07-03,Persistence,Charger,23,13.2
2023-07-03,Persistence,Charger,24,39.36
2023-07-03,Persistence,Charger,25,55.3
2023-07-03,Persistence,Charger,26,62.948
2023-07-03,Persistence,Charger,27,79.2
2023-07-03,Persistence,Charger,28,105.6
2023-07-03,Persistence,Charger,29,138.6
2023-07-03,Persistence,Charger,30,198.0
2023-07-03,Persistence,Charger,31,211.2
2023-07-03,Persistence,Charger,32,240.424
2023-07-03,Persistence,Charger,33,242.53781
2023-07-03,Persistence,Charger,34,242.53781
2023-07-03,Persistence,Charger,35,244.14
2023-07-03,Persistence,Charger,36,247.74684
2023-07-03,Persistence,Charger,37,247.74684
2023-07-03,Persistence,Charger,38,247.74684
2023-07-03,Persistence,Charger,39,247.74684
2023-07-03,Persistence,Charger,40,247.74684
2023-07-03,Persistence,Charger,41,249.51854
2023-07-03,Persistence,Charger,42,249.51854
2023-07-03,Persistence,Charger,43,261.85393
2023-07-03,Persistence,Charger,44,268.5728
2023-07-03,Persistence,Charger,45,268.5728
2023-07-03,Persistence,Charger,46,268.5728
2023-07-03,Persistence,Charger,47,268.5728
2023-07-03,Persistence,Charger,48,268.5728
2023-07-03,Persistence,Charger,49,268.5728
2023-07-03,Persistence,Charger,50,268.5728
2023-07-03,Persistence,Charger,51,268.5728
2023-07-03,Persistence,Charger,52,264.0
2023-07-03,Persistence,Charger,53,258.85028
2023-07-03,Persistence,Charger,54,268.5728
2023-07-03,Persistence,Charger,55,228.62027
2023-07-03,Persistence,Charger,56,220.512
2023-07-03,Persistence,Charger,57,188.676
2023-07-03,Persistence,Charger,58,197.8232
2023-07-03,Persistence,Charger,59,124.3841
2023-07-03,Persistence,Charger,60,181.244
2023-07-03,Persistence,Charger,61,195.728
2023-07-03,Persistence,Charger,62,179.68498
2023-07-03,Persistence,Charger,63,193.232
2023-07-03,Persistence,Charger,64,125.80912
2023-07-03,Persistence,Charger,65,17.043714
2023-07-03,Persistence,Charger,66,21.84433
2023-07-03,Persistence,Charger,67,25.42133
2023-07-03,Persistence,Charger,68,25.42133
2023-07-03,Persistence,Charger,69,25.42133
2023-07-03,Persistence,Charger,70,25.42133
2023-07-03,Persistence,Charger,71,25.42133
2023-07-03,Persistence,Charger,72,25.42133
2023-07-03,Persistence,Charger,73,25.42133
2023-07-03,Persistence,Charger,74,25.42133
2023-07-03,Persistence,Charger,75,25.42133
2023-07-03,Persistence,Charger,76,19.388296
2023-07-03,Persistence,Charger,77,19.101021
2023-07-03,Persistence,Charger,78,6.6
2023-07-03,Persistence,Charger,79,17.18667
2023-07-03,Persistence,Charger,80,18.696
2023-07-03,Persistence,Charger,81,11.748
2023-07-03,Persistence,Charger,82,6.6
2023-07-03,Persistence,Charger,83,13.2
2023-07-03,Persistence,Charger,84,6.6
2023-07-03,Persistence,Charger,85,19.8
2023-07-03,Persistence,Charger,86,21.112
2023-07-03,Persistence,Charger,87,13.2
2023-07-03,Persistence,Charger,88,6.6
2023-07-03,Persistence,Charger,89,0.0
2023-07-03,Persistence,Charger,90,0.0
2023-07-03,Persistence,Charger,91,0.0
2023-07-03,Persistence,Charger,92,0.0
2023-07-03,Persistence,Charger,93,0.0
2023-07-03,Persistence,Charger,94,0.0
2023-07-03,Persistence,Charger,95,0.0
2023-07-03,Persistence,Charger,96,0.0
2023-07-03,Statistic,EV,1,0.0
2023-07-03,Statistic,EV,2,0.0
2023-07-03,Statistic,EV,3,0.0
2023-07-03,Statistic,EV,4,6.6
2023-07-03,Statistic,EV,5,13.2
2023-07-03,Statistic,EV,6,12.416
2023-07-03,Statistic,EV,7,6.6
2023-07-03,Statistic,EV,8,6.6
2023-07-03,Statistic,EV,9,0.0
2023-07-03,Statistic,EV,10,0.048
2023-07-03,Statistic,EV,11,13.2
2023-07-03,Statistic,EV,12,6.6
2023-07-03,Statistic,EV,13,13.2
2023-07-03,Statistic,EV,14,13.2
2023-07-03,Statistic,EV,15,13.2
2023-07-03,Statistic,EV,16,6.6
2023-07-03,Statistic,EV,17,13.2
2023-07-03,Statistic,EV,18,6.6
2023-07-03,Statistic,EV,19,6.6
2023-07-03,Statistic,EV,20,6.6
2023-07-03,Statistic,EV,21,13.2
2023-07-03,Statistic,EV,22,19.8
2023-07-03,Statistic,EV,23,13.2
2023-07-03,Statistic,EV,24,39.6
2023-07-03,Statistic,EV,25,66.0
2023-07-03,Statistic,EV,26,77.708
2023-07-03,Statistic,EV,27,86.488
2023-07-03,Statistic,EV,28,94.66
2023-07-03,Statistic,EV,29,121.11103
2023-07-03,Statistic,EV,30,158.46145
2023-07-03,Statistic,EV,31,194.48752
2023-07-03,Statistic,EV,32,202.04133
2023-07-03,Statistic,EV,33,202.04571
2023-07-03,Statistic,EV,34,207.88248
2023-07-03,Statistic,EV,35,218.4955
2023-07-03,Statistic,EV,36,225.73169
2023-07-03,Statistic,EV,37,235.66483
2023-07-03,Statistic,EV,38,237.73979
2023-07-03,Statistic,EV,39,237.73979
2023-07-03,Statistic,EV,40,246.47787
2023-07-03,Statistic,EV,41,256.64554
2023-07-03,Statistic,EV,42,256.64554
2023-07-03,Statistic,EV,43,256.64554
2023-07-03,Statistic,EV,44,260.55754
2023-07-03,Statistic,EV,45,260.55754
2023-07-03,Statistic,EV,46,260.55754
2023-07-03,Statistic,EV,47,260.55754
2023-07-03,Statistic,EV,48,260.55754
2023-07-03,Statistic,EV,49,260.55754
2023-07-03,Statistic,EV,50,260.55754
2023-07-03,Statistic,EV,51,260.55754
2023-07-03,Statistic,EV,52,247.448
2023-07-03,Statistic,EV,53,260.55754
2023-07-03,Statistic,EV,54,260.55754
2023-07-03,Statistic,EV,55,255.81244
2023-07-03,Statistic,EV,56,242.92739
2023-07-03,Statistic,EV,57,260.55754
2023-07-03,Statistic,EV,58,260.55754
2023-07-03,Statistic,EV,59,256.684
2023-07-03,Statistic,EV,60,254.94
2023-07-03,Statistic,EV,61,250.52141
2023-07-03,Statistic,EV,62,260.55754
2023-07-03,Statistic,EV,63,225.756
2023-07-03,Statistic,EV,64,181.70311
2023-07-03,Statistic,EV,65,57.5972
2023-07-03,Statistic,EV,66,62.119726
2023-07-03,Statistic,EV,67,64.89506
2023-07-03,Statistic,EV,68,64.89506
2023-07-03,Statistic,EV,69,64.89506
2023-07-03,Statistic,EV,70,64.89506
2023-07-03,Statistic,EV,71,50.111354
2023-07-03,Statistic,EV,72,42.16494
2023-07-03,Statistic,EV,73,41.2553
2023-07-03,Statistic,EV,74,46.2
2023-07-03,Statistic,EV,75,39.6
2023-07-03,Statistic,EV,76,40.68324
2023-07-03,Statistic,EV,77,39.6
2023-07-03,Statistic,EV,78,42.104
2023-07-03,Statistic,EV,79,45.392
2023-07-03,Statistic,EV,80,38.252
2023-07-03,Statistic,EV,81,26.4
2023-07-03,Statistic,EV,82,18.348
2023-07-03,Statistic,EV,83,19.8
2023-07-03,Statistic,EV,84,13.2
2023-07-03,Statistic,EV,85,52.8
2023-07-03,Statistic,EV,86,42.048
2023-07-03,Statistic,EV,87,27.192
2023-07-03,Statistic,EV,88,19.8
2023-07-03,Statistic,EV,89,1.188
2023-07-03,Statistic,EV,90,0.0
2023-07-03,Statistic,EV,91,6.6
2023-07-03,Statistic,EV,92,0.0
2023-07-03,Statistic,EV,93,6.6
2023-07-03,Statistic,EV,94,0.0
2023-07-03,Statistic,EV,95,0.0
2023-07-03,Statistic,EV,96,0.0
2023-07-03,Statistic,Charger,1,0.0
2023-07-03,Statistic,Charger,2,0.0
2023-07-03,Statistic,Charger,3,6.6
2023-07-03,Statistic,Charger,4,13.2
2023-07-03,Statistic,Charger,5,0.0
2023-07-03,Statistic,Charger,6,6.6
2023-07-03,Statistic,Charger,7,13.2
2023-07-03,Statistic,Charger,8,13.2
2023-07-03,Statistic,Charger,9,13.2
2023-07-03,Statistic,Charger,10,6.6
2023-07-03,Statistic,Charger,11,13.2
2023-07-03,Statistic,Charger,12,6.6
2023-07-03,Statistic,Charger,13,0.0
2023-07-03,Statistic,Charger,14,13.2
2023-07-03,Statistic,Charger,15,13.2
2023-07-03,Statistic,Charger,16,13.2
2023-07-03,Statistic,Charger,17,13.2
2023-07-03,Statistic,Charger,18,13.2
2023-07-03,Statistic,Charger,19,11.42
2023-07-03,Statistic,Charger,20,13.2
2023-07-03,Statistic,Charger,21,13.2
2023-07-03,Statistic,Charger,22,19.8
2023-07-03,Statistic,Charger,23,13.2
2023-07-03,Statistic,Charger,24,46.2
2023-07-03,Statistic,Charger,25,52.8
2023-07-03,Statistic,Charger,26,59.4
2023-07-03,Statistic,Charger,27,93.876
2023-07-03,Statistic,Charger,28,98.565294
2023-07-03,Statistic,Charger,29,125.4
2023-07-03,Statistic,Charger,30,171.91471
2023-07-03,Statistic,Charger,31,198.0
2023-07-03,Statistic,Charger,32,220.71333
2023-07-03,Statistic,Charger,33,187.97867
2023-07-03,Statistic,Charger,34,220.71333
2023-07-03,Statistic,Charger,35,225.36409
2023-07-03,Statistic,Charger,36,230.80823
2023-07-03,Statistic,Charger,37,242.8628
2023-07-03,Statistic,Charger,38,246.26813
2023-07-03,Statistic,Charger,39,246.26813
2023-07-03,Statistic,Charger,40,246.26813
2023-07-03,Statistic,Charger,41,259.30997
2023-07-03,Statistic,Charger,42,259.30997
2023-07-03,Statistic,Charger,43,259.30997
2023-07-03,Statistic,Charger,44,259.30997
2023-07-03,Statistic,Charger,45,259.30997
2023-07-03,Statistic,Charger,46,259.30997
2023-07-03,Statistic,Charger,47,259.30997
2023-07-03,Statistic,Charger,48,259.30997
2023-07-03,Statistic,Charger,49,259.30997
2023-07-03,Statistic,Charger,50,259.30997
2023-07-03,Statistic,Charger,51,259.30997
2023-07-03,Statistic,Charger,52,259.30997
2023-07-03,Statistic,Charger,53,259.30997
2023-07-03,Statistic,Charger,54,259.30997
2023-07-03,Statistic,Charger,55,259.30997
2023-07-03,Statistic,Charger,56,220.0414
2023-07-03,Statistic,Charger,57,233.61715
2023-07-03,Statistic,Charger,58,175.892
2023-07-03,Statistic,Charger,59,150.3
2023-07-03,Statistic,Charger,60,167.636
2023-07-03,Statistic,Charger,61,174.88481
2023-07-03,Statistic,Charger,62,155.396
2023-07-03,Statistic,Charger,63,180.62173
2023-07-03,Statistic,Charger,64,156.548
2023-07-03,Statistic,Charger,65,27.679082
2023-07-03,Statistic,Charger,66,29.17066
2023-07-03,Statistic,Charger,67,31.60426
2023-07-03,Statistic,Charger,68,31.60426
2023-07-03,Statistic,Charger,69,31.60426
2023-07-03,Statistic,Charger,70,31.60426
2023-07-03,Statistic,Charger,71,26.4
2023-07-03,Statistic,Charger,72,19.8
2023-07-03,Statistic,Charger,73,19.8
2023-07-03,Statistic,Charger,74,25.777384
2023-07-03,Statistic,Charger,75,24.888398
2023-07-03,Statistic,Charger,76,13.2
2023-07-03,Statistic,Charger,77,6.8808197
2023-07-03,Statistic,Charger,78,21.95626
2023-07-03,Statistic,Charger,79,13.2
2023-07-03,Statistic,Charger,80,6.6
2023-07-03,Statistic,Charger,81,5.148
2023-07-03,Statistic,Charger,82,6.6
2023-07-03,Statistic,Charger,83,10.38
2023-07-03,Statistic,Charger,84,0.0
2023-07-03,Statistic,Charger,85,19.8
2023-07-03,Statistic,Charger,86,15.328
2023-07-03,Statistic,Charger,87,13.2
2023-07-03,Statistic,Charger,88,6.6
2023-07-03,Statistic,Charger,89,0.0
2023-07-03,Statistic,Charger,90,0.0
2023-07-03,Statistic,Charger,91,0.0
2023-07-03,Statistic,Charger,92,0.0
2023-07-03,Statistic,Charger,93,0.0
2023-07-03,Statistic,Charger,94,0.0
2023-07-03,Statistic,Charger,95,0.0
2023-07-03,Statistic,Charger,96,0.0
2023-07-03,GMM,EV,1,0.0
2023-07-03,GMM,EV,2,0.0
2023-07-03,GMM,EV,3,6.6
2023-07-03,GMM,EV,4,13.2
2023-07-03,GMM,EV,5,13.2
2023-07-03,GMM,EV,6,13.2
2023-07-03,GMM,EV,7,6.6
2023-07-03,GMM,EV,8,13.2
2023-07-03,GMM,EV,9,6.6
2023-07-03,GMM,EV,10,13.2
2023-07-03,GMM,EV,11,6.6
2023-07-03,GMM,EV,12,13.2
2023-07-03,GMM,EV,13,13.2
2023-07-03,GMM,EV,14,6.6
2023-07-03,GMM,EV,15,6.6
2023-07-03,GMM,EV,16,6.6
2023-07-03,GMM,EV,17,6.648
2023-07-03,GMM,EV,18,13.2
2023-07-03,GMM,EV,19,13.2
2023-07-03,GMM,EV,20,13.2
2023-07-03,GMM,EV,21,13.2
2023-07-03,GMM,EV,22,13.2
2023-07-03,GMM,EV,23,13.2
2023-07-03,GMM,EV,24,26.4
2023-07-03,GMM,EV,25,51.308
2023-07-03,GMM,EV,26,59.4
2023-07-03,GMM,EV,27,77.604
2023-07-03,GMM,EV,28,80.572
2023-07-03,GMM,EV,29,119.548
2023-07-03,GMM,EV,30,176.79626
2023-07-03,GMM,EV,31,194.22592
2023-07-03,GMM,EV,32,122.24981
2023-07-03,GMM,EV,33,194.22592
2023-07-03,GMM,EV,34,206.75896
2023-07-03,GMM,EV,35,214.92649
2023-07-03,GMM,EV,36,223.34386
2023-07-03,GMM,EV,37,228.57456
2023-07-03,GMM,EV,38,234.13741
2023-07-03,GMM,EV,39,238.75357
2023-07-03,GMM,EV,40,239.58362
2023-07-03,GMM,EV,41,244.59308
2023-07-03,GMM,EV,42,246.49251
2023-07-03,GMM,EV,43,254.14831
2023-07-03,GMM,EV,44,254.14831
2023-07-03,GMM,EV,45,254.14831
2023-07-03,GMM,EV,46,255.36797
2023-07-03,GMM,EV,47,256.77204
2023-07-03,GMM,EV,48,256.80214
2023-07-03,GMM,EV,49,258.56831
2023-07-03,GMM,EV,50,258.56831
2023-07-03,GMM,EV,51,258.56831
2023-07-03,GMM,EV,52,258.56831
2023-07-03,GMM,EV,53,258.56831
2023-07-03,GMM,EV,54,258.56831
2023-07-03,GMM,EV,55,258.56831
2023-07-03,GMM,EV,56,258.56831
2023-07-03,GMM,EV,57,258.56831
2023-07-03,GMM,EV,58,258.56831
2023-07-03,GMM,EV,59,258.56831
2023-07-03,GMM,EV,60,258.56831
2023-07-03,GMM,EV,61,258.56831
2023-07-03,GMM,EV,62,258.56831
2023-07-03,GMM,EV,63,258.56831
2023-07-03,GMM,EV,64,258.56831
2023-07-03,GMM,EV,65,59.842125
2023-07-03,GMM,EV,66,60.274279
2023-07-03,GMM,EV,67,62.888564
2023-07-03,GMM,EV,68,62.888564
2023-07-03,GMM,EV,69,62.888564
2023-07-03,GMM,EV,70,62.888564
2023-07-03,GMM,EV,71,62.888564
2023-07-03,GMM,EV,72,53.888
2023-07-03,GMM,EV,73,29.453721
2023-07-03,GMM,EV,74,49.607284
2023-07-03,GMM,EV,75,56.49242
2023-07-03,GMM,EV,76,28.969347
2023-07-03,GMM,EV,77,45.32
2023-07-03,GMM,EV,78,34.948
2023-07-03,GMM,EV,79,47.82
2023-07-03,GMM,EV,80,31.652
2023-07-03,GMM,EV,81,39.6
2023-07-03,GMM,EV,82,19.8
2023-07-03,GMM,EV,83,27.452
2023-07-03,GMM,EV,84,19.8
2023-07-03,GMM,EV,85,52.8
2023-07-03,GMM,EV,86,48.648
2023-07-03,GMM,EV,87,27.192
2023-07-03,GMM,EV,88,19.8
2023-07-03,GMM,EV,89,1.188
2023-07-03,GMM,EV,90,0.0
2023-07-03,GMM,EV,91,6.6
2023-07-03,GMM,EV,92,0.0
2023-07-03,GMM,EV,93,6.6
2023-07-03,GMM,EV,94,0.0
2023-07-03,GMM,EV,95,0.0
2023-07-03,GMM,EV,96,0.0
2023-07-03,GMM,Charger,1,0.0
2023-07-03,GMM,Charger,2,0.0
2023-07-03,GMM,Charger,3,0.0
2023-07-03,GMM,Charger,4,13.2
2023-07-03,GMM,Charger,5,13.2
2023-07-03,GMM,Charger,6,6.648
2023-07-03,GMM,Charger,7,13.2
2023-07-03,GMM,Charger,8,13.2
2023-07-03,GMM,Charger,9,13.2
2023-07-03,GMM,Charger,10,13.2
2023-07-03,GMM,Charger,11,13.2
2023-07-03,GMM,Charger,12,13.2
2023-07-03,GMM,Charger,13,13.2
2023-07-03,GMM,Charger,14,13.2
2023-07-03,GMM,Charger,15,6.6
2023-07-03,GMM,Charger,16,6.6
2023-07-03,GMM,Charger,17,13.2
2023-07-03,GMM,Charger,18,6.6
2023-07-03,GMM,Charger,19,13.2
2023-07-03,GMM,Charger,20,6.6
2023-07-03,GMM,Charger,21,5.816
2023-07-03,GMM,Charger,22,13.2
2023-07-03,GMM,Charger,23,13.2
2023-07-03,GMM,Charger,24,27.818008
2023-07-03,GMM,Charger,25,46.2
2023-07-03,GMM,Charger,26,59.4
2023-07-03,GMM,Charger,27,79.2
2023-07-03,GMM,Charger,28,92.96
2023-07-03,GMM,Charger,29,132.688
2023-07-03,GMM,Charger,30,176.708
2023-07-03,GMM,Charger,31,194.66854
2023-07-03,GMM,Charger,32,173.14175
2023-07-03,GMM,Charger,33,186.7148
2023-07-03,GMM,Charger,34,208.72549
2023-07-03,GMM,Charger,35,216.38952
2023-07-03,GMM,Charger,36,224.33635
2023-07-03,GMM,Charger,37,233.66167
2023-07-03,GMM,Charger,38,241.86623
2023-07-03,GMM,Charger,39,247.49626
2023-07-03,GMM,Charger,40,247.49626
2023-07-03,GMM,Charger,41,252.05037
2023-07-03,GMM,Charger,42,254.26306
2023-07-03,GMM,Charger,43,262.01235
2023-07-03,GMM,Charger,44,262.01235
2023-07-03,GMM,Charger,45,262.01235
2023-07-03,GMM,Charger,46,262.01235
2023-07-03,GMM,Charger,47,262.01235
2023-07-03,GMM,Charger,48,262.01235
2023-07-03,GMM,Charger,49,262.01235
2023-07-03,GMM,Charger,50,262.01235
2023-07-03,GMM,Charger,51,262.01235
2023-07-03,GMM,Charger,52,262.01235
2023-07-03,GMM,Charger,53,262.01235
2023-07-03,GMM,Charger,54,262.01235
2023-07-03,GMM,Charger,55,262.01235
2023-07-03,GMM,Charger,56,234.064
2023-07-03,GMM,Charger,57,221.46566
2023-07-03,GMM,Charger,58,191.52448
2023-07-03,GMM,Charger,59,176.784
2023-07-03,GMM,Charger,60,151.7826
2023-07-03,GMM,Charger,61,182.0897
2023-07-03,GMM,Charger,62,213.1
2023-07-03,GMM,Charger,63,198.0
2023-07-03,GMM,Charger,64,197.86
2023-07-03,GMM,Charger,65,25.88015
2023-07-03,GMM,Charger,66,26.929759
2023-07-03,GMM,Charger,67,31.103776
2023-07-03,GMM,Charger,68,31.103776
2023-07-03,GMM,Charger,69,31.103776
2023-07-03,GMM,Charger,70,31.103776
2023-07-03,GMM,Charger,71,31.103776
2023-07-03,GMM,Charger,72,29.347435
2023-07-03,GMM,Charger,73,17.680224
2023-07-03,GMM,Charger,74,19.395478
2023-07-03,GMM,Charger,75,24.503776
2023-07-03,GMM,Charger,76,6.6
2023-07-03,GMM,Charger,77,25.296
2023-07-03,GMM,Charger,78,14.852298
2023-07-03,GMM,Charger,79,19.8
2023-07-03,GMM,Charger,80,19.8
2023-07-03,GMM,Charger,81,6.6
2023-07-03,GMM,Charger,82,5.148
2023-07-03,GMM,Charger,83,13.2
2023-07-03,GMM,Charger,84,0.0
2023-07-03,GMM,Charger,85,13.2
2023-07-03,GMM,Charger,86,19.468
2023-07-03,GMM,Charger,87,13.2
2023-07-03,GMM,Charger,88,6.6
2023-07-03,GMM,Charger,89,0.0
2023-07-03,GMM,Charger,90,0.0
2023-07-03,GMM,Charger,91,0.0
2023-07-03,GMM,Charger,92,0.0
2023-07-03,GMM,Charger,93,0.0
2023-07-03,GMM,Charger,94,0.0
2023-07-03,GMM,Charger,95,0.0
2023-07-03,GMM,Charger,96,0.0
2023-07-03,LSTM,EV,1,0.0
2023-07-03,LSTM,EV,2,0.0
2023-07-03,LSTM,EV,3,6.6
2023-07-03,LSTM,EV,4,13.2
2023-07-03,LSTM,EV,5,13.2
2023-07-03,LSTM,EV,6,6.6
2023-07-03,LSTM,EV,7,6.6
2023-07-03,LSTM,EV,8,0.0
2023-07-03,LSTM,EV,9,13.2
2023-07-03,LSTM,EV,10,13.2
2023-07-03,LSTM,EV,11,13.2
2023-07-03,LSTM,EV,12,12.416
2023-07-03,LSTM,EV,13,6.6
2023-07-03,LSTM,EV,14,13.2
2023-07-03,LSTM,EV,15,0.0
2023-07-03,LSTM,EV,16,6.6
2023-07-03,LSTM,EV,17,13.2
2023-07-03,LSTM,EV,18,13.2
2023-07-03,LSTM,EV,19,6.648
2023-07-03,LSTM,EV,20,13.2
2023-07-03,LSTM,EV,21,6.6
2023-07-03,LSTM,EV,22,13.2
2023-07-03,LSTM,EV,23,13.2
2023-07-03,LSTM,EV,24,34.628585
2023-07-03,LSTM,EV,25,55.866387
2023-07-03,LSTM,EV,26,71.667858
2023-07-03,LSTM,EV,27,76.036247
2023-07-03,LSTM,EV,28,77.967923
2023-07-03,LSTM,EV,29,92.527556
2023-07-03,LSTM,EV,30,112.9296
2023-07-03,LSTM,EV,31,116.8136
2023-07-03,LSTM,EV,32,121.05308
2023-07-03,LSTM,EV,33,127.69855
2023-07-03,LSTM,EV,34,143.61073
2023-07-03,LSTM,EV,35,156.16003
2023-07-03,LSTM,EV,36,165.65483
2023-07-03,LSTM,EV,37,180.21334
2023-07-03,LSTM,EV,38,188.02771
2023-07-03,LSTM,EV,39,192.76328
2023-07-03,LSTM,EV,40,203.91105
2023-07-03,LSTM,EV,41,217.20807
2023-07-03,LSTM,EV,42,217.59538
2023-07-03,LSTM,EV,43,233.05444
2023-07-03,LSTM,EV,44,238.49315
2023-07-03,LSTM,EV,45,238.49315
2023-07-03,LSTM,EV,46,246.66875
2023-07-03,LSTM,EV,47,248.29803
2023-07-03,LSTM,EV,48,253.60408
2023-07-03,LSTM,EV,49,254.05937
2023-07-03,LSTM,EV,50,254.05937
2023-07-03,LSTM,EV,51,256.81961
2023-07-03,LSTM,EV,52,256.81961
2023-07-03,LSTM,EV,53,256.81961
2023-07-03,LSTM,EV,54,257.60039
2023-07-03,LSTM,EV,55,257.60039
2023-07-03,LSTM,EV,56,257.60039
2023-07-03,LSTM,EV,57,257.93205
2023-07-03,LSTM,EV,58,257.93205
2023-07-03,LSTM,EV,59,257.93205
2023-07-03,LSTM,EV,60,257.93205
2023-07-03,LSTM,EV,61,257.93205
2023-07-03,LSTM,EV,62,257.93205
2023-07-03,LSTM,EV,63,257.93205
2023-07-03,LSTM,EV,64,257.93205
2023-07-03,LSTM,EV,65,99.165725
2023-07-03,LSTM,EV,66,104.3641
2023-07-03,LSTM,EV,67,114.3553
2023-07-03,LSTM,EV,68,117.3353
2023-07-03,LSTM,EV,69,117.3353
2023-07-03,LSTM,EV,70,117.3353
2023-07-03,LSTM,EV,71,117.3353
2023-07-03,LSTM,EV,72,106.66
2023-07-03,LSTM,EV,73,105.20913
2023-07-03,LSTM,EV,74,90.544
2023-07-03,LSTM,EV,75,85.8
2023-07-03,LSTM,EV,76,90.984
2023-07-03,LSTM,EV,77,92.4
2023-07-03,LSTM,EV,78,82.888
2023-07-03,LSTM,EV,79,66.74
2023-07-03,LSTM,EV,80,47.036
2023-07-03,LSTM,EV,81,46.2
2023-07-03,LSTM,EV,82,19.8
2023-07-03,LSTM,EV,83,20.852
2023-07-03,LSTM,EV,84,19.8
2023-07-03,LSTM,EV,85,52.8
2023-07-03,LSTM,EV,86,48.648
2023-07-03,LSTM,EV,87,27.192
2023-07-03,LSTM,EV,88,19.8
2023-07-03,LSTM,EV,89,1.188
2023-07-03,LSTM,EV,90,0.0
2023-07-03,LSTM,EV,91,6.6
2023-07-03,LSTM,EV,92,0.0
2023-07-03,LSTM,EV,93,6.6
2023-07-03,LSTM,EV,94,0.0
2023-07-03,LSTM,EV,95,0.0
2023-07-03,LSTM,EV,96,0.0
2023-07-03,LSTM,Charger,1,0.0
2023-07-03,LSTM,Charger,2,0.0
2023-07-03,LSTM,Charger,3,6.6
2023-07-03,LSTM,Charger,4,13.2
2023-07-03,LSTM,Charger,5,6.6
2023-07-03,LSTM,Charger,6,6.6
2023-07-03,LSTM,Charger,7,13.2
2023-07-03,LSTM,Charger,8,6.6
2023-07-03,LSTM,Charger,9,6.6
2023-07-03,LSTM,Charger,10,6.6
2023-07-03,LSTM,Charger,11,6.6
2023-07-03,LSTM,Charger,12,13.2
2023-07-03,LSTM,Charger,13,6.6
2023-07-03,LSTM,Charger,14,6.6
2023-07-03,LSTM,Charger,15,0.0
2023-07-03,LSTM,Charger,16,5.816
2023-07-03,LSTM,Charger,17,13.2
2023-07-03,LSTM,Charger,18,13.2
2023-07-03,LSTM,Charger,19,6.6
2023-07-03,LSTM,Charger,20,6.6
2023-07-03,LSTM,Charger,21,13.2
2023-07-03,LSTM,Charger,22,19.8
2023-07-03,LSTM,Charger,23,19.8
2023-07-03,LSTM,Charger,24,41.308258
2023-07-03,LSTM,Charger,25,62.847742
2023-07-03,LSTM,Charger,26,71.93953
2023-07-03,LSTM,Charger,27,72.591682
2023-07-03,LSTM,Charger,28,74.523358
2023-07-03,LSTM,Charger,29,89.314653
2023-07-03,LSTM,Charger,30,109.7167
2023-07-03,LSTM,Charger,31,113.6007
2023-07-03,LSTM,Charger,32,117.84018
2023-07-03,LSTM,Charger,33,126.53777
2023-07-03,LSTM,Charger,34,143.49468
2023-07-03,LSTM,Charger,35,155.44673
2023-07-03,LSTM,Charger,36,166.46514
2023-07-03,LSTM,Charger,37,179.22022
2023-07-03,LSTM,Charger,38,186.6417
2023-07-03,LSTM,Charger,39,191.37727
2023-07-03,LSTM,Charger,40,199.72105
2023-07-03,LSTM,Charger,41,212.7011
2023-07-03,LSTM,Charger,42,212.7011
2023-07-03,LSTM,Charger,43,225.59795
2023-07-03,LSTM,Charger,44,231.0385
2023-07-03,LSTM,Charger,45,231.0385
2023-07-03,LSTM,Charger,46,239.30163
2023-07-03,LSTM,Charger,47,241.41498
2023-07-03,LSTM,Charger,48,244.67941
2023-07-03,LSTM,Charger,49,245.94607
2023-07-03,LSTM,Charger,50,245.94607
2023-07-03,LSTM,Charger,51,245.94607
2023-07-03,LSTM,Charger,52,245.94607
2023-07-03,LSTM,Charger,53,245.94607
2023-07-03,LSTM,Charger,54,245.94607
2023-07-03,LSTM,Charger,55,245.94607
2023-07-03,LSTM,Charger,56,245.94607
2023-07-03,LSTM,Charger,57,245.94607
2023-07-03,LSTM,Charger,58,245.94607
2023-07-03,LSTM,Charger,59,245.94607
2023-07-03,LSTM,Charger,60,245.94607
2023-07-03,LSTM,Charger,61,245.94607
2023-07-03,LSTM,Charger,62,245.94607
2023-07-03,LSTM,Charger,63,245.94607
2023-07-03,LSTM,Charger,64,244.32082
2023-07-03,LSTM,Charger,65,22.652297
2023-07-03,LSTM,Charger,66,27.58144
2023-07-03,LSTM,Charger,67,30.286351
2023-07-03,LSTM,Charger,68,30.286351
2023-07-03,LSTM,Charger,69,30.286351
2023-07-03,LSTM,Charger,70,30.286351
2023-07-03,LSTM,Charger,71,30.286351
2023-07-03,LSTM,Charger,72,30.286351
2023-07-03,LSTM,Charger,73,30.286351
2023-07-03,LSTM,Charger,74,30.286351
2023-07-03,LSTM,Charger,75,30.286351
2023-07-03,LSTM,Charger,76,30.286351
2023-07-03,LSTM,Charger,77,25.465911
2023-07-03,LSTM,Charger,78,26.4
2023-07-03,LSTM,Charger,79,30.286351
2023-07-03,LSTM,Charger,80,19.8
2023-07-03,LSTM,Charger,81,18.097649
2023-07-03,LSTM,Charger,82,11.748
2023-07-03,LSTM,Charger,83,19.8
2023-07-03,LSTM,Charger,84,6.6
2023-07-03,LSTM,Charger,85,26.4
2023-07-03,LSTM,Charger,86,23.98
2023-07-03,LSTM,Charger,87,19.8
2023-07-03,LSTM,Charger,88,6.6
2023-07-03,LSTM,Charger,89,0.0
2023-07-03,LSTM,Charger,90,0.0
2023-07-03,LSTM,Charger,91,0.0
2023-07-03,LSTM,Charger,92,0.0
2023-07-03,LSTM,Charger,93,0.0
2023-07-03,LSTM,Charger,94,0.0
2023-07-03,LSTM,Charger,95,0.0
2023-07-03,LSTM,Charger,96,0.0
2023-07-03,TCN,EV,1,0.0
2023-07-03,TCN,EV,2,0.0
2023-07-03,TCN,EV,3,6.6
2023-07-03,TCN,EV,4,6.6
2023-07-03,TCN,EV,5,6.6
2023-07-03,TCN,EV,6,6.6
2023-07-03,TCN,EV,7,13.2
2023-07-03,TCN,EV,8,13.2
2023-07-03,TCN,EV,9,13.2
2023-07-03,TCN,EV,10,13.2
2023-07-03,TCN,EV,11,12.416
2023-07-03,TCN,EV,12,0.0
2023-07-03,TCN,EV,13,6.6
2023-07-03,TCN,EV,14,13.2
2023-07-03,TCN,EV,15,6.6
2023-07-03,TCN,EV,16,6.6
2023-07-03,TCN,EV,17,6.6
2023-07-03,TCN,EV,18,6.6
2023-07-03,TCN,EV,19,6.6
2023-07-03,TCN,EV,20,6.6
2023-07-03,TCN,EV,21,0.0
2023-07-03,TCN,EV,22,13.2
2023-07-03,TCN,EV,23,13.2
2023-07-03,TCN,EV,24,39.648
2023-07-03,TCN,EV,25,66.0
2023-07-03,TCN,EV,26,66.0
2023-07-03,TCN,EV,27,66.0
2023-07-03,TCN,EV,28,92.4
2023-07-03,TCN,EV,29,150.308
2023-07-03,TCN,EV,30,170.53828
2023-07-03,TCN,EV,31,171.76053
2023-07-03,TCN,EV,32,173.87999
2023-07-03,TCN,EV,33,173.87999
2023-07-03,TCN,EV,34,180.92118
2023-07-03,TCN,EV,35,188.88382
2023-07-03,TCN,EV,36,198.24168
2023-07-03,TCN,EV,37,208.8715
2023-07-03,TCN,EV,38,212.64054
2023-07-03,TCN,EV,39,212.75892
2023-07-03,TCN,EV,40,222.03942
2023-07-03,TCN,EV,41,230.84907
2023-07-03,TCN,EV,42,230.84907
2023-07-03,TCN,EV,43,240.4088
2023-07-03,TCN,EV,44,244.99156
2023-07-03,TCN,EV,45,244.99156
2023-07-03,TCN,EV,46,245.49009
2023-07-03,TCN,EV,47,245.96447
2023-07-03,TCN,EV,48,249.95708
2023-07-03,TCN,EV,49,251.72294
2023-07-03,TCN,EV,50,252.15748
2023-07-03,TCN,EV,51,252.15748
2023-07-03,TCN,EV,52,252.15748
2023-07-03,TCN,EV,53,252.15748
2023-07-03,TCN,EV,54,252.15748
2023-07-03,TCN,EV,55,252.15748
2023-07-03,TCN,EV,56,252.15748
2023-07-03,TCN,EV,57,252.15748
2023-07-03,TCN,EV,58,252.15748
2023-07-03,TCN,EV,59,252.15748
2023-07-03,TCN,EV,60,252.15748
2023-07-03,TCN,EV,61,252.15748
2023-07-03,TCN,EV,62,252.15748
2023-07-03,TCN,EV,63,252.15748
2023-07-03,TCN,EV,64,252.15748
2023-07-03,TCN,EV,65,65.343248
2023-07-03,TCN,EV,66,74.86294
2023-07-03,TCN,EV,67,74.86294
2023-07-03,TCN,EV,68,75.86618
2023-07-03,TCN,EV,69,75.86618
2023-07-03,TCN,EV,70,75.86618
2023-07-03,TCN,EV,71,75.86618
2023-07-03,TCN,EV,72,75.86618
2023-07-03,TCN,EV,73,75.86618
2023-07-03,TCN,EV,74,75.86618
2023-07-03,TCN,EV,75,75.86618
2023-07-03,TCN,EV,76,49.678716
2023-07-03,TCN,EV,77,75.86618
2023-07-03,TCN,EV,78,55.25382
2023-07-03,TCN,EV,79,64.708
2023-07-03,TCN,EV,80,58.052
2023-07-03,TCN,EV,81,46.2
2023-07-03,TCN,EV,82,26.4
2023-07-03,TCN,EV,83,27.452
2023-07-03,TCN,EV,84,26.4
2023-07-03,TCN,EV,85,52.8
2023-07-03,TCN,EV,86,48.648
2023-07-03,TCN,EV,87,27.192
2023-07-03,TCN,EV,88,19.8
2023-07-03,TCN,EV,89,1.188
2023-07-03,TCN,EV,90,0.0
2023-07-03,TCN,EV,91,6.6
2023-07-03,TCN,EV,92,0.0
2023-07-03,TCN,EV,93,6.6
2023-07-03,TCN,EV,94,0.0
2023-07-03,TCN,EV,95,0.0
2023-07-03,TCN,EV,96,0.0
2023-07-03,TCN,Charger,1,0.0
2023-07-03,TCN,Charger,2,0.0
2023-07-03,TCN,Charger,3,6.6
2023-07-03,TCN,Charger,4,6.6
2023-07-03,TCN,Charger,5,6.6
2023-07-03,TCN,Charger,6,6.6
2023-07-03,TCN,Charger,7,6.6
2023-07-03,TCN,Charger,8,13.2
2023-07-03,TCN,Charger,9,13.2
2023-07-03,TCN,Charger,10,13.2
2023-07-03,TCN,Charger,11,13.2
2023-07-03,TCN,Charger,12,13.2
2023-07-03,TCN,Charger,13,6.6
2023-07-03,TCN,Charger,14,13.2
2023-07-03,TCN,Charger,15,13.2
2023-07-03,TCN,Charger,16,6.6
2023-07-03,TCN,Charger,17,6.648
2023-07-03,TCN,Charger,18,13.2
2023-07-03,TCN,Charger,19,6.6
2023-07-03,TCN,Charger,20,6.6
2023-07-03,TCN,Charger,21,6.6
2023-07-03,TCN,Charger,22,19.8
2023-07-03,TCN,Charger,23,19.8
2023-07-03,TCN,Charger,24,46.2
2023-07-03,TCN,Charger,25,39.6
2023-07-03,TCN,Charger,26,66.0
2023-07-03,TCN,Charger,27,87.172
2023-07-03,TCN,Charger,28,92.4
2023-07-03,TCN,Charger,29,136.68222
2023-07-03,TCN,Charger,30,171.28572
2023-07-03,TCN,Charger,31,171.28572
2023-07-03,TCN,Charger,32,171.28572
2023-07-03,TCN,Charger,33,171.28572
2023-07-03,TCN,Charger,34,178.10939
2023-07-03,TCN,Charger,35,186.70703
2023-07-03,TCN,Charger,36,196.06489
2023-07-03,TCN,Charger,37,202.5476
2023-07-03,TCN,Charger,38,205.92376
2023-07-03,TCN,Charger,39,206.04214
2023-07-03,TCN,Charger,40,213.43338
2023-07-03,TCN,Charger,41,215.28443
2023-07-03,TCN,Charger,42,215.28443
2023-07-03,TCN,Charger,43,229.6504
2023-07-03,TCN,Charger,44,234.94249
2023-07-03,TCN,Charger,45,234.94249
2023-07-03,TCN,Charger,46,238.61346
2023-07-03,TCN,Charger,47,239.84109
2023-07-03,TCN,Charger,48,241.74292
2023-07-03,TCN,Charger,49,241.74292
2023-07-03,TCN,Charger,50,241.74292
2023-07-03,TCN,Charger,51,241.74292
2023-07-03,TCN,Charger,52,241.74292
2023-07-03,TCN,Charger,53,241.74292
2023-07-03,TCN,Charger,54,241.74292
2023-07-03,TCN,Charger,55,241.74292
2023-07-03,TCN,Charger,56,241.74292
2023-07-03,TCN,Charger,57,241.74292
2023-07-03,TCN,Charger,58,241.74292
2023-07-03,TCN,Charger,59,241.74292
2023-07-03,TCN,Charger,60,234.62777
2023-07-03,TCN,Charger,61,241.74292
2023-07-03,TCN,Charger,62,231.484
2023-07-03,TCN,Charger,63,191.57184
2023-07-03,TCN,Charger,64,214.06061
2023-07-03,TCN,Charger,65,16.43925
2023-07-03,TCN,Charger,66,19.098827
2023-07-03,TCN,Charger,67,24.11374
2023-07-03,TCN,Charger,68,24.11374
2023-07-03,TCN,Charger,69,24.11374
2023-07-03,TCN,Charger,70,24.11374
2023-07-03,TCN,Charger,71,24.11374
2023-07-03,TCN,Charger,72,24.11374
2023-07-03,TCN,Charger,73,24.11374
2023-07-03,TCN,Charger,74,24.11374
2023-07-03,TCN,Charger,75,19.8
2023-07-03,TCN,Charger,76,19.8
2023-07-03,TCN,Charger,77,19.8
2023-07-03,TCN,Charger,78,24.11374
2023-07-03,TCN,Charger,79,13.347027
2023-07-03,TCN,Charger,80,20.98226
2023-07-03,TCN,Charger,81,13.2
2023-07-03,TCN,Charger,82,11.748
2023-07-03,TCN,Charger,83,19.635261
2023-07-03,TCN,Charger,84,6.6
2023-07-03,TCN,Charger,85,26.4
2023-07-03,TCN,Charger,86,32.668
2023-07-03,TCN,Charger,87,19.8
2023-07-03,TCN,Charger,88,13.2
2023-07-03,TCN,Charger,89,0.0
2023-07-03,TCN,Charger,90,0.0
2023-07-03,TCN,Charger,91,0.0
2023-07-03,TCN,Charger,92,0.0
2023-07-03,TCN,Charger,93,0.0
2023-07-03,TCN,Charger,94,0.0
2023-07-03,TCN,Charger,95,0.0
2023-07-03,TCN,Charger,96,0.0
2023-07-03,Transformer,EV,1,0.0
2023-07-03,Transformer,EV,2,0.0
2023-07-03,Transformer,EV,3,6.6
2023-07-03,Transformer,EV,4,0.0
2023-07-03,Transformer,EV,5,13.2
2023-07-03,Transformer,EV,6,6.6
2023-07-03,Transformer,EV,7,13.2
2023-07-03,Transformer,EV,8,6.6
2023-07-03,Transformer,EV,9,12.416
2023-07-03,Transformer,EV,10,6.6
2023-07-03,Transformer,EV,11,6.6
2023-07-03,Transformer,EV,12,13.2
2023-07-03,Transformer,EV,13,6.6
2023-07-03,Transformer,EV,14,13.2
2023-07-03,Transformer,EV,15,13.2
2023-07-03,Transformer,EV,16,6.6
2023-07-03,Transformer,EV,17,6.6
2023-07-03,Transformer,EV,18,0.0
2023-07-03,Transformer,EV,19,0.0
2023-07-03,Transformer,EV,20,6.6
2023-07-03,Transformer,EV,21,6.6
2023-07-03,Transformer,EV,22,19.8
2023-07-03,Transformer,EV,23,13.248
2023-07-03,Transformer,EV,24,46.2
2023-07-03,Transformer,EV,25,64.508
2023-07-03,Transformer,EV,26,75.795471
2023-07-03,Transformer,EV,27,99.0
2023-07-03,Transformer,EV,28,99.0
2023-07-03,Transformer,EV,29,112.02394
2023-07-03,Transformer,EV,30,133.50715
2023-07-03,Transformer,EV,31,137.97351
2023-07-03,Transformer,EV,32,141.82028
2023-07-03,Transformer,EV,33,149.9843
2023-07-03,Transformer,EV,34,161.77848
2023-07-03,Transformer,EV,35,171.15
2023-07-03,Transformer,EV,36,176.30396
2023-07-03,Transformer,EV,37,184.4123
2023-07-03,Transformer,EV,38,193.44067
2023-07-03,Transformer,EV,39,196.39005
2023-07-03,Transformer,EV,40,207.04907
2023-07-03,Transformer,EV,41,218.84479
2023-07-03,Transformer,EV,42,218.84479
2023-07-03,Transformer,EV,43,230.95706
2023-07-03,Transformer,EV,44,239.44068
2023-07-03,Transformer,EV,45,239.44068
2023-07-03,Transformer,EV,46,245.60097
2023-07-03,Transformer,EV,47,245.7813
2023-07-03,Transformer,EV,48,248.44988
2023-07-03,Transformer,EV,49,248.77657
2023-07-03,Transformer,EV,50,249.84768
2023-07-03,Transformer,EV,51,251.65446
2023-07-03,Transformer,EV,52,251.65446
2023-07-03,Transformer,EV,53,251.65446
2023-07-03,Transformer,EV,54,254.25467
2023-07-03,Transformer,EV,55,254.39039
2023-07-03,Transformer,EV,56,254.39039
2023-07-03,Transformer,EV,57,254.39039
2023-07-03,Transformer,EV,58,254.39039
2023-07-03,Transformer,EV,59,254.39039
2023-07-03,Transformer,EV,60,254.39039
2023-07-03,Transformer,EV,61,254.39039
2023-07-03,Transformer,EV,62,254.39039
2023-07-03,Transformer,EV,63,254.39039
2023-07-03,Transformer,EV,64,254.39039
2023-07-03,Transformer,EV,65,88.89383
2023-07-03,Transformer,EV,66,90.840888
2023-07-03,Transformer,EV,67,97.403107
2023-07-03,Transformer,EV,68,99.389774
2023-07-03,Transformer,EV,69,100.80097
2023-07-03,Transformer,EV,70,100.80097
2023-07-03,Transformer,EV,71,100.80097
2023-07-03,Transformer,EV,72,87.033956
2023-07-03,Transformer,EV,73,100.80097
2023-07-03,Transformer,EV,74,85.61103
2023-07-03,Transformer,EV,75,79.2
2023-07-03,Transformer,EV,76,85.8
2023-07-03,Transformer,EV,77,76.904
2023-07-03,Transformer,EV,78,76.288
2023-07-03,Transformer,EV,79,67.62
2023-07-03,Transformer,EV,80,64.652
2023-07-03,Transformer,EV,81,42.104
2023-07-03,Transformer,EV,82,21.984
2023-07-03,Transformer,EV,83,31.548
2023-07-03,Transformer,EV,84,26.4
2023-07-03,Transformer,EV,85,52.8
2023-07-03,Transformer,EV,86,48.648
2023-07-03,Transformer,EV,87,27.192
2023-07-03,Transformer,EV,88,19.8
2023-07-03,Transformer,EV,89,1.188
2023-07-03,Transformer,EV,90,0.0
2023-07-03,Transformer,EV,91,6.6
2023-07-03,Transformer,EV,92,0.0
2023-07-03,Transformer,EV,93,6.6
2023-07-03,Transformer,EV,94,0.0
2023-07-03,Transformer,EV,95,0.0
2023-07-03,Transformer,EV,96,0.0
2023-07-03,Transformer,Charger,1,0.0
2023-07-03,Transformer,Charger,2,0.0
2023-07-03,Transformer,Charger,3,6.6
2023-07-03,Transformer,Charger,4,6.6
2023-07-03,Transformer,Charger,5,6.6
2023-07-03,Transformer,Charger,6,12.416
2023-07-03,Transformer,Charger,7,13.2
2023-07-03,Transformer,Charger,8,6.6
2023-07-03,Transformer,Charger,9,13.2
2023-07-03,Transformer,Charger,10,0.0
2023-07-03,Transformer,Charger,11,6.6
2023-07-03,Transformer,Charger,12,6.6
2023-07-03,Transformer,Charger,13,13.2
2023-07-03,Transformer,Charger,14,6.6
2023-07-03,Transformer,Charger,15,0.0
2023-07-03,Transformer,Charger,16,6.6
2023-07-03,Transformer,Charger,17,13.2
2023-07-03,Transformer,Charger,18,13.2
2023-07-03,Transformer,Charger,19,13.2
2023-07-03,Transformer,Charger,20,12.879371
2023-07-03,Transformer,Charger,21,13.2
2023-07-03,Transformer,Charger,22,19.8
2023-07-03,Transformer,Charger,23,19.8
2023-07-03,Transformer,Charger,24,33.0
2023-07-03,Transformer,Charger,25,51.149652
2023-07-03,Transformer,Charger,26,67.503086
2023-07-03,Transformer,Charger,27,98.948053
2023-07-03,Transformer,Charger,28,98.948053
2023-07-03,Transformer,Charger,29,111.07688
2023-07-03,Transformer,Charger,30,132.56009
2023-07-03,Transformer,Charger,31,138.75556
2023-07-03,Transformer,Charger,32,142.60233
2023-07-03,Transformer,Charger,33,150.42078
2023-07-03,Transformer,Charger,34,162.32477
2023-07-03,Transformer,Charger,35,176.95474
2023-07-03,Transformer,Charger,36,182.1087
2023-07-03,Transformer,Charger,37,190.85198
2023-07-03,Transformer,Charger,38,199.48747
2023-07-03,Transformer,Charger,39,202.43685
2023-07-03,Transformer,Charger,40,212.15959
2023-07-03,Transformer,Charger,41,223.95531
2023-07-03,Transformer,Charger,42,223.95531
2023-07-03,Transformer,Charger,43,234.89583
2023-07-03,Transformer,Charger,44,243.37945
2023-07-03,Transformer,Charger,45,243.37945
2023-07-03,Transformer,Charger,46,249.53974
2023-07-03,Transformer,Charger,47,249.53974
2023-07-03,Transformer,Charger,48,249.53974
2023-07-03,Transformer,Charger,49,249.53974
2023-07-03,Transformer,Charger,50,249.53974
2023-07-03,Transformer,Charger,51,249.53974
2023-07-03,Transformer,Charger,52,249.53974
2023-07-03,Transformer,Charger,53,249.53974
2023-07-03,Transformer,Charger,54,249.53974
2023-07-03,Transformer,Charger,55,249.53974
2023-07-03,Transformer,Charger,56,249.53974
2023-07-03,Transformer,Charger,57,249.53974
2023-07-03,Transformer,Charger,58,249.53974
2023-07-03,Transformer,Charger,59,249.53974
2023-07-03,Transformer,Charger,60,244.65786
2023-07-03,Transformer,Charger,61,249.53974
2023-07-03,Transformer,Charger,62,215.1631
2023-07-03,Transformer,Charger,63,190.6
2023-07-03,Transformer,Charger,64,233.58243
2023-07-03,Transformer,Charger,65,17.47
2023-07-03,Transformer,Charger,66,22.270615
2023-07-03,Transformer,Charger,67,25.847615
2023-07-03,Transformer,Charger,68,25.847615
2023-07-03,Transformer,Charger,69,25.847615
2023-07-03,Transformer,Charger,70,25.847615
2023-07-03,Transformer,Charger,71,25.847615
2023-07-03,Transformer,Charger,72,25.847615
2023-07-03,Transformer,Charger,73,25.847615
2023-07-03,Transformer,Charger,74,25.847615
2023-07-03,Transformer,Charger,75,25.847615
2023-07-03,Transformer,Charger,76,25.847615
2023-07-03,Transformer,Charger,77,25.847615
2023-07-03,Transformer,Charger,78,25.847615
2023-07-03,Transformer,Charger,79,19.8
2023-07-03,Transformer,Charger,80,25.296
2023-07-03,Transformer,Charger,81,13.2
2023-07-03,Transformer,Charger,82,11.748
2023-07-03,Transformer,Charger,83,13.2
2023-07-03,Transformer,Charger,84,6.6
2023-07-03,Transformer,Charger,85,19.8
2023-07-03,Transformer,Charger,86,26.068
2023-07-03,Transformer,Charger,87,13.2
2023-07-03,Transformer,Charger,88,6.6
2023-07-03,Transformer,Charger,89,0.0
2023-07-03,Transformer,Charger,90,0.0
2023-07-03,Transformer,Charger,91,0.0
2023-07-03,Transformer,Charger,92,0.0
2023-07-03,Transformer,Charger,93,0.0
2023-07-03,Transformer,Charger,94,0.0
2023-07-03,Transformer,Charger,95,0.0
2023-07-03,Transformer,Charger,96,0.0
2023-07-03,iTransformer,EV,1,0.0
2023-07-03,iTransformer,EV,2,0.0
2023-07-03,iTransformer,EV,3,0.0
2023-07-03,iTransformer,EV,4,6.6
2023-07-03,iTransformer,EV,5,6.6
2023-07-03,iTransformer,EV,6,13.2
2023-07-03,iTransformer,EV,7,6.6
2023-07-03,iTransformer,EV,8,6.6
2023-07-03,iTransformer,EV,9,6.6
2023-07-03,iTransformer,EV,10,13.2
2023-07-03,iTransformer,EV,11,13.2
2023-07-03,iTransformer,EV,12,13.2
2023-07-03,iTransformer,EV,13,13.2
2023-07-03,iTransformer,EV,14,12.416
2023-07-03,iTransformer,EV,15,13.2
2023-07-03,iTransformer,EV,16,13.2
2023-07-03,iTransformer,EV,17,6.6
2023-07-03,iTransformer,EV,18,13.2
2023-07-03,iTransformer,EV,19,6.6
2023-07-03,iTransformer,EV,20,6.6
2023-07-03,iTransformer,EV,21,13.2
2023-07-03,iTransformer,EV,22,19.8
2023-07-03,iTransformer,EV,23,19.8
2023-07-03,iTransformer,EV,24,33.0
2023-07-03,iTransformer,EV,25,51.308
2023-07-03,iTransformer,EV,26,59.4
2023-07-03,iTransformer,EV,27,90.688
2023-07-03,iTransformer,EV,28,91.588
2023-07-03,iTransformer,EV,29,120.48294
2023-07-03,iTransformer,EV,30,140.54293
2023-07-03,iTransformer,EV,31,141.78861
2023-07-03,iTransformer,EV,32,142.7795
2023-07-03,iTransformer,EV,33,146.64995
2023-07-03,iTransformer,EV,34,160.12773
2023-07-03,iTransformer,EV,35,165.71066
2023-07-03,iTransformer,EV,36,177.2389
2023-07-03,iTransformer,EV,37,194.30671
2023-07-03,iTransformer,EV,38,201.47329
2023-07-03,iTransformer,EV,39,202.21284
2023-07-03,iTransformer,EV,40,210.21738
2023-07-03,iTransformer,EV,41,223.03629
2023-07-03,iTransformer,EV,42,224.67507
2023-07-03,iTransformer,EV,43,240.19681
2023-07-03,iTransformer,EV,44,242.35692
2023-07-03,iTransformer,EV,45,242.35692
2023-07-03,iTransformer,EV,46,243.83346
2023-07-03,iTransformer,EV,47,246.62212
2023-07-03,iTransformer,EV,48,251.40119
2023-07-03,iTransformer,EV,49,251.40119
2023-07-03,iTransformer,EV,50,251.40119
2023-07-03,iTransformer,EV,51,251.44605
2023-07-03,iTransformer,EV,52,251.44605
2023-07-03,iTransformer,EV,53,252.78646
2023-07-03,iTransformer,EV,54,252.78646
2023-07-03,iTransformer,EV,55,252.78646
2023-07-03,iTransformer,EV,56,252.78646
2023-07-03,iTransformer,EV,57,252.78646
2023-07-03,iTransformer,EV,58,252.78646
2023-07-03,iTransformer,EV,59,252.78646
2023-07-03,iTransformer,EV,60,252.78646
2023-07-03,iTransformer,EV,61,252.78646
2023-07-03,iTransformer,EV,62,252.78646
2023-07-03,iTransformer,EV,63,252.78646
2023-07-03,iTransformer,EV,64,252.78646
2023-07-03,iTransformer,EV,65,76.401085
2023-07-03,iTransformer,EV,66,83.620585
2023-07-03,iTransformer,EV,67,90.757156
2023-07-03,iTransformer,EV,68,92.743823
2023-07-03,iTransformer,EV,69,94.155023
2023-07-03,iTransformer,EV,70,94.155023
2023-07-03,iTransformer,EV,71,96.72169
2023-07-03,iTransformer,EV,72,96.72169
2023-07-03,iTransformer,EV,73,96.72169
2023-07-03,iTransformer,EV,74,92.972
2023-07-03,iTransformer,EV,75,89.488
2023-07-03,iTransformer,EV,76,74.475999
2023-07-03,iTransformer,EV,77,72.6
2023-07-03,iTransformer,EV,78,79.2
2023-07-03,iTransformer,EV,79,67.62
2023-07-03,iTransformer,EV,80,64.652
2023-07-03,iTransformer,EV,81,42.104
2023-07-03,iTransformer,EV,82,21.984
2023-07-03,iTransformer,EV,83,31.548
2023-07-03,iTransformer,EV,84,26.4
2023-07-03,iTransformer,EV,85,52.8
2023-07-03,iTransformer,EV,86,48.648
2023-07-03,iTransformer,EV,87,27.192
2023-07-03,iTransformer,EV,88,19.8
2023-07-03,iTransformer,EV,89,1.188
2023-07-03,iTransformer,EV,90,0.0
2023-07-03,iTransformer,EV,91,6.6
2023-07-03,iTransformer,EV,92,0.0
2023-07-03,iTransformer,EV,93,6.6
2023-07-03,iTransformer,EV,94,0.0
2023-07-03,iTransformer,EV,95,0.0
2023-07-03,iTransformer,EV,96,0.0
2023-07-03,iTransformer,Charger,1,0.0
2023-07-03,iTransformer,Charger,2,0.0
2023-07-03,iTransformer,Charger,3,0.048
2023-07-03,iTransformer,Charger,4,13.2
2023-07-03,iTransformer,Charger,5,6.6
2023-07-03,iTransformer,Charger,6,12.416
2023-07-03,iTransformer,Charger,7,6.6
2023-07-03,iTransformer,Charger,8,6.6
2023-07-03,iTransformer,Charger,9,13.2
2023-07-03,iTransformer,Charger,10,6.6
2023-07-03,iTransformer,Charger,11,13.2
2023-07-03,iTransformer,Charger,12,13.2
2023-07-03,iTransformer,Charger,13,13.2
2023-07-03,iTransformer,Charger,14,6.6
2023-07-03,iTransformer,Charger,15,6.6
2023-07-03,iTransformer,Charger,16,13.2
2023-07-03,iTransformer,Charger,17,6.6
2023-07-03,iTransformer,Charger,18,6.6
2023-07-03,iTransformer,Charger,19,13.2
2023-07-03,iTransformer,Charger,20,13.2
2023-07-03,iTransformer,Charger,21,6.6
2023-07-03,iTransformer,Charger,22,19.8
2023-07-03,iTransformer,Charger,23,19.8
2023-07-03,iTransformer,Charger,24,33.0
2023-07-03,iTransformer,Charger,25,52.8
2023-07-03,iTransformer,Charger,26,72.6
2023-07-03,iTransformer,Charger,27,81.46
2023-07-03,iTransformer,Charger,28,98.105363
2023-07-03,iTransformer,Charger,29,118.62501
2023-07-03,iTransformer,Charger,30,137.94737
2023-07-03,iTransformer,Charger,31,139.34028
2023-07-03,iTransformer,Charger,32,141.44461
2023-07-03,iTransformer,Charger,33,145.37507
2023-07-03,iTransformer,Charger,34,158.53879
2023-07-03,iTransformer,Charger,35,164.19743
2023-07-03,iTransformer,Charger,36,175.9962
2023-07-03,iTransformer,Charger,37,192.82679
2023-07-03,iTransformer,Charger,38,199.60047
2023-07-03,iTransformer,Charger,39,200.34003
2023-07-03,iTransformer,Charger,40,207.97113
2023-07-03,iTransformer,Charger,41,219.72021
2023-07-03,iTransformer,Charger,42,221.35899
2023-07-03,iTransformer,Charger,43,236.80775
2023-07-03,iTransformer,Charger,44,238.96786
2023-07-03,iTransformer,Charger,45,238.96786
2023-07-03,iTransformer,Charger,46,242.13589
2023-07-03,iTransformer,Charger,47,244.92456
2023-07-03,iTransformer,Charger,48,247.80198
2023-07-03,iTransformer,Charger,49,247.80198
2023-07-03,iTransformer,Charger,50,247.80198
2023-07-03,iTransformer,Charger,51,247.80198
2023-07-03,iTransformer,Charger,52,247.80198
2023-07-03,iTransformer,Charger,53,247.80198
2023-07-03,iTransformer,Charger,54,247.80198
2023-07-03,iTransformer,Charger,55,247.80198
2023-07-03,iTransformer,Charger,56,247.80198
2023-07-03,iTransformer,Charger,57,247.80198
2023-07-03,iTransformer,Charger,58,247.80198
2023-07-03,iTransformer,Charger,59,247.80198
2023-07-03,iTransformer,Charger,60,247.80198
2023-07-03,iTransformer,Charger,61,247.80198
2023-07-03,iTransformer,Charger,62,236.51263
2023-07-03,iTransformer,Charger,63,195.2173
2023-07-03,iTransformer,Charger,64,219.14166
2023-07-03,iTransformer,Charger,65,18.796388
2023-07-03,iTransformer,Charger,66,23.836922
2023-07-03,iTransformer,Charger,67,27.474742
2023-07-03,iTransformer,Charger,68,27.474742
2023-07-03,iTransformer,Charger,69,27.474742
2023-07-03,iTransformer,Charger,70,27.474742
2023-07-03,iTransformer,Charger,71,27.474742
2023-07-03,iTransformer,Charger,72,27.474742
2023-07-03,iTransformer,Charger,73,27.474742
2023-07-03,iTransformer,Charger,74,27.474742
2023-07-03,iTransformer,Charger,75,28.032495
2023-07-03,iTransformer,Charger,76,19.8
2023-07-03,iTransformer,Charger,77,21.391731
2023-07-03,iTransformer,Charger,78,25.644528
2023-07-03,iTransformer,Charger,79,19.8
2023-07-03,iTransformer,Charger,80,25.296
2023-07-03,iTransformer,Charger,81,13.2
2023-07-03,iTransformer,Charger,82,11.748
2023-07-03,iTransformer,Charger,83,13.2
2023-07-03,iTransformer,Charger,84,6.6
2023-07-03,iTransformer,Charger,85,19.8
2023-07-03,iTransformer,Charger,86,26.068
2023-07-03,iTransformer,Charger,87,13.2
2023-07-03,iTransformer,Charger,88,6.6
2023-07-03,iTransformer,Charger,89,0.0
2023-07-03,iTransformer,Charger,90,0.0
2023-07-03,iTransformer,Charger,91,0.0
2023-07-03,iTransformer,Charger,92,0.0
2023-07-03,iTransformer,Charger,93,0.0
2023-07-03,iTransformer,Charger,94,0.0
2023-07-03,iTransformer,Charger,95,0.0
2023-07-03,iTransformer,Charger,96,0.0
