date,task,model,actual_scope_energy_kwh,predicted_scope_energy_kwh,absolute_scope_error_kwh,full_actual_energy_kwh,unmodelled_energy_kwh,no_substitution_operational_error_kwh,seed
2023-07-01,EV,DLinear,8.269000053405762,66.7149658203125,58.44596481323242,39.98400115966797,31.715001106262207,90.16096591949463,20260728
2023-07-02,EV,DLinear,25.868000030517578,76.54025268554688,50.6722526550293,84.92100524902344,59.05300521850586,109.72525787353516,20260728
2023-07-03,EV,DLinear,41.68299865722656,116.42645263671875,74.74345397949219,121.43299865722656,79.75,154.4934539794922,20260728
2023-07-04,EV,DLinear,0.0,159.48268127441406,159.48268127441406,16.437999725341797,16.437999725341797,175.92068099975586,20260728
2023-07-05,EV,DLinear,46.48400115966797,165.62448120117188,119.1404800415039,112.5530014038086,66.06900024414062,185.20948028564453,20260728
2023-07-06,EV,DLinear,16.927000045776367,133.56398010253906,116.63697814941406,133.0570068359375,116.13000679016113,232.7669849395752,20260728
2023-07-07,EV,DLinear,28.83300018310547,97.53938293457031,68.70638275146484,94.96900177001953,66.13600158691406,134.8423843383789,20260728
2023-07-08,EV,DLinear,11.701000213623047,63.55293655395508,51.85193634033203,50.14600372314453,38.445003509521484,90.29693984985352,20260728
2023-07-09,EV,DLinear,0.0,75.875,75.875,27.32699966430664,27.32699966430664,103.20199966430664,20260728
2023-07-10,EV,DLinear,39.33000183105469,115.00435638427734,75.67435455322266,78.30599975585938,38.97599792480469,114.65035247802734,20260728
2023-07-11,EV,DLinear,47.58799743652344,150.17152404785156,102.58352661132812,154.03500366210938,106.44700622558594,209.03053283691406,20260728
2023-07-12,EV,DLinear,13.889999389648438,165.5418243408203,151.65182495117188,88.57099914550781,74.68099975585938,226.33282470703125,20260728
2023-07-13,EV,DLinear,45.459999084472656,126.45941162109375,80.9994125366211,159.3000030517578,113.84000396728516,194.83941650390625,20260728
2023-07-14,EV,DLinear,41.76300048828125,92.64212036132812,50.879119873046875,97.44499206542969,55.68199157714844,106.56111145019531,20260728
2023-07-15,EV,DLinear,0.0,61.103694915771484,61.103694915771484,15.918999671936035,15.918999671936035,77.02269458770752,20260728
2023-07-16,EV,DLinear,0.0,69.58312225341797,69.58312225341797,68.91900634765625,68.91900634765625,138.50212860107422,20260728
2023-07-17,EV,DLinear,32.79600143432617,106.16651916503906,73.37051391601562,98.52300262451172,65.72700119018555,139.09751510620117,20260728
2023-07-18,EV,DLinear,68.76300048828125,147.15628051757812,78.39328002929688,140.23199462890625,71.468994140625,149.86227416992188,20260728
2023-07-19,EV,DLinear,40.73999786376953,160.7039031982422,119.96390533447266,90.96199798583984,50.22200012207031,170.18590545654297,20260728
2023-07-20,EV,DLinear,17.759000778198242,131.81130981445312,114.05230712890625,129.85899353027344,112.0999927520752,226.15229988098145,20260728
2023-07-21,EV,DLinear,7.895999908447266,90.21324157714844,82.31724548339844,94.1760025024414,86.28000259399414,168.59724807739258,20260728
2023-07-22,EV,DLinear,11.82699966430664,56.045372009277344,44.2183723449707,49.152000427246094,37.32500076293945,81.54337310791016,20260728
2023-07-23,EV,DLinear,11.973999977111816,67.1435546875,55.1695556640625,29.33799934387207,17.363999366760254,72.53355503082275,20260728
2023-07-24,EV,DLinear,61.29399871826172,110.86233520507812,49.568336486816406,140.76300048828125,79.46900177001953,129.03733825683594,20260728
2023-07-25,EV,DLinear,39.10099792480469,157.0220489501953,117.92105102539062,69.97699737548828,30.875999450683594,148.79705047607422,20260728
2023-07-26,EV,DLinear,33.7140007019043,167.48617553710938,133.7721710205078,99.8080062866211,66.0940055847168,199.8661766052246,20260728
2023-07-27,EV,DLinear,13.871999740600586,134.47659301757812,120.6045913696289,73.04100036621094,59.16900062561035,179.77359199523926,20260728
2023-07-28,EV,DLinear,0.0,92.6926498413086,92.6926498413086,63.87099838256836,63.87099838256836,156.56364822387695,20260728
2023-07-29,EV,DLinear,1.225000023841858,58.26041793823242,57.03541946411133,59.3489990234375,58.12399899959564,115.15941846370697,20260728
2023-07-30,EV,DLinear,17.972999572753906,67.12689208984375,49.153892517089844,68.73100280761719,50.75800323486328,99.91189575195312,20260728
2023-07-31,EV,DLinear,49.08700180053711,117.13273620605469,68.04573059082031,138.73300170898438,89.64599990844727,157.69173049926758,20260728
2023-08-01,EV,DLinear,48.61899948120117,158.082275390625,109.46327209472656,104.54399871826172,55.92499923706055,165.3882713317871,20260728
2023-08-02,EV,DLinear,30.68899917602539,169.08804321289062,138.3990478515625,88.90299987792969,58.2140007019043,196.6130485534668,20260728
2023-08-03,EV,DLinear,76.95100402832031,134.22189331054688,57.27088928222656,146.60800170898438,69.65699768066406,126.92788696289062,20260728
2023-08-04,EV,DLinear,22.779998779296875,93.75122833251953,70.97122955322266,123.77099609375,100.99099731445312,171.96222686767578,20260728
2023-08-05,EV,DLinear,47.73899841308594,66.81211853027344,19.0731201171875,79.20600128173828,31.467002868652344,50.540122985839844,20260728
2023-08-06,EV,DLinear,10.121999740600586,79.89591217041016,69.77391052246094,58.13300323486328,48.011003494262695,117.78491401672363,20260728
2023-08-07,EV,DLinear,27.21200180053711,125.89187622070312,98.67987060546875,92.07901000976562,64.86700820922852,163.54687881469727,20260728
2023-08-08,EV,DLinear,57.641998291015625,167.62216186523438,109.98016357421875,152.3249969482422,94.68299865722656,204.6631622314453,20260728
2023-08-09,EV,DLinear,18.696001052856445,175.00546264648438,156.30946350097656,167.00201416015625,148.3060131072998,304.61547660827637,20260728
2023-08-10,EV,DLinear,53.77100372314453,147.7969970703125,94.02599334716797,134.35000610351562,80.5790023803711,174.60499572753906,20260728
2023-08-11,EV,DLinear,5.497000217437744,98.27372741699219,92.77672576904297,62.154998779296875,56.65799856185913,149.4347243309021,20260728
2023-08-12,EV,DLinear,9.717000007629395,71.945068359375,62.22806930541992,41.02900314331055,31.312003135681152,93.54007244110107,20260728
2023-08-13,EV,DLinear,27.4010009765625,77.38216400146484,49.981163024902344,65.48699951171875,38.08599853515625,88.0671615600586,20260728
2023-08-14,EV,DLinear,41.26499557495117,126.06016540527344,84.795166015625,130.99200439453125,89.72700881958008,174.52217483520508,20260728
2023-08-15,EV,DLinear,57.397003173828125,169.6204071044922,112.22340393066406,123.75299835205078,66.35599517822266,178.57939910888672,20260728
2023-08-16,EV,DLinear,94.55499267578125,175.25115966796875,80.6961669921875,136.17799377441406,41.62300109863281,122.31916809082031,20260728
2023-08-17,EV,DLinear,62.777000427246094,155.64744567871094,92.87044525146484,136.80101013183594,74.02400970458984,166.8944549560547,20260728
2023-08-18,EV,DLinear,11.901000022888184,105.60692596435547,93.70592498779297,86.53099822998047,74.62999820709229,168.33592319488525,20260728
2023-08-19,EV,DLinear,33.058998107910156,78.58836364746094,45.52936553955078,88.4489974975586,55.38999938964844,100.91936492919922,20260728
2023-08-20,EV,DLinear,0.0,88.2479248046875,88.2479248046875,0.0,0.0,88.2479248046875,20260728
2023-08-21,EV,DLinear,17.55500030517578,133.0430908203125,115.48809051513672,66.0,48.44499969482422,163.93309020996094,20260728
2023-08-22,EV,DLinear,3.1579999923706055,174.0349884033203,170.87698364257812,85.68599700927734,82.52799701690674,253.40498065948486,20260728
2023-08-23,EV,DLinear,26.45600128173828,179.61544799804688,153.15945434570312,97.12699890136719,70.6709976196289,223.83045196533203,20260728
2023-08-24,EV,DLinear,46.244998931884766,152.6468963623047,106.40190124511719,140.77200317382812,94.52700424194336,200.92890548706055,20260728
2023-08-25,EV,DLinear,50.641998291015625,101.17688751220703,50.534889221191406,84.27300262451172,33.631004333496094,84.1658935546875,20260728
2023-08-26,EV,DLinear,10.074000358581543,80.22840881347656,70.15441131591797,96.99600219726562,86.92200183868408,157.07641315460205,20260728
2023-08-27,EV,DLinear,44.54800033569336,85.10501098632812,40.557010650634766,71.43399810791016,26.885997772216797,67.44300842285156,20260728
2023-08-28,EV,DLinear,105.98500061035156,130.9861297607422,25.001129150390625,156.41000366210938,50.42500305175781,75.42613220214844,20260728
2023-08-29,EV,DLinear,22.319000244140625,181.06143188476562,158.742431640625,126.37200164794922,104.0530014038086,262.7954330444336,20260728
2023-08-30,EV,DLinear,25.583999633789062,187.00228881835938,161.4182891845703,83.01100158691406,57.427001953125,218.8452911376953,20260728
2023-08-31,EV,DLinear,30.01799964904785,162.671875,132.65386962890625,162.50201416015625,132.4840145111084,265.13788414001465,20260728
2023-09-01,EV,DLinear,25.600000381469727,110.95687103271484,85.35687255859375,148.77398681640625,123.17398643493652,208.53085899353027,20260728
2023-09-02,EV,DLinear,0.0,84.18345642089844,84.18345642089844,36.35599899291992,36.35599899291992,120.53945541381836,20260728
2023-09-03,EV,DLinear,5.257999897003174,91.16877746582031,85.91077423095703,50.1609992980957,44.90299940109253,130.81377363204956,20260728
2023-09-04,EV,DLinear,5.604000091552734,135.27157592773438,129.66757202148438,38.178001403808594,32.57400131225586,162.24157333374023,20260728
2023-09-05,EV,DLinear,34.91699981689453,169.82569885253906,134.90869140625,79.94700622558594,45.030006408691406,179.9386978149414,20260728
2023-09-06,EV,DLinear,45.624996185302734,179.61270141601562,133.98770141601562,116.67500305175781,71.05000686645508,205.0377082824707,20260728
2023-09-07,EV,DLinear,52.51499938964844,155.2748565673828,102.75985717773438,135.46900939941406,82.95401000976562,185.7138671875,20260728
2023-09-08,EV,DLinear,6.215000152587891,108.84204864501953,102.62704467773438,110.70100402832031,104.48600387573242,207.1130485534668,20260728
2023-09-09,EV,DLinear,14.732999801635742,78.90386199951172,64.17086029052734,40.48600387573242,25.75300407409668,89.92386436462402,20260728
2023-09-10,EV,DLinear,8.602999687194824,88.64410400390625,80.04110717773438,79.18399047851562,70.5809907913208,150.62209796905518,20260728
2023-09-11,EV,DLinear,33.66699981689453,133.9610595703125,100.29405975341797,37.2609977722168,3.5939979553222656,103.88805770874023,20260728
2023-09-12,EV,DLinear,27.99199867248535,171.87652587890625,143.884521484375,73.33300018310547,45.34100151062012,189.22552299499512,20260728
2023-09-13,EV,DLinear,12.177999496459961,182.96731567382812,170.78932189941406,127.12799072265625,114.94999122619629,285.73931312561035,20260728
2023-09-14,EV,DLinear,2.309999942779541,153.26431274414062,150.95431518554688,41.83300018310547,39.52300024032593,190.4773154258728,20260728
2023-09-15,EV,DLinear,5.942999839782715,101.6680908203125,95.72509002685547,84.25599670410156,78.31299686431885,174.03808689117432,20260728
2023-09-16,EV,DLinear,0.0,73.69300842285156,73.69300842285156,85.61199188232422,85.61199188232422,159.30500030517578,20260728
2023-09-17,EV,DLinear,43.06300354003906,78.49151611328125,35.42851257324219,75.45500183105469,32.391998291015625,67.82051086425781,20260728
2023-09-18,EV,DLinear,17.8439998626709,130.46987915039062,112.6258773803711,123.375,105.5310001373291,218.1568775177002,20260728
2023-09-19,EV,DLinear,39.57099914550781,167.974365234375,128.4033660888672,187.1219940185547,147.55099487304688,275.95436096191406,20260728
2023-09-20,EV,DLinear,34.91600036621094,179.32333374023438,144.40733337402344,165.49400329589844,130.5780029296875,274.98533630371094,20260728
2023-09-21,EV,DLinear,32.018001556396484,150.1777801513672,118.15977478027344,165.1409912109375,133.12298965454102,251.28276443481445,20260728
2023-09-22,EV,DLinear,24.124000549316406,106.1605453491211,82.03654479980469,112.8330078125,88.7090072631836,170.74555206298828,20260728
2023-09-23,EV,DLinear,0.0,77.73904418945312,77.73904418945312,105.82099914550781,105.82099914550781,183.56004333496094,20260728
2023-09-24,EV,DLinear,32.084999084472656,90.96859741210938,58.88359832763672,76.98600006103516,44.9010009765625,103.78459930419922,20260728
2023-09-25,EV,DLinear,38.21699905395508,133.72999572753906,95.51300048828125,109.43299865722656,71.21599960327148,166.72900009155273,20260728
2023-09-26,EV,DLinear,35.124000549316406,172.39474487304688,137.270751953125,140.0360107421875,104.9120101928711,242.1827621459961,20260728
2023-09-27,EV,DLinear,95.2760009765625,179.50686645507812,84.23086547851562,157.02700805664062,61.751007080078125,145.98187255859375,20260728
2023-09-28,EV,DLinear,24.446998596191406,158.72430419921875,134.27731323242188,130.1590118408203,105.7120132446289,239.98932647705078,20260728
2023-09-29,EV,DLinear,12.67300033569336,111.69608306884766,99.02308654785156,71.05000305175781,58.37700271606445,157.40008926391602,20260728
2023-09-30,EV,DLinear,47.4640007019043,79.1025619506836,31.638561248779297,132.11199951171875,84.64799880981445,116.28656005859375,20260728
2023-07-01,EV,LSTM,8.269000053405762,76.82026672363281,68.55126953125,39.98400115966797,31.715001106262207,100.2662706375122,20260728
2023-07-02,EV,LSTM,25.868000030517578,86.1444091796875,60.27640914916992,84.92100524902344,59.05300521850586,119.32941436767578,20260728
2023-07-03,EV,LSTM,41.68299865722656,129.01336669921875,87.33036804199219,121.43299865722656,79.75,167.0803680419922,20260728
2023-07-04,EV,LSTM,0.0,173.38221740722656,173.38221740722656,16.437999725341797,16.437999725341797,189.82021713256836,20260728
2023-07-05,EV,LSTM,46.48400115966797,179.43536376953125,132.95135498046875,112.5530014038086,66.06900024414062,199.02035522460938,20260728
2023-07-06,EV,LSTM,16.927000045776367,149.54562377929688,132.61862182617188,133.0570068359375,116.13000679016113,248.748628616333,20260728
2023-07-07,EV,LSTM,28.83300018310547,100.28318786621094,71.45018768310547,94.96900177001953,66.13600158691406,137.58618927001953,20260728
2023-07-08,EV,LSTM,11.701000213623047,69.59349060058594,57.89249038696289,50.14600372314453,38.445003509521484,96.33749389648438,20260728
2023-07-09,EV,LSTM,0.0,79.48785400390625,79.48785400390625,27.32699966430664,27.32699966430664,106.81485366821289,20260728
2023-07-10,EV,LSTM,39.33000183105469,120.60273742675781,81.27273559570312,78.30599975585938,38.97599792480469,120.24873352050781,20260728
2023-07-11,EV,LSTM,47.58799743652344,162.77127075195312,115.18327331542969,154.03500366210938,106.44700622558594,221.63027954101562,20260728
2023-07-12,EV,LSTM,13.889999389648438,171.12106323242188,157.23106384277344,88.57099914550781,74.68099975585938,231.9120635986328,20260728
2023-07-13,EV,LSTM,45.459999084472656,139.19927978515625,93.7392807006836,159.3000030517578,113.84000396728516,207.57928466796875,20260728
2023-07-14,EV,LSTM,41.76300048828125,93.18473052978516,51.421730041503906,97.44499206542969,55.68199157714844,107.10372161865234,20260728
2023-07-15,EV,LSTM,0.0,62.51987075805664,62.51987075805664,15.918999671936035,15.918999671936035,78.43887042999268,20260728
2023-07-16,EV,LSTM,0.0,71.11064910888672,71.11064910888672,68.91900634765625,68.91900634765625,140.02965545654297,20260728
2023-07-17,EV,LSTM,32.79600143432617,111.794677734375,78.99867248535156,98.52300262451172,65.72700119018555,144.7256736755371,20260728
2023-07-18,EV,LSTM,68.76300048828125,156.54083251953125,87.77783203125,140.23199462890625,71.468994140625,159.246826171875,20260728
2023-07-19,EV,LSTM,40.73999786376953,167.54248046875,126.80248260498047,90.96199798583984,50.22200012207031,177.02448272705078,20260728
2023-07-20,EV,LSTM,17.759000778198242,137.1151123046875,119.35610961914062,129.85899353027344,112.0999927520752,231.45610237121582,20260728
2023-07-21,EV,LSTM,7.895999908447266,89.35821533203125,81.46221923828125,94.1760025024414,86.28000259399414,167.7422218322754,20260728
2023-07-22,EV,LSTM,11.82699966430664,58.98987579345703,47.16287612915039,49.152000427246094,37.32500076293945,84.48787689208984,20260728
2023-07-23,EV,LSTM,11.973999977111816,70.85649108886719,58.88249206542969,29.33799934387207,17.363999366760254,76.24649143218994,20260728
2023-07-24,EV,LSTM,61.29399871826172,114.8261489868164,53.53215026855469,140.76300048828125,79.46900177001953,133.00115203857422,20260728
2023-07-25,EV,LSTM,39.10099792480469,162.36080932617188,123.25981140136719,69.97699737548828,30.875999450683594,154.13581085205078,20260728
2023-07-26,EV,LSTM,33.7140007019043,174.16427612304688,140.4502716064453,99.8080062866211,66.0940055847168,206.5442771911621,20260728
2023-07-27,EV,LSTM,13.871999740600586,146.5135498046875,132.6415557861328,73.04100036621094,59.16900062561035,191.81055641174316,20260728
2023-07-28,EV,LSTM,0.0,98.44087219238281,98.44087219238281,63.87099838256836,63.87099838256836,162.31187057495117,20260728
2023-07-29,EV,LSTM,1.225000023841858,66.46382141113281,65.23882293701172,59.3489990234375,58.12399899959564,123.36282193660736,20260728
2023-07-30,EV,LSTM,17.972999572753906,76.1099853515625,58.136985778808594,68.73100280761719,50.75800323486328,108.89498901367188,20260728
2023-07-31,EV,LSTM,49.08700180053711,120.49604797363281,71.40904235839844,138.73300170898438,89.64599990844727,161.0550422668457,20260728
2023-08-01,EV,LSTM,48.61899948120117,165.2428741455078,116.62387084960938,104.54399871826172,55.92499923706055,172.54887008666992,20260728
2023-08-02,EV,LSTM,30.68899917602539,178.4872589111328,147.7982635498047,88.90299987792969,58.2140007019043,206.01226425170898,20260728
2023-08-03,EV,LSTM,76.95100402832031,148.8022003173828,71.8511962890625,146.60800170898438,69.65699768066406,141.50819396972656,20260728
2023-08-04,EV,LSTM,22.779998779296875,105.10548400878906,82.32548522949219,123.77099609375,100.99099731445312,183.3164825439453,20260728
2023-08-05,EV,LSTM,47.73899841308594,75.53091430664062,27.791915893554688,79.20600128173828,31.467002868652344,59.25891876220703,20260728
2023-08-06,EV,LSTM,10.121999740600586,89.27943420410156,79.15743255615234,58.13300323486328,48.011003494262695,127.16843605041504,20260728
2023-08-07,EV,LSTM,27.21200180053711,132.3007049560547,105.08869934082031,92.07901000976562,64.86700820922852,169.95570755004883,20260728
2023-08-08,EV,LSTM,57.641998291015625,175.5413818359375,117.89938354492188,152.3249969482422,94.68299865722656,212.58238220214844,20260728
2023-08-09,EV,LSTM,18.696001052856445,188.25927734375,169.5632781982422,167.00201416015625,148.3060131072998,317.869291305542,20260728
2023-08-10,EV,LSTM,53.77100372314453,157.31451416015625,103.54351043701172,134.35000610351562,80.5790023803711,184.1225128173828,20260728
2023-08-11,EV,LSTM,5.497000217437744,112.1690902709961,106.67208862304688,62.154998779296875,56.65799856185913,163.330087184906,20260728
2023-08-12,EV,LSTM,9.717000007629395,81.05824279785156,71.34123992919922,41.02900314331055,31.312003135681152,102.65324306488037,20260728
2023-08-13,EV,LSTM,27.4010009765625,92.00215911865234,64.60115814208984,65.48699951171875,38.08599853515625,102.6871566772461,20260728
2023-08-14,EV,LSTM,41.26499557495117,136.37936401367188,95.11436462402344,130.99200439453125,89.72700881958008,184.84137344360352,20260728
2023-08-15,EV,LSTM,57.397003173828125,180.64419555664062,123.2471923828125,123.75299835205078,66.35599517822266,189.60318756103516,20260728
2023-08-16,EV,LSTM,94.55499267578125,191.82244873046875,97.2674560546875,136.17799377441406,41.62300109863281,138.8904571533203,20260728
2023-08-17,EV,LSTM,62.777000427246094,168.08070373535156,105.30370330810547,136.80101013183594,74.02400970458984,179.3277130126953,20260728
2023-08-18,EV,LSTM,11.901000022888184,121.67039489746094,109.76939392089844,86.53099822998047,74.62999820709229,184.39939212799072,20260728
2023-08-19,EV,LSTM,33.058998107910156,91.32833862304688,58.26934051513672,88.4489974975586,55.38999938964844,113.65933990478516,20260728
2023-08-20,EV,LSTM,0.0,102.14521026611328,102.14521026611328,0.0,0.0,102.14521026611328,20260728
2023-08-21,EV,LSTM,17.55500030517578,143.35169982910156,125.79669952392578,66.0,48.44499969482422,174.24169921875,20260728
2023-08-22,EV,LSTM,3.1579999923706055,185.23916625976562,182.08116149902344,85.68599700927734,82.52799701690674,264.6091585159302,20260728
2023-08-23,EV,LSTM,26.45600128173828,192.7186737060547,166.26266479492188,97.12699890136719,70.6709976196289,236.93366241455078,20260728
2023-08-24,EV,LSTM,46.244998931884766,162.28895568847656,116.04396057128906,140.77200317382812,94.52700424194336,210.57096481323242,20260728
2023-08-25,EV,LSTM,50.641998291015625,115.7528076171875,65.11080932617188,84.27300262451172,33.631004333496094,98.74181365966797,20260728
2023-08-26,EV,LSTM,10.074000358581543,89.07339477539062,78.99939727783203,96.99600219726562,86.92200183868408,165.9213991165161,20260728
2023-08-27,EV,LSTM,44.54800033569336,98.8855972290039,54.33759689331055,71.43399810791016,26.885997772216797,81.22359466552734,20260728
2023-08-28,EV,LSTM,105.98500061035156,143.20880126953125,37.22380065917969,156.41000366210938,50.42500305175781,87.6488037109375,20260728
2023-08-29,EV,LSTM,22.319000244140625,191.41256713867188,169.09356689453125,126.37200164794922,104.0530014038086,273.14656829833984,20260728
2023-08-30,EV,LSTM,25.583999633789062,200.06439208984375,174.4803924560547,83.01100158691406,57.427001953125,231.9073944091797,20260728
2023-08-31,EV,LSTM,30.01799964904785,169.02264404296875,139.004638671875,162.50201416015625,132.4840145111084,271.4886531829834,20260728
2023-09-01,EV,LSTM,25.600000381469727,118.89546203613281,93.29546356201172,148.77398681640625,123.17398643493652,216.46944999694824,20260728
2023-09-02,EV,LSTM,0.0,88.45988464355469,88.45988464355469,36.35599899291992,36.35599899291992,124.81588363647461,20260728
2023-09-03,EV,LSTM,5.257999897003174,96.93466186523438,91.6766586303711,50.1609992980957,44.90299940109253,136.57965803146362,20260728
2023-09-04,EV,LSTM,5.604000091552734,139.4320068359375,133.8280029296875,38.178001403808594,32.57400131225586,166.40200424194336,20260728
2023-09-05,EV,LSTM,34.91699981689453,180.46450805664062,145.54751586914062,79.94700622558594,45.030006408691406,190.57752227783203,20260728
2023-09-06,EV,LSTM,45.624996185302734,191.02806091308594,145.40306091308594,116.67500305175781,71.05000686645508,216.45306777954102,20260728
2023-09-07,EV,LSTM,52.51499938964844,161.9501953125,109.43519592285156,135.46900939941406,82.95401000976562,192.3892059326172,20260728
2023-09-08,EV,LSTM,6.215000152587891,117.21524047851562,111.000244140625,110.70100402832031,104.48600387573242,215.48624801635742,20260728
2023-09-09,EV,LSTM,14.732999801635742,86.15104675292969,71.41804504394531,40.48600387573242,25.75300407409668,97.17104911804199,20260728
2023-09-10,EV,LSTM,8.602999687194824,97.34294128417969,88.73994445800781,79.18399047851562,70.5809907913208,159.3209352493286,20260728
2023-09-11,EV,LSTM,33.66699981689453,139.54806518554688,105.88106536865234,37.2609977722168,3.5939979553222656,109.47506332397461,20260728
2023-09-12,EV,LSTM,27.99199867248535,184.80279541015625,156.810791015625,73.33300018310547,45.34100151062012,202.15179252624512,20260728
2023-09-13,EV,LSTM,12.177999496459961,196.667236328125,184.48924255371094,127.12799072265625,114.94999122619629,299.4392337799072,20260728
2023-09-14,EV,LSTM,2.309999942779541,163.3902587890625,161.08026123046875,41.83300018310547,39.52300024032593,200.60326147079468,20260728
2023-09-15,EV,LSTM,5.942999839782715,112.3280029296875,106.38500213623047,84.25599670410156,78.31299686431885,184.69799900054932,20260728
2023-09-16,EV,LSTM,0.0,81.66836547851562,81.66836547851562,85.61199188232422,85.61199188232422,167.28035736083984,20260728
2023-09-17,EV,LSTM,43.06300354003906,90.6802978515625,47.61729431152344,75.45500183105469,32.391998291015625,80.00929260253906,20260728
2023-09-18,EV,LSTM,17.8439998626709,135.20614624023438,117.36214447021484,123.375,105.5310001373291,222.89314460754395,20260728
2023-09-19,EV,LSTM,39.57099914550781,178.532470703125,138.9614715576172,187.1219940185547,147.55099487304688,286.51246643066406,20260728
2023-09-20,EV,LSTM,34.91600036621094,189.56927490234375,154.6532745361328,165.49400329589844,130.5780029296875,285.2312774658203,20260728
2023-09-21,EV,LSTM,32.018001556396484,160.67462158203125,128.6566162109375,165.1409912109375,133.12298965454102,261.7796058654785,20260728
2023-09-22,EV,LSTM,24.124000549316406,112.62994384765625,88.50594329833984,112.8330078125,88.7090072631836,177.21495056152344,20260728
2023-09-23,EV,LSTM,0.0,81.42765808105469,81.42765808105469,105.82099914550781,105.82099914550781,187.2486572265625,20260728
2023-09-24,EV,LSTM,32.084999084472656,91.2130126953125,59.128013610839844,76.98600006103516,44.9010009765625,104.02901458740234,20260728
2023-09-25,EV,LSTM,38.21699905395508,136.72328186035156,98.50628662109375,109.43299865722656,71.21599960327148,169.72228622436523,20260728
2023-09-26,EV,LSTM,35.124000549316406,181.3477783203125,146.22378540039062,140.0360107421875,104.9120101928711,251.13579559326172,20260728
2023-09-27,EV,LSTM,95.2760009765625,194.3697509765625,99.09375,157.02700805664062,61.751007080078125,160.84475708007812,20260728
2023-09-28,EV,LSTM,24.446998596191406,170.70327758789062,146.25628662109375,130.1590118408203,105.7120132446289,251.96829986572266,20260728
2023-09-29,EV,LSTM,12.67300033569336,122.80220031738281,110.12919616699219,71.05000305175781,58.37700271606445,168.50619888305664,20260728
2023-09-30,EV,LSTM,47.4640007019043,93.96601104736328,46.502010345458984,132.11199951171875,84.64799880981445,131.15000915527344,20260728
2023-07-01,EV,TCN,8.269000053405762,73.35963439941406,65.09063720703125,39.98400115966797,31.715001106262207,96.80563831329346,20260728
2023-07-02,EV,TCN,25.868000030517578,78.0966796875,52.22867965698242,84.92100524902344,59.05300521850586,111.28168487548828,20260728
2023-07-03,EV,TCN,41.68299865722656,126.944091796875,85.26109313964844,121.43299865722656,79.75,165.01109313964844,20260728
2023-07-04,EV,TCN,0.0,181.76632690429688,181.76632690429688,16.437999725341797,16.437999725341797,198.20432662963867,20260728
2023-07-05,EV,TCN,46.48400115966797,197.20236206054688,150.71835327148438,112.5530014038086,66.06900024414062,216.787353515625,20260728
2023-07-06,EV,TCN,16.927000045776367,164.3924560546875,147.4654541015625,133.0570068359375,116.13000679016113,263.59546089172363,20260728
2023-07-07,EV,TCN,28.83300018310547,104.40554809570312,75.57254791259766,94.96900177001953,66.13600158691406,141.70854949951172,20260728
2023-07-08,EV,TCN,11.701000213623047,60.28063201904297,48.57963180541992,50.14600372314453,38.445003509521484,87.0246353149414,20260728
2023-07-09,EV,TCN,0.0,64.28018188476562,64.28018188476562,27.32699966430664,27.32699966430664,91.60718154907227,20260728
2023-07-10,EV,TCN,39.33000183105469,111.21417236328125,71.88417053222656,78.30599975585938,38.97599792480469,110.86016845703125,20260728
2023-07-11,EV,TCN,47.58799743652344,164.49191284179688,116.90391540527344,154.03500366210938,106.44700622558594,223.35092163085938,20260728
2023-07-12,EV,TCN,13.889999389648438,182.45594787597656,168.56594848632812,88.57099914550781,74.68099975585938,243.2469482421875,20260728
2023-07-13,EV,TCN,45.459999084472656,148.1746368408203,102.71463775634766,159.3000030517578,113.84000396728516,216.5546417236328,20260728
2023-07-14,EV,TCN,41.76300048828125,89.42436981201172,47.66136932373047,97.44499206542969,55.68199157714844,103.3433609008789,20260728
2023-07-15,EV,TCN,0.0,46.08205032348633,46.08205032348633,15.918999671936035,15.918999671936035,62.00104999542236,20260728
2023-07-16,EV,TCN,0.0,50.074195861816406,50.074195861816406,68.91900634765625,68.91900634765625,118.99320220947266,20260728
2023-07-17,EV,TCN,32.79600143432617,96.91497802734375,64.11897277832031,98.52300262451172,65.72700119018555,129.84597396850586,20260728
2023-07-18,EV,TCN,68.76300048828125,153.05062866210938,84.28762817382812,140.23199462890625,71.468994140625,155.75662231445312,20260728
2023-07-19,EV,TCN,40.73999786376953,174.43185424804688,133.69186401367188,90.96199798583984,50.22200012207031,183.9138641357422,20260728
2023-07-20,EV,TCN,17.759000778198242,144.81785583496094,127.05885314941406,129.85899353027344,112.0999927520752,239.15884590148926,20260728
2023-07-21,EV,TCN,7.895999908447266,86.88446044921875,78.98846435546875,94.1760025024414,86.28000259399414,165.2684669494629,20260728
2023-07-22,EV,TCN,11.82699966430664,45.09687042236328,33.26987075805664,49.152000427246094,37.32500076293945,70.5948715209961,20260728
2023-07-23,EV,TCN,11.973999977111816,52.21992492675781,40.24592590332031,29.33799934387207,17.363999366760254,57.609925270080566,20260728
2023-07-24,EV,TCN,61.29399871826172,102.08079528808594,40.78679656982422,140.76300048828125,79.46900177001953,120.25579833984375,20260728
2023-07-25,EV,TCN,39.10099792480469,160.72769165039062,121.62669372558594,69.97699737548828,30.875999450683594,152.50269317626953,20260728
2023-07-26,EV,TCN,33.7140007019043,181.16232299804688,147.4483184814453,99.8080062866211,66.0940055847168,213.5423240661621,20260728
2023-07-27,EV,TCN,13.871999740600586,151.56446838378906,137.69247436523438,73.04100036621094,59.16900062561035,196.86147499084473,20260728
2023-07-28,EV,TCN,0.0,93.04254150390625,93.04254150390625,63.87099838256836,63.87099838256836,156.9135398864746,20260728
2023-07-29,EV,TCN,1.225000023841858,48.749610900878906,47.52461242675781,59.3489990234375,58.12399899959564,105.64861142635345,20260728
2023-07-30,EV,TCN,17.972999572753906,54.63318634033203,36.660186767578125,68.73100280761719,50.75800323486328,87.4181900024414,20260728
2023-07-31,EV,TCN,49.08700180053711,105.07176208496094,55.98476028442383,138.73300170898438,89.64599990844727,145.6307601928711,20260728
2023-08-01,EV,TCN,48.61899948120117,161.87075805664062,113.25175476074219,104.54399871826172,55.92499923706055,169.17675399780273,20260728
2023-08-02,EV,TCN,30.68899917602539,183.78338623046875,153.09439086914062,88.90299987792969,58.2140007019043,211.30839157104492,20260728
2023-08-03,EV,TCN,76.95100402832031,152.8933563232422,75.94235229492188,146.60800170898438,69.65699768066406,145.59934997558594,20260728
2023-08-04,EV,TCN,22.779998779296875,97.00548553466797,74.2254867553711,123.77099609375,100.99099731445312,175.21648406982422,20260728
2023-08-05,EV,TCN,47.73899841308594,55.8447265625,8.105728149414062,79.20600128173828,31.467002868652344,39.572731018066406,20260728
2023-08-06,EV,TCN,10.121999740600586,64.1080322265625,53.98603057861328,58.13300323486328,48.011003494262695,101.99703407287598,20260728
2023-08-07,EV,TCN,27.21200180053711,114.1294937133789,86.91749572753906,92.07901000976562,64.86700820922852,151.78450393676758,20260728
2023-08-08,EV,TCN,57.641998291015625,170.5016632080078,112.85966491699219,152.3249969482422,94.68299865722656,207.54266357421875,20260728
2023-08-09,EV,TCN,18.696001052856445,190.89646911621094,172.20046997070312,167.00201416015625,148.3060131072998,320.50648307800293,20260728
2023-08-10,EV,TCN,53.77100372314453,159.68589782714844,105.9148941040039,134.35000610351562,80.5790023803711,186.493896484375,20260728
2023-08-11,EV,TCN,5.497000217437744,102.51971435546875,97.02271270751953,62.154998779296875,56.65799856185913,153.68071126937866,20260728
2023-08-12,EV,TCN,9.717000007629395,60.46411895751953,50.74711990356445,41.02900314331055,31.312003135681152,82.0591230392456,20260728
2023-08-13,EV,TCN,27.4010009765625,67.3401107788086,39.939109802246094,65.48699951171875,38.08599853515625,78.02510833740234,20260728
2023-08-14,EV,TCN,41.26499557495117,117.65618896484375,76.39118957519531,130.99200439453125,89.72700881958008,166.1181983947754,20260728
2023-08-15,EV,TCN,57.397003173828125,173.6151580810547,116.21815490722656,123.75299835205078,66.35599517822266,182.57415008544922,20260728
2023-08-16,EV,TCN,94.55499267578125,193.89944458007812,99.34445190429688,136.17799377441406,41.62300109863281,140.9674530029297,20260728
2023-08-17,EV,TCN,62.777000427246094,167.04583740234375,104.26883697509766,136.80101013183594,74.02400970458984,178.2928466796875,20260728
2023-08-18,EV,TCN,11.901000022888184,111.17776489257812,99.27676391601562,86.53099822998047,74.62999820709229,173.9067621231079,20260728
2023-08-19,EV,TCN,33.058998107910156,69.79714965820312,36.73815155029297,88.4489974975586,55.38999938964844,92.1281509399414,20260728
2023-08-20,EV,TCN,0.0,76.54557800292969,76.54557800292969,0.0,0.0,76.54557800292969,20260728
2023-08-21,EV,TCN,17.55500030517578,125.1767349243164,107.62173461914062,66.0,48.44499969482422,156.06673431396484,20260728
2023-08-22,EV,TCN,3.1579999923706055,179.2470245361328,176.08901977539062,85.68599700927734,82.52799701690674,258.61701679229736,20260728
2023-08-23,EV,TCN,26.45600128173828,197.88714599609375,171.43115234375,97.12699890136719,70.6709976196289,242.1021499633789,20260728
2023-08-24,EV,TCN,46.244998931884766,167.31301879882812,121.06802368164062,140.77200317382812,94.52700424194336,215.59502792358398,20260728
2023-08-25,EV,TCN,50.641998291015625,110.49341583251953,59.851417541503906,84.27300262451172,33.631004333496094,93.482421875,20260728
2023-08-26,EV,TCN,10.074000358581543,71.85055541992188,61.776554107666016,96.99600219726562,86.92200183868408,148.6985559463501,20260728
2023-08-27,EV,TCN,44.54800033569336,78.50407409667969,33.95607376098633,71.43399810791016,26.885997772216797,60.842071533203125,20260728
2023-08-28,EV,TCN,105.98500061035156,129.02838134765625,23.043380737304688,156.41000366210938,50.42500305175781,73.4683837890625,20260728
2023-08-29,EV,TCN,22.319000244140625,187.34878540039062,165.02978515625,126.37200164794922,104.0530014038086,269.0827865600586,20260728
2023-08-30,EV,TCN,25.583999633789062,206.0846405029297,180.50064086914062,83.01100158691406,57.427001953125,237.92764282226562,20260728
2023-08-31,EV,TCN,30.01799964904785,174.26947021484375,144.25146484375,162.50201416015625,132.4840145111084,276.7354793548584,20260728
2023-09-01,EV,TCN,25.600000381469727,114.45537567138672,88.85537719726562,148.77398681640625,123.17398643493652,212.02936363220215,20260728
2023-09-02,EV,TCN,0.0,72.94317626953125,72.94317626953125,36.35599899291992,36.35599899291992,109.29917526245117,20260728
2023-09-03,EV,TCN,5.257999897003174,77.85292053222656,72.59491729736328,50.1609992980957,44.90299940109253,117.49791669845581,20260728
2023-09-04,EV,TCN,5.604000091552734,127.18046569824219,121.57646179199219,38.178001403808594,32.57400131225586,154.15046310424805,20260728
2023-09-05,EV,TCN,34.91699981689453,181.23301696777344,146.31600952148438,79.94700622558594,45.030006408691406,191.34601593017578,20260728
2023-09-06,EV,TCN,45.624996185302734,200.77694702148438,155.15194702148438,116.67500305175781,71.05000686645508,226.20195388793945,20260728
2023-09-07,EV,TCN,52.51499938964844,170.8710479736328,118.35604858398438,135.46900939941406,82.95401000976562,201.31005859375,20260728
2023-09-08,EV,TCN,6.215000152587891,114.11827850341797,107.90327453613281,110.70100402832031,104.48600387573242,212.38927841186523,20260728
2023-09-09,EV,TCN,14.732999801635742,72.19746398925781,57.46446228027344,40.48600387573242,25.75300407409668,83.21746635437012,20260728
2023-09-10,EV,TCN,8.602999687194824,78.59974670410156,69.99674987792969,79.18399047851562,70.5809907913208,140.5777406692505,20260728
2023-09-11,EV,TCN,33.66699981689453,127.36604309082031,93.69904327392578,37.2609977722168,3.5939979553222656,97.29304122924805,20260728
2023-09-12,EV,TCN,27.99199867248535,182.96249389648438,154.97048950195312,73.33300018310547,45.34100151062012,200.31149101257324,20260728
2023-09-13,EV,TCN,12.177999496459961,201.63653564453125,189.4585418701172,127.12799072265625,114.94999122619629,304.4085330963135,20260728
2023-09-14,EV,TCN,2.309999942779541,167.78253173828125,165.4725341796875,41.83300018310547,39.52300024032593,204.99553442001343,20260728
2023-09-15,EV,TCN,5.942999839782715,107.60810089111328,101.66510009765625,84.25599670410156,78.31299686431885,179.9780969619751,20260728
2023-09-16,EV,TCN,0.0,65.57722473144531,65.57722473144531,85.61199188232422,85.61199188232422,151.18921661376953,20260728
2023-09-17,EV,TCN,43.06300354003906,71.3543930053711,28.29138946533203,75.45500183105469,32.391998291015625,60.683387756347656,20260728
2023-09-18,EV,TCN,17.8439998626709,123.01971435546875,105.17571258544922,123.375,105.5310001373291,210.70671272277832,20260728
2023-09-19,EV,TCN,39.57099914550781,179.55859375,139.9875946044922,187.1219940185547,147.55099487304688,287.53858947753906,20260728
2023-09-20,EV,TCN,34.91600036621094,200.38072204589844,165.4647216796875,165.49400329589844,130.5780029296875,296.042724609375,20260728
2023-09-21,EV,TCN,32.018001556396484,169.503173828125,137.48516845703125,165.1409912109375,133.12298965454102,270.60815811157227,20260728
2023-09-22,EV,TCN,24.124000549316406,110.99179077148438,86.86779022216797,112.8330078125,88.7090072631836,175.57679748535156,20260728
2023-09-23,EV,TCN,0.0,67.71763610839844,67.71763610839844,105.82099914550781,105.82099914550781,173.53863525390625,20260728
2023-09-24,EV,TCN,32.084999084472656,72.72764587402344,40.64264678955078,76.98600006103516,44.9010009765625,85.54364776611328,20260728
2023-09-25,EV,TCN,38.21699905395508,122.42410278320312,84.20710754394531,109.43299865722656,71.21599960327148,155.4231071472168,20260728
2023-09-26,EV,TCN,35.124000549316406,177.46580505371094,142.341796875,140.0360107421875,104.9120101928711,247.2538070678711,20260728
2023-09-27,EV,TCN,95.2760009765625,199.26358032226562,103.98757934570312,157.02700805664062,61.751007080078125,165.73858642578125,20260728
2023-09-28,EV,TCN,24.446998596191406,172.39947509765625,147.95248413085938,130.1590118408203,105.7120132446289,253.66449737548828,20260728
2023-09-29,EV,TCN,12.67300033569336,114.78926086425781,102.11625671386719,71.05000305175781,58.37700271606445,160.49325942993164,20260728
2023-09-30,EV,TCN,47.4640007019043,74.15460205078125,26.690601348876953,132.11199951171875,84.64799880981445,111.3386001586914,20260728
2023-07-01,EV,iTransformer,8.269000053405762,78.2487564086914,69.9797592163086,39.98400115966797,31.715001106262207,101.6947603225708,20260728
2023-07-02,EV,iTransformer,25.868000030517578,83.77820587158203,57.91020584106445,84.92100524902344,59.05300521850586,116.96321105957031,20260728
2023-07-03,EV,iTransformer,41.68299865722656,123.50241088867188,81.81941223144531,121.43299865722656,79.75,161.5694122314453,20260728
2023-07-04,EV,iTransformer,0.0,170.95428466796875,170.95428466796875,16.437999725341797,16.437999725341797,187.39228439331055,20260728
2023-07-05,EV,iTransformer,46.48400115966797,177.82510375976562,131.34109497070312,112.5530014038086,66.06900024414062,197.41009521484375,20260728
2023-07-06,EV,iTransformer,16.927000045776367,147.61056518554688,130.68356323242188,133.0570068359375,116.13000679016113,246.813570022583,20260728
2023-07-07,EV,iTransformer,28.83300018310547,108.97762298583984,80.14462280273438,94.96900177001953,66.13600158691406,146.28062438964844,20260728
2023-07-08,EV,iTransformer,11.701000213623047,68.87495422363281,57.173954010009766,50.14600372314453,38.445003509521484,95.61895751953125,20260728
2023-07-09,EV,iTransformer,0.0,78.48436737060547,78.48436737060547,27.32699966430664,27.32699966430664,105.81136703491211,20260728
2023-07-10,EV,iTransformer,39.33000183105469,120.84486389160156,81.51486206054688,78.30599975585938,38.97599792480469,120.49085998535156,20260728
2023-07-11,EV,iTransformer,47.58799743652344,155.4170684814453,107.82907104492188,154.03500366210938,106.44700622558594,214.2760772705078,20260728
2023-07-12,EV,iTransformer,13.889999389648438,174.2299041748047,160.33990478515625,88.57099914550781,74.68099975585938,235.02090454101562,20260728
2023-07-13,EV,iTransformer,45.459999084472656,141.39236450195312,95.93236541748047,159.3000030517578,113.84000396728516,209.77236938476562,20260728
2023-07-14,EV,iTransformer,41.76300048828125,104.82987976074219,63.06687927246094,97.44499206542969,55.68199157714844,118.74887084960938,20260728
2023-07-15,EV,iTransformer,0.0,66.78936767578125,66.78936767578125,15.918999671936035,15.918999671936035,82.70836734771729,20260728
2023-07-16,EV,iTransformer,0.0,72.97782897949219,72.97782897949219,68.91900634765625,68.91900634765625,141.89683532714844,20260728
2023-07-17,EV,iTransformer,32.79600143432617,103.0303726196289,70.234375,98.52300262451172,65.72700119018555,135.96137619018555,20260728
2023-07-18,EV,iTransformer,68.76300048828125,153.6767578125,84.91375732421875,140.23199462890625,71.468994140625,156.38275146484375,20260728
2023-07-19,EV,iTransformer,40.73999786376953,167.31619262695312,126.5761947631836,90.96199798583984,50.22200012207031,176.7981948852539,20260728
2023-07-20,EV,iTransformer,17.759000778198242,141.5709228515625,123.81192016601562,129.85899353027344,112.0999927520752,235.91191291809082,20260728
2023-07-21,EV,iTransformer,7.895999908447266,96.81471252441406,88.91871643066406,94.1760025024414,86.28000259399414,175.1987190246582,20260728
2023-07-22,EV,iTransformer,11.82699966430664,62.93064498901367,51.10364532470703,49.152000427246094,37.32500076293945,88.42864608764648,20260728
2023-07-23,EV,iTransformer,11.973999977111816,68.11451721191406,56.14051818847656,29.33799934387207,17.363999366760254,73.50451755523682,20260728
2023-07-24,EV,iTransformer,61.29399871826172,114.54790496826172,53.25390625,140.76300048828125,79.46900177001953,132.72290802001953,20260728
2023-07-25,EV,iTransformer,39.10099792480469,161.89895629882812,122.79795837402344,69.97699737548828,30.875999450683594,153.67395782470703,20260728
2023-07-26,EV,iTransformer,33.7140007019043,177.17184448242188,143.4578399658203,99.8080062866211,66.0940055847168,209.5518455505371,20260728
2023-07-27,EV,iTransformer,13.871999740600586,147.10018920898438,133.2281951904297,73.04100036621094,59.16900062561035,192.39719581604004,20260728
2023-07-28,EV,iTransformer,0.0,98.0721435546875,98.0721435546875,63.87099838256836,63.87099838256836,161.94314193725586,20260728
2023-07-29,EV,iTransformer,1.225000023841858,70.2323226928711,69.00732421875,59.3489990234375,58.12399899959564,127.13132321834564,20260728
2023-07-30,EV,iTransformer,17.972999572753906,73.47769927978516,55.50469970703125,68.73100280761719,50.75800323486328,106.26270294189453,20260728
2023-07-31,EV,iTransformer,49.08700180053711,124.05622100830078,74.96922302246094,138.73300170898438,89.64599990844727,164.6152229309082,20260728
2023-08-01,EV,iTransformer,48.61899948120117,163.44207763671875,114.82307434082031,104.54399871826172,55.92499923706055,170.74807357788086,20260728
2023-08-02,EV,iTransformer,30.68899917602539,178.57667541503906,147.88768005371094,88.90299987792969,58.2140007019043,206.10168075561523,20260728
2023-08-03,EV,iTransformer,76.95100402832031,149.97967529296875,73.02867126464844,146.60800170898438,69.65699768066406,142.6856689453125,20260728
2023-08-04,EV,iTransformer,22.779998779296875,109.67391204833984,86.89391326904297,123.77099609375,100.99099731445312,187.8849105834961,20260728
2023-08-05,EV,iTransformer,47.73899841308594,74.50361633300781,26.764617919921875,79.20600128173828,31.467002868652344,58.23162078857422,20260728
2023-08-06,EV,iTransformer,10.121999740600586,82.29286193847656,72.17086029052734,58.13300323486328,48.011003494262695,120.18186378479004,20260728
2023-08-07,EV,iTransformer,27.21200180053711,130.8956298828125,103.68362426757812,92.07901000976562,64.86700820922852,168.55063247680664,20260728
2023-08-08,EV,iTransformer,57.641998291015625,171.91250610351562,114.2705078125,152.3249969482422,94.68299865722656,208.95350646972656,20260728
2023-08-09,EV,iTransformer,18.696001052856445,187.51727294921875,168.82127380371094,167.00201416015625,148.3060131072998,317.12728691101074,20260728
2023-08-10,EV,iTransformer,53.77100372314453,162.52981567382812,108.7588119506836,134.35000610351562,80.5790023803711,189.3378143310547,20260728
2023-08-11,EV,iTransformer,5.497000217437744,113.58294677734375,108.08594512939453,62.154998779296875,56.65799856185913,164.74394369125366,20260728
2023-08-12,EV,iTransformer,9.717000007629395,85.96778106689453,76.25077819824219,41.02900314331055,31.312003135681152,107.56278133392334,20260728
2023-08-13,EV,iTransformer,27.4010009765625,83.57347106933594,56.17247009277344,65.48699951171875,38.08599853515625,94.25846862792969,20260728
2023-08-14,EV,iTransformer,41.26499557495117,135.94381713867188,94.67881774902344,130.99200439453125,89.72700881958008,184.40582656860352,20260728
2023-08-15,EV,iTransformer,57.397003173828125,176.26626586914062,118.8692626953125,123.75299835205078,66.35599517822266,185.22525787353516,20260728
2023-08-16,EV,iTransformer,94.55499267578125,188.45677185058594,93.90177917480469,136.17799377441406,41.62300109863281,135.5247802734375,20260728
2023-08-17,EV,iTransformer,62.777000427246094,173.47186279296875,110.69486236572266,136.80101013183594,74.02400970458984,184.7188720703125,20260728
2023-08-18,EV,iTransformer,11.901000022888184,120.88721466064453,108.98621368408203,86.53099822998047,74.62999820709229,183.61621189117432,20260728
2023-08-19,EV,iTransformer,33.058998107910156,87.91618347167969,54.85718536376953,88.4489974975586,55.38999938964844,110.24718475341797,20260728
2023-08-20,EV,iTransformer,0.0,95.52239990234375,95.52239990234375,0.0,0.0,95.52239990234375,20260728
2023-08-21,EV,iTransformer,17.55500030517578,142.2361602783203,124.68115997314453,66.0,48.44499969482422,173.12615966796875,20260728
2023-08-22,EV,iTransformer,3.1579999923706055,174.36158752441406,171.20358276367188,85.68599700927734,82.52799701690674,253.7315797805786,20260728
2023-08-23,EV,iTransformer,26.45600128173828,195.91555786132812,169.45956420898438,97.12699890136719,70.6709976196289,240.13056182861328,20260728
2023-08-24,EV,iTransformer,46.244998931884766,165.41375732421875,119.16876220703125,140.77200317382812,94.52700424194336,213.6957664489746,20260728
2023-08-25,EV,iTransformer,50.641998291015625,115.5859375,64.94393920898438,84.27300262451172,33.631004333496094,98.57494354248047,20260728
2023-08-26,EV,iTransformer,10.074000358581543,89.81554412841797,79.74154663085938,96.99600219726562,86.92200183868408,166.66354846954346,20260728
2023-08-27,EV,iTransformer,44.54800033569336,91.24185180664062,46.693851470947266,71.43399810791016,26.885997772216797,73.57984924316406,20260728
2023-08-28,EV,iTransformer,105.98500061035156,136.5384521484375,30.553451538085938,156.41000366210938,50.42500305175781,80.97845458984375,20260728
2023-08-29,EV,iTransformer,22.319000244140625,191.24853515625,168.92953491210938,126.37200164794922,104.0530014038086,272.98253631591797,20260728
2023-08-30,EV,iTransformer,25.583999633789062,200.60340881347656,175.0194091796875,83.01100158691406,57.427001953125,232.4464111328125,20260728
2023-08-31,EV,iTransformer,30.01799964904785,171.22015380859375,141.2021484375,162.50201416015625,132.4840145111084,273.6861629486084,20260728
2023-09-01,EV,iTransformer,25.600000381469727,127.12522888183594,101.52523040771484,148.77398681640625,123.17398643493652,224.69921684265137,20260728
2023-09-02,EV,iTransformer,0.0,89.21629333496094,89.21629333496094,36.35599899291992,36.35599899291992,125.57229232788086,20260728
2023-09-03,EV,iTransformer,5.257999897003174,93.64344024658203,88.38543701171875,50.1609992980957,44.90299940109253,133.28843641281128,20260728
2023-09-04,EV,iTransformer,5.604000091552734,142.2050323486328,136.6010284423828,38.178001403808594,32.57400131225586,169.17502975463867,20260728
2023-09-05,EV,iTransformer,34.91699981689453,176.860595703125,141.943603515625,79.94700622558594,45.030006408691406,186.9736099243164,20260728
2023-09-06,EV,iTransformer,45.624996185302734,189.71829223632812,144.09329223632812,116.67500305175781,71.05000686645508,215.1432991027832,20260728
2023-09-07,EV,iTransformer,52.51499938964844,166.82571411132812,114.31071472167969,135.46900939941406,82.95401000976562,197.2647247314453,20260728
2023-09-08,EV,iTransformer,6.215000152587891,121.97777557373047,115.76277160644531,110.70100402832031,104.48600387573242,220.24877548217773,20260728
2023-09-09,EV,iTransformer,14.732999801635742,89.80964660644531,75.07664489746094,40.48600387573242,25.75300407409668,100.82964897155762,20260728
2023-09-10,EV,iTransformer,8.602999687194824,99.91230773925781,91.30931091308594,79.18399047851562,70.5809907913208,161.89030170440674,20260728
2023-09-11,EV,iTransformer,33.66699981689453,137.562744140625,103.89574432373047,37.2609977722168,3.5939979553222656,107.48974227905273,20260728
2023-09-12,EV,iTransformer,27.99199867248535,182.65020751953125,154.658203125,73.33300018310547,45.34100151062012,199.99920463562012,20260728
2023-09-13,EV,iTransformer,12.177999496459961,199.94143676757812,187.76344299316406,127.12799072265625,114.94999122619629,302.71343421936035,20260728
2023-09-14,EV,iTransformer,2.309999942779541,164.8915557861328,162.58155822753906,41.83300018310547,39.52300024032593,202.104558467865,20260728
2023-09-15,EV,iTransformer,5.942999839782715,116.73150634765625,110.78850555419922,84.25599670410156,78.31299686431885,189.10150241851807,20260728
2023-09-16,EV,iTransformer,0.0,83.273193359375,83.273193359375,85.61199188232422,85.61199188232422,168.88518524169922,20260728
2023-09-17,EV,iTransformer,43.06300354003906,88.7796630859375,45.71665954589844,75.45500183105469,32.391998291015625,78.10865783691406,20260728
2023-09-18,EV,iTransformer,17.8439998626709,133.01467895507812,115.1706771850586,123.375,105.5310001373291,220.7016773223877,20260728
2023-09-19,EV,iTransformer,39.57099914550781,180.51333618164062,140.9423370361328,187.1219940185547,147.55099487304688,288.4933319091797,20260728
2023-09-20,EV,iTransformer,34.91600036621094,188.33447265625,153.41847229003906,165.49400329589844,130.5780029296875,283.99647521972656,20260728
2023-09-21,EV,iTransformer,32.018001556396484,162.5712890625,130.55328369140625,165.1409912109375,133.12298965454102,263.67627334594727,20260728
2023-09-22,EV,iTransformer,24.124000549316406,118.08184814453125,93.95784759521484,112.8330078125,88.7090072631836,182.66685485839844,20260728
2023-09-23,EV,iTransformer,0.0,88.2840576171875,88.2840576171875,105.82099914550781,105.82099914550781,194.1050567626953,20260728
2023-09-24,EV,iTransformer,32.084999084472656,90.39822387695312,58.31322479248047,76.98600006103516,44.9010009765625,103.21422576904297,20260728
2023-09-25,EV,iTransformer,38.21699905395508,135.80062866210938,97.58363342285156,109.43299865722656,71.21599960327148,168.79963302612305,20260728
2023-09-26,EV,iTransformer,35.124000549316406,181.9752197265625,146.85122680664062,140.0360107421875,104.9120101928711,251.76323699951172,20260728
2023-09-27,EV,iTransformer,95.2760009765625,194.9502410888672,99.67424011230469,157.02700805664062,61.751007080078125,161.4252471923828,20260728
2023-09-28,EV,iTransformer,24.446998596191406,176.10003662109375,151.65304565429688,130.1590118408203,105.7120132446289,257.3650588989258,20260728
2023-09-29,EV,iTransformer,12.67300033569336,126.89093780517578,114.21794128417969,71.05000305175781,58.37700271606445,172.59494400024414,20260728
2023-09-30,EV,iTransformer,47.4640007019043,93.50234985351562,46.03834915161133,132.11199951171875,84.64799880981445,130.68634796142578,20260728
2023-07-01,ChargerMatched,DLinear,8.269000053405762,31.083099365234375,22.814098358154297,39.98400115966797,nan,nan,20260728
2023-07-02,ChargerMatched,DLinear,25.868000030517578,47.18454360961914,21.316543579101562,84.92100524902344,nan,nan,20260728
2023-07-03,ChargerMatched,DLinear,41.68299865722656,74.2784194946289,32.595420837402344,121.43299865722656,nan,nan,20260728
2023-07-04,ChargerMatched,DLinear,0.0,78.87214660644531,78.87214660644531,16.437999725341797,nan,nan,20260728
2023-07-05,ChargerMatched,DLinear,46.48400115966797,54.8148307800293,8.330829620361328,112.5530014038086,nan,nan,20260728
2023-07-06,ChargerMatched,DLinear,16.927000045776367,37.87916946411133,20.95216941833496,133.0570068359375,nan,nan,20260728
2023-07-07,ChargerMatched,DLinear,28.83300018310547,26.15211296081543,2.680887222290039,94.96900177001953,nan,nan,20260728
2023-07-08,ChargerMatched,DLinear,11.701000213623047,44.133018493652344,32.4320182800293,50.14600372314453,nan,nan,20260728
2023-07-09,ChargerMatched,DLinear,0.0,48.099918365478516,48.099918365478516,27.32699966430664,nan,nan,20260728
2023-07-10,ChargerMatched,DLinear,39.33000183105469,76.28834533691406,36.958343505859375,78.30599975585938,nan,nan,20260728
2023-07-11,ChargerMatched,DLinear,47.58799743652344,77.46732330322266,29.87932586669922,154.03500366210938,nan,nan,20260728
2023-07-12,ChargerMatched,DLinear,13.889999389648438,71.58013153076172,57.69013214111328,88.57099914550781,nan,nan,20260728
2023-07-13,ChargerMatched,DLinear,45.45999526977539,34.83283615112305,10.627159118652344,159.3000030517578,nan,nan,20260728
2023-07-14,ChargerMatched,DLinear,41.76300048828125,37.65586853027344,4.1071319580078125,97.44499206542969,nan,nan,20260728
2023-07-15,ChargerMatched,DLinear,0.0,42.580562591552734,42.580562591552734,15.918999671936035,nan,nan,20260728
2023-07-16,ChargerMatched,DLinear,0.0,52.32731246948242,52.32731246948242,68.91900634765625,nan,nan,20260728
2023-07-17,ChargerMatched,DLinear,32.79600143432617,81.062744140625,48.26674270629883,98.52300262451172,nan,nan,20260728
2023-07-18,ChargerMatched,DLinear,68.76300048828125,79.29365539550781,10.530654907226562,140.23199462890625,nan,nan,20260728
2023-07-19,ChargerMatched,DLinear,40.73999786376953,73.13027954101562,32.390281677246094,90.96199798583984,nan,nan,20260728
2023-07-20,ChargerMatched,DLinear,17.759000778198242,46.098915100097656,28.339914321899414,129.85899353027344,nan,nan,20260728
2023-07-21,ChargerMatched,DLinear,7.895999908447266,43.49567413330078,35.599674224853516,94.1760025024414,nan,nan,20260728
2023-07-22,ChargerMatched,DLinear,11.82699966430664,39.09897994995117,27.27198028564453,49.152000427246094,nan,nan,20260728
2023-07-23,ChargerMatched,DLinear,11.973999977111816,47.045963287353516,35.071964263916016,29.33799934387207,nan,nan,20260728
2023-07-24,ChargerMatched,DLinear,61.29399871826172,86.64437103271484,25.350372314453125,140.76300048828125,nan,nan,20260728
2023-07-25,ChargerMatched,DLinear,39.10100173950195,95.74911499023438,56.64811325073242,69.97699737548828,nan,nan,20260728
2023-07-26,ChargerMatched,DLinear,33.7140007019043,73.29731750488281,39.583316802978516,99.8080062866211,nan,nan,20260728
2023-07-27,ChargerMatched,DLinear,13.871999740600586,50.78607177734375,36.91407012939453,73.04100036621094,nan,nan,20260728
2023-07-28,ChargerMatched,DLinear,0.0,32.181827545166016,32.181827545166016,63.87099838256836,nan,nan,20260728
2023-07-29,ChargerMatched,DLinear,1.225000023841858,41.79671096801758,40.571712493896484,59.3489990234375,nan,nan,20260728
2023-07-30,ChargerMatched,DLinear,17.972999572753906,56.54766082763672,38.57466125488281,68.73100280761719,nan,nan,20260728
2023-07-31,ChargerMatched,DLinear,49.086997985839844,87.92777252197266,38.84077453613281,138.73300170898438,nan,nan,20260728
2023-08-01,ChargerMatched,DLinear,48.61899948120117,102.02333068847656,53.40433120727539,104.54399871826172,nan,nan,20260728
2023-08-02,ChargerMatched,DLinear,30.68899917602539,77.13383483886719,46.4448356628418,88.90299987792969,nan,nan,20260728
2023-08-03,ChargerMatched,DLinear,76.95099639892578,51.18873596191406,25.76226043701172,146.60800170898438,nan,nan,20260728
2023-08-04,ChargerMatched,DLinear,22.779998779296875,41.067081451416016,18.28708267211914,123.77099609375,nan,nan,20260728
2023-08-05,ChargerMatched,DLinear,47.73899841308594,37.49974060058594,10.2392578125,79.20600128173828,nan,nan,20260728
2023-08-06,ChargerMatched,DLinear,10.121999740600586,61.089080810546875,50.967079162597656,58.13300323486328,nan,nan,20260728
2023-08-07,ChargerMatched,DLinear,27.21200180053711,94.28895568847656,67.07695007324219,92.07901000976562,nan,nan,20260728
2023-08-08,ChargerMatched,DLinear,57.641998291015625,99.94760131835938,42.30560302734375,152.3249969482422,nan,nan,20260728
2023-08-09,ChargerMatched,DLinear,18.696001052856445,81.6226806640625,62.92668151855469,167.00201416015625,nan,nan,20260728
2023-08-10,ChargerMatched,DLinear,53.770999908447266,59.65880584716797,5.887805938720703,134.35000610351562,nan,nan,20260728
2023-08-11,ChargerMatched,DLinear,5.497000217437744,51.052215576171875,45.555213928222656,62.154998779296875,nan,nan,20260728
2023-08-12,ChargerMatched,DLinear,9.717000007629395,43.3007926940918,33.58379364013672,41.02900314331055,nan,nan,20260728
2023-08-13,ChargerMatched,DLinear,27.4010009765625,69.23127746582031,41.83027648925781,65.48699951171875,nan,nan,20260728
2023-08-14,ChargerMatched,DLinear,41.26499938964844,97.04945373535156,55.784454345703125,130.99200439453125,nan,nan,20260728
2023-08-15,ChargerMatched,DLinear,57.397003173828125,116.18817138671875,58.791168212890625,123.75299835205078,nan,nan,20260728
2023-08-16,ChargerMatched,DLinear,94.55500030517578,82.46673583984375,12.088264465332031,136.17799377441406,nan,nan,20260728
2023-08-17,ChargerMatched,DLinear,62.777000427246094,72.26828002929688,9.491279602050781,136.80101013183594,nan,nan,20260728
2023-08-18,ChargerMatched,DLinear,11.901000022888184,44.007564544677734,32.106563568115234,86.53099822998047,nan,nan,20260728
2023-08-19,ChargerMatched,DLinear,33.058998107910156,45.91676712036133,12.857769012451172,88.4489974975586,nan,nan,20260728
2023-08-20,ChargerMatched,DLinear,0.0,71.79395294189453,71.79395294189453,0.0,nan,nan,20260728
2023-08-21,ChargerMatched,DLinear,17.55500030517578,95.61320495605469,78.0582046508789,66.0,nan,nan,20260728
2023-08-22,ChargerMatched,DLinear,3.1579999923706055,112.89888000488281,109.74088287353516,85.68599700927734,nan,nan,20260728
2023-08-23,ChargerMatched,DLinear,26.45600128173828,88.67922973632812,62.223228454589844,97.12699890136719,nan,nan,20260728
2023-08-24,ChargerMatched,DLinear,46.24500274658203,76.59095001220703,30.345947265625,140.77200317382812,nan,nan,20260728
2023-08-25,ChargerMatched,DLinear,50.641998291015625,54.40678405761719,3.7647857666015625,84.27300262451172,nan,nan,20260728
2023-08-26,ChargerMatched,DLinear,10.074000358581543,51.20510482788086,41.131103515625,96.99600219726562,nan,nan,20260728
2023-08-27,ChargerMatched,DLinear,44.54800033569336,82.03424072265625,37.48624038696289,71.43399810791016,nan,nan,20260728
2023-08-28,ChargerMatched,DLinear,105.98500061035156,91.94649505615234,14.038505554199219,156.41000366210938,nan,nan,20260728
2023-08-29,ChargerMatched,DLinear,22.319000244140625,108.16583251953125,85.84683227539062,126.37200164794922,nan,nan,20260728
2023-08-30,ChargerMatched,DLinear,25.583999633789062,88.50133514404297,62.917335510253906,83.01100158691406,nan,nan,20260728
2023-08-31,ChargerMatched,DLinear,30.01799964904785,72.3275375366211,42.309539794921875,162.50201416015625,nan,nan,20260728
2023-09-01,ChargerMatched,DLinear,25.600000381469727,48.18149185180664,22.581491470336914,148.77398681640625,nan,nan,20260728
2023-09-02,ChargerMatched,DLinear,0.0,51.00422668457031,51.00422668457031,36.35599899291992,nan,nan,20260728
2023-09-03,ChargerMatched,DLinear,5.257999897003174,77.65847778320312,72.40047454833984,50.1609992980957,nan,nan,20260728
2023-09-04,ChargerMatched,DLinear,5.604000091552734,105.4725341796875,99.8685302734375,38.178001403808594,nan,nan,20260728
2023-09-05,ChargerMatched,DLinear,34.91699981689453,110.1688232421875,75.25182342529297,79.94700622558594,nan,nan,20260728
2023-09-06,ChargerMatched,DLinear,45.624996185302734,91.4687271118164,45.84373092651367,116.67500305175781,nan,nan,20260728
2023-09-07,ChargerMatched,DLinear,52.51499938964844,74.53425598144531,22.019256591796875,135.46900939941406,nan,nan,20260728
2023-09-08,ChargerMatched,DLinear,6.215000152587891,59.282100677490234,53.067100524902344,110.70100402832031,nan,nan,20260728
2023-09-09,ChargerMatched,DLinear,14.732999801635742,55.70903015136719,40.97602844238281,40.48600387573242,nan,nan,20260728
2023-09-10,ChargerMatched,DLinear,8.602999687194824,62.209938049316406,53.606937408447266,79.18399047851562,nan,nan,20260728
2023-09-11,ChargerMatched,DLinear,33.66699981689453,92.96465301513672,59.29765319824219,37.2609977722168,nan,nan,20260728
2023-09-12,ChargerMatched,DLinear,27.992000579833984,105.42088317871094,77.42887878417969,73.33300018310547,nan,nan,20260728
2023-09-13,ChargerMatched,DLinear,12.177999496459961,86.94538116455078,74.76737976074219,127.12799072265625,nan,nan,20260728
2023-09-14,ChargerMatched,DLinear,2.309999942779541,71.24801635742188,68.93801879882812,41.83300018310547,nan,nan,20260728
2023-09-15,ChargerMatched,DLinear,5.942999839782715,50.24302291870117,44.30002212524414,84.25599670410156,nan,nan,20260728
2023-09-16,ChargerMatched,DLinear,0.0,48.456871032714844,48.456871032714844,85.61199188232422,nan,nan,20260728
2023-09-17,ChargerMatched,DLinear,43.06300354003906,75.45014953613281,32.38714599609375,75.45500183105469,nan,nan,20260728
2023-09-18,ChargerMatched,DLinear,17.8439998626709,106.49092102050781,88.64691925048828,123.375,nan,nan,20260728
2023-09-19,ChargerMatched,DLinear,39.57099914550781,99.07879638671875,59.50779724121094,187.1219940185547,nan,nan,20260728
2023-09-20,ChargerMatched,DLinear,34.91600036621094,76.4815444946289,41.56554412841797,165.49400329589844,nan,nan,20260728
2023-09-21,ChargerMatched,DLinear,32.01799774169922,68.9498519897461,36.931854248046875,165.1409912109375,nan,nan,20260728
2023-09-22,ChargerMatched,DLinear,24.124000549316406,39.81073760986328,15.686737060546875,112.8330078125,nan,nan,20260728
2023-09-23,ChargerMatched,DLinear,0.0,50.24225616455078,50.24225616455078,105.82099914550781,nan,nan,20260728
2023-09-24,ChargerMatched,DLinear,32.084999084472656,74.10364532470703,42.018646240234375,76.98600006103516,nan,nan,20260728
2023-09-25,ChargerMatched,DLinear,38.21699905395508,102.11279296875,63.89579391479492,109.43299865722656,nan,nan,20260728
2023-09-26,ChargerMatched,DLinear,35.124000549316406,100.12272644042969,64.99872589111328,140.0360107421875,nan,nan,20260728
2023-09-27,ChargerMatched,DLinear,95.2760009765625,93.95856475830078,1.3174362182617188,157.02700805664062,nan,nan,20260728
2023-09-28,ChargerMatched,DLinear,24.44700050354004,71.90730285644531,47.460304260253906,130.1590118408203,nan,nan,20260728
2023-09-29,ChargerMatched,DLinear,12.67300033569336,56.28075408935547,43.60775375366211,71.05000305175781,nan,nan,20260728
2023-09-30,ChargerMatched,DLinear,47.46399688720703,47.70238494873047,0.2383880615234375,132.11199951171875,nan,nan,20260728
2023-07-01,ChargerMatched,LSTM,8.269000053405762,60.65365982055664,52.38465881347656,39.98400115966797,nan,nan,20260728
2023-07-02,ChargerMatched,LSTM,25.868000030517578,51.866153717041016,25.998153686523438,84.92100524902344,nan,nan,20260728
2023-07-03,ChargerMatched,LSTM,41.68299865722656,50.510807037353516,8.827808380126953,121.43299865722656,nan,nan,20260728
2023-07-04,ChargerMatched,LSTM,0.0,57.12656784057617,57.12656784057617,16.437999725341797,nan,nan,20260728
2023-07-05,ChargerMatched,LSTM,46.48400115966797,60.41196823120117,13.927967071533203,112.5530014038086,nan,nan,20260728
2023-07-06,ChargerMatched,LSTM,16.927000045776367,63.33656311035156,46.40956115722656,133.0570068359375,nan,nan,20260728
2023-07-07,ChargerMatched,LSTM,28.83300018310547,64.15386962890625,35.32086944580078,94.96900177001953,nan,nan,20260728
2023-07-08,ChargerMatched,LSTM,11.701000213623047,56.490013122558594,44.78901290893555,50.14600372314453,nan,nan,20260728
2023-07-09,ChargerMatched,LSTM,0.0,47.28742599487305,47.28742599487305,27.32699966430664,nan,nan,20260728
2023-07-10,ChargerMatched,LSTM,39.33000183105469,43.48219299316406,4.152191162109375,78.30599975585938,nan,nan,20260728
2023-07-11,ChargerMatched,LSTM,47.58799743652344,49.41278076171875,1.8247833251953125,154.03500366210938,nan,nan,20260728
2023-07-12,ChargerMatched,LSTM,13.889999389648438,60.45193099975586,46.56193161010742,88.57099914550781,nan,nan,20260728
2023-07-13,ChargerMatched,LSTM,45.45999526977539,63.43049240112305,17.970497131347656,159.3000030517578,nan,nan,20260728
2023-07-14,ChargerMatched,LSTM,41.76300048828125,63.39600372314453,21.63300323486328,97.44499206542969,nan,nan,20260728
2023-07-15,ChargerMatched,LSTM,0.0,59.221107482910156,59.221107482910156,15.918999671936035,nan,nan,20260728
2023-07-16,ChargerMatched,LSTM,0.0,49.937835693359375,49.937835693359375,68.91900634765625,nan,nan,20260728
2023-07-17,ChargerMatched,LSTM,32.79600143432617,45.205055236816406,12.409053802490234,98.52300262451172,nan,nan,20260728
2023-07-18,ChargerMatched,LSTM,68.76300048828125,47.160400390625,21.60260009765625,140.23199462890625,nan,nan,20260728
2023-07-19,ChargerMatched,LSTM,40.73999786376953,54.646202087402344,13.906204223632812,90.96199798583984,nan,nan,20260728
2023-07-20,ChargerMatched,LSTM,17.759000778198242,59.009979248046875,41.2509765625,129.85899353027344,nan,nan,20260728
2023-07-21,ChargerMatched,LSTM,7.895999908447266,56.478939056396484,48.58293914794922,94.1760025024414,nan,nan,20260728
2023-07-22,ChargerMatched,LSTM,11.82699966430664,51.90541076660156,40.07841110229492,49.152000427246094,nan,nan,20260728
2023-07-23,ChargerMatched,LSTM,11.973999977111816,43.298065185546875,31.324066162109375,29.33799934387207,nan,nan,20260728
2023-07-24,ChargerMatched,LSTM,61.29399871826172,44.7367057800293,16.557292938232422,140.76300048828125,nan,nan,20260728
2023-07-25,ChargerMatched,LSTM,39.10100173950195,49.671165466308594,10.57016372680664,69.97699737548828,nan,nan,20260728
2023-07-26,ChargerMatched,LSTM,33.7140007019043,57.42886734008789,23.714866638183594,99.8080062866211,nan,nan,20260728
2023-07-27,ChargerMatched,LSTM,13.871999740600586,61.6667594909668,47.794761657714844,73.04100036621094,nan,nan,20260728
2023-07-28,ChargerMatched,LSTM,0.0,58.65656280517578,58.65656280517578,63.87099838256836,nan,nan,20260728
2023-07-29,ChargerMatched,LSTM,1.225000023841858,50.563987731933594,49.3389892578125,59.3489990234375,nan,nan,20260728
2023-07-30,ChargerMatched,LSTM,17.972999572753906,43.72112274169922,25.748123168945312,68.73100280761719,nan,nan,20260728
2023-07-31,ChargerMatched,LSTM,49.086997985839844,41.60772705078125,7.479270935058594,138.73300170898438,nan,nan,20260728
2023-08-01,ChargerMatched,LSTM,48.61899948120117,47.67873001098633,0.9402694702148438,104.54399871826172,nan,nan,20260728
2023-08-02,ChargerMatched,LSTM,30.68899917602539,58.770206451416016,28.081207275390625,88.90299987792969,nan,nan,20260728
2023-08-03,ChargerMatched,LSTM,76.95099639892578,63.76441192626953,13.18658447265625,146.60800170898438,nan,nan,20260728
2023-08-04,ChargerMatched,LSTM,22.779998779296875,63.32289123535156,40.54289245605469,123.77099609375,nan,nan,20260728
2023-08-05,ChargerMatched,LSTM,47.73899841308594,58.40242385864258,10.66342544555664,79.20600128173828,nan,nan,20260728
2023-08-06,ChargerMatched,LSTM,10.121999740600586,50.860382080078125,40.738380432128906,58.13300323486328,nan,nan,20260728
2023-08-07,ChargerMatched,LSTM,27.21200180053711,50.83838653564453,23.626384735107422,92.07901000976562,nan,nan,20260728
2023-08-08,ChargerMatched,LSTM,57.641998291015625,56.5640869140625,1.077911376953125,152.3249969482422,nan,nan,20260728
2023-08-09,ChargerMatched,LSTM,18.696001052856445,61.9658317565918,43.26982879638672,167.00201416015625,nan,nan,20260728
2023-08-10,ChargerMatched,LSTM,53.770999908447266,64.3074722290039,10.53647232055664,134.35000610351562,nan,nan,20260728
2023-08-11,ChargerMatched,LSTM,5.497000217437744,62.10152816772461,56.60452651977539,62.154998779296875,nan,nan,20260728
2023-08-12,ChargerMatched,LSTM,9.717000007629395,55.05463790893555,45.33763885498047,41.02900314331055,nan,nan,20260728
2023-08-13,ChargerMatched,LSTM,27.4010009765625,46.46889877319336,19.06789779663086,65.48699951171875,nan,nan,20260728
2023-08-14,ChargerMatched,LSTM,41.26499938964844,47.22517395019531,5.960174560546875,130.99200439453125,nan,nan,20260728
2023-08-15,ChargerMatched,LSTM,57.397003173828125,50.1170654296875,7.279937744140625,123.75299835205078,nan,nan,20260728
2023-08-16,ChargerMatched,LSTM,94.55500030517578,56.83409881591797,37.72090148925781,136.17799377441406,nan,nan,20260728
2023-08-17,ChargerMatched,LSTM,62.777000427246094,65.73274230957031,2.9557418823242188,136.80101013183594,nan,nan,20260728
2023-08-18,ChargerMatched,LSTM,11.901000022888184,63.73316955566406,51.83216857910156,86.53099822998047,nan,nan,20260728
2023-08-19,ChargerMatched,LSTM,33.058998107910156,55.747032165527344,22.688034057617188,88.4489974975586,nan,nan,20260728
2023-08-20,ChargerMatched,LSTM,0.0,50.05060577392578,50.05060577392578,0.0,nan,nan,20260728
2023-08-21,ChargerMatched,LSTM,17.55500030517578,45.536678314208984,27.981678009033203,66.0,nan,nan,20260728
2023-08-22,ChargerMatched,LSTM,3.1579999923706055,46.81976318359375,43.66176223754883,85.68599700927734,nan,nan,20260728
2023-08-23,ChargerMatched,LSTM,26.45600128173828,51.72306823730469,25.267066955566406,97.12699890136719,nan,nan,20260728
2023-08-24,ChargerMatched,LSTM,46.24500274658203,58.16160583496094,11.916603088378906,140.77200317382812,nan,nan,20260728
2023-08-25,ChargerMatched,LSTM,50.641998291015625,61.13164520263672,10.489646911621094,84.27300262451172,nan,nan,20260728
2023-08-26,ChargerMatched,LSTM,10.074000358581543,57.067901611328125,46.993900299072266,96.99600219726562,nan,nan,20260728
2023-08-27,ChargerMatched,LSTM,44.54800033569336,52.2828254699707,7.734825134277344,71.43399810791016,nan,nan,20260728
2023-08-28,ChargerMatched,LSTM,105.98500061035156,52.281795501708984,53.70320510864258,156.41000366210938,nan,nan,20260728
2023-08-29,ChargerMatched,LSTM,22.319000244140625,58.88345718383789,36.564456939697266,126.37200164794922,nan,nan,20260728
2023-08-30,ChargerMatched,LSTM,25.583999633789062,62.25368118286133,36.669681549072266,83.01100158691406,nan,nan,20260728
2023-08-31,ChargerMatched,LSTM,30.01799964904785,66.9114990234375,36.89350128173828,162.50201416015625,nan,nan,20260728
2023-09-01,ChargerMatched,LSTM,25.600000381469727,67.87723541259766,42.27723693847656,148.77398681640625,nan,nan,20260728
2023-09-02,ChargerMatched,LSTM,0.0,58.3917236328125,58.3917236328125,36.35599899291992,nan,nan,20260728
2023-09-03,ChargerMatched,LSTM,5.257999897003174,48.28806686401367,43.030067443847656,50.1609992980957,nan,nan,20260728
2023-09-04,ChargerMatched,LSTM,5.604000091552734,45.9463996887207,40.34239959716797,38.178001403808594,nan,nan,20260728
2023-09-05,ChargerMatched,LSTM,34.91699981689453,49.876068115234375,14.959068298339844,79.94700622558594,nan,nan,20260728
2023-09-06,ChargerMatched,LSTM,45.624996185302734,55.33778381347656,9.712787628173828,116.67500305175781,nan,nan,20260728
2023-09-07,ChargerMatched,LSTM,52.51499938964844,64.23332214355469,11.71832275390625,135.46900939941406,nan,nan,20260728
2023-09-08,ChargerMatched,LSTM,6.215000152587891,66.3282470703125,60.11324691772461,110.70100402832031,nan,nan,20260728
2023-09-09,ChargerMatched,LSTM,14.732999801635742,56.89363098144531,42.16062927246094,40.48600387573242,nan,nan,20260728
2023-09-10,ChargerMatched,LSTM,8.602999687194824,51.131412506103516,42.528411865234375,79.18399047851562,nan,nan,20260728
2023-09-11,ChargerMatched,LSTM,33.66699981689453,47.01899719238281,13.351997375488281,37.2609977722168,nan,nan,20260728
2023-09-12,ChargerMatched,LSTM,27.992000579833984,50.520652770996094,22.52865219116211,73.33300018310547,nan,nan,20260728
2023-09-13,ChargerMatched,LSTM,12.177999496459961,57.30609130859375,45.128089904785156,127.12799072265625,nan,nan,20260728
2023-09-14,ChargerMatched,LSTM,2.309999942779541,61.8331413269043,59.52313995361328,41.83300018310547,nan,nan,20260728
2023-09-15,ChargerMatched,LSTM,5.942999839782715,58.07173156738281,52.12873077392578,84.25599670410156,nan,nan,20260728
2023-09-16,ChargerMatched,LSTM,0.0,49.28324508666992,49.28324508666992,85.61199188232422,nan,nan,20260728
2023-09-17,ChargerMatched,LSTM,43.06300354003906,40.71770095825195,2.3453025817871094,75.45500183105469,nan,nan,20260728
2023-09-18,ChargerMatched,LSTM,17.8439998626709,43.083492279052734,25.239492416381836,123.375,nan,nan,20260728
2023-09-19,ChargerMatched,LSTM,39.57099914550781,50.10204315185547,10.531044006347656,187.1219940185547,nan,nan,20260728
2023-09-20,ChargerMatched,LSTM,34.91600036621094,55.48320388793945,20.567203521728516,165.49400329589844,nan,nan,20260728
2023-09-21,ChargerMatched,LSTM,32.01799774169922,60.550636291503906,28.532638549804688,165.1409912109375,nan,nan,20260728
2023-09-22,ChargerMatched,LSTM,24.124000549316406,60.351478576660156,36.22747802734375,112.8330078125,nan,nan,20260728
2023-09-23,ChargerMatched,LSTM,0.0,54.07253646850586,54.07253646850586,105.82099914550781,nan,nan,20260728
2023-09-24,ChargerMatched,LSTM,32.084999084472656,44.32453918457031,12.239540100097656,76.98600006103516,nan,nan,20260728
2023-09-25,ChargerMatched,LSTM,38.21699905395508,46.83271789550781,8.615718841552734,109.43299865722656,nan,nan,20260728
2023-09-26,ChargerMatched,LSTM,35.124000549316406,51.870121002197266,16.74612045288086,140.0360107421875,nan,nan,20260728
2023-09-27,ChargerMatched,LSTM,95.2760009765625,59.994937896728516,35.281063079833984,157.02700805664062,nan,nan,20260728
2023-09-28,ChargerMatched,LSTM,24.44700050354004,71.56095886230469,47.11396026611328,130.1590118408203,nan,nan,20260728
2023-09-29,ChargerMatched,LSTM,12.67300033569336,67.25534057617188,54.582340240478516,71.05000305175781,nan,nan,20260728
2023-09-30,ChargerMatched,LSTM,47.46399688720703,56.92625045776367,9.46225357055664,132.11199951171875,nan,nan,20260728
2023-07-01,ChargerMatched,TCN,8.269000053405762,60.85075378417969,52.58175277709961,39.98400115966797,nan,nan,20260728
2023-07-02,ChargerMatched,TCN,25.868000030517578,53.321876525878906,27.453876495361328,84.92100524902344,nan,nan,20260728
2023-07-03,ChargerMatched,TCN,41.68299865722656,50.98780059814453,9.304801940917969,121.43299865722656,nan,nan,20260728
2023-07-04,ChargerMatched,TCN,0.0,55.21603775024414,55.21603775024414,16.437999725341797,nan,nan,20260728
2023-07-05,ChargerMatched,TCN,46.48400115966797,61.77579879760742,15.291797637939453,112.5530014038086,nan,nan,20260728
2023-07-06,ChargerMatched,TCN,16.927000045776367,65.40409851074219,48.47709655761719,133.0570068359375,nan,nan,20260728
2023-07-07,ChargerMatched,TCN,28.83300018310547,62.79438781738281,33.961387634277344,94.96900177001953,nan,nan,20260728
2023-07-08,ChargerMatched,TCN,11.701000213623047,54.78334426879883,43.08234405517578,50.14600372314453,nan,nan,20260728
2023-07-09,ChargerMatched,TCN,0.0,47.03755569458008,47.03755569458008,27.32699966430664,nan,nan,20260728
2023-07-10,ChargerMatched,TCN,39.33000183105469,44.2218017578125,4.8917999267578125,78.30599975585938,nan,nan,20260728
2023-07-11,ChargerMatched,TCN,47.58799743652344,47.892601013183594,0.30460357666015625,154.03500366210938,nan,nan,20260728
2023-07-12,ChargerMatched,TCN,13.889999389648438,54.69469451904297,40.80469512939453,88.57099914550781,nan,nan,20260728
2023-07-13,ChargerMatched,TCN,45.45999526977539,58.590965270996094,13.130970001220703,159.3000030517578,nan,nan,20260728
2023-07-14,ChargerMatched,TCN,41.76300048828125,55.929771423339844,14.166770935058594,97.44499206542969,nan,nan,20260728
2023-07-15,ChargerMatched,TCN,0.0,48.183746337890625,48.183746337890625,15.918999671936035,nan,nan,20260728
2023-07-16,ChargerMatched,TCN,0.0,40.22233200073242,40.22233200073242,68.91900634765625,nan,nan,20260728
2023-07-17,ChargerMatched,TCN,32.79600143432617,37.20380401611328,4.407802581787109,98.52300262451172,nan,nan,20260728
2023-07-18,ChargerMatched,TCN,68.76300048828125,41.643619537353516,27.119380950927734,140.23199462890625,nan,nan,20260728
2023-07-19,ChargerMatched,TCN,40.73999786376953,49.730072021484375,8.990074157714844,90.96199798583984,nan,nan,20260728
2023-07-20,ChargerMatched,TCN,17.759000778198242,55.01154327392578,37.252540588378906,129.85899353027344,nan,nan,20260728
2023-07-21,ChargerMatched,TCN,7.895999908447266,53.25315856933594,45.35715866088867,94.1760025024414,nan,nan,20260728
2023-07-22,ChargerMatched,TCN,11.82699966430664,46.050559997558594,34.22356033325195,49.152000427246094,nan,nan,20260728
2023-07-23,ChargerMatched,TCN,11.973999977111816,38.848236083984375,26.874237060546875,29.33799934387207,nan,nan,20260728
2023-07-24,ChargerMatched,TCN,61.29399871826172,36.896366119384766,24.397632598876953,140.76300048828125,nan,nan,20260728
2023-07-25,ChargerMatched,TCN,39.10100173950195,42.246315002441406,3.145313262939453,69.97699737548828,nan,nan,20260728
2023-07-26,ChargerMatched,TCN,33.7140007019043,50.11341094970703,16.399410247802734,99.8080062866211,nan,nan,20260728
2023-07-27,ChargerMatched,TCN,13.871999740600586,55.54337692260742,41.67137908935547,73.04100036621094,nan,nan,20260728
2023-07-28,ChargerMatched,TCN,0.0,53.412940979003906,53.412940979003906,63.87099838256836,nan,nan,20260728
2023-07-29,ChargerMatched,TCN,1.225000023841858,45.407440185546875,44.18244171142578,59.3489990234375,nan,nan,20260728
2023-07-30,ChargerMatched,TCN,17.972999572753906,37.95580291748047,19.982803344726562,68.73100280761719,nan,nan,20260728
2023-07-31,ChargerMatched,TCN,49.086997985839844,35.63130569458008,13.455692291259766,138.73300170898438,nan,nan,20260728
2023-08-01,ChargerMatched,TCN,48.61899948120117,40.51958465576172,8.099414825439453,104.54399871826172,nan,nan,20260728
2023-08-02,ChargerMatched,TCN,30.68899917602539,48.89300537109375,18.20400619506836,88.90299987792969,nan,nan,20260728
2023-08-03,ChargerMatched,TCN,76.95099639892578,54.0556640625,22.89533233642578,146.60800170898438,nan,nan,20260728
2023-08-04,ChargerMatched,TCN,22.779998779296875,52.783756256103516,30.00375747680664,123.77099609375,nan,nan,20260728
2023-08-05,ChargerMatched,TCN,47.73899841308594,46.21513748168945,1.5238609313964844,79.20600128173828,nan,nan,20260728
2023-08-06,ChargerMatched,TCN,10.121999740600586,39.62715148925781,29.505151748657227,58.13300323486328,nan,nan,20260728
2023-08-07,ChargerMatched,TCN,27.21200180053711,38.04943084716797,10.83742904663086,92.07901000976562,nan,nan,20260728
2023-08-08,ChargerMatched,TCN,57.641998291015625,42.71440505981445,14.927593231201172,152.3249969482422,nan,nan,20260728
2023-08-09,ChargerMatched,TCN,18.696001052856445,50.565093994140625,31.86909294128418,167.00201416015625,nan,nan,20260728
2023-08-10,ChargerMatched,TCN,53.770999908447266,55.56510925292969,1.7941093444824219,134.35000610351562,nan,nan,20260728
2023-08-11,ChargerMatched,TCN,5.497000217437744,53.81063461303711,48.31363296508789,62.154998779296875,nan,nan,20260728
2023-08-12,ChargerMatched,TCN,9.717000007629395,46.631195068359375,36.9141960144043,41.02900314331055,nan,nan,20260728
2023-08-13,ChargerMatched,TCN,27.4010009765625,39.636474609375,12.2354736328125,65.48699951171875,nan,nan,20260728
2023-08-14,ChargerMatched,TCN,41.26499938964844,37.94938659667969,3.31561279296875,130.99200439453125,nan,nan,20260728
2023-08-15,ChargerMatched,TCN,57.397003173828125,42.974998474121094,14.422004699707031,123.75299835205078,nan,nan,20260728
2023-08-16,ChargerMatched,TCN,94.55500030517578,50.80001449584961,43.75498580932617,136.17799377441406,nan,nan,20260728
2023-08-17,ChargerMatched,TCN,62.777000427246094,56.726806640625,6.050193786621094,136.80101013183594,nan,nan,20260728
2023-08-18,ChargerMatched,TCN,11.901000022888184,55.889244079589844,43.988243103027344,86.53099822998047,nan,nan,20260728
2023-08-19,ChargerMatched,TCN,33.058998107910156,49.014404296875,15.955406188964844,88.4489974975586,nan,nan,20260728
2023-08-20,ChargerMatched,TCN,0.0,41.82512283325195,41.82512283325195,0.0,nan,nan,20260728
2023-08-21,ChargerMatched,TCN,17.55500030517578,39.472625732421875,21.917625427246094,66.0,nan,nan,20260728
2023-08-22,ChargerMatched,TCN,3.1579999923706055,43.760189056396484,40.60218811035156,85.68599700927734,nan,nan,20260728
2023-08-23,ChargerMatched,TCN,26.45600128173828,51.2055778503418,24.749576568603516,97.12699890136719,nan,nan,20260728
2023-08-24,ChargerMatched,TCN,46.24500274658203,56.05564498901367,9.81064224243164,140.77200317382812,nan,nan,20260728
2023-08-25,ChargerMatched,TCN,50.641998291015625,54.94361877441406,4.3016204833984375,84.27300262451172,nan,nan,20260728
2023-08-26,ChargerMatched,TCN,10.074000358581543,48.61091613769531,38.53691482543945,96.99600219726562,nan,nan,20260728
2023-08-27,ChargerMatched,TCN,44.54800033569336,41.851348876953125,2.6966514587402344,71.43399810791016,nan,nan,20260728
2023-08-28,ChargerMatched,TCN,105.98500061035156,40.43327331542969,65.55172729492188,156.41000366210938,nan,nan,20260728
2023-08-29,ChargerMatched,TCN,22.319000244140625,45.66701126098633,23.348011016845703,126.37200164794922,nan,nan,20260728
2023-08-30,ChargerMatched,TCN,25.583999633789062,53.566322326660156,27.982322692871094,83.01100158691406,nan,nan,20260728
2023-08-31,ChargerMatched,TCN,30.01799964904785,58.18696594238281,28.16896629333496,162.50201416015625,nan,nan,20260728
2023-09-01,ChargerMatched,TCN,25.600000381469727,56.48193359375,30.881933212280273,148.77398681640625,nan,nan,20260728
2023-09-02,ChargerMatched,TCN,0.0,49.250938415527344,49.250938415527344,36.35599899291992,nan,nan,20260728
2023-09-03,ChargerMatched,TCN,5.257999897003174,41.758087158203125,36.50008773803711,50.1609992980957,nan,nan,20260728
2023-09-04,ChargerMatched,TCN,5.604000091552734,39.53387451171875,33.929874420166016,38.178001403808594,nan,nan,20260728
2023-09-05,ChargerMatched,TCN,34.91699981689453,43.926544189453125,9.009544372558594,79.94700622558594,nan,nan,20260728
2023-09-06,ChargerMatched,TCN,45.624996185302734,51.85756301879883,6.232566833496094,116.67500305175781,nan,nan,20260728
2023-09-07,ChargerMatched,TCN,52.51499938964844,57.155677795410156,4.640678405761719,135.46900939941406,nan,nan,20260728
2023-09-08,ChargerMatched,TCN,6.215000152587891,56.23155212402344,50.01655197143555,110.70100402832031,nan,nan,20260728
2023-09-09,ChargerMatched,TCN,14.732999801635742,49.515567779541016,34.782569885253906,40.48600387573242,nan,nan,20260728
2023-09-10,ChargerMatched,TCN,8.602999687194824,42.58226013183594,33.9792594909668,79.18399047851562,nan,nan,20260728
2023-09-11,ChargerMatched,TCN,33.66699981689453,40.53336715698242,6.866367340087891,37.2609977722168,nan,nan,20260728
2023-09-12,ChargerMatched,TCN,27.992000579833984,45.064273834228516,17.07227325439453,73.33300018310547,nan,nan,20260728
2023-09-13,ChargerMatched,TCN,12.177999496459961,52.57472229003906,40.39672088623047,127.12799072265625,nan,nan,20260728
2023-09-14,ChargerMatched,TCN,2.309999942779541,57.12923812866211,54.819236755371094,41.83300018310547,nan,nan,20260728
2023-09-15,ChargerMatched,TCN,5.942999839782715,55.34549331665039,49.40249252319336,84.25599670410156,nan,nan,20260728
2023-09-16,ChargerMatched,TCN,0.0,48.235836029052734,48.235836029052734,85.61199188232422,nan,nan,20260728
2023-09-17,ChargerMatched,TCN,43.06300354003906,40.9929313659668,2.0700721740722656,75.45500183105469,nan,nan,20260728
2023-09-18,ChargerMatched,TCN,17.8439998626709,39.58997344970703,21.745973587036133,123.375,nan,nan,20260728
2023-09-19,ChargerMatched,TCN,39.57099914550781,45.15373229980469,5.582733154296875,187.1219940185547,nan,nan,20260728
2023-09-20,ChargerMatched,TCN,34.91600036621094,53.257694244384766,18.341693878173828,165.49400329589844,nan,nan,20260728
2023-09-21,ChargerMatched,TCN,32.01799774169922,58.00740051269531,25.989402770996094,165.1409912109375,nan,nan,20260728
2023-09-22,ChargerMatched,TCN,24.124000549316406,55.97507095336914,31.851070404052734,112.8330078125,nan,nan,20260728
2023-09-23,ChargerMatched,TCN,0.0,48.555076599121094,48.555076599121094,105.82099914550781,nan,nan,20260728
2023-09-24,ChargerMatched,TCN,32.084999084472656,41.022430419921875,8.937431335449219,76.98600006103516,nan,nan,20260728
2023-09-25,ChargerMatched,TCN,38.21699905395508,38.711463928222656,0.4944648742675781,109.43299865722656,nan,nan,20260728
2023-09-26,ChargerMatched,TCN,35.124000549316406,43.78704071044922,8.663040161132812,140.0360107421875,nan,nan,20260728
2023-09-27,ChargerMatched,TCN,95.2760009765625,52.20728302001953,43.06871795654297,157.02700805664062,nan,nan,20260728
2023-09-28,ChargerMatched,TCN,24.44700050354004,58.030540466308594,33.58354187011719,130.1590118408203,nan,nan,20260728
2023-09-29,ChargerMatched,TCN,12.67300033569336,57.123775482177734,44.450775146484375,71.05000305175781,nan,nan,20260728
2023-09-30,ChargerMatched,TCN,47.46399688720703,50.432151794433594,2.9681549072265625,132.11199951171875,nan,nan,20260728
2023-07-01,ChargerMatched,iTransformer,8.269000053405762,14.50043773651123,6.231437683105469,39.98400115966797,nan,nan,20260728
2023-07-02,ChargerMatched,iTransformer,25.868000030517578,33.34471893310547,7.476718902587891,84.92100524902344,nan,nan,20260728
2023-07-03,ChargerMatched,iTransformer,41.68299865722656,54.4590950012207,12.77609634399414,121.43299865722656,nan,nan,20260728
2023-07-04,ChargerMatched,iTransformer,0.0,74.90267944335938,74.90267944335938,16.437999725341797,nan,nan,20260728
2023-07-05,ChargerMatched,iTransformer,46.48400115966797,66.65758514404297,20.173583984375,112.5530014038086,nan,nan,20260728
2023-07-06,ChargerMatched,iTransformer,16.927000045776367,42.030303955078125,25.103303909301758,133.0570068359375,nan,nan,20260728
2023-07-07,ChargerMatched,iTransformer,28.83300018310547,21.602943420410156,7.2300567626953125,94.96900177001953,nan,nan,20260728
2023-07-08,ChargerMatched,iTransformer,11.701000213623047,18.26636505126953,6.565364837646484,50.14600372314453,nan,nan,20260728
2023-07-09,ChargerMatched,iTransformer,0.0,25.862009048461914,25.862009048461914,27.32699966430664,nan,nan,20260728
2023-07-10,ChargerMatched,iTransformer,39.33000183105469,50.35942840576172,11.029426574707031,78.30599975585938,nan,nan,20260728
2023-07-11,ChargerMatched,iTransformer,47.58799743652344,61.705360412597656,14.117362976074219,154.03500366210938,nan,nan,20260728
2023-07-12,ChargerMatched,iTransformer,13.889999389648438,68.33889770507812,54.44889831542969,88.57099914550781,nan,nan,20260728
2023-07-13,ChargerMatched,iTransformer,45.45999526977539,38.45348358154297,7.006511688232422,159.3000030517578,nan,nan,20260728
2023-07-14,ChargerMatched,iTransformer,41.76300048828125,25.60064125061035,16.1623592376709,97.44499206542969,nan,nan,20260728
2023-07-15,ChargerMatched,iTransformer,0.0,15.1307373046875,15.1307373046875,15.918999671936035,nan,nan,20260728
2023-07-16,ChargerMatched,iTransformer,0.0,24.45425033569336,24.45425033569336,68.91900634765625,nan,nan,20260728
2023-07-17,ChargerMatched,iTransformer,32.79600143432617,49.697967529296875,16.901966094970703,98.52300262451172,nan,nan,20260728
2023-07-18,ChargerMatched,iTransformer,68.76300048828125,73.5461654663086,4.783164978027344,140.23199462890625,nan,nan,20260728
2023-07-19,ChargerMatched,iTransformer,40.73999786376953,63.86875534057617,23.12875747680664,90.96199798583984,nan,nan,20260728
2023-07-20,ChargerMatched,iTransformer,17.759000778198242,53.30181121826172,35.542808532714844,129.85899353027344,nan,nan,20260728
2023-07-21,ChargerMatched,iTransformer,7.895999908447266,27.07159423828125,19.175594329833984,94.1760025024414,nan,nan,20260728
2023-07-22,ChargerMatched,iTransformer,11.82699966430664,10.540287017822266,1.286712646484375,49.152000427246094,nan,nan,20260728
2023-07-23,ChargerMatched,iTransformer,11.973999977111816,21.350746154785156,9.37674617767334,29.33799934387207,nan,nan,20260728
2023-07-24,ChargerMatched,iTransformer,61.29399871826172,49.63518524169922,11.6588134765625,140.76300048828125,nan,nan,20260728
2023-07-25,ChargerMatched,iTransformer,39.10100173950195,71.12236022949219,32.021358489990234,69.97699737548828,nan,nan,20260728
2023-07-26,ChargerMatched,iTransformer,33.7140007019043,71.53875732421875,37.82475662231445,99.8080062866211,nan,nan,20260728
2023-07-27,ChargerMatched,iTransformer,13.871999740600586,42.297996520996094,28.425996780395508,73.04100036621094,nan,nan,20260728
2023-07-28,ChargerMatched,iTransformer,0.0,22.86880111694336,22.86880111694336,63.87099838256836,nan,nan,20260728
2023-07-29,ChargerMatched,iTransformer,1.225000023841858,11.31927490234375,10.094274520874023,59.3489990234375,nan,nan,20260728
2023-07-30,ChargerMatched,iTransformer,17.972999572753906,14.193123817443848,3.7798757553100586,68.73100280761719,nan,nan,20260728
2023-07-31,ChargerMatched,iTransformer,49.086997985839844,52.150718688964844,3.063720703125,138.73300170898438,nan,nan,20260728
2023-08-01,ChargerMatched,iTransformer,48.61899948120117,65.08479309082031,16.46579360961914,104.54399871826172,nan,nan,20260728
2023-08-02,ChargerMatched,iTransformer,30.68899917602539,65.68827819824219,34.9992790222168,88.90299987792969,nan,nan,20260728
2023-08-03,ChargerMatched,iTransformer,76.95099639892578,45.096038818359375,31.854957580566406,146.60800170898438,nan,nan,20260728
2023-08-04,ChargerMatched,iTransformer,22.779998779296875,29.380584716796875,6.6005859375,123.77099609375,nan,nan,20260728
2023-08-05,ChargerMatched,iTransformer,47.73899841308594,17.15520477294922,30.58379364013672,79.20600128173828,nan,nan,20260728
2023-08-06,ChargerMatched,iTransformer,10.121999740600586,27.03465461730957,16.912654876708984,58.13300323486328,nan,nan,20260728
2023-08-07,ChargerMatched,iTransformer,27.21200180053711,56.38945770263672,29.17745590209961,92.07901000976562,nan,nan,20260728
2023-08-08,ChargerMatched,iTransformer,57.641998291015625,72.88705444335938,15.24505615234375,152.3249969482422,nan,nan,20260728
2023-08-09,ChargerMatched,iTransformer,18.696001052856445,67.56182861328125,48.86582946777344,167.00201416015625,nan,nan,20260728
2023-08-10,ChargerMatched,iTransformer,53.770999908447266,51.35438537597656,2.416614532470703,134.35000610351562,nan,nan,20260728
2023-08-11,ChargerMatched,iTransformer,5.497000217437744,26.85308074951172,21.356081008911133,62.154998779296875,nan,nan,20260728
2023-08-12,ChargerMatched,iTransformer,9.717000007629395,14.363670349121094,4.646670341491699,41.02900314331055,nan,nan,20260728
2023-08-13,ChargerMatched,iTransformer,27.4010009765625,20.3186092376709,7.082391738891602,65.48699951171875,nan,nan,20260728
2023-08-14,ChargerMatched,iTransformer,41.26499938964844,47.03551483154297,5.770515441894531,130.99200439453125,nan,nan,20260728
2023-08-15,ChargerMatched,iTransformer,57.397003173828125,74.64734649658203,17.250343322753906,123.75299835205078,nan,nan,20260728
2023-08-16,ChargerMatched,iTransformer,94.55500030517578,67.82937622070312,26.725624084472656,136.17799377441406,nan,nan,20260728
2023-08-17,ChargerMatched,iTransformer,62.777000427246094,61.11669921875,1.6603012084960938,136.80101013183594,nan,nan,20260728
2023-08-18,ChargerMatched,iTransformer,11.901000022888184,31.680288314819336,19.77928924560547,86.53099822998047,nan,nan,20260728
2023-08-19,ChargerMatched,iTransformer,33.058998107910156,23.38716697692871,9.671831130981445,88.4489974975586,nan,nan,20260728
2023-08-20,ChargerMatched,iTransformer,0.0,30.99459457397461,30.99459457397461,0.0,nan,nan,20260728
2023-08-21,ChargerMatched,iTransformer,17.55500030517578,55.97491455078125,38.41991424560547,66.0,nan,nan,20260728
2023-08-22,ChargerMatched,iTransformer,3.1579999923706055,64.55708312988281,61.39908218383789,85.68599700927734,nan,nan,20260728
2023-08-23,ChargerMatched,iTransformer,26.45600128173828,65.99815368652344,39.542152404785156,97.12699890136719,nan,nan,20260728
2023-08-24,ChargerMatched,iTransformer,46.24500274658203,44.113868713378906,2.131134033203125,140.77200317382812,nan,nan,20260728
2023-08-25,ChargerMatched,iTransformer,50.641998291015625,18.304737091064453,32.33726119995117,84.27300262451172,nan,nan,20260728
2023-08-26,ChargerMatched,iTransformer,10.074000358581543,18.279571533203125,8.205571174621582,96.99600219726562,nan,nan,20260728
2023-08-27,ChargerMatched,iTransformer,44.54800033569336,24.877958297729492,19.670042037963867,71.43399810791016,nan,nan,20260728
2023-08-28,ChargerMatched,iTransformer,105.98500061035156,55.419612884521484,50.56538772583008,156.41000366210938,nan,nan,20260728
2023-08-29,ChargerMatched,iTransformer,22.319000244140625,77.33622741699219,55.01722717285156,126.37200164794922,nan,nan,20260728
2023-08-30,ChargerMatched,iTransformer,25.583999633789062,69.84112548828125,44.25712585449219,83.01100158691406,nan,nan,20260728
2023-08-31,ChargerMatched,iTransformer,30.01799964904785,59.24858856201172,29.230588912963867,162.50201416015625,nan,nan,20260728
2023-09-01,ChargerMatched,iTransformer,25.600000381469727,25.226303100585938,0.37369728088378906,148.77398681640625,nan,nan,20260728
2023-09-02,ChargerMatched,iTransformer,0.0,14.31739616394043,14.31739616394043,36.35599899291992,nan,nan,20260728
2023-09-03,ChargerMatched,iTransformer,5.257999897003174,23.26593017578125,18.007930755615234,50.1609992980957,nan,nan,20260728
2023-09-04,ChargerMatched,iTransformer,5.604000091552734,45.545257568359375,39.94125747680664,38.178001403808594,nan,nan,20260728
2023-09-05,ChargerMatched,iTransformer,34.91699981689453,59.04401397705078,24.12701416015625,79.94700622558594,nan,nan,20260728
2023-09-06,ChargerMatched,iTransformer,45.624996185302734,59.73497772216797,14.109981536865234,116.67500305175781,nan,nan,20260728
2023-09-07,ChargerMatched,iTransformer,52.51499938964844,43.51636505126953,8.998634338378906,135.46900939941406,nan,nan,20260728
2023-09-08,ChargerMatched,iTransformer,6.215000152587891,26.090747833251953,19.875747680664062,110.70100402832031,nan,nan,20260728
2023-09-09,ChargerMatched,iTransformer,14.732999801635742,11.583528518676758,3.1494712829589844,40.48600387573242,nan,nan,20260728
2023-09-10,ChargerMatched,iTransformer,8.602999687194824,19.273189544677734,10.67018985748291,79.18399047851562,nan,nan,20260728
2023-09-11,ChargerMatched,iTransformer,33.66699981689453,46.31351852416992,12.64651870727539,37.2609977722168,nan,nan,20260728
2023-09-12,ChargerMatched,iTransformer,27.992000579833984,62.10936737060547,34.117366790771484,73.33300018310547,nan,nan,20260728
2023-09-13,ChargerMatched,iTransformer,12.177999496459961,55.364933013916016,43.18693542480469,127.12799072265625,nan,nan,20260728
2023-09-14,ChargerMatched,iTransformer,2.309999942779541,44.04740524291992,41.737403869628906,41.83300018310547,nan,nan,20260728
2023-09-15,ChargerMatched,iTransformer,5.942999839782715,9.028791427612305,3.08579158782959,84.25599670410156,nan,nan,20260728
2023-09-16,ChargerMatched,iTransformer,0.0,4.746642112731934,4.746642112731934,85.61199188232422,nan,nan,20260728
2023-09-17,ChargerMatched,iTransformer,43.06300354003906,7.659138202667236,35.403865814208984,75.45500183105469,nan,nan,20260728
2023-09-18,ChargerMatched,iTransformer,17.8439998626709,43.000972747802734,25.156972885131836,123.375,nan,nan,20260728
2023-09-19,ChargerMatched,iTransformer,39.57099914550781,59.7733039855957,20.20230484008789,187.1219940185547,nan,nan,20260728
2023-09-20,ChargerMatched,iTransformer,34.91600036621094,56.302513122558594,21.386512756347656,165.49400329589844,nan,nan,20260728
2023-09-21,ChargerMatched,iTransformer,32.01799774169922,37.631431579589844,5.613433837890625,165.1409912109375,nan,nan,20260728
2023-09-22,ChargerMatched,iTransformer,24.124000549316406,15.42177963256836,8.702220916748047,112.8330078125,nan,nan,20260728
2023-09-23,ChargerMatched,iTransformer,0.0,8.927379608154297,8.927379608154297,105.82099914550781,nan,nan,20260728
2023-09-24,ChargerMatched,iTransformer,32.084999084472656,18.2788028717041,13.806196212768555,76.98600006103516,nan,nan,20260728
2023-09-25,ChargerMatched,iTransformer,38.21699905395508,47.42205047607422,9.20505142211914,109.43299865722656,nan,nan,20260728
2023-09-26,ChargerMatched,iTransformer,35.124000549316406,60.126216888427734,25.002216339111328,140.0360107421875,nan,nan,20260728
2023-09-27,ChargerMatched,iTransformer,95.2760009765625,60.90354537963867,34.37245559692383,157.02700805664062,nan,nan,20260728
2023-09-28,ChargerMatched,iTransformer,24.44700050354004,45.91178512573242,21.464784622192383,130.1590118408203,nan,nan,20260728
2023-09-29,ChargerMatched,iTransformer,12.67300033569336,22.53687286376953,9.863872528076172,71.05000305175781,nan,nan,20260728
2023-09-30,ChargerMatched,iTransformer,47.46399688720703,12.754551887512207,34.70944595336914,132.11199951171875,nan,nan,20260728
2023-07-01,ChargerMatched,GraphGNN,8.269000053405762,21.639591217041016,13.370591163635254,39.98400115966797,nan,nan,20260728
2023-07-02,ChargerMatched,GraphGNN,25.868000030517578,29.3978214263916,3.5298213958740234,84.92100524902344,nan,nan,20260728
2023-07-03,ChargerMatched,GraphGNN,41.68299865722656,50.981441497802734,9.298442840576172,121.43299865722656,nan,nan,20260728
2023-07-04,ChargerMatched,GraphGNN,0.0,64.32469940185547,64.32469940185547,16.437999725341797,nan,nan,20260728
2023-07-05,ChargerMatched,GraphGNN,46.48400115966797,56.11357879638672,9.62957763671875,112.5530014038086,nan,nan,20260728
2023-07-06,ChargerMatched,GraphGNN,16.927000045776367,43.531715393066406,26.60471534729004,133.0570068359375,nan,nan,20260728
2023-07-07,ChargerMatched,GraphGNN,28.83300018310547,27.87689208984375,0.9561080932617188,94.96900177001953,nan,nan,20260728
2023-07-08,ChargerMatched,GraphGNN,11.701000213623047,16.445043563842773,4.744043350219727,50.14600372314453,nan,nan,20260728
2023-07-09,ChargerMatched,GraphGNN,0.0,22.00423812866211,22.00423812866211,27.32699966430664,nan,nan,20260728
2023-07-10,ChargerMatched,GraphGNN,39.33000183105469,41.66530227661133,2.3353004455566406,78.30599975585938,nan,nan,20260728
2023-07-11,ChargerMatched,GraphGNN,47.58799743652344,55.605072021484375,8.017074584960938,154.03500366210938,nan,nan,20260728
2023-07-12,ChargerMatched,GraphGNN,13.889999389648438,56.617916107177734,42.7279167175293,88.57099914550781,nan,nan,20260728
2023-07-13,ChargerMatched,GraphGNN,45.45999526977539,42.50784683227539,2.9521484375,159.3000030517578,nan,nan,20260728
2023-07-14,ChargerMatched,GraphGNN,41.76300048828125,26.921142578125,14.84185791015625,97.44499206542969,nan,nan,20260728
2023-07-15,ChargerMatched,GraphGNN,0.0,19.40151596069336,19.40151596069336,15.918999671936035,nan,nan,20260728
2023-07-16,ChargerMatched,GraphGNN,0.0,25.460128784179688,25.460128784179688,68.91900634765625,nan,nan,20260728
2023-07-17,ChargerMatched,GraphGNN,32.79600143432617,44.111656188964844,11.315654754638672,98.52300262451172,nan,nan,20260728
2023-07-18,ChargerMatched,GraphGNN,68.76300048828125,54.36872482299805,14.394275665283203,140.23199462890625,nan,nan,20260728
2023-07-19,ChargerMatched,GraphGNN,40.73999786376953,54.80281066894531,14.062812805175781,90.96199798583984,nan,nan,20260728
2023-07-20,ChargerMatched,GraphGNN,17.759000778198242,42.078369140625,24.319368362426758,129.85899353027344,nan,nan,20260728
2023-07-21,ChargerMatched,GraphGNN,7.895999908447266,22.11724853515625,14.221248626708984,94.1760025024414,nan,nan,20260728
2023-07-22,ChargerMatched,GraphGNN,11.82699966430664,12.500106811523438,0.6731071472167969,49.152000427246094,nan,nan,20260728
2023-07-23,ChargerMatched,GraphGNN,11.973999977111816,19.06230354309082,7.088303565979004,29.33799934387207,nan,nan,20260728
2023-07-24,ChargerMatched,GraphGNN,61.29399871826172,44.98969650268555,16.304302215576172,140.76300048828125,nan,nan,20260728
2023-07-25,ChargerMatched,GraphGNN,39.10100173950195,58.0977897644043,18.996788024902344,69.97699737548828,nan,nan,20260728
2023-07-26,ChargerMatched,GraphGNN,33.7140007019043,57.442657470703125,23.728656768798828,99.8080062866211,nan,nan,20260728
2023-07-27,ChargerMatched,GraphGNN,13.871999740600586,45.31322479248047,31.441225051879883,73.04100036621094,nan,nan,20260728
2023-07-28,ChargerMatched,GraphGNN,0.0,25.829025268554688,25.829025268554688,63.87099838256836,nan,nan,20260728
2023-07-29,ChargerMatched,GraphGNN,1.225000023841858,12.837462425231934,11.612462043762207,59.3489990234375,nan,nan,20260728
2023-07-30,ChargerMatched,GraphGNN,17.972999572753906,20.215946197509766,2.2429466247558594,68.73100280761719,nan,nan,20260728
2023-07-31,ChargerMatched,GraphGNN,49.086997985839844,40.36451721191406,8.722480773925781,138.73300170898438,nan,nan,20260728
2023-08-01,ChargerMatched,GraphGNN,48.61899948120117,55.818790435791016,7.199790954589844,104.54399871826172,nan,nan,20260728
2023-08-02,ChargerMatched,GraphGNN,30.68899917602539,58.2844352722168,27.595436096191406,88.90299987792969,nan,nan,20260728
2023-08-03,ChargerMatched,GraphGNN,76.95099639892578,46.883949279785156,30.067047119140625,146.60800170898438,nan,nan,20260728
2023-08-04,ChargerMatched,GraphGNN,22.779998779296875,31.88149642944336,9.101497650146484,123.77099609375,nan,nan,20260728
2023-08-05,ChargerMatched,GraphGNN,47.73899841308594,21.24768829345703,26.491310119628906,79.20600128173828,nan,nan,20260728
2023-08-06,ChargerMatched,GraphGNN,10.121999740600586,27.827016830444336,17.70501708984375,58.13300323486328,nan,nan,20260728
2023-08-07,ChargerMatched,GraphGNN,27.21200180053711,51.81199645996094,24.599994659423828,92.07901000976562,nan,nan,20260728
2023-08-08,ChargerMatched,GraphGNN,57.641998291015625,63.68937683105469,6.0473785400390625,152.3249969482422,nan,nan,20260728
2023-08-09,ChargerMatched,GraphGNN,18.696001052856445,62.381927490234375,43.68592834472656,167.00201416015625,nan,nan,20260728
2023-08-10,ChargerMatched,GraphGNN,53.770999908447266,47.904151916503906,5.866847991943359,134.35000610351562,nan,nan,20260728
2023-08-11,ChargerMatched,GraphGNN,5.497000217437744,29.800865173339844,24.303865432739258,62.154998779296875,nan,nan,20260728
2023-08-12,ChargerMatched,GraphGNN,9.717000007629395,16.749706268310547,7.032706260681152,41.02900314331055,nan,nan,20260728
2023-08-13,ChargerMatched,GraphGNN,27.4010009765625,22.981630325317383,4.419370651245117,65.48699951171875,nan,nan,20260728
2023-08-14,ChargerMatched,GraphGNN,41.26499938964844,48.1282844543457,6.863285064697266,130.99200439453125,nan,nan,20260728
2023-08-15,ChargerMatched,GraphGNN,57.397003173828125,58.418907165527344,1.0219039916992188,123.75299835205078,nan,nan,20260728
2023-08-16,ChargerMatched,GraphGNN,94.55500030517578,58.42163848876953,36.13336181640625,136.17799377441406,nan,nan,20260728
2023-08-17,ChargerMatched,GraphGNN,62.777000427246094,53.2396240234375,9.537376403808594,136.80101013183594,nan,nan,20260728
2023-08-18,ChargerMatched,GraphGNN,11.901000022888184,36.00449752807617,24.103496551513672,86.53099822998047,nan,nan,20260728
2023-08-19,ChargerMatched,GraphGNN,33.058998107910156,19.71910858154297,13.339889526367188,88.4489974975586,nan,nan,20260728
2023-08-20,ChargerMatched,GraphGNN,0.0,28.669754028320312,28.669754028320312,0.0,nan,nan,20260728
2023-08-21,ChargerMatched,GraphGNN,17.55500030517578,46.305328369140625,28.750328063964844,66.0,nan,nan,20260728
2023-08-22,ChargerMatched,GraphGNN,3.1579999923706055,55.42280578613281,52.26480484008789,85.68599700927734,nan,nan,20260728
2023-08-23,ChargerMatched,GraphGNN,26.45600128173828,52.11136245727539,25.65536117553711,97.12699890136719,nan,nan,20260728
2023-08-24,ChargerMatched,GraphGNN,46.24500274658203,43.45247268676758,2.792530059814453,140.77200317382812,nan,nan,20260728
2023-08-25,ChargerMatched,GraphGNN,50.641998291015625,31.54025650024414,19.101741790771484,84.27300262451172,nan,nan,20260728
2023-08-26,ChargerMatched,GraphGNN,10.074000358581543,22.560216903686523,12.48621654510498,96.99600219726562,nan,nan,20260728
2023-08-27,ChargerMatched,GraphGNN,44.54800033569336,30.823225021362305,13.724775314331055,71.43399810791016,nan,nan,20260728
2023-08-28,ChargerMatched,GraphGNN,105.98500061035156,51.86948013305664,54.11552047729492,156.41000366210938,nan,nan,20260728
2023-08-29,ChargerMatched,GraphGNN,22.319000244140625,66.97706604003906,44.65806579589844,126.37200164794922,nan,nan,20260728
2023-08-30,ChargerMatched,GraphGNN,25.583999633789062,64.45293426513672,38.868934631347656,83.01100158691406,nan,nan,20260728
2023-08-31,ChargerMatched,GraphGNN,30.01799964904785,54.755615234375,24.73761558532715,162.50201416015625,nan,nan,20260728
2023-09-01,ChargerMatched,GraphGNN,25.600000381469727,39.60000228881836,14.000001907348633,148.77398681640625,nan,nan,20260728
2023-09-02,ChargerMatched,GraphGNN,0.0,23.904495239257812,23.904495239257812,36.35599899291992,nan,nan,20260728
2023-09-03,ChargerMatched,GraphGNN,5.257999897003174,26.68657112121582,21.428571701049805,50.1609992980957,nan,nan,20260728
2023-09-04,ChargerMatched,GraphGNN,5.604000091552734,46.22990417480469,40.62590408325195,38.178001403808594,nan,nan,20260728
2023-09-05,ChargerMatched,GraphGNN,34.91699981689453,57.70958709716797,22.792587280273438,79.94700622558594,nan,nan,20260728
2023-09-06,ChargerMatched,GraphGNN,45.624996185302734,57.014686584472656,11.389690399169922,116.67500305175781,nan,nan,20260728
2023-09-07,ChargerMatched,GraphGNN,52.51499938964844,52.341590881347656,0.17340850830078125,135.46900939941406,nan,nan,20260728
2023-09-08,ChargerMatched,GraphGNN,6.215000152587891,39.01979446411133,32.80479431152344,110.70100402832031,nan,nan,20260728
2023-09-09,ChargerMatched,GraphGNN,14.732999801635742,23.061782836914062,8.32878303527832,40.48600387573242,nan,nan,20260728
2023-09-10,ChargerMatched,GraphGNN,8.602999687194824,28.932178497314453,20.329177856445312,79.18399047851562,nan,nan,20260728
2023-09-11,ChargerMatched,GraphGNN,33.66699981689453,45.51308822631836,11.846088409423828,37.2609977722168,nan,nan,20260728
2023-09-12,ChargerMatched,GraphGNN,27.992000579833984,57.80643844604492,29.814437866210938,73.33300018310547,nan,nan,20260728
2023-09-13,ChargerMatched,GraphGNN,12.177999496459961,61.90548324584961,49.72748565673828,127.12799072265625,nan,nan,20260728
2023-09-14,ChargerMatched,GraphGNN,2.309999942779541,53.444091796875,51.134090423583984,41.83300018310547,nan,nan,20260728
2023-09-15,ChargerMatched,GraphGNN,5.942999839782715,34.674007415771484,28.731006622314453,84.25599670410156,nan,nan,20260728
2023-09-16,ChargerMatched,GraphGNN,0.0,18.49248695373535,18.49248695373535,85.61199188232422,nan,nan,20260728
2023-09-17,ChargerMatched,GraphGNN,43.06300354003906,21.769451141357422,21.29355239868164,75.45500183105469,nan,nan,20260728
2023-09-18,ChargerMatched,GraphGNN,17.8439998626709,45.56926727294922,27.72526741027832,123.375,nan,nan,20260728
2023-09-19,ChargerMatched,GraphGNN,39.57099914550781,58.89626693725586,19.325267791748047,187.1219940185547,nan,nan,20260728
2023-09-20,ChargerMatched,GraphGNN,34.91600036621094,59.98274230957031,25.066741943359375,165.49400329589844,nan,nan,20260728
2023-09-21,ChargerMatched,GraphGNN,32.01799774169922,53.299705505371094,21.281707763671875,165.1409912109375,nan,nan,20260728
2023-09-22,ChargerMatched,GraphGNN,24.124000549316406,37.99941635131836,13.875415802001953,112.8330078125,nan,nan,20260728
2023-09-23,ChargerMatched,GraphGNN,0.0,24.37681770324707,24.37681770324707,105.82099914550781,nan,nan,20260728
2023-09-24,ChargerMatched,GraphGNN,32.084999084472656,26.1155948638916,5.969404220581055,76.98600006103516,nan,nan,20260728
2023-09-25,ChargerMatched,GraphGNN,38.21699905395508,48.39869689941406,10.181697845458984,109.43299865722656,nan,nan,20260728
2023-09-26,ChargerMatched,GraphGNN,35.124000549316406,62.06681442260742,26.942813873291016,140.0360107421875,nan,nan,20260728
2023-09-27,ChargerMatched,GraphGNN,95.2760009765625,65.11317443847656,30.162826538085938,157.02700805664062,nan,nan,20260728
2023-09-28,ChargerMatched,GraphGNN,24.44700050354004,66.81209564208984,42.36509704589844,130.1590118408203,nan,nan,20260728
2023-09-29,ChargerMatched,GraphGNN,12.67300033569336,48.07721710205078,35.40421676635742,71.05000305175781,nan,nan,20260728
2023-09-30,ChargerMatched,GraphGNN,47.46399688720703,30.562030792236328,16.901966094970703,132.11199951171875,nan,nan,20260728
2023-07-01,ChargerFull,DLinear,39.98400115966797,73.17034912109375,33.18634796142578,39.98400115966797,nan,nan,20260728
2023-07-02,ChargerFull,DLinear,84.92100524902344,107.88823699951172,22.96723175048828,84.92100524902344,nan,nan,20260728
2023-07-03,ChargerFull,DLinear,121.43299865722656,119.2305679321289,2.2024307250976562,121.43299865722656,nan,nan,20260728
2023-07-04,ChargerFull,DLinear,16.437999725341797,141.0997314453125,124.66172790527344,16.437999725341797,nan,nan,20260728
2023-07-05,ChargerFull,DLinear,112.5530014038086,116.8250503540039,4.2720489501953125,112.5530014038086,nan,nan,20260728
2023-07-06,ChargerFull,DLinear,133.0570068359375,100.92675018310547,32.13025665283203,133.0570068359375,nan,nan,20260728
2023-07-07,ChargerFull,DLinear,94.96900177001953,91.4835433959961,3.4854583740234375,94.96900177001953,nan,nan,20260728
2023-07-08,ChargerFull,DLinear,50.14600372314453,91.88798522949219,41.741981506347656,50.14600372314453,nan,nan,20260728
2023-07-09,ChargerFull,DLinear,27.32699966430664,99.59503173828125,72.26803588867188,27.32699966430664,nan,nan,20260728
2023-07-10,ChargerFull,DLinear,78.30599975585938,126.29002380371094,47.98402404785156,78.30599975585938,nan,nan,20260728
2023-07-11,ChargerFull,DLinear,154.03500366210938,126.09266662597656,27.942337036132812,154.03500366210938,nan,nan,20260728
2023-07-12,ChargerFull,DLinear,88.57099914550781,138.1948699951172,49.623870849609375,88.57099914550781,nan,nan,20260728
2023-07-13,ChargerFull,DLinear,159.3000030517578,102.44384002685547,56.856163024902344,159.3000030517578,nan,nan,20260728
2023-07-14,ChargerFull,DLinear,97.44499206542969,109.80850219726562,12.363510131835938,97.44499206542969,nan,nan,20260728
2023-07-15,ChargerFull,DLinear,15.918999671936035,84.54670715332031,68.6277084350586,15.918999671936035,nan,nan,20260728
2023-07-16,ChargerFull,DLinear,68.91900634765625,80.97532653808594,12.056320190429688,68.91900634765625,nan,nan,20260728
2023-07-17,ChargerFull,DLinear,98.52300262451172,137.9555206298828,39.432518005371094,98.52300262451172,nan,nan,20260728
2023-07-18,ChargerFull,DLinear,140.23199462890625,135.3186492919922,4.9133453369140625,140.23199462890625,nan,nan,20260728
2023-07-19,ChargerFull,DLinear,90.96199798583984,135.21044921875,44.248451232910156,90.96199798583984,nan,nan,20260728
2023-07-20,ChargerFull,DLinear,129.85899353027344,117.19369506835938,12.665298461914062,129.85899353027344,nan,nan,20260728
2023-07-21,ChargerFull,DLinear,94.1760025024414,103.36927795410156,9.193275451660156,94.1760025024414,nan,nan,20260728
2023-07-22,ChargerFull,DLinear,49.152000427246094,77.56281280517578,28.410812377929688,49.152000427246094,nan,nan,20260728
2023-07-23,ChargerFull,DLinear,29.33799934387207,94.30547332763672,64.96747589111328,29.33799934387207,nan,nan,20260728
2023-07-24,ChargerFull,DLinear,140.76300048828125,132.76181030273438,8.001190185546875,140.76300048828125,nan,nan,20260728
2023-07-25,ChargerFull,DLinear,69.97699737548828,155.57809448242188,85.6010971069336,69.97699737548828,nan,nan,20260728
2023-07-26,ChargerFull,DLinear,99.8080062866211,127.52946472167969,27.721458435058594,99.8080062866211,nan,nan,20260728
2023-07-27,ChargerFull,DLinear,73.04100036621094,128.79458618164062,55.75358581542969,73.04100036621094,nan,nan,20260728
2023-07-28,ChargerFull,DLinear,63.87099838256836,90.90235900878906,27.031360626220703,63.87099838256836,nan,nan,20260728
2023-07-29,ChargerFull,DLinear,59.3489990234375,73.96604919433594,14.617050170898438,59.3489990234375,nan,nan,20260728
2023-07-30,ChargerFull,DLinear,68.73100280761719,100.60482788085938,31.873825073242188,68.73100280761719,nan,nan,20260728
2023-07-31,ChargerFull,DLinear,138.73300170898438,132.7938232421875,5.939178466796875,138.73300170898438,nan,nan,20260728
2023-08-01,ChargerFull,DLinear,104.54399871826172,166.05914306640625,61.51514434814453,104.54399871826172,nan,nan,20260728
2023-08-02,ChargerFull,DLinear,88.90299987792969,132.41477966308594,43.51177978515625,88.90299987792969,nan,nan,20260728
2023-08-03,ChargerFull,DLinear,146.60800170898438,108.99434661865234,37.61365509033203,146.60800170898438,nan,nan,20260728
2023-08-04,ChargerFull,DLinear,123.77099609375,95.53614807128906,28.234848022460938,123.77099609375,nan,nan,20260728
2023-08-05,ChargerFull,DLinear,79.20600128173828,75.51763153076172,3.6883697509765625,79.20600128173828,nan,nan,20260728
2023-08-06,ChargerFull,DLinear,58.13300323486328,97.39198303222656,39.25897979736328,58.13300323486328,nan,nan,20260728
2023-08-07,ChargerFull,DLinear,92.07901000976562,154.88296508789062,62.803955078125,92.07901000976562,nan,nan,20260728
2023-08-08,ChargerFull,DLinear,152.3249969482422,153.37200927734375,1.0470123291015625,152.3249969482422,nan,nan,20260728
2023-08-09,ChargerFull,DLinear,167.00201416015625,148.00424194335938,18.997772216796875,167.00201416015625,nan,nan,20260728
2023-08-10,ChargerFull,DLinear,134.35000610351562,133.72061157226562,0.62939453125,134.35000610351562,nan,nan,20260728
2023-08-11,ChargerFull,DLinear,62.154998779296875,114.59715270996094,52.44215393066406,62.154998779296875,nan,nan,20260728
2023-08-12,ChargerFull,DLinear,41.02900314331055,85.7774887084961,44.74848556518555,41.02900314331055,nan,nan,20260728
2023-08-13,ChargerFull,DLinear,65.48699951171875,106.02677154541016,40.539772033691406,65.48699951171875,nan,nan,20260728
2023-08-14,ChargerFull,DLinear,130.99200439453125,157.15704345703125,26.1650390625,130.99200439453125,nan,nan,20260728
2023-08-15,ChargerFull,DLinear,123.75299835205078,187.9254150390625,64.17241668701172,123.75299835205078,nan,nan,20260728
2023-08-16,ChargerFull,DLinear,136.17799377441406,153.10635375976562,16.928359985351562,136.17799377441406,nan,nan,20260728
2023-08-17,ChargerFull,DLinear,136.80101013183594,145.38925170898438,8.588241577148438,136.80101013183594,nan,nan,20260728
2023-08-18,ChargerFull,DLinear,86.53099822998047,96.99896240234375,10.467964172363281,86.53099822998047,nan,nan,20260728
2023-08-19,ChargerFull,DLinear,88.4489974975586,93.40178680419922,4.952789306640625,88.4489974975586,nan,nan,20260728
2023-08-20,ChargerFull,DLinear,0.0,123.31388854980469,123.31388854980469,0.0,nan,nan,20260728
2023-08-21,ChargerFull,DLinear,66.0,153.515869140625,87.515869140625,66.0,nan,nan,20260728
2023-08-22,ChargerFull,DLinear,85.68599700927734,168.8692626953125,83.18326568603516,85.68599700927734,nan,nan,20260728
2023-08-23,ChargerFull,DLinear,97.12699890136719,146.46902465820312,49.34202575683594,97.12699890136719,nan,nan,20260728
2023-08-24,ChargerFull,DLinear,140.77200317382812,139.0093994140625,1.762603759765625,140.77200317382812,nan,nan,20260728
2023-08-25,ChargerFull,DLinear,84.27300262451172,111.18425750732422,26.9112548828125,84.27300262451172,nan,nan,20260728
2023-08-26,ChargerFull,DLinear,96.99600219726562,92.0953369140625,4.900665283203125,96.99600219726562,nan,nan,20260728
2023-08-27,ChargerFull,DLinear,71.43399810791016,114.59861755371094,43.16461944580078,71.43399810791016,nan,nan,20260728
2023-08-28,ChargerFull,DLinear,156.41000366210938,143.025634765625,13.384368896484375,156.41000366210938,nan,nan,20260728
2023-08-29,ChargerFull,DLinear,126.37200164794922,172.9591827392578,46.587181091308594,126.37200164794922,nan,nan,20260728
2023-08-30,ChargerFull,DLinear,83.01100158691406,157.36167907714844,74.35067749023438,83.01100158691406,nan,nan,20260728
2023-08-31,ChargerFull,DLinear,162.50201416015625,134.71676635742188,27.785247802734375,162.50201416015625,nan,nan,20260728
2023-09-01,ChargerFull,DLinear,148.77398681640625,99.99588775634766,48.778099060058594,148.77398681640625,nan,nan,20260728
2023-09-02,ChargerFull,DLinear,36.35599899291992,105.77180480957031,69.41580200195312,36.35599899291992,nan,nan,20260728
2023-09-03,ChargerFull,DLinear,50.1609992980957,117.8621826171875,67.70118713378906,50.1609992980957,nan,nan,20260728
2023-09-04,ChargerFull,DLinear,38.178001403808594,153.38034057617188,115.20233917236328,38.178001403808594,nan,nan,20260728
2023-09-05,ChargerFull,DLinear,79.94700622558594,180.39532470703125,100.44831848144531,79.94700622558594,nan,nan,20260728
2023-09-06,ChargerFull,DLinear,116.67500305175781,156.83145141601562,40.15644836425781,116.67500305175781,nan,nan,20260728
2023-09-07,ChargerFull,DLinear,135.46900939941406,153.26351928710938,17.794509887695312,135.46900939941406,nan,nan,20260728
2023-09-08,ChargerFull,DLinear,110.70100402832031,125.57923889160156,14.87823486328125,110.70100402832031,nan,nan,20260728
2023-09-09,ChargerFull,DLinear,40.48600387573242,113.48621368408203,73.00021362304688,40.48600387573242,nan,nan,20260728
2023-09-10,ChargerFull,DLinear,79.18399047851562,107.64974975585938,28.46575927734375,79.18399047851562,nan,nan,20260728
2023-09-11,ChargerFull,DLinear,37.2609977722168,141.5797119140625,104.31871032714844,37.2609977722168,nan,nan,20260728
2023-09-12,ChargerFull,DLinear,73.33300018310547,170.19581604003906,96.8628158569336,73.33300018310547,nan,nan,20260728
2023-09-13,ChargerFull,DLinear,127.12799072265625,142.7021484375,15.57415771484375,127.12799072265625,nan,nan,20260728
2023-09-14,ChargerFull,DLinear,41.83300018310547,138.35577392578125,96.52277374267578,41.83300018310547,nan,nan,20260728
2023-09-15,ChargerFull,DLinear,84.25599670410156,120.36077880859375,36.10478210449219,84.25599670410156,nan,nan,20260728
2023-09-16,ChargerFull,DLinear,85.61199188232422,88.30816650390625,2.6961746215820312,85.61199188232422,nan,nan,20260728
2023-09-17,ChargerFull,DLinear,75.45500183105469,115.64736938476562,40.19236755371094,75.45500183105469,nan,nan,20260728
2023-09-18,ChargerFull,DLinear,123.375,145.2436065673828,21.868606567382812,123.375,nan,nan,20260728
2023-09-19,ChargerFull,DLinear,187.1219940185547,160.6478271484375,26.474166870117188,187.1219940185547,nan,nan,20260728
2023-09-20,ChargerFull,DLinear,165.49400329589844,151.81263732910156,13.681365966796875,165.49400329589844,nan,nan,20260728
2023-09-21,ChargerFull,DLinear,165.1409912109375,140.94390869140625,24.19708251953125,165.1409912109375,nan,nan,20260728
2023-09-22,ChargerFull,DLinear,112.8330078125,120.61524200439453,7.782234191894531,112.8330078125,nan,nan,20260728
2023-09-23,ChargerFull,DLinear,105.82099914550781,93.22782897949219,12.593170166015625,105.82099914550781,nan,nan,20260728
2023-09-24,ChargerFull,DLinear,76.98600006103516,130.21087646484375,53.224876403808594,76.98600006103516,nan,nan,20260728
2023-09-25,ChargerFull,DLinear,109.43299865722656,163.44259643554688,54.00959777832031,109.43299865722656,nan,nan,20260728
2023-09-26,ChargerFull,DLinear,140.0360107421875,166.3970489501953,26.361038208007812,140.0360107421875,nan,nan,20260728
2023-09-27,ChargerFull,DLinear,157.02700805664062,195.8072967529297,38.78028869628906,157.02700805664062,nan,nan,20260728
2023-09-28,ChargerFull,DLinear,130.1590118408203,163.72193908691406,33.56292724609375,130.1590118408203,nan,nan,20260728
2023-09-29,ChargerFull,DLinear,71.05000305175781,136.8771514892578,65.8271484375,71.05000305175781,nan,nan,20260728
2023-09-30,ChargerFull,DLinear,132.11199951171875,123.85661315917969,8.255386352539062,132.11199951171875,nan,nan,20260728
2023-07-01,ChargerFull,LSTM,39.98400115966797,113.56088256835938,73.5768814086914,39.98400115966797,nan,nan,20260728
2023-07-02,ChargerFull,LSTM,84.92100524902344,100.3419189453125,15.420913696289062,84.92100524902344,nan,nan,20260728
2023-07-03,ChargerFull,LSTM,121.43299865722656,97.57746887207031,23.85552978515625,121.43299865722656,nan,nan,20260728
2023-07-04,ChargerFull,LSTM,16.437999725341797,105.36223602294922,88.92424011230469,16.437999725341797,nan,nan,20260728
2023-07-05,ChargerFull,LSTM,112.5530014038086,103.6886978149414,8.864303588867188,112.5530014038086,nan,nan,20260728
2023-07-06,ChargerFull,LSTM,133.0570068359375,106.46966552734375,26.58734130859375,133.0570068359375,nan,nan,20260728
2023-07-07,ChargerFull,LSTM,94.96900177001953,113.99405670166016,19.025054931640625,94.96900177001953,nan,nan,20260728
2023-07-08,ChargerFull,LSTM,50.14600372314453,104.21099090576172,54.06498718261719,50.14600372314453,nan,nan,20260728
2023-07-09,ChargerFull,LSTM,27.32699966430664,91.37608337402344,64.04908752441406,27.32699966430664,nan,nan,20260728
2023-07-10,ChargerFull,LSTM,78.30599975585938,86.02135467529297,7.715354919433594,78.30599975585938,nan,nan,20260728
2023-07-11,ChargerFull,LSTM,154.03500366210938,88.62281036376953,65.41219329833984,154.03500366210938,nan,nan,20260728
2023-07-12,ChargerFull,LSTM,88.57099914550781,102.45440673828125,13.883407592773438,88.57099914550781,nan,nan,20260728
2023-07-13,ChargerFull,LSTM,159.3000030517578,105.91232299804688,53.38768005371094,159.3000030517578,nan,nan,20260728
2023-07-14,ChargerFull,LSTM,97.44499206542969,117.49407958984375,20.049087524414062,97.44499206542969,nan,nan,20260728
2023-07-15,ChargerFull,LSTM,15.918999671936035,110.87460327148438,94.95560455322266,15.918999671936035,nan,nan,20260728
2023-07-16,ChargerFull,LSTM,68.91900634765625,93.2645034790039,24.345497131347656,68.91900634765625,nan,nan,20260728
2023-07-17,ChargerFull,LSTM,98.52300262451172,86.8880615234375,11.634941101074219,98.52300262451172,nan,nan,20260728
2023-07-18,ChargerFull,LSTM,140.23199462890625,92.8572998046875,47.37469482421875,140.23199462890625,nan,nan,20260728
2023-07-19,ChargerFull,LSTM,90.96199798583984,110.9549560546875,19.992958068847656,90.96199798583984,nan,nan,20260728
2023-07-20,ChargerFull,LSTM,129.85899353027344,115.00946044921875,14.849533081054688,129.85899353027344,nan,nan,20260728
2023-07-21,ChargerFull,LSTM,94.1760025024414,117.00767517089844,22.83167266845703,94.1760025024414,nan,nan,20260728
2023-07-22,ChargerFull,LSTM,49.152000427246094,110.31697845458984,61.16497802734375,49.152000427246094,nan,nan,20260728
2023-07-23,ChargerFull,LSTM,29.33799934387207,96.23645782470703,66.8984603881836,29.33799934387207,nan,nan,20260728
2023-07-24,ChargerFull,LSTM,140.76300048828125,88.55207061767578,52.21092987060547,140.76300048828125,nan,nan,20260728
2023-07-25,ChargerFull,LSTM,69.97699737548828,101.49890899658203,31.52191162109375,69.97699737548828,nan,nan,20260728
2023-07-26,ChargerFull,LSTM,99.8080062866211,107.0220947265625,7.214088439941406,99.8080062866211,nan,nan,20260728
2023-07-27,ChargerFull,LSTM,73.04100036621094,115.47161865234375,42.43061828613281,73.04100036621094,nan,nan,20260728
2023-07-28,ChargerFull,LSTM,63.87099838256836,112.90125274658203,49.03025436401367,63.87099838256836,nan,nan,20260728
2023-07-29,ChargerFull,LSTM,59.3489990234375,99.058837890625,39.7098388671875,59.3489990234375,nan,nan,20260728
2023-07-30,ChargerFull,LSTM,68.73100280761719,89.92427825927734,21.193275451660156,68.73100280761719,nan,nan,20260728
2023-07-31,ChargerFull,LSTM,138.73300170898438,85.48222351074219,53.25077819824219,138.73300170898438,nan,nan,20260728
2023-08-01,ChargerFull,LSTM,104.54399871826172,94.74107360839844,9.802925109863281,104.54399871826172,nan,nan,20260728
2023-08-02,ChargerFull,LSTM,88.90299987792969,106.3560791015625,17.453079223632812,88.90299987792969,nan,nan,20260728
2023-08-03,ChargerFull,LSTM,146.60800170898438,117.35356903076172,29.254432678222656,146.60800170898438,nan,nan,20260728
2023-08-04,ChargerFull,LSTM,123.77099609375,124.05271911621094,0.2817230224609375,123.77099609375,nan,nan,20260728
2023-08-05,ChargerFull,LSTM,79.20600128173828,118.04405212402344,38.838050842285156,79.20600128173828,nan,nan,20260728
2023-08-06,ChargerFull,LSTM,58.13300323486328,105.39865112304688,47.265647888183594,58.13300323486328,nan,nan,20260728
2023-08-07,ChargerFull,LSTM,92.07901000976562,100.29772186279297,8.218711853027344,92.07901000976562,nan,nan,20260728
2023-08-08,ChargerFull,LSTM,152.3249969482422,101.98255157470703,50.342445373535156,152.3249969482422,nan,nan,20260728
2023-08-09,ChargerFull,LSTM,167.00201416015625,109.81607055664062,57.185943603515625,167.00201416015625,nan,nan,20260728
2023-08-10,ChargerFull,LSTM,134.35000610351562,120.49375915527344,13.856246948242188,134.35000610351562,nan,nan,20260728
2023-08-11,ChargerFull,LSTM,62.154998779296875,122.16734313964844,60.01234436035156,62.154998779296875,nan,nan,20260728
2023-08-12,ChargerFull,LSTM,41.02900314331055,106.90455627441406,65.87554931640625,41.02900314331055,nan,nan,20260728
2023-08-13,ChargerFull,LSTM,65.48699951171875,92.68849182128906,27.201492309570312,65.48699951171875,nan,nan,20260728
2023-08-14,ChargerFull,LSTM,130.99200439453125,94.4880599975586,36.503944396972656,130.99200439453125,nan,nan,20260728
2023-08-15,ChargerFull,LSTM,123.75299835205078,98.37693786621094,25.376060485839844,123.75299835205078,nan,nan,20260728
2023-08-16,ChargerFull,LSTM,136.17799377441406,104.4005126953125,31.777481079101562,136.17799377441406,nan,nan,20260728
2023-08-17,ChargerFull,LSTM,136.80101013183594,116.06495666503906,20.736053466796875,136.80101013183594,nan,nan,20260728
2023-08-18,ChargerFull,LSTM,86.53099822998047,119.40935516357422,32.87835693359375,86.53099822998047,nan,nan,20260728
2023-08-19,ChargerFull,LSTM,88.4489974975586,116.00741577148438,27.55841827392578,88.4489974975586,nan,nan,20260728
2023-08-20,ChargerFull,LSTM,0.0,104.60902404785156,104.60902404785156,0.0,nan,nan,20260728
2023-08-21,ChargerFull,LSTM,66.0,87.13023376464844,21.130233764648438,66.0,nan,nan,20260728
2023-08-22,ChargerFull,LSTM,85.68599700927734,87.43403625488281,1.7480392456054688,85.68599700927734,nan,nan,20260728
2023-08-23,ChargerFull,LSTM,97.12699890136719,91.21648406982422,5.910514831542969,97.12699890136719,nan,nan,20260728
2023-08-24,ChargerFull,LSTM,140.77200317382812,101.53135681152344,39.24064636230469,140.77200317382812,nan,nan,20260728
2023-08-25,ChargerFull,LSTM,84.27300262451172,106.46397399902344,22.19097137451172,84.27300262451172,nan,nan,20260728
2023-08-26,ChargerFull,LSTM,96.99600219726562,100.85155487060547,3.8555526733398438,96.99600219726562,nan,nan,20260728
2023-08-27,ChargerFull,LSTM,71.43399810791016,99.95219421386719,28.51819610595703,71.43399810791016,nan,nan,20260728
2023-08-28,ChargerFull,LSTM,156.41000366210938,96.4677963256836,59.94220733642578,156.41000366210938,nan,nan,20260728
2023-08-29,ChargerFull,LSTM,126.37200164794922,103.22897338867188,23.143028259277344,126.37200164794922,nan,nan,20260728
2023-08-30,ChargerFull,LSTM,83.01100158691406,111.80181884765625,28.790817260742188,83.01100158691406,nan,nan,20260728
2023-08-31,ChargerFull,LSTM,162.50201416015625,114.02781677246094,48.47419738769531,162.50201416015625,nan,nan,20260728
2023-09-01,ChargerFull,LSTM,148.77398681640625,122.95384979248047,25.82013702392578,148.77398681640625,nan,nan,20260728
2023-09-02,ChargerFull,LSTM,36.35599899291992,117.96855163574219,81.612548828125,36.35599899291992,nan,nan,20260728
2023-09-03,ChargerFull,LSTM,50.1609992980957,102.05921173095703,51.89821243286133,50.1609992980957,nan,nan,20260728
2023-09-04,ChargerFull,LSTM,38.178001403808594,99.08969116210938,60.91168975830078,38.178001403808594,nan,nan,20260728
2023-09-05,ChargerFull,LSTM,79.94700622558594,97.4231185913086,17.476112365722656,79.94700622558594,nan,nan,20260728
2023-09-06,ChargerFull,LSTM,116.67500305175781,96.50686645507812,20.168136596679688,116.67500305175781,nan,nan,20260728
2023-09-07,ChargerFull,LSTM,135.46900939941406,107.80542755126953,27.66358184814453,135.46900939941406,nan,nan,20260728
2023-09-08,ChargerFull,LSTM,110.70100402832031,110.35590362548828,0.34510040283203125,110.70100402832031,nan,nan,20260728
2023-09-09,ChargerFull,LSTM,40.48600387573242,104.52938079833984,64.04338073730469,40.48600387573242,nan,nan,20260728
2023-09-10,ChargerFull,LSTM,79.18399047851562,92.87484741210938,13.69085693359375,79.18399047851562,nan,nan,20260728
2023-09-11,ChargerFull,LSTM,37.2609977722168,86.32853698730469,49.06753921508789,37.2609977722168,nan,nan,20260728
2023-09-12,ChargerFull,LSTM,73.33300018310547,84.40448760986328,11.071487426757812,73.33300018310547,nan,nan,20260728
2023-09-13,ChargerFull,LSTM,127.12799072265625,93.18083190917969,33.94715881347656,127.12799072265625,nan,nan,20260728
2023-09-14,ChargerFull,LSTM,41.83300018310547,102.23951721191406,60.406517028808594,41.83300018310547,nan,nan,20260728
2023-09-15,ChargerFull,LSTM,84.25599670410156,97.64411163330078,13.388114929199219,84.25599670410156,nan,nan,20260728
2023-09-16,ChargerFull,LSTM,85.61199188232422,88.77552032470703,3.1635284423828125,85.61199188232422,nan,nan,20260728
2023-09-17,ChargerFull,LSTM,75.45500183105469,82.6300048828125,7.1750030517578125,75.45500183105469,nan,nan,20260728
2023-09-18,ChargerFull,LSTM,123.375,80.45015716552734,42.924842834472656,123.375,nan,nan,20260728
2023-09-19,ChargerFull,LSTM,187.1219940185547,91.24020385742188,95.88179016113281,187.1219940185547,nan,nan,20260728
2023-09-20,ChargerFull,LSTM,165.49400329589844,106.52774810791016,58.96625518798828,165.49400329589844,nan,nan,20260728
2023-09-21,ChargerFull,LSTM,165.1409912109375,120.54180145263672,44.59918975830078,165.1409912109375,nan,nan,20260728
2023-09-22,ChargerFull,LSTM,112.8330078125,128.91014099121094,16.077133178710938,112.8330078125,nan,nan,20260728
2023-09-23,ChargerFull,LSTM,105.82099914550781,126.52896881103516,20.707969665527344,105.82099914550781,nan,nan,20260728
2023-09-24,ChargerFull,LSTM,76.98600006103516,114.16016387939453,37.174163818359375,76.98600006103516,nan,nan,20260728
2023-09-25,ChargerFull,LSTM,109.43299865722656,108.83032989501953,0.6026687622070312,109.43299865722656,nan,nan,20260728
2023-09-26,ChargerFull,LSTM,140.0360107421875,114.64186096191406,25.394149780273438,140.0360107421875,nan,nan,20260728
2023-09-27,ChargerFull,LSTM,157.02700805664062,120.1312026977539,36.89580535888672,157.02700805664062,nan,nan,20260728
2023-09-28,ChargerFull,LSTM,130.1590118408203,137.11367797851562,6.9546661376953125,130.1590118408203,nan,nan,20260728
2023-09-29,ChargerFull,LSTM,71.05000305175781,137.73548889160156,66.68548583984375,71.05000305175781,nan,nan,20260728
2023-09-30,ChargerFull,LSTM,132.11199951171875,121.96590423583984,10.146095275878906,132.11199951171875,nan,nan,20260728
2023-07-01,ChargerFull,TCN,39.98400115966797,121.18757629394531,81.20357513427734,39.98400115966797,nan,nan,20260728
2023-07-02,ChargerFull,TCN,84.92100524902344,112.94890594482422,28.02790069580078,84.92100524902344,nan,nan,20260728
2023-07-03,ChargerFull,TCN,121.43299865722656,109.47245025634766,11.960548400878906,121.43299865722656,nan,nan,20260728
2023-07-04,ChargerFull,TCN,16.437999725341797,112.92312622070312,96.48512268066406,16.437999725341797,nan,nan,20260728
2023-07-05,ChargerFull,TCN,112.5530014038086,118.91411590576172,6.361114501953125,112.5530014038086,nan,nan,20260728
2023-07-06,ChargerFull,TCN,133.0570068359375,121.11549377441406,11.941513061523438,133.0570068359375,nan,nan,20260728
2023-07-07,ChargerFull,TCN,94.96900177001953,116.7235336303711,21.754531860351562,94.96900177001953,nan,nan,20260728
2023-07-08,ChargerFull,TCN,50.14600372314453,107.75666809082031,57.61066436767578,50.14600372314453,nan,nan,20260728
2023-07-09,ChargerFull,TCN,27.32699966430664,98.76689910888672,71.43989562988281,27.32699966430664,nan,nan,20260728
2023-07-10,ChargerFull,TCN,78.30599975585938,95.15798950195312,16.85198974609375,78.30599975585938,nan,nan,20260728
2023-07-11,ChargerFull,TCN,154.03500366210938,98.01972198486328,56.015281677246094,154.03500366210938,nan,nan,20260728
2023-07-12,ChargerFull,TCN,88.57099914550781,104.58409118652344,16.013092041015625,88.57099914550781,nan,nan,20260728
2023-07-13,ChargerFull,TCN,159.3000030517578,107.42811584472656,51.87188720703125,159.3000030517578,nan,nan,20260728
2023-07-14,ChargerFull,TCN,97.44499206542969,103.93794250488281,6.492950439453125,97.44499206542969,nan,nan,20260728
2023-07-15,ChargerFull,TCN,15.918999671936035,96.3724365234375,80.45343780517578,15.918999671936035,nan,nan,20260728
2023-07-16,ChargerFull,TCN,68.91900634765625,87.19340515136719,18.274398803710938,68.91900634765625,nan,nan,20260728
2023-07-17,ChargerFull,TCN,98.52300262451172,83.64787292480469,14.875129699707031,98.52300262451172,nan,nan,20260728
2023-07-18,ChargerFull,TCN,140.23199462890625,88.67927551269531,51.55271911621094,140.23199462890625,nan,nan,20260728
2023-07-19,ChargerFull,TCN,90.96199798583984,97.41400146484375,6.452003479003906,90.96199798583984,nan,nan,20260728
2023-07-20,ChargerFull,TCN,129.85899353027344,102.93399810791016,26.92499542236328,129.85899353027344,nan,nan,20260728
2023-07-21,ChargerFull,TCN,94.1760025024414,99.737060546875,5.561058044433594,94.1760025024414,nan,nan,20260728
2023-07-22,ChargerFull,TCN,49.152000427246094,91.907958984375,42.755958557128906,49.152000427246094,nan,nan,20260728
2023-07-23,ChargerFull,TCN,29.33799934387207,84.28272247314453,54.944725036621094,29.33799934387207,nan,nan,20260728
2023-07-24,ChargerFull,TCN,140.76300048828125,82.13333129882812,58.629669189453125,140.76300048828125,nan,nan,20260728
2023-07-25,ChargerFull,TCN,69.97699737548828,87.94656372070312,17.969566345214844,69.97699737548828,nan,nan,20260728
2023-07-26,ChargerFull,TCN,99.8080062866211,96.25395202636719,3.5540542602539062,99.8080062866211,nan,nan,20260728
2023-07-27,ChargerFull,TCN,73.04100036621094,101.90788269042969,28.86688232421875,73.04100036621094,nan,nan,20260728
2023-07-28,ChargerFull,TCN,63.87099838256836,99.64789581298828,35.77689743041992,63.87099838256836,nan,nan,20260728
2023-07-29,ChargerFull,TCN,59.3489990234375,91.16259002685547,31.81359100341797,59.3489990234375,nan,nan,20260728
2023-07-30,ChargerFull,TCN,68.73100280761719,83.31021118164062,14.579208374023438,68.73100280761719,nan,nan,20260728
2023-07-31,ChargerFull,TCN,138.73300170898438,81.07703399658203,57.655967712402344,138.73300170898438,nan,nan,20260728
2023-08-01,ChargerFull,TCN,104.54399871826172,87.13509368896484,17.408905029296875,104.54399871826172,nan,nan,20260728
2023-08-02,ChargerFull,TCN,88.90299987792969,96.7830810546875,7.8800811767578125,88.90299987792969,nan,nan,20260728
2023-08-03,ChargerFull,TCN,146.60800170898438,101.88008880615234,44.72791290283203,146.60800170898438,nan,nan,20260728
2023-08-04,ChargerFull,TCN,123.77099609375,100.59139251708984,23.179603576660156,123.77099609375,nan,nan,20260728
2023-08-05,ChargerFull,TCN,79.20600128173828,94.37036895751953,15.16436767578125,79.20600128173828,nan,nan,20260728
2023-08-06,ChargerFull,TCN,58.13300323486328,87.7896728515625,29.65666961669922,58.13300323486328,nan,nan,20260728
2023-08-07,ChargerFull,TCN,92.07901000976562,86.4695053100586,5.609504699707031,92.07901000976562,nan,nan,20260728
2023-08-08,ChargerFull,TCN,152.3249969482422,91.04698181152344,61.27801513671875,152.3249969482422,nan,nan,20260728
2023-08-09,ChargerFull,TCN,167.00201416015625,99.06512451171875,67.9368896484375,167.00201416015625,nan,nan,20260728
2023-08-10,ChargerFull,TCN,134.35000610351562,104.35839080810547,29.991615295410156,134.35000610351562,nan,nan,20260728
2023-08-11,ChargerFull,TCN,62.154998779296875,102.33364868164062,40.17864990234375,62.154998779296875,nan,nan,20260728
2023-08-12,ChargerFull,TCN,41.02900314331055,94.90937805175781,53.880374908447266,41.02900314331055,nan,nan,20260728
2023-08-13,ChargerFull,TCN,65.48699951171875,87.1253662109375,21.63836669921875,65.48699951171875,nan,nan,20260728
2023-08-14,ChargerFull,TCN,130.99200439453125,85.12393188476562,45.868072509765625,130.99200439453125,nan,nan,20260728
2023-08-15,ChargerFull,TCN,123.75299835205078,90.21297454833984,33.54002380371094,123.75299835205078,nan,nan,20260728
2023-08-16,ChargerFull,TCN,136.17799377441406,98.04027557373047,38.137718200683594,136.17799377441406,nan,nan,20260728
2023-08-17,ChargerFull,TCN,136.80101013183594,103.34928894042969,33.45172119140625,136.80101013183594,nan,nan,20260728
2023-08-18,ChargerFull,TCN,86.53099822998047,101.9762954711914,15.445297241210938,86.53099822998047,nan,nan,20260728
2023-08-19,ChargerFull,TCN,88.4489974975586,95.09745788574219,6.648460388183594,88.4489974975586,nan,nan,20260728
2023-08-20,ChargerFull,TCN,0.0,89.0074462890625,89.0074462890625,0.0,nan,nan,20260728
2023-08-21,ChargerFull,TCN,66.0,86.42333984375,20.42333984375,66.0,nan,nan,20260728
2023-08-22,ChargerFull,TCN,85.68599700927734,90.60469055175781,4.918693542480469,85.68599700927734,nan,nan,20260728
2023-08-23,ChargerFull,TCN,97.12699890136719,98.3377914428711,1.2107925415039062,97.12699890136719,nan,nan,20260728
2023-08-24,ChargerFull,TCN,140.77200317382812,102.86700439453125,37.904998779296875,140.77200317382812,nan,nan,20260728
2023-08-25,ChargerFull,TCN,84.27300262451172,101.61988067626953,17.346878051757812,84.27300262451172,nan,nan,20260728
2023-08-26,ChargerFull,TCN,96.99600219726562,94.7806625366211,2.2153396606445312,96.99600219726562,nan,nan,20260728
2023-08-27,ChargerFull,TCN,71.43399810791016,87.97361755371094,16.53961944580078,71.43399810791016,nan,nan,20260728
2023-08-28,ChargerFull,TCN,156.41000366210938,86.60316467285156,69.80683898925781,156.41000366210938,nan,nan,20260728
2023-08-29,ChargerFull,TCN,126.37200164794922,91.84046173095703,34.53153991699219,126.37200164794922,nan,nan,20260728
2023-08-30,ChargerFull,TCN,83.01100158691406,100.19493865966797,17.183937072753906,83.01100158691406,nan,nan,20260728
2023-08-31,ChargerFull,TCN,162.50201416015625,104.54961395263672,57.95240020751953,162.50201416015625,nan,nan,20260728
2023-09-01,ChargerFull,TCN,148.77398681640625,102.1533203125,46.62066650390625,148.77398681640625,nan,nan,20260728
2023-09-02,ChargerFull,TCN,36.35599899291992,95.91340637207031,59.55740737915039,36.35599899291992,nan,nan,20260728
2023-09-03,ChargerFull,TCN,50.1609992980957,88.78792572021484,38.62692642211914,50.1609992980957,nan,nan,20260728
2023-09-04,ChargerFull,TCN,38.178001403808594,87.20600891113281,49.02800750732422,38.178001403808594,nan,nan,20260728
2023-09-05,ChargerFull,TCN,79.94700622558594,92.53398895263672,12.586982727050781,79.94700622558594,nan,nan,20260728
2023-09-06,ChargerFull,TCN,116.67500305175781,99.81218719482422,16.862815856933594,116.67500305175781,nan,nan,20260728
2023-09-07,ChargerFull,TCN,135.46900939941406,104.38629150390625,31.082717895507812,135.46900939941406,nan,nan,20260728
2023-09-08,ChargerFull,TCN,110.70100402832031,103.10137176513672,7.599632263183594,110.70100402832031,nan,nan,20260728
2023-09-09,ChargerFull,TCN,40.48600387573242,96.6630630493164,56.177059173583984,40.48600387573242,nan,nan,20260728
2023-09-10,ChargerFull,TCN,79.18399047851562,89.3474349975586,10.163444519042969,79.18399047851562,nan,nan,20260728
2023-09-11,ChargerFull,TCN,37.2609977722168,87.09234619140625,49.83134841918945,37.2609977722168,nan,nan,20260728
2023-09-12,ChargerFull,TCN,73.33300018310547,91.37318420410156,18.040184020996094,73.33300018310547,nan,nan,20260728
2023-09-13,ChargerFull,TCN,127.12799072265625,98.89085388183594,28.237136840820312,127.12799072265625,nan,nan,20260728
2023-09-14,ChargerFull,TCN,41.83300018310547,103.24371337890625,61.41071319580078,41.83300018310547,nan,nan,20260728
2023-09-15,ChargerFull,TCN,84.25599670410156,100.11235046386719,15.856353759765625,84.25599670410156,nan,nan,20260728
2023-09-16,ChargerFull,TCN,85.61199188232422,91.81365966796875,6.201667785644531,85.61199188232422,nan,nan,20260728
2023-09-17,ChargerFull,TCN,75.45500183105469,85.17151641845703,9.716514587402344,75.45500183105469,nan,nan,20260728
2023-09-18,ChargerFull,TCN,123.375,84.63165283203125,38.74334716796875,123.375,nan,nan,20260728
2023-09-19,ChargerFull,TCN,187.1219940185547,90.81553649902344,96.30645751953125,187.1219940185547,nan,nan,20260728
2023-09-20,ChargerFull,TCN,165.49400329589844,100.37077331542969,65.12322998046875,165.49400329589844,nan,nan,20260728
2023-09-21,ChargerFull,TCN,165.1409912109375,106.2418212890625,58.899169921875,165.1409912109375,nan,nan,20260728
2023-09-22,ChargerFull,TCN,112.8330078125,105.48245239257812,7.350555419921875,112.8330078125,nan,nan,20260728
2023-09-23,ChargerFull,TCN,105.82099914550781,98.71802520751953,7.102973937988281,105.82099914550781,nan,nan,20260728
2023-09-24,ChargerFull,TCN,76.98600006103516,91.8131332397461,14.827133178710938,76.98600006103516,nan,nan,20260728
2023-09-25,ChargerFull,TCN,109.43299865722656,90.38850402832031,19.04449462890625,109.43299865722656,nan,nan,20260728
2023-09-26,ChargerFull,TCN,140.0360107421875,96.40718078613281,43.62882995605469,140.0360107421875,nan,nan,20260728
2023-09-27,ChargerFull,TCN,157.02700805664062,105.53055572509766,51.49645233154297,157.02700805664062,nan,nan,20260728
2023-09-28,ChargerFull,TCN,130.1590118408203,111.59291076660156,18.56610107421875,130.1590118408203,nan,nan,20260728
2023-09-29,ChargerFull,TCN,71.05000305175781,110.20640563964844,39.156402587890625,71.05000305175781,nan,nan,20260728
2023-09-30,ChargerFull,TCN,132.11199951171875,103.05389404296875,29.05810546875,132.11199951171875,nan,nan,20260728
2023-07-01,ChargerFull,iTransformer,39.98400115966797,70.93533325195312,30.951332092285156,39.98400115966797,nan,nan,20260728
2023-07-02,ChargerFull,iTransformer,84.92100524902344,87.7484130859375,2.8274078369140625,84.92100524902344,nan,nan,20260728
2023-07-03,ChargerFull,iTransformer,121.43299865722656,117.43536376953125,3.9976348876953125,121.43299865722656,nan,nan,20260728
2023-07-04,ChargerFull,iTransformer,16.437999725341797,142.70254516601562,126.26454162597656,16.437999725341797,nan,nan,20260728
2023-07-05,ChargerFull,iTransformer,112.5530014038086,119.7945556640625,7.241554260253906,112.5530014038086,nan,nan,20260728
2023-07-06,ChargerFull,iTransformer,133.0570068359375,105.88487243652344,27.172134399414062,133.0570068359375,nan,nan,20260728
2023-07-07,ChargerFull,iTransformer,94.96900177001953,85.7209243774414,9.248077392578125,94.96900177001953,nan,nan,20260728
2023-07-08,ChargerFull,iTransformer,50.14600372314453,60.48419189453125,10.338188171386719,50.14600372314453,nan,nan,20260728
2023-07-09,ChargerFull,iTransformer,27.32699966430664,75.6044692993164,48.277469635009766,27.32699966430664,nan,nan,20260728
2023-07-10,ChargerFull,iTransformer,78.30599975585938,103.54894256591797,25.242942810058594,78.30599975585938,nan,nan,20260728
2023-07-11,ChargerFull,iTransformer,154.03500366210938,122.83903503417969,31.195968627929688,154.03500366210938,nan,nan,20260728
2023-07-12,ChargerFull,iTransformer,88.57099914550781,128.3977508544922,39.826751708984375,88.57099914550781,nan,nan,20260728
2023-07-13,ChargerFull,iTransformer,159.3000030517578,113.92999267578125,45.37001037597656,159.3000030517578,nan,nan,20260728
2023-07-14,ChargerFull,iTransformer,97.44499206542969,85.74861145019531,11.696380615234375,97.44499206542969,nan,nan,20260728
2023-07-15,ChargerFull,iTransformer,15.918999671936035,68.64778137207031,52.728782653808594,15.918999671936035,nan,nan,20260728
2023-07-16,ChargerFull,iTransformer,68.91900634765625,74.3606185913086,5.441612243652344,68.91900634765625,nan,nan,20260728
2023-07-17,ChargerFull,iTransformer,98.52300262451172,112.10694885253906,13.583946228027344,98.52300262451172,nan,nan,20260728
2023-07-18,ChargerFull,iTransformer,140.23199462890625,125.86083984375,14.37115478515625,140.23199462890625,nan,nan,20260728
2023-07-19,ChargerFull,iTransformer,90.96199798583984,129.24134826660156,38.27935028076172,90.96199798583984,nan,nan,20260728
2023-07-20,ChargerFull,iTransformer,129.85899353027344,113.85986328125,15.999130249023438,129.85899353027344,nan,nan,20260728
2023-07-21,ChargerFull,iTransformer,94.1760025024414,86.52787017822266,7.64813232421875,94.1760025024414,nan,nan,20260728
2023-07-22,ChargerFull,iTransformer,49.152000427246094,52.501869201660156,3.3498687744140625,49.152000427246094,nan,nan,20260728
2023-07-23,ChargerFull,iTransformer,29.33799934387207,78.87946319580078,49.541465759277344,29.33799934387207,nan,nan,20260728
2023-07-24,ChargerFull,iTransformer,140.76300048828125,100.78871154785156,39.97428894042969,140.76300048828125,nan,nan,20260728
2023-07-25,ChargerFull,iTransformer,69.97699737548828,130.01992797851562,60.042930603027344,69.97699737548828,nan,nan,20260728
2023-07-26,ChargerFull,iTransformer,99.8080062866211,117.64894104003906,17.84093475341797,99.8080062866211,nan,nan,20260728
2023-07-27,ChargerFull,iTransformer,73.04100036621094,108.81863403320312,35.77763366699219,73.04100036621094,nan,nan,20260728
2023-07-28,ChargerFull,iTransformer,63.87099838256836,74.15682983398438,10.285831451416016,63.87099838256836,nan,nan,20260728
2023-07-29,ChargerFull,iTransformer,59.3489990234375,50.530250549316406,8.818748474121094,59.3489990234375,nan,nan,20260728
2023-07-30,ChargerFull,iTransformer,68.73100280761719,65.48067474365234,3.2503280639648438,68.73100280761719,nan,nan,20260728
2023-07-31,ChargerFull,iTransformer,138.73300170898438,112.85881042480469,25.874191284179688,138.73300170898438,nan,nan,20260728
2023-08-01,ChargerFull,iTransformer,104.54399871826172,128.14752197265625,23.60352325439453,104.54399871826172,nan,nan,20260728
2023-08-02,ChargerFull,iTransformer,88.90299987792969,118.20927429199219,29.3062744140625,88.90299987792969,nan,nan,20260728
2023-08-03,ChargerFull,iTransformer,146.60800170898438,108.38648986816406,38.22151184082031,146.60800170898438,nan,nan,20260728
2023-08-04,ChargerFull,iTransformer,123.77099609375,84.4345932006836,39.336402893066406,123.77099609375,nan,nan,20260728
2023-08-05,ChargerFull,iTransformer,79.20600128173828,68.02867126464844,11.177330017089844,79.20600128173828,nan,nan,20260728
2023-08-06,ChargerFull,iTransformer,58.13300323486328,74.4910888671875,16.35808563232422,58.13300323486328,nan,nan,20260728
2023-08-07,ChargerFull,iTransformer,92.07901000976562,117.70526123046875,25.626251220703125,92.07901000976562,nan,nan,20260728
2023-08-08,ChargerFull,iTransformer,152.3249969482422,124.39627075195312,27.928726196289062,152.3249969482422,nan,nan,20260728
2023-08-09,ChargerFull,iTransformer,167.00201416015625,122.6853256225586,44.316688537597656,167.00201416015625,nan,nan,20260728
2023-08-10,ChargerFull,iTransformer,134.35000610351562,126.04068756103516,8.309318542480469,134.35000610351562,nan,nan,20260728
2023-08-11,ChargerFull,iTransformer,62.154998779296875,87.9074935913086,25.75249481201172,62.154998779296875,nan,nan,20260728
2023-08-12,ChargerFull,iTransformer,41.02900314331055,54.36729431152344,13.33829116821289,41.02900314331055,nan,nan,20260728
2023-08-13,ChargerFull,iTransformer,65.48699951171875,68.14138793945312,2.654388427734375,65.48699951171875,nan,nan,20260728
2023-08-14,ChargerFull,iTransformer,130.99200439453125,108.1468734741211,22.845130920410156,130.99200439453125,nan,nan,20260728
2023-08-15,ChargerFull,iTransformer,123.75299835205078,130.27932739257812,6.526329040527344,123.75299835205078,nan,nan,20260728
2023-08-16,ChargerFull,iTransformer,136.17799377441406,127.55088806152344,8.627105712890625,136.17799377441406,nan,nan,20260728
2023-08-17,ChargerFull,iTransformer,136.80101013183594,117.35235595703125,19.448654174804688,136.80101013183594,nan,nan,20260728
2023-08-18,ChargerFull,iTransformer,86.53099822998047,84.34231567382812,2.1886825561523438,86.53099822998047,nan,nan,20260728
2023-08-19,ChargerFull,iTransformer,88.4489974975586,60.37346649169922,28.075531005859375,88.4489974975586,nan,nan,20260728
2023-08-20,ChargerFull,iTransformer,0.0,72.70196533203125,72.70196533203125,0.0,nan,nan,20260728
2023-08-21,ChargerFull,iTransformer,66.0,96.04570770263672,30.04570770263672,66.0,nan,nan,20260728
2023-08-22,ChargerFull,iTransformer,85.68599700927734,110.21311950683594,24.527122497558594,85.68599700927734,nan,nan,20260728
2023-08-23,ChargerFull,iTransformer,97.12699890136719,111.86280822753906,14.735809326171875,97.12699890136719,nan,nan,20260728
2023-08-24,ChargerFull,iTransformer,140.77200317382812,98.85127258300781,41.92073059082031,140.77200317382812,nan,nan,20260728
2023-08-25,ChargerFull,iTransformer,84.27300262451172,72.87824249267578,11.394760131835938,84.27300262451172,nan,nan,20260728
2023-08-26,ChargerFull,iTransformer,96.99600219726562,50.78050231933594,46.21549987792969,96.99600219726562,nan,nan,20260728
2023-08-27,ChargerFull,iTransformer,71.43399810791016,64.06361389160156,7.370384216308594,71.43399810791016,nan,nan,20260728
2023-08-28,ChargerFull,iTransformer,156.41000366210938,100.30400085449219,56.10600280761719,156.41000366210938,nan,nan,20260728
2023-08-29,ChargerFull,iTransformer,126.37200164794922,126.92293548583984,0.550933837890625,126.37200164794922,nan,nan,20260728
2023-08-30,ChargerFull,iTransformer,83.01100158691406,124.22721862792969,41.216217041015625,83.01100158691406,nan,nan,20260728
2023-08-31,ChargerFull,iTransformer,162.50201416015625,110.58187103271484,51.920143127441406,162.50201416015625,nan,nan,20260728
2023-09-01,ChargerFull,iTransformer,148.77398681640625,88.41226959228516,60.361717224121094,148.77398681640625,nan,nan,20260728
2023-09-02,ChargerFull,iTransformer,36.35599899291992,72.02374267578125,35.66774368286133,36.35599899291992,nan,nan,20260728
2023-09-03,ChargerFull,iTransformer,50.1609992980957,68.80729675292969,18.646297454833984,50.1609992980957,nan,nan,20260728
2023-09-04,ChargerFull,iTransformer,38.178001403808594,100.35741424560547,62.179412841796875,38.178001403808594,nan,nan,20260728
2023-09-05,ChargerFull,iTransformer,79.94700622558594,113.77783203125,33.83082580566406,79.94700622558594,nan,nan,20260728
2023-09-06,ChargerFull,iTransformer,116.67500305175781,98.90337371826172,17.771629333496094,116.67500305175781,nan,nan,20260728
2023-09-07,ChargerFull,iTransformer,135.46900939941406,105.3428726196289,30.126136779785156,135.46900939941406,nan,nan,20260728
2023-09-08,ChargerFull,iTransformer,110.70100402832031,77.2201919555664,33.480812072753906,110.70100402832031,nan,nan,20260728
2023-09-09,ChargerFull,iTransformer,40.48600387573242,54.023475646972656,13.537471771240234,40.48600387573242,nan,nan,20260728
2023-09-10,ChargerFull,iTransformer,79.18399047851562,70.01048278808594,9.173507690429688,79.18399047851562,nan,nan,20260728
2023-09-11,ChargerFull,iTransformer,37.2609977722168,99.82780456542969,62.56680679321289,37.2609977722168,nan,nan,20260728
2023-09-12,ChargerFull,iTransformer,73.33300018310547,101.32457733154297,27.9915771484375,73.33300018310547,nan,nan,20260728
2023-09-13,ChargerFull,iTransformer,127.12799072265625,96.69093322753906,30.437057495117188,127.12799072265625,nan,nan,20260728
2023-09-14,ChargerFull,iTransformer,41.83300018310547,94.8006362915039,52.96763610839844,41.83300018310547,nan,nan,20260728
2023-09-15,ChargerFull,iTransformer,84.25599670410156,56.0086555480957,28.24734115600586,84.25599670410156,nan,nan,20260728
2023-09-16,ChargerFull,iTransformer,85.61199188232422,35.04270553588867,50.56928634643555,85.61199188232422,nan,nan,20260728
2023-09-17,ChargerFull,iTransformer,75.45500183105469,54.14209747314453,21.312904357910156,75.45500183105469,nan,nan,20260728
2023-09-18,ChargerFull,iTransformer,123.375,82.95028686523438,40.424713134765625,123.375,nan,nan,20260728
2023-09-19,ChargerFull,iTransformer,187.1219940185547,113.86091613769531,73.26107788085938,187.1219940185547,nan,nan,20260728
2023-09-20,ChargerFull,iTransformer,165.49400329589844,129.57859802246094,35.9154052734375,165.49400329589844,nan,nan,20260728
2023-09-21,ChargerFull,iTransformer,165.1409912109375,105.90855407714844,59.23243713378906,165.1409912109375,nan,nan,20260728
2023-09-22,ChargerFull,iTransformer,112.8330078125,88.95439910888672,23.87860870361328,112.8330078125,nan,nan,20260728
2023-09-23,ChargerFull,iTransformer,105.82099914550781,70.30548095703125,35.51551818847656,105.82099914550781,nan,nan,20260728
2023-09-24,ChargerFull,iTransformer,76.98600006103516,83.17503356933594,6.189033508300781,76.98600006103516,nan,nan,20260728
2023-09-25,ChargerFull,iTransformer,109.43299865722656,114.56106567382812,5.1280670166015625,109.43299865722656,nan,nan,20260728
2023-09-26,ChargerFull,iTransformer,140.0360107421875,138.55140686035156,1.4846038818359375,140.0360107421875,nan,nan,20260728
2023-09-27,ChargerFull,iTransformer,157.02700805664062,131.0220184326172,26.004989624023438,157.02700805664062,nan,nan,20260728
2023-09-28,ChargerFull,iTransformer,130.1590118408203,112.13914489746094,18.019866943359375,130.1590118408203,nan,nan,20260728
2023-09-29,ChargerFull,iTransformer,71.05000305175781,76.72942352294922,5.679420471191406,71.05000305175781,nan,nan,20260728
2023-09-30,ChargerFull,iTransformer,132.11199951171875,66.55477905273438,65.55722045898438,132.11199951171875,nan,nan,20260728
2023-07-01,ChargerFull,GraphGNN,39.98400115966797,68.31648254394531,28.332481384277344,39.98400115966797,nan,nan,20260728
2023-07-02,ChargerFull,GraphGNN,84.92100524902344,74.76002502441406,10.160980224609375,84.92100524902344,nan,nan,20260728
2023-07-03,ChargerFull,GraphGNN,121.43299865722656,99.93975067138672,21.493247985839844,121.43299865722656,nan,nan,20260728
2023-07-04,ChargerFull,GraphGNN,16.437999725341797,117.51741027832031,101.07940673828125,16.437999725341797,nan,nan,20260728
2023-07-05,ChargerFull,GraphGNN,112.5530014038086,100.2932357788086,12.259765625,112.5530014038086,nan,nan,20260728
2023-07-06,ChargerFull,GraphGNN,133.0570068359375,84.18732452392578,48.86968231201172,133.0570068359375,nan,nan,20260728
2023-07-07,ChargerFull,GraphGNN,94.96900177001953,73.38972473144531,21.57927703857422,94.96900177001953,nan,nan,20260728
2023-07-08,ChargerFull,GraphGNN,50.14600372314453,58.55607986450195,8.410076141357422,50.14600372314453,nan,nan,20260728
2023-07-09,ChargerFull,GraphGNN,27.32699966430664,64.79701232910156,37.47001266479492,27.32699966430664,nan,nan,20260728
2023-07-10,ChargerFull,GraphGNN,78.30599975585938,88.34439849853516,10.038398742675781,78.30599975585938,nan,nan,20260728
2023-07-11,ChargerFull,GraphGNN,154.03500366210938,99.60243225097656,54.43257141113281,154.03500366210938,nan,nan,20260728
2023-07-12,ChargerFull,GraphGNN,88.57099914550781,105.4192123413086,16.84821319580078,88.57099914550781,nan,nan,20260728
2023-07-13,ChargerFull,GraphGNN,159.3000030517578,86.02220153808594,73.27780151367188,159.3000030517578,nan,nan,20260728
2023-07-14,ChargerFull,GraphGNN,97.44499206542969,78.3042221069336,19.140769958496094,97.44499206542969,nan,nan,20260728
2023-07-15,ChargerFull,GraphGNN,15.918999671936035,66.18051147460938,50.261512756347656,15.918999671936035,nan,nan,20260728
2023-07-16,ChargerFull,GraphGNN,68.91900634765625,67.44273376464844,1.4762725830078125,68.91900634765625,nan,nan,20260728
2023-07-17,ChargerFull,GraphGNN,98.52300262451172,90.30171203613281,8.221290588378906,98.52300262451172,nan,nan,20260728
2023-07-18,ChargerFull,GraphGNN,140.23199462890625,103.33033752441406,36.90165710449219,140.23199462890625,nan,nan,20260728
2023-07-19,ChargerFull,GraphGNN,90.96199798583984,109.0762939453125,18.114295959472656,90.96199798583984,nan,nan,20260728
2023-07-20,ChargerFull,GraphGNN,129.85899353027344,90.73019409179688,39.12879943847656,129.85899353027344,nan,nan,20260728
2023-07-21,ChargerFull,GraphGNN,94.1760025024414,73.21651458740234,20.959487915039062,94.1760025024414,nan,nan,20260728
2023-07-22,ChargerFull,GraphGNN,49.152000427246094,61.53185272216797,12.379852294921875,49.152000427246094,nan,nan,20260728
2023-07-23,ChargerFull,GraphGNN,29.33799934387207,67.07223510742188,37.73423767089844,29.33799934387207,nan,nan,20260728
2023-07-24,ChargerFull,GraphGNN,140.76300048828125,89.55006408691406,51.21293640136719,140.76300048828125,nan,nan,20260728
2023-07-25,ChargerFull,GraphGNN,69.97699737548828,111.18612670898438,41.209129333496094,69.97699737548828,nan,nan,20260728
2023-07-26,ChargerFull,GraphGNN,99.8080062866211,104.97975158691406,5.171745300292969,99.8080062866211,nan,nan,20260728
2023-07-27,ChargerFull,GraphGNN,73.04100036621094,91.56507873535156,18.524078369140625,73.04100036621094,nan,nan,20260728
2023-07-28,ChargerFull,GraphGNN,63.87099838256836,69.66571044921875,5.794712066650391,63.87099838256836,nan,nan,20260728
2023-07-29,ChargerFull,GraphGNN,59.3489990234375,52.022430419921875,7.326568603515625,59.3489990234375,nan,nan,20260728
2023-07-30,ChargerFull,GraphGNN,68.73100280761719,60.872642517089844,7.858360290527344,68.73100280761719,nan,nan,20260728
2023-07-31,ChargerFull,GraphGNN,138.73300170898438,85.76025390625,52.972747802734375,138.73300170898438,nan,nan,20260728
2023-08-01,ChargerFull,GraphGNN,104.54399871826172,106.26303100585938,1.7190322875976562,104.54399871826172,nan,nan,20260728
2023-08-02,ChargerFull,GraphGNN,88.90299987792969,107.53469848632812,18.631698608398438,88.90299987792969,nan,nan,20260728
2023-08-03,ChargerFull,GraphGNN,146.60800170898438,95.14476013183594,51.46324157714844,146.60800170898438,nan,nan,20260728
2023-08-04,ChargerFull,GraphGNN,123.77099609375,83.3769302368164,40.394065856933594,123.77099609375,nan,nan,20260728
2023-08-05,ChargerFull,GraphGNN,79.20600128173828,71.387939453125,7.818061828613281,79.20600128173828,nan,nan,20260728
2023-08-06,ChargerFull,GraphGNN,58.13300323486328,76.50064086914062,18.367637634277344,58.13300323486328,nan,nan,20260728
2023-08-07,ChargerFull,GraphGNN,92.07901000976562,100.72489929199219,8.645889282226562,92.07901000976562,nan,nan,20260728
2023-08-08,ChargerFull,GraphGNN,152.3249969482422,110.10761260986328,42.217384338378906,152.3249969482422,nan,nan,20260728
2023-08-09,ChargerFull,GraphGNN,167.00201416015625,111.22846984863281,55.77354431152344,167.00201416015625,nan,nan,20260728
2023-08-10,ChargerFull,GraphGNN,134.35000610351562,104.70144653320312,29.6485595703125,134.35000610351562,nan,nan,20260728
2023-08-11,ChargerFull,GraphGNN,62.154998779296875,84.88565826416016,22.73065948486328,62.154998779296875,nan,nan,20260728
2023-08-12,ChargerFull,GraphGNN,41.02900314331055,58.12026596069336,17.091262817382812,41.02900314331055,nan,nan,20260728
2023-08-13,ChargerFull,GraphGNN,65.48699951171875,63.323604583740234,2.1633949279785156,65.48699951171875,nan,nan,20260728
2023-08-14,ChargerFull,GraphGNN,130.99200439453125,94.85626983642578,36.13573455810547,130.99200439453125,nan,nan,20260728
2023-08-15,ChargerFull,GraphGNN,123.75299835205078,108.52473449707031,15.228263854980469,123.75299835205078,nan,nan,20260728
2023-08-16,ChargerFull,GraphGNN,136.17799377441406,106.62000274658203,29.55799102783203,136.17799377441406,nan,nan,20260728
2023-08-17,ChargerFull,GraphGNN,136.80101013183594,98.12362670898438,38.67738342285156,136.80101013183594,nan,nan,20260728
2023-08-18,ChargerFull,GraphGNN,86.53099822998047,82.48556518554688,4.045433044433594,86.53099822998047,nan,nan,20260728
2023-08-19,ChargerFull,GraphGNN,88.4489974975586,70.52095794677734,17.92803955078125,88.4489974975586,nan,nan,20260728
2023-08-20,ChargerFull,GraphGNN,0.0,75.20995330810547,75.20995330810547,0.0,nan,nan,20260728
2023-08-21,ChargerFull,GraphGNN,66.0,86.763427734375,20.763427734375,66.0,nan,nan,20260728
2023-08-22,ChargerFull,GraphGNN,85.68599700927734,94.927734375,9.241737365722656,85.68599700927734,nan,nan,20260728
2023-08-23,ChargerFull,GraphGNN,97.12699890136719,89.87876892089844,7.24822998046875,97.12699890136719,nan,nan,20260728
2023-08-24,ChargerFull,GraphGNN,140.77200317382812,81.95716094970703,58.814842224121094,140.77200317382812,nan,nan,20260728
2023-08-25,ChargerFull,GraphGNN,84.27300262451172,70.6610107421875,13.611991882324219,84.27300262451172,nan,nan,20260728
2023-08-26,ChargerFull,GraphGNN,96.99600219726562,56.68386459350586,40.312137603759766,96.99600219726562,nan,nan,20260728
2023-08-27,ChargerFull,GraphGNN,71.43399810791016,72.76481628417969,1.3308181762695312,71.43399810791016,nan,nan,20260728
2023-08-28,ChargerFull,GraphGNN,156.41000366210938,96.76947784423828,59.640525817871094,156.41000366210938,nan,nan,20260728
2023-08-29,ChargerFull,GraphGNN,126.37200164794922,112.40283203125,13.969169616699219,126.37200164794922,nan,nan,20260728
2023-08-30,ChargerFull,GraphGNN,83.01100158691406,113.33058166503906,30.319580078125,83.01100158691406,nan,nan,20260728
2023-08-31,ChargerFull,GraphGNN,162.50201416015625,97.47114562988281,65.03086853027344,162.50201416015625,nan,nan,20260728
2023-09-01,ChargerFull,GraphGNN,148.77398681640625,90.15985107421875,58.6141357421875,148.77398681640625,nan,nan,20260728
2023-09-02,ChargerFull,GraphGNN,36.35599899291992,79.35853576660156,43.00253677368164,36.35599899291992,nan,nan,20260728
2023-09-03,ChargerFull,GraphGNN,50.1609992980957,76.19671630859375,26.035717010498047,50.1609992980957,nan,nan,20260728
2023-09-04,ChargerFull,GraphGNN,38.178001403808594,98.79786682128906,60.61986541748047,38.178001403808594,nan,nan,20260728
2023-09-05,ChargerFull,GraphGNN,79.94700622558594,102.47724151611328,22.530235290527344,79.94700622558594,nan,nan,20260728
2023-09-06,ChargerFull,GraphGNN,116.67500305175781,94.10087585449219,22.574127197265625,116.67500305175781,nan,nan,20260728
2023-09-07,ChargerFull,GraphGNN,135.46900939941406,90.11778259277344,45.351226806640625,135.46900939941406,nan,nan,20260728
2023-09-08,ChargerFull,GraphGNN,110.70100402832031,79.19815063476562,31.502853393554688,110.70100402832031,nan,nan,20260728
2023-09-09,ChargerFull,GraphGNN,40.48600387573242,64.96839904785156,24.48239517211914,40.48600387573242,nan,nan,20260728
2023-09-10,ChargerFull,GraphGNN,79.18399047851562,68.02428436279297,11.159706115722656,79.18399047851562,nan,nan,20260728
2023-09-11,ChargerFull,GraphGNN,37.2609977722168,85.02544403076172,47.76444625854492,37.2609977722168,nan,nan,20260728
2023-09-12,ChargerFull,GraphGNN,73.33300018310547,92.40807342529297,19.0750732421875,73.33300018310547,nan,nan,20260728
2023-09-13,ChargerFull,GraphGNN,127.12799072265625,95.08370971679688,32.044281005859375,127.12799072265625,nan,nan,20260728
2023-09-14,ChargerFull,GraphGNN,41.83300018310547,91.13459014892578,49.30158996582031,41.83300018310547,nan,nan,20260728
2023-09-15,ChargerFull,GraphGNN,84.25599670410156,67.37274932861328,16.88324737548828,84.25599670410156,nan,nan,20260728
2023-09-16,ChargerFull,GraphGNN,85.61199188232422,50.40107727050781,35.210914611816406,85.61199188232422,nan,nan,20260728
2023-09-17,ChargerFull,GraphGNN,75.45500183105469,59.05147933959961,16.403522491455078,75.45500183105469,nan,nan,20260728
2023-09-18,ChargerFull,GraphGNN,123.375,83.8028564453125,39.5721435546875,123.375,nan,nan,20260728
2023-09-19,ChargerFull,GraphGNN,187.1219940185547,103.21117401123047,83.91082000732422,187.1219940185547,nan,nan,20260728
2023-09-20,ChargerFull,GraphGNN,165.49400329589844,117.18566131591797,48.30834197998047,165.49400329589844,nan,nan,20260728
2023-09-21,ChargerFull,GraphGNN,165.1409912109375,117.45172119140625,47.68927001953125,165.1409912109375,nan,nan,20260728
2023-09-22,ChargerFull,GraphGNN,112.8330078125,106.76858520507812,6.064422607421875,112.8330078125,nan,nan,20260728
2023-09-23,ChargerFull,GraphGNN,105.82099914550781,92.7736587524414,13.047340393066406,105.82099914550781,nan,nan,20260728
2023-09-24,ChargerFull,GraphGNN,76.98600006103516,92.71658325195312,15.730583190917969,76.98600006103516,nan,nan,20260728
2023-09-25,ChargerFull,GraphGNN,109.43299865722656,109.005859375,0.4271392822265625,109.43299865722656,nan,nan,20260728
2023-09-26,ChargerFull,GraphGNN,140.0360107421875,123.31169128417969,16.724319458007812,140.0360107421875,nan,nan,20260728
2023-09-27,ChargerFull,GraphGNN,157.02700805664062,126.09054565429688,30.93646240234375,157.02700805664062,nan,nan,20260728
2023-09-28,ChargerFull,GraphGNN,130.1590118408203,131.36422729492188,1.2052154541015625,130.1590118408203,nan,nan,20260728
2023-09-29,ChargerFull,GraphGNN,71.05000305175781,116.41647338867188,45.36647033691406,71.05000305175781,nan,nan,20260728
2023-09-30,ChargerFull,GraphGNN,132.11199951171875,91.25019836425781,40.86180114746094,132.11199951171875,nan,nan,20260728
