date,task,model,actual_scope_energy_kwh,predicted_scope_energy_kwh,absolute_scope_error_kwh,full_actual_energy_kwh,unmodelled_energy_kwh,no_substitution_operational_error_kwh,seed
2023-07-01,EV,SeasonalNaive,8.269000053405762,0.0,8.269000053405762,39.98400115966797,31.715001106262207,39.98400115966797,20260726
2023-07-02,EV,SeasonalNaive,25.868000030517578,8.017000198364258,17.85099983215332,84.92100524902344,59.05300521850586,76.90400505065918,20260726
2023-07-03,EV,SeasonalNaive,41.68299865722656,5.919000148773193,35.763999938964844,121.43299865722656,79.75,115.51399993896484,20260726
2023-07-04,EV,SeasonalNaive,0.0,32.20100021362305,32.20100021362305,16.437999725341797,16.437999725341797,48.638999938964844,20260726
2023-07-05,EV,SeasonalNaive,46.48400115966797,5.961999893188477,40.522003173828125,112.5530014038086,66.06900024414062,106.59100341796875,20260726
2023-07-06,EV,SeasonalNaive,16.927000045776367,3.371999979019165,13.555000305175781,133.0570068359375,116.13000679016113,129.6850070953369,20260726
2023-07-07,EV,SeasonalNaive,28.83300018310547,66.76300048828125,37.93000030517578,94.96900177001953,66.13600158691406,104.06600189208984,20260726
2023-07-08,EV,SeasonalNaive,11.701000213623047,8.269000053405762,3.432000160217285,50.14600372314453,38.445003509521484,41.87700366973877,20260726
2023-07-09,EV,SeasonalNaive,0.0,25.868000030517578,25.868000030517578,27.32699966430664,27.32699966430664,53.19499969482422,20260726
2023-07-10,EV,SeasonalNaive,39.33000183105469,41.68299865722656,2.352996826171875,78.30599975585938,38.97599792480469,41.32899475097656,20260726
2023-07-11,EV,SeasonalNaive,47.58799743652344,0.0,47.58799743652344,154.03500366210938,106.44700622558594,154.03500366210938,20260726
2023-07-12,EV,SeasonalNaive,13.889999389648438,46.48400115966797,32.59400177001953,88.57099914550781,74.68099975585938,107.2750015258789,20260726
2023-07-13,EV,SeasonalNaive,45.459999084472656,16.927000045776367,28.53299903869629,159.3000030517578,113.84000396728516,142.37300300598145,20260726
2023-07-14,EV,SeasonalNaive,41.76300048828125,28.83300018310547,12.930000305175781,97.44499206542969,55.68199157714844,68.61199188232422,20260726
2023-07-15,EV,SeasonalNaive,0.0,11.701000213623047,11.701000213623047,15.918999671936035,15.918999671936035,27.619999885559082,20260726
2023-07-16,EV,SeasonalNaive,0.0,0.0,0.0,68.91900634765625,68.91900634765625,68.91900634765625,20260726
2023-07-17,EV,SeasonalNaive,32.79600143432617,39.33000183105469,6.534000396728516,98.52300262451172,65.72700119018555,72.26100158691406,20260726
2023-07-18,EV,SeasonalNaive,68.76300048828125,47.58799743652344,21.175003051757812,140.23199462890625,71.468994140625,92.64399719238281,20260726
2023-07-19,EV,SeasonalNaive,40.73999786376953,13.889999389648438,26.849998474121094,90.96199798583984,50.22200012207031,77.0719985961914,20260726
2023-07-20,EV,SeasonalNaive,17.759000778198242,45.459999084472656,27.700998306274414,129.85899353027344,112.0999927520752,139.8009910583496,20260726
2023-07-21,EV,SeasonalNaive,7.895999908447266,41.76300048828125,33.867000579833984,94.1760025024414,86.28000259399414,120.14700317382812,20260726
2023-07-22,EV,SeasonalNaive,11.82699966430664,0.0,11.82699966430664,49.152000427246094,37.32500076293945,49.152000427246094,20260726
2023-07-23,EV,SeasonalNaive,11.973999977111816,0.0,11.973999977111816,29.33799934387207,17.363999366760254,29.33799934387207,20260726
2023-07-24,EV,SeasonalNaive,61.29399871826172,32.79600143432617,28.497997283935547,140.76300048828125,79.46900177001953,107.96699905395508,20260726
2023-07-25,EV,SeasonalNaive,39.10099792480469,68.76300048828125,29.662002563476562,69.97699737548828,30.875999450683594,60.538002014160156,20260726
2023-07-26,EV,SeasonalNaive,33.7140007019043,40.73999786376953,7.025997161865234,99.8080062866211,66.0940055847168,73.12000274658203,20260726
2023-07-27,EV,SeasonalNaive,13.871999740600586,17.759000778198242,3.8870010375976562,73.04100036621094,59.16900062561035,63.05600166320801,20260726
2023-07-28,EV,SeasonalNaive,0.0,7.895999908447266,7.895999908447266,63.87099838256836,63.87099838256836,71.76699829101562,20260726
2023-07-29,EV,SeasonalNaive,1.225000023841858,11.82699966430664,10.601999282836914,59.3489990234375,58.12399899959564,68.72599828243256,20260726
2023-07-30,EV,SeasonalNaive,17.972999572753906,11.973999977111816,5.99899959564209,68.73100280761719,50.75800323486328,56.75700283050537,20260726
2023-07-31,EV,SeasonalNaive,49.08700180053711,61.29399871826172,12.20699691772461,138.73300170898438,89.64599990844727,101.85299682617188,20260726
2023-08-01,EV,SeasonalNaive,48.61899948120117,39.10099792480469,9.518001556396484,104.54399871826172,55.92499923706055,65.44300079345703,20260726
2023-08-02,EV,SeasonalNaive,30.68899917602539,33.7140007019043,3.0250015258789062,88.90299987792969,58.2140007019043,61.2390022277832,20260726
2023-08-03,EV,SeasonalNaive,76.95100402832031,13.871999740600586,63.079002380371094,146.60800170898438,69.65699768066406,132.73600006103516,20260726
2023-08-04,EV,SeasonalNaive,22.779998779296875,0.0,22.779998779296875,123.77099609375,100.99099731445312,123.77099609375,20260726
2023-08-05,EV,SeasonalNaive,47.73899841308594,1.225000023841858,46.513999938964844,79.20600128173828,31.467002868652344,77.98100280761719,20260726
2023-08-06,EV,SeasonalNaive,10.121999740600586,17.972999572753906,7.85099983215332,58.13300323486328,48.011003494262695,55.862003326416016,20260726
2023-08-07,EV,SeasonalNaive,27.21200180053711,49.08700180053711,21.875,92.07901000976562,64.86700820922852,86.74200820922852,20260726
2023-08-08,EV,SeasonalNaive,57.641998291015625,48.61899948120117,9.022998809814453,152.3249969482422,94.68299865722656,103.70599746704102,20260726
2023-08-09,EV,SeasonalNaive,18.696001052856445,30.68899917602539,11.992998123168945,167.00201416015625,148.3060131072998,160.29901123046875,20260726
2023-08-10,EV,SeasonalNaive,53.77100372314453,76.95100402832031,23.18000030517578,134.35000610351562,80.5790023803711,103.75900268554688,20260726
2023-08-11,EV,SeasonalNaive,5.497000217437744,22.779998779296875,17.28299903869629,62.154998779296875,56.65799856185913,73.94099760055542,20260726
2023-08-12,EV,SeasonalNaive,9.717000007629395,47.73899841308594,38.02199935913086,41.02900314331055,31.312003135681152,69.33400249481201,20260726
2023-08-13,EV,SeasonalNaive,27.4010009765625,10.121999740600586,17.279001235961914,65.48699951171875,38.08599853515625,55.364999771118164,20260726
2023-08-14,EV,SeasonalNaive,41.26499557495117,27.21200180053711,14.052993774414062,130.99200439453125,89.72700881958008,103.78000259399414,20260726
2023-08-15,EV,SeasonalNaive,57.397003173828125,57.641998291015625,0.2449951171875,123.75299835205078,66.35599517822266,66.60099029541016,20260726
2023-08-16,EV,SeasonalNaive,94.55499267578125,18.696001052856445,75.85899353027344,136.17799377441406,41.62300109863281,117.48199462890625,20260726
2023-08-17,EV,SeasonalNaive,62.777000427246094,53.77100372314453,9.005996704101562,136.80101013183594,74.02400970458984,83.0300064086914,20260726
2023-08-18,EV,SeasonalNaive,11.901000022888184,5.497000217437744,6.4039998054504395,86.53099822998047,74.62999820709229,81.03399801254272,20260726
2023-08-19,EV,SeasonalNaive,33.058998107910156,9.717000007629395,23.341999053955078,88.4489974975586,55.38999938964844,78.73199844360352,20260726
2023-08-20,EV,SeasonalNaive,0.0,27.4010009765625,27.4010009765625,0.0,0.0,27.4010009765625,20260726
2023-08-21,EV,SeasonalNaive,17.55500030517578,41.26499557495117,23.70999526977539,66.0,48.44499969482422,72.15499496459961,20260726
2023-08-22,EV,SeasonalNaive,3.1579999923706055,57.397003173828125,54.2390022277832,85.68599700927734,82.52799701690674,136.76699924468994,20260726
2023-08-23,EV,SeasonalNaive,26.45600128173828,94.55499267578125,68.09899139404297,97.12699890136719,70.6709976196289,138.76998901367188,20260726
2023-08-24,EV,SeasonalNaive,46.244998931884766,62.777000427246094,16.532001495361328,140.77200317382812,94.52700424194336,111.05900573730469,20260726
2023-08-25,EV,SeasonalNaive,50.641998291015625,11.901000022888184,38.740997314453125,84.27300262451172,33.631004333496094,72.37200164794922,20260726
2023-08-26,EV,SeasonalNaive,10.074000358581543,33.058998107910156,22.984996795654297,96.99600219726562,86.92200183868408,109.90699863433838,20260726
2023-08-27,EV,SeasonalNaive,44.54800033569336,0.0,44.54800033569336,71.43399810791016,26.885997772216797,71.43399810791016,20260726
2023-08-28,EV,SeasonalNaive,105.98500061035156,17.55500030517578,88.43000030517578,156.41000366210938,50.42500305175781,138.8550033569336,20260726
2023-08-29,EV,SeasonalNaive,22.319000244140625,3.1579999923706055,19.160999298095703,126.37200164794922,104.0530014038086,123.2140007019043,20260726
2023-08-30,EV,SeasonalNaive,25.583999633789062,26.45600128173828,0.8720016479492188,83.01100158691406,57.427001953125,58.29900360107422,20260726
2023-08-31,EV,SeasonalNaive,30.01799964904785,46.244998931884766,16.226999282836914,162.50201416015625,132.4840145111084,148.7110137939453,20260726
2023-09-01,EV,SeasonalNaive,25.600000381469727,50.641998291015625,25.0419979095459,148.77398681640625,123.17398643493652,148.21598434448242,20260726
2023-09-02,EV,SeasonalNaive,0.0,10.074000358581543,10.074000358581543,36.35599899291992,36.35599899291992,46.429999351501465,20260726
2023-09-03,EV,SeasonalNaive,5.257999897003174,44.54800033569336,39.290000915527344,50.1609992980957,44.90299940109253,84.19300031661987,20260726
2023-09-04,EV,SeasonalNaive,5.604000091552734,105.98500061035156,100.38099670410156,38.178001403808594,32.57400131225586,132.95499801635742,20260726
2023-09-05,EV,SeasonalNaive,34.91699981689453,22.319000244140625,12.597999572753906,79.94700622558594,45.030006408691406,57.62800598144531,20260726
2023-09-06,EV,SeasonalNaive,45.624996185302734,25.583999633789062,20.040996551513672,116.67500305175781,71.05000686645508,91.09100341796875,20260726
2023-09-07,EV,SeasonalNaive,52.51499938964844,30.01799964904785,22.496999740600586,135.46900939941406,82.95401000976562,105.45100975036621,20260726
2023-09-08,EV,SeasonalNaive,6.215000152587891,25.600000381469727,19.385000228881836,110.70100402832031,104.48600387573242,123.87100410461426,20260726
2023-09-09,EV,SeasonalNaive,14.732999801635742,0.0,14.732999801635742,40.48600387573242,25.75300407409668,40.48600387573242,20260726
2023-09-10,EV,SeasonalNaive,8.602999687194824,5.257999897003174,3.3449997901916504,79.18399047851562,70.5809907913208,73.92599058151245,20260726
2023-09-11,EV,SeasonalNaive,33.66699981689453,5.604000091552734,28.062999725341797,37.2609977722168,3.5939979553222656,31.656997680664062,20260726
2023-09-12,EV,SeasonalNaive,27.99199867248535,34.91699981689453,6.92500114440918,73.33300018310547,45.34100151062012,52.2660026550293,20260726
2023-09-13,EV,SeasonalNaive,12.177999496459961,45.624996185302734,33.446998596191406,127.12799072265625,114.94999122619629,148.3969898223877,20260726
2023-09-14,EV,SeasonalNaive,2.309999942779541,52.51499938964844,50.20499801635742,41.83300018310547,39.52300024032593,89.72799825668335,20260726
2023-09-15,EV,SeasonalNaive,5.942999839782715,6.215000152587891,0.2720003128051758,84.25599670410156,78.31299686431885,78.58499717712402,20260726
2023-09-16,EV,SeasonalNaive,0.0,14.732999801635742,14.732999801635742,85.61199188232422,85.61199188232422,100.34499168395996,20260726
2023-09-17,EV,SeasonalNaive,43.06300354003906,8.602999687194824,34.46000289916992,75.45500183105469,32.391998291015625,66.85200119018555,20260726
2023-09-18,EV,SeasonalNaive,17.8439998626709,33.66699981689453,15.822999954223633,123.375,105.5310001373291,121.35400009155273,20260726
2023-09-19,EV,SeasonalNaive,39.57099914550781,27.99199867248535,11.579000473022461,187.1219940185547,147.55099487304688,159.12999534606934,20260726
2023-09-20,EV,SeasonalNaive,34.91600036621094,12.177999496459961,22.738000869750977,165.49400329589844,130.5780029296875,153.31600379943848,20260726
2023-09-21,EV,SeasonalNaive,32.018001556396484,2.309999942779541,29.7080020904541,165.1409912109375,133.12298965454102,162.83099174499512,20260726
2023-09-22,EV,SeasonalNaive,24.124000549316406,5.942999839782715,18.180999755859375,112.8330078125,88.7090072631836,106.89000701904297,20260726
2023-09-23,EV,SeasonalNaive,0.0,0.0,0.0,105.82099914550781,105.82099914550781,105.82099914550781,20260726
2023-09-24,EV,SeasonalNaive,32.084999084472656,43.06300354003906,10.978004455566406,76.98600006103516,44.9010009765625,55.879005432128906,20260726
2023-09-25,EV,SeasonalNaive,38.21699905395508,17.8439998626709,20.37299919128418,109.43299865722656,71.21599960327148,91.58899879455566,20260726
2023-09-26,EV,SeasonalNaive,35.124000549316406,39.57099914550781,4.446998596191406,140.0360107421875,104.9120101928711,109.3590087890625,20260726
2023-09-27,EV,SeasonalNaive,95.2760009765625,34.91600036621094,60.36000061035156,157.02700805664062,61.751007080078125,122.11100769042969,20260726
2023-09-28,EV,SeasonalNaive,24.446998596191406,32.018001556396484,7.571002960205078,130.1590118408203,105.7120132446289,113.28301620483398,20260726
2023-09-29,EV,SeasonalNaive,12.67300033569336,24.124000549316406,11.451000213623047,71.05000305175781,58.37700271606445,69.8280029296875,20260726
2023-09-30,EV,SeasonalNaive,47.4640007019043,0.0,47.4640007019043,132.11199951171875,84.64799880981445,132.11199951171875,20260726
2023-07-01,EV,Ridge,8.269000053405762,68.74259948730469,60.47359848022461,39.98400115966797,31.715001106262207,92.18859958648682,20260726
2023-07-02,EV,Ridge,25.868000030517578,78.42230987548828,52.5543098449707,84.92100524902344,59.05300521850586,111.60731506347656,20260726
2023-07-03,EV,Ridge,41.68299865722656,119.42555236816406,77.7425537109375,121.43299865722656,79.75,157.4925537109375,20260726
2023-07-04,EV,Ridge,0.0,168.8148956298828,168.8148956298828,16.437999725341797,16.437999725341797,185.2528953552246,20260726
2023-07-05,EV,Ridge,46.48400115966797,174.24752807617188,127.7635269165039,112.5530014038086,66.06900024414062,193.83252716064453,20260726
2023-07-06,EV,Ridge,16.927000045776367,138.95819091796875,122.03118896484375,133.0570068359375,116.13000679016113,238.16119575500488,20260726
2023-07-07,EV,Ridge,28.83300018310547,99.1737060546875,70.34070587158203,94.96900177001953,66.13600158691406,136.4767074584961,20260726
2023-07-08,EV,Ridge,11.701000213623047,64.02281951904297,52.32181930541992,50.14600372314453,38.445003509521484,90.7668228149414,20260726
2023-07-09,EV,Ridge,0.0,75.51481628417969,75.51481628417969,27.32699966430664,27.32699966430664,102.84181594848633,20260726
2023-07-10,EV,Ridge,39.33000183105469,113.14710998535156,73.81710815429688,78.30599975585938,38.97599792480469,112.79310607910156,20260726
2023-07-11,EV,Ridge,47.58799743652344,152.61622619628906,105.02822875976562,154.03500366210938,106.44700622558594,211.47523498535156,20260726
2023-07-12,EV,Ridge,13.889999389648438,170.5873260498047,156.69732666015625,88.57099914550781,74.68099975585938,231.37832641601562,20260726
2023-07-13,EV,Ridge,45.459999084472656,134.91848754882812,89.45848846435547,159.3000030517578,113.84000396728516,203.29849243164062,20260726
2023-07-14,EV,Ridge,41.76300048828125,90.42337036132812,48.660369873046875,97.44499206542969,55.68199157714844,104.34236145019531,20260726
2023-07-15,EV,Ridge,0.0,60.46480178833008,60.46480178833008,15.918999671936035,15.918999671936035,76.38380146026611,20260726
2023-07-16,EV,Ridge,0.0,67.5807876586914,67.5807876586914,68.91900634765625,68.91900634765625,136.49979400634766,20260726
2023-07-17,EV,Ridge,32.79600143432617,102.89238739013672,70.09638977050781,98.52300262451172,65.72700119018555,135.82339096069336,20260726
2023-07-18,EV,Ridge,68.76300048828125,151.3181610107422,82.55516052246094,140.23199462890625,71.468994140625,154.02415466308594,20260726
2023-07-19,EV,Ridge,40.73999786376953,164.97711181640625,124.23711395263672,90.96199798583984,50.22200012207031,174.45911407470703,20260726
2023-07-20,EV,Ridge,17.759000778198242,138.98477172851562,121.22576904296875,129.85899353027344,112.0999927520752,233.32576179504395,20260726
2023-07-21,EV,Ridge,7.895999908447266,93.54840850830078,85.65240478515625,94.1760025024414,86.28000259399414,171.9324073791504,20260726
2023-07-22,EV,Ridge,11.82699966430664,54.66826629638672,42.84126663208008,49.152000427246094,37.32500076293945,80.16626739501953,20260726
2023-07-23,EV,Ridge,11.973999977111816,64.0450439453125,52.071044921875,29.33799934387207,17.363999366760254,69.43504428863525,20260726
2023-07-24,EV,Ridge,61.29399871826172,113.70881652832031,52.414817810058594,140.76300048828125,79.46900177001953,131.88381958007812,20260726
2023-07-25,EV,Ridge,39.10099792480469,158.437255859375,119.33625793457031,69.97699737548828,30.875999450683594,150.2122573852539,20260726
2023-07-26,EV,Ridge,33.7140007019043,171.76766967773438,138.0536651611328,99.8080062866211,66.0940055847168,204.1476707458496,20260726
2023-07-27,EV,Ridge,13.871999740600586,140.515869140625,126.64386749267578,73.04100036621094,59.16900062561035,185.81286811828613,20260726
2023-07-28,EV,Ridge,0.0,93.46791076660156,93.46791076660156,63.87099838256836,63.87099838256836,157.33890914916992,20260726
2023-07-29,EV,Ridge,1.225000023841858,58.604698181152344,57.37969970703125,59.3489990234375,58.12399899959564,115.50369870662689,20260726
2023-07-30,EV,Ridge,17.972999572753906,65.77532196044922,47.80232238769531,68.73100280761719,50.75800323486328,98.5603256225586,20260726
2023-07-31,EV,Ridge,49.08700180053711,116.0133056640625,66.92630004882812,138.73300170898438,89.64599990844727,156.5722999572754,20260726
2023-08-01,EV,Ridge,48.61899948120117,161.77333068847656,113.15432739257812,104.54399871826172,55.92499923706055,169.07932662963867,20260726
2023-08-02,EV,Ridge,30.68899917602539,174.63253784179688,143.94354248046875,88.90299987792969,58.2140007019043,202.15754318237305,20260726
2023-08-03,EV,Ridge,76.95100402832031,142.830078125,65.87907409667969,146.60800170898438,69.65699768066406,135.53607177734375,20260726
2023-08-04,EV,Ridge,22.779998779296875,92.81448364257812,70.03448486328125,123.77099609375,100.99099731445312,171.02548217773438,20260726
2023-08-05,EV,Ridge,47.73899841308594,65.78945922851562,18.050460815429688,79.20600128173828,31.467002868652344,49.51746368408203,20260726
2023-08-06,EV,Ridge,10.121999740600586,74.82923889160156,64.70723724365234,58.13300323486328,48.011003494262695,112.71824073791504,20260726
2023-08-07,EV,Ridge,27.21200180053711,126.93309020996094,99.72108459472656,92.07901000976562,64.86700820922852,164.58809280395508,20260726
2023-08-08,EV,Ridge,57.641998291015625,172.66424560546875,115.02224731445312,152.3249969482422,94.68299865722656,209.7052459716797,20260726
2023-08-09,EV,Ridge,18.696001052856445,180.24447631835938,161.54847717285156,167.00201416015625,148.3060131072998,309.85449028015137,20260726
2023-08-10,EV,Ridge,53.77100372314453,153.76690673828125,99.99590301513672,134.35000610351562,80.5790023803711,180.5749053955078,20260726
2023-08-11,EV,Ridge,5.497000217437744,96.364501953125,90.86750030517578,62.154998779296875,56.65799856185913,147.5254988670349,20260726
2023-08-12,EV,Ridge,9.717000007629395,65.7285385131836,56.011539459228516,41.02900314331055,31.312003135681152,87.32354259490967,20260726
2023-08-13,EV,Ridge,27.4010009765625,75.11418914794922,47.71318817138672,65.48699951171875,38.08599853515625,85.79918670654297,20260726
2023-08-14,EV,Ridge,41.26499557495117,131.33602905273438,90.07102966308594,130.99200439453125,89.72700881958008,179.79803848266602,20260726
2023-08-15,EV,Ridge,57.397003173828125,171.46728515625,114.07028198242188,123.75299835205078,66.35599517822266,180.42627716064453,20260726
2023-08-16,EV,Ridge,94.55499267578125,179.5208740234375,84.96588134765625,136.17799377441406,41.62300109863281,126.58888244628906,20260726
2023-08-17,EV,Ridge,62.777000427246094,159.76319885253906,96.98619842529297,136.80101013183594,74.02400970458984,171.0102081298828,20260726
2023-08-18,EV,Ridge,11.901000022888184,103.21537780761719,91.31437683105469,86.53099822998047,74.62999820709229,165.94437503814697,20260726
2023-08-19,EV,Ridge,33.058998107910156,78.92533874511719,45.86634063720703,88.4489974975586,55.38999938964844,101.25634002685547,20260726
2023-08-20,EV,Ridge,0.0,84.20950317382812,84.20950317382812,0.0,0.0,84.20950317382812,20260726
2023-08-21,EV,Ridge,17.55500030517578,133.06671142578125,115.51171112060547,66.0,48.44499969482422,163.9567108154297,20260726
2023-08-22,EV,Ridge,3.1579999923706055,176.62469482421875,173.46669006347656,85.68599700927734,82.52799701690674,255.9946870803833,20260726
2023-08-23,EV,Ridge,26.45600128173828,185.258544921875,158.80255126953125,97.12699890136719,70.6709976196289,229.47354888916016,20260726
2023-08-24,EV,Ridge,46.244998931884766,157.67880249023438,111.43380737304688,140.77200317382812,94.52700424194336,205.96081161499023,20260726
2023-08-25,EV,Ridge,50.641998291015625,100.67247772216797,50.030479431152344,84.27300262451172,33.631004333496094,83.66148376464844,20260726
2023-08-26,EV,Ridge,10.074000358581543,77.11226654052734,67.03826904296875,96.99600219726562,86.92200183868408,153.96027088165283,20260726
2023-08-27,EV,Ridge,44.54800033569336,79.62508392333984,35.077083587646484,71.43399810791016,26.885997772216797,61.96308135986328,20260726
2023-08-28,EV,Ridge,105.98500061035156,129.4334259033203,23.44842529296875,156.41000366210938,50.42500305175781,73.87342834472656,20260726
2023-08-29,EV,Ridge,22.319000244140625,181.86546325683594,159.5464630126953,126.37200164794922,104.0530014038086,263.5994644165039,20260726
2023-08-30,EV,Ridge,25.583999633789062,195.96754455566406,170.383544921875,83.01100158691406,57.427001953125,227.810546875,20260726
2023-08-31,EV,Ridge,30.01799964904785,172.37109375,142.35308837890625,162.50201416015625,132.4840145111084,274.83710289001465,20260726
2023-09-01,EV,Ridge,25.600000381469727,108.38758850097656,82.78759002685547,148.77398681640625,123.17398643493652,205.961576461792,20260726
2023-09-02,EV,Ridge,0.0,79.01327514648438,79.01327514648438,36.35599899291992,36.35599899291992,115.3692741394043,20260726
2023-09-03,EV,Ridge,5.257999897003174,85.782958984375,80.52495574951172,50.1609992980957,44.90299940109253,125.42795515060425,20260726
2023-09-04,EV,Ridge,5.604000091552734,135.80328369140625,130.19927978515625,38.178001403808594,32.57400131225586,162.7732810974121,20260726
2023-09-05,EV,Ridge,34.91699981689453,168.79833984375,133.88134765625,79.94700622558594,45.030006408691406,178.9113540649414,20260726
2023-09-06,EV,Ridge,45.624996185302734,185.46250915527344,139.83750915527344,116.67500305175781,71.05000686645508,210.88751602172852,20260726
2023-09-07,EV,Ridge,52.51499938964844,161.7385711669922,109.22357177734375,135.46900939941406,82.95401000976562,192.17758178710938,20260726
2023-09-08,EV,Ridge,6.215000152587891,111.78280639648438,105.56781005859375,110.70100402832031,104.48600387573242,210.05381393432617,20260726
2023-09-09,EV,Ridge,14.732999801635742,75.03904724121094,60.30604553222656,40.48600387573242,25.75300407409668,86.05904960632324,20260726
2023-09-10,EV,Ridge,8.602999687194824,85.53824615478516,76.93524932861328,79.18399047851562,70.5809907913208,147.51624011993408,20260726
2023-09-11,EV,Ridge,33.66699981689453,137.658203125,103.99120330810547,37.2609977722168,3.5939979553222656,107.58520126342773,20260726
2023-09-12,EV,Ridge,27.99199867248535,180.79928588867188,152.80728149414062,73.33300018310547,45.34100151062012,198.14828300476074,20260726
2023-09-13,EV,Ridge,12.177999496459961,190.13186645507812,177.95387268066406,127.12799072265625,114.94999122619629,292.90386390686035,20260726
2023-09-14,EV,Ridge,2.309999942779541,159.5047607421875,157.19476318359375,41.83300018310547,39.52300024032593,196.71776342391968,20260726
2023-09-15,EV,Ridge,5.942999839782715,107.24764251708984,101.30464172363281,84.25599670410156,78.31299686431885,179.61763858795166,20260726
2023-09-16,EV,Ridge,0.0,70.85948181152344,70.85948181152344,85.61199188232422,85.61199188232422,156.47147369384766,20260726
2023-09-17,EV,Ridge,43.06300354003906,75.72212982177734,32.65912628173828,75.45500183105469,32.391998291015625,65.0511245727539,20260726
2023-09-18,EV,Ridge,17.8439998626709,130.53811645507812,112.6941146850586,123.375,105.5310001373291,218.2251148223877,20260726
2023-09-19,EV,Ridge,39.57099914550781,173.00018310546875,133.42918395996094,187.1219940185547,147.55099487304688,280.9801788330078,20260726
2023-09-20,EV,Ridge,34.91600036621094,185.34613037109375,150.4301300048828,165.49400329589844,130.5780029296875,281.0081329345703,20260726
2023-09-21,EV,Ridge,32.018001556396484,156.06639099121094,124.04838562011719,165.1409912109375,133.12298965454102,257.1713752746582,20260726
2023-09-22,EV,Ridge,24.124000549316406,106.049560546875,81.9255599975586,112.8330078125,88.7090072631836,170.6345672607422,20260726
2023-09-23,EV,Ridge,0.0,74.75452423095703,74.75452423095703,105.82099914550781,105.82099914550781,180.57552337646484,20260726
2023-09-24,EV,Ridge,32.084999084472656,89.33919525146484,57.25419616699219,76.98600006103516,44.9010009765625,102.15519714355469,20260726
2023-09-25,EV,Ridge,38.21699905395508,128.08160400390625,89.86460876464844,109.43299865722656,71.21599960327148,161.08060836791992,20260726
2023-09-26,EV,Ridge,35.124000549316406,169.32305908203125,134.19906616210938,140.0360107421875,104.9120101928711,239.11107635498047,20260726
2023-09-27,EV,Ridge,95.2760009765625,185.8480682373047,90.57206726074219,157.02700805664062,61.751007080078125,152.3230743408203,20260726
2023-09-28,EV,Ridge,24.446998596191406,161.35919189453125,136.91220092773438,130.1590118408203,105.7120132446289,242.62421417236328,20260726
2023-09-29,EV,Ridge,12.67300033569336,109.49708557128906,96.82408142089844,71.05000305175781,58.37700271606445,155.2010841369629,20260726
2023-09-30,EV,Ridge,47.4640007019043,80.75395965576172,33.28995895385742,132.11199951171875,84.64799880981445,117.93795776367188,20260726
2023-07-01,EV,HurdleRidge,8.269000053405762,1015.0604248046875,1006.7914428710938,39.98400115966797,31.715001106262207,1038.506443977356,20260726
2023-07-02,EV,HurdleRidge,25.868000030517578,1045.2779541015625,1019.4099731445312,84.92100524902344,59.05300521850586,1078.462978363037,20260726
2023-07-03,EV,HurdleRidge,41.68299865722656,1260.277587890625,1218.5946044921875,121.43299865722656,79.75,1298.3446044921875,20260726
2023-07-04,EV,HurdleRidge,0.0,1473.09375,1473.09375,16.437999725341797,16.437999725341797,1489.5317497253418,20260726
2023-07-05,EV,HurdleRidge,46.48400115966797,1519.817138671875,1473.3331298828125,112.5530014038086,66.06900024414062,1539.4021301269531,20260726
2023-07-06,EV,HurdleRidge,16.927000045776367,1356.6534423828125,1339.7264404296875,133.0570068359375,116.13000679016113,1455.8564472198486,20260726
2023-07-07,EV,HurdleRidge,28.83300018310547,1145.890380859375,1117.057373046875,94.96900177001953,66.13600158691406,1183.193374633789,20260726
2023-07-08,EV,HurdleRidge,11.701000213623047,1002.86181640625,991.1608276367188,50.14600372314453,38.445003509521484,1029.6058311462402,20260726
2023-07-09,EV,HurdleRidge,0.0,1052.2529296875,1052.2529296875,27.32699966430664,27.32699966430664,1079.5799293518066,20260726
2023-07-10,EV,HurdleRidge,39.33000183105469,1238.05126953125,1198.7213134765625,78.30599975585938,38.97599792480469,1237.6973114013672,20260726
2023-07-11,EV,HurdleRidge,47.58799743652344,1450.05615234375,1402.4681396484375,154.03500366210938,106.44700622558594,1508.9151458740234,20260726
2023-07-12,EV,HurdleRidge,13.889999389648438,1505.5712890625,1491.6812744140625,88.57099914550781,74.68099975585938,1566.3622741699219,20260726
2023-07-13,EV,HurdleRidge,45.459999084472656,1342.990478515625,1297.530517578125,159.3000030517578,113.84000396728516,1411.3705215454102,20260726
2023-07-14,EV,HurdleRidge,41.76300048828125,1118.421875,1076.658935546875,97.44499206542969,55.68199157714844,1132.3409271240234,20260726
2023-07-15,EV,HurdleRidge,0.0,996.7522583007812,996.7522583007812,15.918999671936035,15.918999671936035,1012.6712579727173,20260726
2023-07-16,EV,HurdleRidge,0.0,1031.052734375,1031.052734375,68.91900634765625,68.91900634765625,1099.9717407226562,20260726
2023-07-17,EV,HurdleRidge,32.79600143432617,1212.11767578125,1179.3216552734375,98.52300262451172,65.72700119018555,1245.048656463623,20260726
2023-07-18,EV,HurdleRidge,68.76300048828125,1437.0751953125,1368.312255859375,140.23199462890625,71.468994140625,1439.78125,20260726
2023-07-19,EV,HurdleRidge,40.73999786376953,1495.922119140625,1455.18212890625,90.96199798583984,50.22200012207031,1505.4041290283203,20260726
2023-07-20,EV,HurdleRidge,17.759000778198242,1345.80029296875,1328.041259765625,129.85899353027344,112.0999927520752,1440.1412525177002,20260726
2023-07-21,EV,HurdleRidge,7.895999908447266,1138.9156494140625,1131.0196533203125,94.1760025024414,86.28000259399414,1217.2996559143066,20260726
2023-07-22,EV,HurdleRidge,11.82699966430664,989.4359130859375,977.60888671875,49.152000427246094,37.32500076293945,1014.9338874816895,20260726
2023-07-23,EV,HurdleRidge,11.973999977111816,1022.13134765625,1010.1573486328125,29.33799934387207,17.363999366760254,1027.5213479995728,20260726
2023-07-24,EV,HurdleRidge,61.29399871826172,1244.281005859375,1182.987060546875,140.76300048828125,79.46900177001953,1262.4560623168945,20260726
2023-07-25,EV,HurdleRidge,39.10099792480469,1459.322509765625,1420.2215576171875,69.97699737548828,30.875999450683594,1451.097557067871,20260726
2023-07-26,EV,HurdleRidge,33.7140007019043,1517.823974609375,1484.1099853515625,99.8080062866211,66.0940055847168,1550.2039909362793,20260726
2023-07-27,EV,HurdleRidge,13.871999740600586,1358.103515625,1344.2315673828125,73.04100036621094,59.16900062561035,1403.4005680084229,20260726
2023-07-28,EV,HurdleRidge,0.0,1139.9166259765625,1139.9166259765625,63.87099838256836,63.87099838256836,1203.7876243591309,20260726
2023-07-29,EV,HurdleRidge,1.225000023841858,1005.8946533203125,1004.669677734375,59.3489990234375,58.12399899959564,1062.7936767339706,20260726
2023-07-30,EV,HurdleRidge,17.972999572753906,1039.4296875,1021.4566650390625,68.73100280761719,50.75800323486328,1072.2146682739258,20260726
2023-07-31,EV,HurdleRidge,49.08700180053711,1243.93310546875,1194.8460693359375,138.73300170898438,89.64599990844727,1284.4920692443848,20260726
2023-08-01,EV,HurdleRidge,48.61899948120117,1481.9888916015625,1433.369873046875,104.54399871826172,55.92499923706055,1489.2948722839355,20260726
2023-08-02,EV,HurdleRidge,30.68899917602539,1534.85205078125,1504.1630859375,88.90299987792969,58.2140007019043,1562.3770866394043,20260726
2023-08-03,EV,HurdleRidge,76.95100402832031,1374.8043212890625,1297.853271484375,146.60800170898438,69.65699768066406,1367.510269165039,20260726
2023-08-04,EV,HurdleRidge,22.779998779296875,1151.302001953125,1128.52197265625,123.77099609375,100.99099731445312,1229.5129699707031,20260726
2023-08-05,EV,HurdleRidge,47.73899841308594,1017.461669921875,969.72265625,79.20600128173828,31.467002868652344,1001.1896591186523,20260726
2023-08-06,EV,HurdleRidge,10.121999740600586,1055.47998046875,1045.3580322265625,58.13300323486328,48.011003494262695,1093.3690357208252,20260726
2023-08-07,EV,HurdleRidge,27.21200180053711,1273.724365234375,1246.5123291015625,92.07901000976562,64.86700820922852,1311.379337310791,20260726
2023-08-08,EV,HurdleRidge,57.641998291015625,1500.958984375,1443.3170166015625,152.3249969482422,94.68299865722656,1538.000015258789,20260726
2023-08-09,EV,HurdleRidge,18.696001052856445,1553.0107421875,1534.314697265625,167.00201416015625,148.3060131072998,1682.6207103729248,20260726
2023-08-10,EV,HurdleRidge,53.77100372314453,1401.024658203125,1347.253662109375,134.35000610351562,80.5790023803711,1427.832664489746,20260726
2023-08-11,EV,HurdleRidge,5.497000217437744,1162.482421875,1156.9854736328125,62.154998779296875,56.65799856185913,1213.6434721946716,20260726
2023-08-12,EV,HurdleRidge,9.717000007629395,1016.802490234375,1007.0855102539062,41.02900314331055,31.312003135681152,1038.3975133895874,20260726
2023-08-13,EV,HurdleRidge,27.4010009765625,1066.5364990234375,1039.135498046875,65.48699951171875,38.08599853515625,1077.2214965820312,20260726
2023-08-14,EV,HurdleRidge,41.26499557495117,1302.8629150390625,1261.597900390625,130.99200439453125,89.72700881958008,1351.324909210205,20260726
2023-08-15,EV,HurdleRidge,57.397003173828125,1513.9595947265625,1456.5626220703125,123.75299835205078,66.35599517822266,1522.9186172485352,20260726
2023-08-16,EV,HurdleRidge,94.55499267578125,1571.9757080078125,1477.420654296875,136.17799377441406,41.62300109863281,1519.0436553955078,20260726
2023-08-17,EV,HurdleRidge,62.777000427246094,1419.71484375,1356.9378662109375,136.80101013183594,74.02400970458984,1430.9618759155273,20260726
2023-08-18,EV,HurdleRidge,11.901000022888184,1181.9007568359375,1169.999755859375,86.53099822998047,74.62999820709229,1244.6297540664673,20260726
2023-08-19,EV,HurdleRidge,33.058998107910156,1057.8291015625,1024.7701416015625,88.4489974975586,55.38999938964844,1080.160140991211,20260726
2023-08-20,EV,HurdleRidge,0.0,1092.1270751953125,1092.1270751953125,0.0,0.0,1092.1270751953125,20260726
2023-08-21,EV,HurdleRidge,17.55500030517578,1300.34716796875,1282.7921142578125,66.0,48.44499969482422,1331.2371139526367,20260726
2023-08-22,EV,HurdleRidge,3.1579999923706055,1547.5255126953125,1544.3675537109375,85.68599700927734,82.52799701690674,1626.8955507278442,20260726
2023-08-23,EV,HurdleRidge,26.45600128173828,1576.68310546875,1550.22705078125,97.12699890136719,70.6709976196289,1620.898048400879,20260726
2023-08-24,EV,HurdleRidge,46.244998931884766,1435.056396484375,1388.8114013671875,140.77200317382812,94.52700424194336,1483.3384056091309,20260726
2023-08-25,EV,HurdleRidge,50.641998291015625,1181.8359375,1131.1939697265625,84.27300262451172,33.631004333496094,1164.8249740600586,20260726
2023-08-26,EV,HurdleRidge,10.074000358581543,1054.003173828125,1043.92919921875,96.99600219726562,86.92200183868408,1130.851201057434,20260726
2023-08-27,EV,HurdleRidge,44.54800033569336,1087.2412109375,1042.6932373046875,71.43399810791016,26.885997772216797,1069.5792350769043,20260726
2023-08-28,EV,HurdleRidge,105.98500061035156,1313.806640625,1207.8216552734375,156.41000366210938,50.42500305175781,1258.2466583251953,20260726
2023-08-29,EV,HurdleRidge,22.319000244140625,1559.96337890625,1537.6444091796875,126.37200164794922,104.0530014038086,1641.697410583496,20260726
2023-08-30,EV,HurdleRidge,25.583999633789062,1623.622802734375,1598.038818359375,83.01100158691406,57.427001953125,1655.4658203125,20260726
2023-08-31,EV,HurdleRidge,30.01799964904785,1476.610107421875,1446.5921630859375,162.50201416015625,132.4840145111084,1579.076177597046,20260726
2023-09-01,EV,HurdleRidge,25.600000381469727,1208.50732421875,1182.9073486328125,148.77398681640625,123.17398643493652,1306.081335067749,20260726
2023-09-02,EV,HurdleRidge,0.0,1071.41845703125,1071.41845703125,36.35599899291992,36.35599899291992,1107.77445602417,20260726
2023-09-03,EV,HurdleRidge,5.257999897003174,1096.58740234375,1091.329345703125,50.1609992980957,44.90299940109253,1136.2323451042175,20260726
2023-09-04,EV,HurdleRidge,5.604000091552734,1335.3597412109375,1329.7557373046875,38.178001403808594,32.57400131225586,1362.3297386169434,20260726
2023-09-05,EV,HurdleRidge,34.91699981689453,1547.4815673828125,1512.5645751953125,79.94700622558594,45.030006408691406,1557.594581604004,20260726
2023-09-06,EV,HurdleRidge,45.624996185302734,1609.82763671875,1564.20263671875,116.67500305175781,71.05000686645508,1635.252643585205,20260726
2023-09-07,EV,HurdleRidge,52.51499938964844,1457.77587890625,1405.2608642578125,135.46900939941406,82.95401000976562,1488.2148742675781,20260726
2023-09-08,EV,HurdleRidge,6.215000152587891,1233.32763671875,1227.1126708984375,110.70100402832031,104.48600387573242,1331.59867477417,20260726
2023-09-09,EV,HurdleRidge,14.732999801635742,1071.42919921875,1056.6961669921875,40.48600387573242,25.75300407409668,1082.4491710662842,20260726
2023-09-10,EV,HurdleRidge,8.602999687194824,1113.1263427734375,1104.5233154296875,79.18399047851562,70.5809907913208,1175.1043062210083,20260726
2023-09-11,EV,HurdleRidge,33.66699981689453,1352.878662109375,1319.211669921875,37.2609977722168,3.5939979553222656,1322.8056678771973,20260726
2023-09-12,EV,HurdleRidge,27.99199867248535,1584.155029296875,1556.1630859375,73.33300018310547,45.34100151062012,1601.5040874481201,20260726
2023-09-13,EV,HurdleRidge,12.177999496459961,1626.304443359375,1614.12646484375,127.12799072265625,114.94999122619629,1729.0764560699463,20260726
2023-09-14,EV,HurdleRidge,2.309999942779541,1468.3526611328125,1466.0426025390625,41.83300018310547,39.52300024032593,1505.5656027793884,20260726
2023-09-15,EV,HurdleRidge,5.942999839782715,1238.633544921875,1232.6905517578125,84.25599670410156,78.31299686431885,1311.0035486221313,20260726
2023-09-16,EV,HurdleRidge,0.0,1075.13037109375,1075.13037109375,85.61199188232422,85.61199188232422,1160.7423629760742,20260726
2023-09-17,EV,HurdleRidge,43.06300354003906,1104.9432373046875,1061.8802490234375,75.45500183105469,32.391998291015625,1094.2722473144531,20260726
2023-09-18,EV,HurdleRidge,17.8439998626709,1341.83154296875,1323.987548828125,123.375,105.5310001373291,1429.518548965454,20260726
2023-09-19,EV,HurdleRidge,39.57099914550781,1584.7799072265625,1545.2088623046875,187.1219940185547,147.55099487304688,1692.7598571777344,20260726
2023-09-20,EV,HurdleRidge,34.91600036621094,1639.52685546875,1604.61083984375,165.49400329589844,130.5780029296875,1735.1888427734375,20260726
2023-09-21,EV,HurdleRidge,32.018001556396484,1489.11669921875,1457.0987548828125,165.1409912109375,133.12298965454102,1590.2217445373535,20260726
2023-09-22,EV,HurdleRidge,24.124000549316406,1244.43359375,1220.3095703125,112.8330078125,88.7090072631836,1309.0185775756836,20260726
2023-09-23,EV,HurdleRidge,0.0,1100.067626953125,1100.067626953125,105.82099914550781,105.82099914550781,1205.8886260986328,20260726
2023-09-24,EV,HurdleRidge,32.084999084472656,1156.1419677734375,1124.0570068359375,76.98600006103516,44.9010009765625,1168.9580078125,20260726
2023-09-25,EV,HurdleRidge,38.21699905395508,1359.786376953125,1321.5693359375,109.43299865722656,71.21599960327148,1392.7853355407715,20260726
2023-09-26,EV,HurdleRidge,35.124000549316406,1598.580322265625,1563.456298828125,140.0360107421875,104.9120101928711,1668.368309020996,20260726
2023-09-27,EV,HurdleRidge,95.2760009765625,1665.54931640625,1570.2733154296875,157.02700805664062,61.751007080078125,1632.0243225097656,20260726
2023-09-28,EV,HurdleRidge,24.446998596191406,1526.94482421875,1502.497802734375,130.1590118408203,105.7120132446289,1608.209815979004,20260726
2023-09-29,EV,HurdleRidge,12.67300033569336,1270.37109375,1257.6981201171875,71.05000305175781,58.37700271606445,1316.075122833252,20260726
2023-09-30,EV,HurdleRidge,47.4640007019043,1136.937255859375,1089.4732666015625,132.11199951171875,84.64799880981445,1174.121265411377,20260726
2023-07-01,EV,DLinear,8.269000053405762,66.82230377197266,58.55330276489258,39.98400115966797,31.715001106262207,90.26830387115479,20260726
2023-07-02,EV,DLinear,25.868000030517578,76.60572814941406,50.737728118896484,84.92100524902344,59.05300521850586,109.79073333740234,20260726
2023-07-03,EV,DLinear,41.68299865722656,116.38450622558594,74.70150756835938,121.43299865722656,79.75,154.45150756835938,20260726
2023-07-04,EV,DLinear,0.0,159.35006713867188,159.35006713867188,16.437999725341797,16.437999725341797,175.78806686401367,20260726
2023-07-05,EV,DLinear,46.48400115966797,165.48687744140625,119.00287628173828,112.5530014038086,66.06900024414062,185.0718765258789,20260726
2023-07-06,EV,DLinear,16.927000045776367,133.50802612304688,116.58102416992188,133.0570068359375,116.13000679016113,232.711030960083,20260726
2023-07-07,EV,DLinear,28.83300018310547,97.5908203125,68.75782012939453,94.96900177001953,66.13600158691406,134.8938217163086,20260726
2023-07-08,EV,DLinear,11.701000213623047,63.653663635253906,51.95266342163086,50.14600372314453,38.445003509521484,90.39766693115234,20260726
2023-07-09,EV,DLinear,0.0,75.93415069580078,75.93415069580078,27.32699966430664,27.32699966430664,103.26115036010742,20260726
2023-07-10,EV,DLinear,39.33000183105469,114.95842742919922,75.62842559814453,78.30599975585938,38.97599792480469,114.60442352294922,20260726
2023-07-11,EV,DLinear,47.58799743652344,150.0359344482422,102.44793701171875,154.03500366210938,106.44700622558594,208.8949432373047,20260726
2023-07-12,EV,DLinear,13.889999389648438,165.39830017089844,151.50830078125,88.57099914550781,74.68099975585938,226.18930053710938,20260726
2023-07-13,EV,DLinear,45.459999084472656,126.39790344238281,80.93790435791016,159.3000030517578,113.84000396728516,194.7779083251953,20260726
2023-07-14,EV,DLinear,41.76300048828125,92.68777465820312,50.924774169921875,97.44499206542969,55.68199157714844,106.60676574707031,20260726
2023-07-15,EV,DLinear,0.0,61.202301025390625,61.202301025390625,15.918999671936035,15.918999671936035,77.12130069732666,20260726
2023-07-16,EV,DLinear,0.0,69.63802337646484,69.63802337646484,68.91900634765625,68.91900634765625,138.5570297241211,20260726
2023-07-17,EV,DLinear,32.79600143432617,106.11604309082031,73.32003784179688,98.52300262451172,65.72700119018555,139.04703903198242,20260726
2023-07-18,EV,DLinear,68.76300048828125,147.01565551757812,78.25265502929688,140.23199462890625,71.468994140625,149.72164916992188,20260726
2023-07-19,EV,DLinear,40.73999786376953,160.55548095703125,119.81548309326172,90.96199798583984,50.22200012207031,170.03748321533203,20260726
2023-07-20,EV,DLinear,17.759000778198242,131.746826171875,113.98782348632812,129.85899353027344,112.0999927520752,226.08781623840332,20260726
2023-07-21,EV,DLinear,7.895999908447266,90.25433349609375,82.35833740234375,94.1760025024414,86.28000259399414,168.6383399963379,20260726
2023-07-22,EV,DLinear,11.82699966430664,56.137664794921875,44.310665130615234,49.152000427246094,37.32500076293945,81.63566589355469,20260726
2023-07-23,EV,DLinear,11.973999977111816,67.19590759277344,55.22190856933594,29.33799934387207,17.363999366760254,72.58590793609619,20260726
2023-07-24,EV,DLinear,61.29399871826172,110.80516052246094,49.51116180419922,140.76300048828125,79.46900177001953,128.98016357421875,20260726
2023-07-25,EV,DLinear,39.10099792480469,156.87518310546875,117.77418518066406,69.97699737548828,30.875999450683594,148.65018463134766,20260726
2023-07-26,EV,DLinear,33.7140007019043,167.33367919921875,133.6196746826172,99.8080062866211,66.0940055847168,199.71368026733398,20260726
2023-07-27,EV,DLinear,13.871999740600586,134.40469360351562,120.5326919555664,73.04100036621094,59.16900062561035,179.70169258117676,20260726
2023-07-28,EV,DLinear,0.0,92.7307357788086,92.7307357788086,63.87099838256836,63.87099838256836,156.60173416137695,20260726
2023-07-29,EV,DLinear,1.225000023841858,58.347843170166016,57.12284469604492,59.3489990234375,58.12399899959564,115.24684369564056,20260726
2023-07-30,EV,DLinear,17.972999572753906,67.17120361328125,49.198204040527344,68.73100280761719,50.75800323486328,99.95620727539062,20260726
2023-07-31,EV,DLinear,49.08700180053711,117.0709457397461,67.98394775390625,138.73300170898438,89.64599990844727,157.62994766235352,20260726
2023-08-01,EV,DLinear,48.61899948120117,157.93017578125,109.31117248535156,104.54399871826172,55.92499923706055,165.2361717224121,20260726
2023-08-02,EV,DLinear,30.68899917602539,168.93145751953125,138.24246215820312,88.90299987792969,58.2140007019043,196.45646286010742,20260726
2023-08-03,EV,DLinear,76.95100402832031,134.1478271484375,57.19682312011719,146.60800170898438,69.65699768066406,126.85382080078125,20260726
2023-08-04,EV,DLinear,22.779998779296875,93.78185272216797,71.0018539428711,123.77099609375,100.99099731445312,171.99285125732422,20260726
2023-08-05,EV,DLinear,47.73899841308594,66.89513397216797,19.15613555908203,79.20600128173828,31.467002868652344,50.623138427734375,20260726
2023-08-06,EV,DLinear,10.121999740600586,79.93527221679688,69.81327056884766,58.13300323486328,48.011003494262695,117.82427406311035,20260726
2023-08-07,EV,DLinear,27.21200180053711,125.8238754272461,98.61187744140625,92.07901000976562,64.86700820922852,163.47888565063477,20260726
2023-08-08,EV,DLinear,57.641998291015625,167.46441650390625,109.82241821289062,152.3249969482422,94.68299865722656,204.5054168701172,20260726
2023-08-09,EV,DLinear,18.696001052856445,174.84368896484375,156.14768981933594,167.00201416015625,148.3060131072998,304.45370292663574,20260726
2023-08-10,EV,DLinear,53.77100372314453,147.7176971435547,93.94669342041016,134.35000610351562,80.5790023803711,174.52569580078125,20260726
2023-08-11,EV,DLinear,5.497000217437744,98.30043029785156,92.80342864990234,62.154998779296875,56.65799856185913,149.46142721176147,20260726
2023-08-12,EV,DLinear,9.717000007629395,72.02173614501953,62.30473709106445,41.02900314331055,31.312003135681152,93.6167402267456,20260726
2023-08-13,EV,DLinear,27.4010009765625,77.41693878173828,50.01593780517578,65.48699951171875,38.08599853515625,88.10193634033203,20260726
2023-08-14,EV,DLinear,41.26499557495117,125.98860168457031,84.72360229492188,130.99200439453125,89.72700881958008,174.45061111450195,20260726
2023-08-15,EV,DLinear,57.397003173828125,169.45950317382812,112.0625,123.75299835205078,66.35599517822266,178.41849517822266,20260726
2023-08-16,EV,DLinear,94.55499267578125,175.08578491210938,80.53079223632812,136.17799377441406,41.62300109863281,122.15379333496094,20260726
2023-08-17,EV,DLinear,62.777000427246094,155.5626983642578,92.78569793701172,136.80101013183594,74.02400970458984,166.80970764160156,20260726
2023-08-18,EV,DLinear,11.901000022888184,105.62947845458984,93.72847747802734,86.53099822998047,74.62999820709229,168.35847568511963,20260726
2023-08-19,EV,DLinear,33.058998107910156,78.66111755371094,45.60211944580078,88.4489974975586,55.38999938964844,100.99211883544922,20260726
2023-08-20,EV,DLinear,0.0,88.27822875976562,88.27822875976562,0.0,0.0,88.27822875976562,20260726
2023-08-21,EV,DLinear,17.55500030517578,132.96646118164062,115.41146087646484,66.0,48.44499969482422,163.85646057128906,20260726
2023-08-22,EV,DLinear,3.1579999923706055,173.8690948486328,170.71109008789062,85.68599700927734,82.52799701690674,253.23908710479736,20260726
2023-08-23,EV,DLinear,26.45600128173828,179.44610595703125,152.9901123046875,97.12699890136719,70.6709976196289,223.6611099243164,20260726
2023-08-24,EV,DLinear,46.244998931884766,152.55783081054688,106.31283569335938,140.77200317382812,94.52700424194336,200.83983993530273,20260726
2023-08-25,EV,DLinear,50.641998291015625,101.19549560546875,50.553497314453125,84.27300262451172,33.631004333496094,84.18450164794922,20260726
2023-08-26,EV,DLinear,10.074000358581543,80.30038452148438,70.22638702392578,96.99600219726562,86.92200183868408,157.14838886260986,20260726
2023-08-27,EV,DLinear,44.54800033569336,85.13151550292969,40.58351516723633,71.43399810791016,26.885997772216797,67.46951293945312,20260726
2023-08-28,EV,DLinear,105.98500061035156,130.90713500976562,24.922134399414062,156.41000366210938,50.42500305175781,75.34713745117188,20260726
2023-08-29,EV,DLinear,22.319000244140625,180.89163208007812,158.5726318359375,126.37200164794922,104.0530014038086,262.6256332397461,20260726
2023-08-30,EV,DLinear,25.583999633789062,186.8270721435547,161.24307250976562,83.01100158691406,57.427001953125,218.67007446289062,20260726
2023-08-31,EV,DLinear,30.01799964904785,162.58035278320312,132.56234741210938,162.50201416015625,132.4840145111084,265.0463619232178,20260726
2023-09-01,EV,DLinear,25.600000381469727,110.97122192382812,85.37122344970703,148.77398681640625,123.17398643493652,208.54520988464355,20260726
2023-09-02,EV,DLinear,0.0,84.25066375732422,84.25066375732422,36.35599899291992,36.35599899291992,120.60666275024414,20260726
2023-09-03,EV,DLinear,5.257999897003174,91.19224548339844,85.93424224853516,50.1609992980957,44.90299940109253,130.83724164962769,20260726
2023-09-04,EV,DLinear,5.604000091552734,135.18853759765625,129.58453369140625,38.178001403808594,32.57400131225586,162.1585350036621,20260726
2023-09-05,EV,DLinear,34.91699981689453,169.6539306640625,134.7369384765625,79.94700622558594,45.030006408691406,179.7669448852539,20260726
2023-09-06,EV,DLinear,45.624996185302734,179.43600463867188,133.81100463867188,116.67500305175781,71.05000686645508,204.86101150512695,20260726
2023-09-07,EV,DLinear,52.51499938964844,155.18099975585938,102.66600036621094,135.46900939941406,82.95401000976562,185.62001037597656,20260726
2023-09-08,EV,DLinear,6.215000152587891,108.85572814941406,102.64073181152344,110.70100402832031,104.48600387573242,207.12673568725586,20260726
2023-09-09,EV,DLinear,14.732999801635742,78.96837615966797,64.2353744506836,40.48600387573242,25.75300407409668,89.98837852478027,20260726
2023-09-10,EV,DLinear,8.602999687194824,88.66494750976562,80.06195068359375,79.18399047851562,70.5809907913208,150.64294147491455,20260726
2023-09-11,EV,DLinear,33.66699981689453,133.8774871826172,100.21048736572266,37.2609977722168,3.5939979553222656,103.80448532104492,20260726
2023-09-12,EV,DLinear,27.99199867248535,171.701904296875,143.70989990234375,73.33300018310547,45.34100151062012,189.05090141296387,20260726
2023-09-13,EV,DLinear,12.177999496459961,182.78765869140625,170.6096649169922,127.12799072265625,114.94999122619629,285.5596561431885,20260726
2023-09-14,EV,DLinear,2.309999942779541,153.16693115234375,150.85693359375,41.83300018310547,39.52300024032593,190.37993383407593,20260726
2023-09-15,EV,DLinear,5.942999839782715,101.6795425415039,95.73654174804688,84.25599670410156,78.31299686431885,174.04953861236572,20260726
2023-09-16,EV,DLinear,0.0,73.75678253173828,73.75678253173828,85.61199188232422,85.61199188232422,159.3687744140625,20260726
2023-09-17,EV,DLinear,43.06300354003906,78.51313781738281,35.45013427734375,75.45500183105469,32.391998291015625,67.84213256835938,20260726
2023-09-18,EV,DLinear,17.8439998626709,130.38247680664062,112.5384750366211,123.375,105.5310001373291,218.0694751739502,20260726
2023-09-19,EV,DLinear,39.57099914550781,167.79971313476562,128.2287139892578,187.1219940185547,147.55099487304688,275.7797088623047,20260726
2023-09-20,EV,DLinear,34.91600036621094,179.1453399658203,144.22933959960938,165.49400329589844,130.5780029296875,274.8073425292969,20260726
2023-09-21,EV,DLinear,32.018001556396484,150.07867431640625,118.0606689453125,165.1409912109375,133.12298965454102,251.18365859985352,20260726
2023-09-22,EV,DLinear,24.124000549316406,106.1685562133789,82.0445556640625,112.8330078125,88.7090072631836,170.7535629272461,20260726
2023-09-23,EV,DLinear,0.0,77.80057525634766,77.80057525634766,105.82099914550781,105.82099914550781,183.62157440185547,20260726
2023-09-24,EV,DLinear,32.084999084472656,90.98727416992188,58.90227508544922,76.98600006103516,44.9010009765625,103.80327606201172,20260726
2023-09-25,EV,DLinear,38.21699905395508,133.6426544189453,95.4256591796875,109.43299865722656,71.21599960327148,166.64165878295898,20260726
2023-09-26,EV,DLinear,35.124000549316406,172.21823120117188,137.09423828125,140.0360107421875,104.9120101928711,242.0062484741211,20260726
2023-09-27,EV,DLinear,95.2760009765625,179.32553100585938,84.04953002929688,157.02700805664062,61.751007080078125,145.800537109375,20260726
2023-09-28,EV,DLinear,24.446998596191406,158.62503051757812,134.17803955078125,130.1590118408203,105.7120132446289,239.89005279541016,20260726
2023-09-29,EV,DLinear,12.67300033569336,111.70510864257812,99.0321044921875,71.05000305175781,58.37700271606445,157.40910720825195,20260726
2023-09-30,EV,DLinear,47.4640007019043,79.16376495361328,31.699764251708984,132.11199951171875,84.64799880981445,116.34776306152344,20260726
2023-07-01,EV,LSTM,8.269000053405762,90.6573486328125,82.38835144042969,39.98400115966797,31.715001106262207,114.1033525466919,20260726
2023-07-02,EV,LSTM,25.868000030517578,90.96049499511719,65.09249877929688,84.92100524902344,59.05300521850586,124.14550399780273,20260726
2023-07-03,EV,LSTM,41.68299865722656,133.49217224121094,91.80917358398438,121.43299865722656,79.75,171.55917358398438,20260726
2023-07-04,EV,LSTM,0.0,185.99183654785156,185.99183654785156,16.437999725341797,16.437999725341797,202.42983627319336,20260726
2023-07-05,EV,LSTM,46.48400115966797,202.15017700195312,155.66616821289062,112.5530014038086,66.06900024414062,221.73516845703125,20260726
2023-07-06,EV,LSTM,16.927000045776367,179.12994384765625,162.20294189453125,133.0570068359375,116.13000679016113,278.3329486846924,20260726
2023-07-07,EV,LSTM,28.83300018310547,125.14350128173828,96.31050109863281,94.96900177001953,66.13600158691406,162.44650268554688,20260726
2023-07-08,EV,LSTM,11.701000213623047,83.20756530761719,71.50656127929688,50.14600372314453,38.445003509521484,109.95156478881836,20260726
2023-07-09,EV,LSTM,0.0,82.73760223388672,82.73760223388672,27.32699966430664,27.32699966430664,110.06460189819336,20260726
2023-07-10,EV,LSTM,39.33000183105469,122.02046203613281,82.69046020507812,78.30599975585938,38.97599792480469,121.66645812988281,20260726
2023-07-11,EV,LSTM,47.58799743652344,173.7163543701172,126.12835693359375,154.03500366210938,106.44700622558594,232.5753631591797,20260726
2023-07-12,EV,LSTM,13.889999389648438,194.71250915527344,180.822509765625,88.57099914550781,74.68099975585938,255.50350952148438,20260726
2023-07-13,EV,LSTM,45.459999084472656,168.79452514648438,123.33452606201172,159.3000030517578,113.84000396728516,237.17453002929688,20260726
2023-07-14,EV,LSTM,41.76300048828125,115.89586639404297,74.13286590576172,97.44499206542969,55.68199157714844,129.81485748291016,20260726
2023-07-15,EV,LSTM,0.0,73.78384399414062,73.78384399414062,15.918999671936035,15.918999671936035,89.70284366607666,20260726
2023-07-16,EV,LSTM,0.0,71.41464233398438,71.41464233398438,68.91900634765625,68.91900634765625,140.33364868164062,20260726
2023-07-17,EV,LSTM,32.79600143432617,109.56401062011719,76.76800537109375,98.52300262451172,65.72700119018555,142.4950065612793,20260726
2023-07-18,EV,LSTM,68.76300048828125,164.23916625976562,95.47616577148438,140.23199462890625,71.468994140625,166.94515991210938,20260726
2023-07-19,EV,LSTM,40.73999786376953,185.72959899902344,144.98959350585938,90.96199798583984,50.22200012207031,195.2115936279297,20260726
2023-07-20,EV,LSTM,17.759000778198242,162.2338409423828,144.47483825683594,129.85899353027344,112.0999927520752,256.57483100891113,20260726
2023-07-21,EV,LSTM,7.895999908447266,110.67610168457031,102.78010559082031,94.1760025024414,86.28000259399414,189.06010818481445,20260726
2023-07-22,EV,LSTM,11.82699966430664,70.59857177734375,58.77157211303711,49.152000427246094,37.32500076293945,96.09657287597656,20260726
2023-07-23,EV,LSTM,11.973999977111816,73.60428619384766,61.630287170410156,29.33799934387207,17.363999366760254,78.99428653717041,20260726
2023-07-24,EV,LSTM,61.29399871826172,115.46846771240234,54.174468994140625,140.76300048828125,79.46900177001953,133.64347076416016,20260726
2023-07-25,EV,LSTM,39.10099792480469,169.05526733398438,129.9542694091797,69.97699737548828,30.875999450683594,160.83026885986328,20260726
2023-07-26,EV,LSTM,33.7140007019043,190.68118286132812,156.96717834472656,99.8080062866211,66.0940055847168,223.06118392944336,20260726
2023-07-27,EV,LSTM,13.871999740600586,168.1304931640625,154.2584991455078,73.04100036621094,59.16900062561035,213.42749977111816,20260726
2023-07-28,EV,LSTM,0.0,115.18638610839844,115.18638610839844,63.87099838256836,63.87099838256836,179.0573844909668,20260726
2023-07-29,EV,LSTM,1.225000023841858,72.49636840820312,71.27136993408203,59.3489990234375,58.12399899959564,129.39536893367767,20260726
2023-07-30,EV,LSTM,17.972999572753906,72.83606719970703,54.863067626953125,68.73100280761719,50.75800323486328,105.6210708618164,20260726
2023-07-31,EV,LSTM,49.08700180053711,116.57613372802734,67.4891357421875,138.73300170898438,89.64599990844727,157.13513565063477,20260726
2023-08-01,EV,LSTM,48.61899948120117,169.83633422851562,121.21733093261719,104.54399871826172,55.92499923706055,177.14233016967773,20260726
2023-08-02,EV,LSTM,30.68899917602539,192.84434509277344,162.1553497314453,88.90299987792969,58.2140007019043,220.3693504333496,20260726
2023-08-03,EV,LSTM,76.95100402832031,169.6363067626953,92.685302734375,146.60800170898438,69.65699768066406,162.34230041503906,20260726
2023-08-04,EV,LSTM,22.779998779296875,121.26425170898438,98.4842529296875,123.77099609375,100.99099731445312,199.47525024414062,20260726
2023-08-05,EV,LSTM,47.73899841308594,80.01329803466797,32.27429962158203,79.20600128173828,31.467002868652344,63.741302490234375,20260726
2023-08-06,EV,LSTM,10.121999740600586,84.63499450683594,74.51299285888672,58.13300323486328,48.011003494262695,122.52399635314941,20260726
2023-08-07,EV,LSTM,27.21200180053711,126.39997100830078,99.18797302246094,92.07901000976562,64.86700820922852,164.05498123168945,20260726
2023-08-08,EV,LSTM,57.641998291015625,177.80654907226562,120.16455078125,152.3249969482422,94.68299865722656,214.84754943847656,20260726
2023-08-09,EV,LSTM,18.696001052856445,201.51910400390625,182.82310485839844,167.00201416015625,148.3060131072998,331.12911796569824,20260726
2023-08-10,EV,LSTM,53.77100372314453,175.06475830078125,121.29375457763672,134.35000610351562,80.5790023803711,201.8727569580078,20260726
2023-08-11,EV,LSTM,5.497000217437744,125.76995086669922,120.27294921875,62.154998779296875,56.65799856185913,176.93094778060913,20260726
2023-08-12,EV,LSTM,9.717000007629395,83.42796325683594,73.7109603881836,41.02900314331055,31.312003135681152,105.02296352386475,20260726
2023-08-13,EV,LSTM,27.4010009765625,85.84502410888672,58.44402313232422,65.48699951171875,38.08599853515625,96.53002166748047,20260726
2023-08-14,EV,LSTM,41.26499557495117,129.04324340820312,87.77824401855469,130.99200439453125,89.72700881958008,177.50525283813477,20260726
2023-08-15,EV,LSTM,57.397003173828125,180.99185180664062,123.5948486328125,123.75299835205078,66.35599517822266,189.95084381103516,20260726
2023-08-16,EV,LSTM,94.55499267578125,204.36502075195312,109.81002807617188,136.17799377441406,41.62300109863281,151.4330291748047,20260726
2023-08-17,EV,LSTM,62.777000427246094,186.75833129882812,123.98133087158203,136.80101013183594,74.02400970458984,198.00534057617188,20260726
2023-08-18,EV,LSTM,11.901000022888184,135.83238220214844,123.93138122558594,86.53099822998047,74.62999820709229,198.56137943267822,20260726
2023-08-19,EV,LSTM,33.058998107910156,94.54112243652344,61.48212432861328,88.4489974975586,55.38999938964844,116.87212371826172,20260726
2023-08-20,EV,LSTM,0.0,96.22724914550781,96.22724914550781,0.0,0.0,96.22724914550781,20260726
2023-08-21,EV,LSTM,17.55500030517578,136.96835327148438,119.4133529663086,66.0,48.44499969482422,167.8583526611328,20260726
2023-08-22,EV,LSTM,3.1579999923706055,186.38333129882812,183.22532653808594,85.68599700927734,82.52799701690674,265.7533235549927,20260726
2023-08-23,EV,LSTM,26.45600128173828,205.3654327392578,178.909423828125,97.12699890136719,70.6709976196289,249.5804214477539,20260726
2023-08-24,EV,LSTM,46.244998931884766,181.23898315429688,134.99398803710938,140.77200317382812,94.52700424194336,229.52099227905273,20260726
2023-08-25,EV,LSTM,50.641998291015625,132.1163330078125,81.47433471679688,84.27300262451172,33.631004333496094,115.10533905029297,20260726
2023-08-26,EV,LSTM,10.074000358581543,94.35279846191406,84.27880096435547,96.99600219726562,86.92200183868408,171.20080280303955,20260726
2023-08-27,EV,LSTM,44.54800033569336,93.16494750976562,48.616947174072266,71.43399810791016,26.885997772216797,75.50294494628906,20260726
2023-08-28,EV,LSTM,105.98500061035156,136.02288818359375,30.037887573242188,156.41000366210938,50.42500305175781,80.462890625,20260726
2023-08-29,EV,LSTM,22.319000244140625,192.3673858642578,170.0483856201172,126.37200164794922,104.0530014038086,274.1013870239258,20260726
2023-08-30,EV,LSTM,25.583999633789062,211.1493682861328,185.56536865234375,83.01100158691406,57.427001953125,242.99237060546875,20260726
2023-08-31,EV,LSTM,30.01799964904785,187.964111328125,157.94610595703125,162.50201416015625,132.4840145111084,290.43012046813965,20260726
2023-09-01,EV,LSTM,25.600000381469727,136.423095703125,110.8230972290039,148.77398681640625,123.17398643493652,233.99708366394043,20260726
2023-09-02,EV,LSTM,0.0,95.57170867919922,95.57170867919922,36.35599899291992,36.35599899291992,131.92770767211914,20260726
2023-09-03,EV,LSTM,5.257999897003174,94.62823486328125,89.37023162841797,50.1609992980957,44.90299940109253,134.2732310295105,20260726
2023-09-04,EV,LSTM,5.604000091552734,137.15272521972656,131.54872131347656,38.178001403808594,32.57400131225586,164.12272262573242,20260726
2023-09-05,EV,LSTM,34.91699981689453,186.60714721679688,151.69015502929688,79.94700622558594,45.030006408691406,196.72016143798828,20260726
2023-09-06,EV,LSTM,45.624996185302734,208.65280151367188,163.02780151367188,116.67500305175781,71.05000686645508,234.07780838012695,20260726
2023-09-07,EV,LSTM,52.51499938964844,184.3705291748047,131.85552978515625,135.46900939941406,82.95401000976562,214.80953979492188,20260726
2023-09-08,EV,LSTM,6.215000152587891,135.67489624023438,129.45989990234375,110.70100402832031,104.48600387573242,233.94590377807617,20260726
2023-09-09,EV,LSTM,14.732999801635742,92.68389892578125,77.95089721679688,40.48600387573242,25.75300407409668,103.70390129089355,20260726
2023-09-10,EV,LSTM,8.602999687194824,94.65904998779297,86.0560531616211,79.18399047851562,70.5809907913208,156.6370439529419,20260726
2023-09-11,EV,LSTM,33.66699981689453,136.3236541748047,102.65665435791016,37.2609977722168,3.5939979553222656,106.25065231323242,20260726
2023-09-12,EV,LSTM,27.99199867248535,189.7387237548828,161.74671936035156,73.33300018310547,45.34100151062012,207.08772087097168,20260726
2023-09-13,EV,LSTM,12.177999496459961,213.99549865722656,201.8175048828125,127.12799072265625,114.94999122619629,316.7674961090088,20260726
2023-09-14,EV,LSTM,2.309999942779541,185.5402374267578,183.23023986816406,41.83300018310547,39.52300024032593,222.75324010849,20260726
2023-09-15,EV,LSTM,5.942999839782715,130.33380126953125,124.39080047607422,84.25599670410156,78.31299686431885,202.70379734039307,20260726
2023-09-16,EV,LSTM,0.0,88.4896011352539,88.4896011352539,85.61199188232422,85.61199188232422,174.10159301757812,20260726
2023-09-17,EV,LSTM,43.06300354003906,88.03359985351562,44.97059631347656,75.45500183105469,32.391998291015625,77.36259460449219,20260726
2023-09-18,EV,LSTM,17.8439998626709,131.78274536132812,113.9387435913086,123.375,105.5310001373291,219.4697437286377,20260726
2023-09-19,EV,LSTM,39.57099914550781,183.09228515625,143.5212860107422,187.1219940185547,147.55099487304688,291.07228088378906,20260726
2023-09-20,EV,LSTM,34.91600036621094,205.00479125976562,170.0887908935547,165.49400329589844,130.5780029296875,300.6667938232422,20260726
2023-09-21,EV,LSTM,32.018001556396484,182.37664794921875,150.358642578125,165.1409912109375,133.12298965454102,283.481632232666,20260726
2023-09-22,EV,LSTM,24.124000549316406,131.37420654296875,107.25020599365234,112.8330078125,88.7090072631836,195.95921325683594,20260726
2023-09-23,EV,LSTM,0.0,88.88499450683594,88.88499450683594,105.82099914550781,105.82099914550781,194.70599365234375,20260726
2023-09-24,EV,LSTM,32.084999084472656,89.44822692871094,57.36322784423828,76.98600006103516,44.9010009765625,102.26422882080078,20260726
2023-09-25,EV,LSTM,38.21699905395508,135.0919647216797,96.87496948242188,109.43299865722656,71.21599960327148,168.09096908569336,20260726
2023-09-26,EV,LSTM,35.124000549316406,185.25621032714844,150.1322021484375,140.0360107421875,104.9120101928711,255.0442123413086,20260726
2023-09-27,EV,LSTM,95.2760009765625,210.33323669433594,115.05723571777344,157.02700805664062,61.751007080078125,176.80824279785156,20260726
2023-09-28,EV,LSTM,24.446998596191406,192.38333129882812,167.93634033203125,130.1590118408203,105.7120132446289,273.64835357666016,20260726
2023-09-29,EV,LSTM,12.67300033569336,140.04713439941406,127.37413024902344,71.05000305175781,58.37700271606445,185.7511329650879,20260726
2023-09-30,EV,LSTM,47.4640007019043,103.2611083984375,55.7971076965332,132.11199951171875,84.64799880981445,140.44510650634766,20260726
2023-07-01,EV,TCN,8.269000053405762,73.65270233154297,65.38370513916016,39.98400115966797,31.715001106262207,97.09870624542236,20260726
2023-07-02,EV,TCN,25.868000030517578,78.5549545288086,52.686954498291016,84.92100524902344,59.05300521850586,111.73995971679688,20260726
2023-07-03,EV,TCN,41.68299865722656,127.26791381835938,85.58491516113281,121.43299865722656,79.75,165.3349151611328,20260726
2023-07-04,EV,TCN,0.0,181.9230194091797,181.9230194091797,16.437999725341797,16.437999725341797,198.36101913452148,20260726
2023-07-05,EV,TCN,46.48400115966797,197.47506713867188,150.99105834960938,112.5530014038086,66.06900024414062,217.06005859375,20260726
2023-07-06,EV,TCN,16.927000045776367,164.7211151123047,147.7941131591797,133.0570068359375,116.13000679016113,263.9241199493408,20260726
2023-07-07,EV,TCN,28.83300018310547,104.73472595214844,75.90172576904297,94.96900177001953,66.13600158691406,142.03772735595703,20260726
2023-07-08,EV,TCN,11.701000213623047,60.39338302612305,48.6923828125,50.14600372314453,38.445003509521484,87.13738632202148,20260726
2023-07-09,EV,TCN,0.0,64.57951354980469,64.57951354980469,27.32699966430664,27.32699966430664,91.90651321411133,20260726
2023-07-10,EV,TCN,39.33000183105469,111.24790954589844,71.91790771484375,78.30599975585938,38.97599792480469,110.89390563964844,20260726
2023-07-11,EV,TCN,47.58799743652344,164.76535034179688,117.17735290527344,154.03500366210938,106.44700622558594,223.62435913085938,20260726
2023-07-12,EV,TCN,13.889999389648438,182.5225067138672,168.63250732421875,88.57099914550781,74.68099975585938,243.31350708007812,20260726
2023-07-13,EV,TCN,45.459999084472656,148.6181182861328,103.15811920166016,159.3000030517578,113.84000396728516,216.9981231689453,20260726
2023-07-14,EV,TCN,41.76300048828125,89.53012084960938,47.767120361328125,97.44499206542969,55.68199157714844,103.44911193847656,20260726
2023-07-15,EV,TCN,0.0,46.63220977783203,46.63220977783203,15.918999671936035,15.918999671936035,62.551209449768066,20260726
2023-07-16,EV,TCN,0.0,50.70470428466797,50.70470428466797,68.91900634765625,68.91900634765625,119.62371063232422,20260726
2023-07-17,EV,TCN,32.79600143432617,97.88543701171875,65.08943176269531,98.52300262451172,65.72700119018555,130.81643295288086,20260726
2023-07-18,EV,TCN,68.76300048828125,154.16253662109375,85.3995361328125,140.23199462890625,71.468994140625,156.8685302734375,20260726
2023-07-19,EV,TCN,40.73999786376953,175.85748291015625,135.11749267578125,90.96199798583984,50.22200012207031,185.33949279785156,20260726
2023-07-20,EV,TCN,17.759000778198242,146.3736572265625,128.61465454101562,129.85899353027344,112.0999927520752,240.71464729309082,20260726
2023-07-21,EV,TCN,7.895999908447266,88.31343078613281,80.41743469238281,94.1760025024414,86.28000259399414,166.69743728637695,20260726
2023-07-22,EV,TCN,11.82699966430664,46.724361419677734,34.897361755371094,49.152000427246094,37.32500076293945,72.22236251831055,20260726
2023-07-23,EV,TCN,11.973999977111816,53.391639709472656,41.417640686035156,29.33799934387207,17.363999366760254,58.78164005279541,20260726
2023-07-24,EV,TCN,61.29399871826172,103.81858825683594,42.52458953857422,140.76300048828125,79.46900177001953,121.99359130859375,20260726
2023-07-25,EV,TCN,39.10099792480469,162.3720703125,123.27107238769531,69.97699737548828,30.875999450683594,154.1470718383789,20260726
2023-07-26,EV,TCN,33.7140007019043,182.95596313476562,149.24195861816406,99.8080062866211,66.0940055847168,215.33596420288086,20260726
2023-07-27,EV,TCN,13.871999740600586,153.39236450195312,139.52037048339844,73.04100036621094,59.16900062561035,198.6893711090088,20260726
2023-07-28,EV,TCN,0.0,94.42581176757812,94.42581176757812,63.87099838256836,63.87099838256836,158.29681015014648,20260726
2023-07-29,EV,TCN,1.225000023841858,50.385902404785156,49.16090393066406,59.3489990234375,58.12399899959564,107.2849029302597,20260726
2023-07-30,EV,TCN,17.972999572753906,56.430274963378906,38.457275390625,68.73100280761719,50.75800323486328,89.21527862548828,20260726
2023-07-31,EV,TCN,49.08700180053711,106.52922058105469,57.44221878051758,138.73300170898438,89.64599990844727,147.08821868896484,20260726
2023-08-01,EV,TCN,48.61899948120117,163.80812072753906,115.18911743164062,104.54399871826172,55.92499923706055,171.11411666870117,20260726
2023-08-02,EV,TCN,30.68899917602539,185.60995483398438,154.92095947265625,88.90299987792969,58.2140007019043,213.13496017456055,20260726
2023-08-03,EV,TCN,76.95100402832031,154.69927978515625,77.74827575683594,146.60800170898438,69.65699768066406,147.4052734375,20260726
2023-08-04,EV,TCN,22.779998779296875,98.86546325683594,76.08546447753906,123.77099609375,100.99099731445312,177.0764617919922,20260726
2023-08-05,EV,TCN,47.73899841308594,57.71483612060547,9.975837707519531,79.20600128173828,31.467002868652344,41.442840576171875,20260726
2023-08-06,EV,TCN,10.121999740600586,65.83808898925781,55.716087341308594,58.13300323486328,48.011003494262695,103.72709083557129,20260726
2023-08-07,EV,TCN,27.21200180053711,116.10050201416016,88.88850402832031,92.07901000976562,64.86700820922852,153.75551223754883,20260726
2023-08-08,EV,TCN,57.641998291015625,172.1171112060547,114.47511291503906,152.3249969482422,94.68299865722656,209.15811157226562,20260726
2023-08-09,EV,TCN,18.696001052856445,192.71807861328125,174.02207946777344,167.00201416015625,148.3060131072998,322.32809257507324,20260726
2023-08-10,EV,TCN,53.77100372314453,161.48106384277344,107.7100601196289,134.35000610351562,80.5790023803711,188.2890625,20260726
2023-08-11,EV,TCN,5.497000217437744,104.07698059082031,98.5799789428711,62.154998779296875,56.65799856185913,155.23797750473022,20260726
2023-08-12,EV,TCN,9.717000007629395,62.30314254760742,52.586143493652344,41.02900314331055,31.312003135681152,83.8981466293335,20260726
2023-08-13,EV,TCN,27.4010009765625,68.91172790527344,41.51072692871094,65.48699951171875,38.08599853515625,79.59672546386719,20260726
2023-08-14,EV,TCN,41.26499557495117,119.15790557861328,77.89291381835938,130.99200439453125,89.72700881958008,167.61992263793945,20260726
2023-08-15,EV,TCN,57.397003173828125,175.17181396484375,117.77481079101562,123.75299835205078,66.35599517822266,184.13080596923828,20260726
2023-08-16,EV,TCN,94.55499267578125,195.7539825439453,101.19898986816406,136.17799377441406,41.62300109863281,142.82199096679688,20260726
2023-08-17,EV,TCN,62.777000427246094,168.63125610351562,105.85425567626953,136.80101013183594,74.02400970458984,179.87826538085938,20260726
2023-08-18,EV,TCN,11.901000022888184,112.91002655029297,101.00902557373047,86.53099822998047,74.62999820709229,175.63902378082275,20260726
2023-08-19,EV,TCN,33.058998107910156,71.146728515625,38.087730407714844,88.4489974975586,55.38999938964844,93.47772979736328,20260726
2023-08-20,EV,TCN,0.0,77.85670471191406,77.85670471191406,0.0,0.0,77.85670471191406,20260726
2023-08-21,EV,TCN,17.55500030517578,126.34849548339844,108.79349517822266,66.0,48.44499969482422,157.23849487304688,20260726
2023-08-22,EV,TCN,3.1579999923706055,180.77474975585938,177.6167449951172,85.68599700927734,82.52799701690674,260.1447420120239,20260726
2023-08-23,EV,TCN,26.45600128173828,199.63308715820312,173.17709350585938,97.12699890136719,70.6709976196289,243.84809112548828,20260726
2023-08-24,EV,TCN,46.244998931884766,169.06524658203125,122.82025146484375,140.77200317382812,94.52700424194336,217.3472557067871,20260726
2023-08-25,EV,TCN,50.641998291015625,112.23927307128906,61.59727478027344,84.27300262451172,33.631004333496094,95.22827911376953,20260726
2023-08-26,EV,TCN,10.074000358581543,73.10157775878906,63.0275764465332,96.99600219726562,86.92200183868408,149.94957828521729,20260726
2023-08-27,EV,TCN,44.54800033569336,79.67242431640625,35.12442398071289,71.43399810791016,26.885997772216797,62.01042175292969,20260726
2023-08-28,EV,TCN,105.98500061035156,130.18194580078125,24.196945190429688,156.41000366210938,50.42500305175781,74.6219482421875,20260726
2023-08-29,EV,TCN,22.319000244140625,188.4322509765625,166.11325073242188,126.37200164794922,104.0530014038086,270.16625213623047,20260726
2023-08-30,EV,TCN,25.583999633789062,207.94073486328125,182.3567352294922,83.01100158691406,57.427001953125,239.7837371826172,20260726
2023-08-31,EV,TCN,30.01799964904785,175.83853149414062,145.82052612304688,162.50201416015625,132.4840145111084,278.3045406341553,20260726
2023-09-01,EV,TCN,25.600000381469727,116.22824096679688,90.62824249267578,148.77398681640625,123.17398643493652,213.8022289276123,20260726
2023-09-02,EV,TCN,0.0,74.41840362548828,74.41840362548828,36.35599899291992,36.35599899291992,110.7744026184082,20260726
2023-09-03,EV,TCN,5.257999897003174,79.34402465820312,74.08602142333984,50.1609992980957,44.90299940109253,118.98902082443237,20260726
2023-09-04,EV,TCN,5.604000091552734,128.8244171142578,123.22041320800781,38.178001403808594,32.57400131225586,155.79441452026367,20260726
2023-09-05,EV,TCN,34.91699981689453,183.01541137695312,148.09841918945312,79.94700622558594,45.030006408691406,193.12842559814453,20260726
2023-09-06,EV,TCN,45.624996185302734,202.84828186035156,157.22328186035156,116.67500305175781,71.05000686645508,228.27328872680664,20260726
2023-09-07,EV,TCN,52.51499938964844,172.9644775390625,120.44947814941406,135.46900939941406,82.95401000976562,203.4034881591797,20260726
2023-09-08,EV,TCN,6.215000152587891,116.08229064941406,109.86729431152344,110.70100402832031,104.48600387573242,214.35329818725586,20260726
2023-09-09,EV,TCN,14.732999801635742,74.1950454711914,59.46204376220703,40.48600387573242,25.75300407409668,85.21504783630371,20260726
2023-09-10,EV,TCN,8.602999687194824,80.44662475585938,71.8436279296875,79.18399047851562,70.5809907913208,142.4246187210083,20260726
2023-09-11,EV,TCN,33.66699981689453,128.81141662597656,95.14441680908203,37.2609977722168,3.5939979553222656,98.7384147644043,20260726
2023-09-12,EV,TCN,27.99199867248535,184.33421325683594,156.3422088623047,73.33300018310547,45.34100151062012,201.6832103729248,20260726
2023-09-13,EV,TCN,12.177999496459961,203.2591552734375,191.08116149902344,127.12799072265625,114.94999122619629,306.0311527252197,20260726
2023-09-14,EV,TCN,2.309999942779541,169.80712890625,167.49713134765625,41.83300018310547,39.52300024032593,207.02013158798218,20260726
2023-09-15,EV,TCN,5.942999839782715,109.88925170898438,103.94625091552734,84.25599670410156,78.31299686431885,182.2592477798462,20260726
2023-09-16,EV,TCN,0.0,67.75421905517578,67.75421905517578,85.61199188232422,85.61199188232422,153.3662109375,20260726
2023-09-17,EV,TCN,43.06300354003906,73.84944152832031,30.78643798828125,75.45500183105469,32.391998291015625,63.178436279296875,20260726
2023-09-18,EV,TCN,17.8439998626709,125.3849105834961,107.54090881347656,123.375,105.5310001373291,213.07190895080566,20260726
2023-09-19,EV,TCN,39.57099914550781,181.81895446777344,142.24795532226562,187.1219940185547,147.55099487304688,289.7989501953125,20260726
2023-09-20,EV,TCN,34.91600036621094,202.27755737304688,167.36155700683594,165.49400329589844,130.5780029296875,297.93955993652344,20260726
2023-09-21,EV,TCN,32.018001556396484,171.55638122558594,139.5383758544922,165.1409912109375,133.12298965454102,272.6613655090332,20260726
2023-09-22,EV,TCN,24.124000549316406,112.76008605957031,88.6360855102539,112.8330078125,88.7090072631836,177.3450927734375,20260726
2023-09-23,EV,TCN,0.0,69.48219299316406,69.48219299316406,105.82099914550781,105.82099914550781,175.30319213867188,20260726
2023-09-24,EV,TCN,32.084999084472656,74.80057525634766,42.715576171875,76.98600006103516,44.9010009765625,87.6165771484375,20260726
2023-09-25,EV,TCN,38.21699905395508,124.27166748046875,86.05467224121094,109.43299865722656,71.21599960327148,157.27067184448242,20260726
2023-09-26,EV,TCN,35.124000549316406,179.69052124023438,144.5665283203125,140.0360107421875,104.9120101928711,249.4785385131836,20260726
2023-09-27,EV,TCN,95.2760009765625,201.21505737304688,105.93905639648438,157.02700805664062,61.751007080078125,167.6900634765625,20260726
2023-09-28,EV,TCN,24.446998596191406,174.4691162109375,150.02212524414062,130.1590118408203,105.7120132446289,255.73413848876953,20260726
2023-09-29,EV,TCN,12.67300033569336,117.1418228149414,104.46882629394531,71.05000305175781,58.37700271606445,162.84582901000977,20260726
2023-09-30,EV,TCN,47.4640007019043,76.34253692626953,28.878536224365234,132.11199951171875,84.64799880981445,113.52653503417969,20260726
2023-07-01,EV,iTransformer,8.269000053405762,64.21163940429688,55.9426383972168,39.98400115966797,31.715001106262207,87.657639503479,20260726
2023-07-02,EV,iTransformer,25.868000030517578,66.85836791992188,40.9903678894043,84.92100524902344,59.05300521850586,100.04337310791016,20260726
2023-07-03,EV,iTransformer,41.68299865722656,111.50565338134766,69.8226547241211,121.43299865722656,79.75,149.5726547241211,20260726
2023-07-04,EV,iTransformer,0.0,155.1028594970703,155.1028594970703,16.437999725341797,16.437999725341797,171.5408592224121,20260726
2023-07-05,EV,iTransformer,46.48400115966797,163.07469177246094,116.59069061279297,112.5530014038086,66.06900024414062,182.6596908569336,20260726
2023-07-06,EV,iTransformer,16.927000045776367,133.26744079589844,116.34043884277344,133.0570068359375,116.13000679016113,232.47044563293457,20260726
2023-07-07,EV,iTransformer,28.83300018310547,97.00593566894531,68.17293548583984,94.96900177001953,66.13600158691406,134.3089370727539,20260726
2023-07-08,EV,iTransformer,11.701000213623047,55.51226043701172,43.81126022338867,50.14600372314453,38.445003509521484,82.25626373291016,20260726
2023-07-09,EV,iTransformer,0.0,63.749446868896484,63.749446868896484,27.32699966430664,27.32699966430664,91.07644653320312,20260726
2023-07-10,EV,iTransformer,39.33000183105469,110.7939224243164,71.46392059326172,78.30599975585938,38.97599792480469,110.4399185180664,20260726
2023-07-11,EV,iTransformer,47.58799743652344,144.48583984375,96.89784240722656,154.03500366210938,106.44700622558594,203.3448486328125,20260726
2023-07-12,EV,iTransformer,13.889999389648438,157.65191650390625,143.7619171142578,88.57099914550781,74.68099975585938,218.4429168701172,20260726
2023-07-13,EV,iTransformer,45.459999084472656,125.87188720703125,80.4118881225586,159.3000030517578,113.84000396728516,194.25189208984375,20260726
2023-07-14,EV,iTransformer,41.76300048828125,89.10838317871094,47.34538269042969,97.44499206542969,55.68199157714844,103.02737426757812,20260726
2023-07-15,EV,iTransformer,0.0,53.8287353515625,53.8287353515625,15.918999671936035,15.918999671936035,69.74773502349854,20260726
2023-07-16,EV,iTransformer,0.0,59.27088165283203,59.27088165283203,68.91900634765625,68.91900634765625,128.18988800048828,20260726
2023-07-17,EV,iTransformer,32.79600143432617,95.72795867919922,62.93195724487305,98.52300262451172,65.72700119018555,128.6589584350586,20260726
2023-07-18,EV,iTransformer,68.76300048828125,139.7964630126953,71.03346252441406,140.23199462890625,71.468994140625,142.50245666503906,20260726
2023-07-19,EV,iTransformer,40.73999786376953,154.33285522460938,113.59285736083984,90.96199798583984,50.22200012207031,163.81485748291016,20260726
2023-07-20,EV,iTransformer,17.759000778198242,125.42142486572266,107.66242218017578,129.85899353027344,112.0999927520752,219.76241493225098,20260726
2023-07-21,EV,iTransformer,7.895999908447266,80.33367919921875,72.43768310546875,94.1760025024414,86.28000259399414,158.7176856994629,20260726
2023-07-22,EV,iTransformer,11.82699966430664,49.05497741699219,37.22797775268555,49.152000427246094,37.32500076293945,74.552978515625,20260726
2023-07-23,EV,iTransformer,11.973999977111816,55.214996337890625,43.240997314453125,29.33799934387207,17.363999366760254,60.60499668121338,20260726
2023-07-24,EV,iTransformer,61.29399871826172,99.0272445678711,37.733245849609375,140.76300048828125,79.46900177001953,117.2022476196289,20260726
2023-07-25,EV,iTransformer,39.10099792480469,147.11044311523438,108.00944519042969,69.97699737548828,30.875999450683594,138.88544464111328,20260726
2023-07-26,EV,iTransformer,33.7140007019043,162.07765197753906,128.3636474609375,99.8080062866211,66.0940055847168,194.4576530456543,20260726
2023-07-27,EV,iTransformer,13.871999740600586,133.7898712158203,119.9178695678711,73.04100036621094,59.16900062561035,179.08687019348145,20260726
2023-07-28,EV,iTransformer,0.0,85.92558288574219,85.92558288574219,63.87099838256836,63.87099838256836,149.79658126831055,20260726
2023-07-29,EV,iTransformer,1.225000023841858,54.920284271240234,53.69528579711914,59.3489990234375,58.12399899959564,111.81928479671478,20260726
2023-07-30,EV,iTransformer,17.972999572753906,60.10101318359375,42.128013610839844,68.73100280761719,50.75800323486328,92.88601684570312,20260726
2023-07-31,EV,iTransformer,49.08700180053711,110.35610961914062,61.269107818603516,138.73300170898438,89.64599990844727,150.91510772705078,20260726
2023-08-01,EV,iTransformer,48.61899948120117,148.88336181640625,100.26435852050781,104.54399871826172,55.92499923706055,156.18935775756836,20260726
2023-08-02,EV,iTransformer,30.68899917602539,162.60751342773438,131.91851806640625,88.90299987792969,58.2140007019043,190.13251876831055,20260726
2023-08-03,EV,iTransformer,76.95100402832031,133.74761962890625,56.79661560058594,146.60800170898438,69.65699768066406,126.45361328125,20260726
2023-08-04,EV,iTransformer,22.779998779296875,93.3974380493164,70.61743927001953,123.77099609375,100.99099731445312,171.60843658447266,20260726
2023-08-05,EV,iTransformer,47.73899841308594,57.44775390625,9.708755493164062,79.20600128173828,31.467002868652344,41.175758361816406,20260726
2023-08-06,EV,iTransformer,10.121999740600586,70.9849624633789,60.86296081542969,58.13300323486328,48.011003494262695,108.87396430969238,20260726
2023-08-07,EV,iTransformer,27.21200180053711,113.76565551757812,86.55364990234375,92.07901000976562,64.86700820922852,151.42065811157227,20260726
2023-08-08,EV,iTransformer,57.641998291015625,160.5790557861328,102.93705749511719,152.3249969482422,94.68299865722656,197.62005615234375,20260726
2023-08-09,EV,iTransformer,18.696001052856445,175.15606689453125,156.46006774902344,167.00201416015625,148.3060131072998,304.76608085632324,20260726
2023-08-10,EV,iTransformer,53.77100372314453,147.63162231445312,93.8606185913086,134.35000610351562,80.5790023803711,174.4396209716797,20260726
2023-08-11,EV,iTransformer,5.497000217437744,97.91168212890625,92.41468048095703,62.154998779296875,56.65799856185913,149.07267904281616,20260726
2023-08-12,EV,iTransformer,9.717000007629395,67.36273956298828,57.6457405090332,41.02900314331055,31.312003135681152,88.95774364471436,20260726
2023-08-13,EV,iTransformer,27.4010009765625,71.15068817138672,43.74968719482422,65.48699951171875,38.08599853515625,81.83568572998047,20260726
2023-08-14,EV,iTransformer,41.26499557495117,117.14860534667969,75.88360595703125,130.99200439453125,89.72700881958008,165.61061477661133,20260726
2023-08-15,EV,iTransformer,57.397003173828125,160.8917236328125,103.49472045898438,123.75299835205078,66.35599517822266,169.85071563720703,20260726
2023-08-16,EV,iTransformer,94.55499267578125,174.80654907226562,80.25155639648438,136.17799377441406,41.62300109863281,121.87455749511719,20260726
2023-08-17,EV,iTransformer,62.777000427246094,156.6619415283203,93.88494110107422,136.80101013183594,74.02400970458984,167.90895080566406,20260726
2023-08-18,EV,iTransformer,11.901000022888184,102.8702392578125,90.96923828125,86.53099822998047,74.62999820709229,165.59923648834229,20260726
2023-08-19,EV,iTransformer,33.058998107910156,72.89540100097656,39.836402893066406,88.4489974975586,55.38999938964844,95.22640228271484,20260726
2023-08-20,EV,iTransformer,0.0,83.60594177246094,83.60594177246094,0.0,0.0,83.60594177246094,20260726
2023-08-21,EV,iTransformer,17.55500030517578,126.25617218017578,108.701171875,66.0,48.44499969482422,157.14617156982422,20260726
2023-08-22,EV,iTransformer,3.1579999923706055,165.90138244628906,162.74337768554688,85.68599700927734,82.52799701690674,245.2713747024536,20260726
2023-08-23,EV,iTransformer,26.45600128173828,176.5320281982422,150.07601928710938,97.12699890136719,70.6709976196289,220.74701690673828,20260726
2023-08-24,EV,iTransformer,46.244998931884766,146.6872100830078,100.44221496582031,140.77200317382812,94.52700424194336,194.96921920776367,20260726
2023-08-25,EV,iTransformer,50.641998291015625,99.5976333618164,48.95563507080078,84.27300262451172,33.631004333496094,82.58663940429688,20260726
2023-08-26,EV,iTransformer,10.074000358581543,70.20600891113281,60.13200759887695,96.99600219726562,86.92200183868408,147.05400943756104,20260726
2023-08-27,EV,iTransformer,44.54800033569336,78.97695922851562,34.428958892822266,71.43399810791016,26.885997772216797,61.31495666503906,20260726
2023-08-28,EV,iTransformer,105.98500061035156,124.31282043457031,18.32781982421875,156.41000366210938,50.42500305175781,68.75282287597656,20260726
2023-08-29,EV,iTransformer,22.319000244140625,175.7509002685547,153.43190002441406,126.37200164794922,104.0530014038086,257.48490142822266,20260726
2023-08-30,EV,iTransformer,25.583999633789062,187.3301239013672,161.74612426757812,83.01100158691406,57.427001953125,219.17312622070312,20260726
2023-08-31,EV,iTransformer,30.01799964904785,155.76193237304688,125.74393463134766,162.50201416015625,132.4840145111084,258.22794914245605,20260726
2023-09-01,EV,iTransformer,25.600000381469727,109.50439453125,83.9043960571289,148.77398681640625,123.17398643493652,207.07838249206543,20260726
2023-09-02,EV,iTransformer,0.0,72.48458862304688,72.48458862304688,36.35599899291992,36.35599899291992,108.8405876159668,20260726
2023-09-03,EV,iTransformer,5.257999897003174,80.35372161865234,75.09571838378906,50.1609992980957,44.90299940109253,119.99871778488159,20260726
2023-09-04,EV,iTransformer,5.604000091552734,126.3704605102539,120.76646423339844,38.178001403808594,32.57400131225586,153.3404655456543,20260726
2023-09-05,EV,iTransformer,34.91699981689453,160.50758361816406,125.59058380126953,79.94700622558594,45.030006408691406,170.62059020996094,20260726
2023-09-06,EV,iTransformer,45.624996185302734,174.519775390625,128.894775390625,116.67500305175781,71.05000686645508,199.94478225708008,20260726
2023-09-07,EV,iTransformer,52.51499938964844,149.83226013183594,97.3172607421875,135.46900939941406,82.95401000976562,180.27127075195312,20260726
2023-09-08,EV,iTransformer,6.215000152587891,107.3249282836914,101.10992431640625,110.70100402832031,104.48600387573242,205.59592819213867,20260726
2023-09-09,EV,iTransformer,14.732999801635742,69.287841796875,54.554840087890625,40.48600387573242,25.75300407409668,80.3078441619873,20260726
2023-09-10,EV,iTransformer,8.602999687194824,84.23677062988281,75.63377380371094,79.18399047851562,70.5809907913208,146.21476459503174,20260726
2023-09-11,EV,iTransformer,33.66699981689453,123.63532257080078,89.96832275390625,37.2609977722168,3.5939979553222656,93.56232070922852,20260726
2023-09-12,EV,iTransformer,27.99199867248535,168.533447265625,140.54144287109375,73.33300018310547,45.34100151062012,185.88244438171387,20260726
2023-09-13,EV,iTransformer,12.177999496459961,182.13633728027344,169.95834350585938,127.12799072265625,114.94999122619629,284.90833473205566,20260726
2023-09-14,EV,iTransformer,2.309999942779541,149.10435485839844,146.7943572998047,41.83300018310547,39.52300024032593,186.31735754013062,20260726
2023-09-15,EV,iTransformer,5.942999839782715,100.02976989746094,94.0867691040039,84.25599670410156,78.31299686431885,172.39976596832275,20260726
2023-09-16,EV,iTransformer,0.0,67.63201904296875,67.63201904296875,85.61199188232422,85.61199188232422,153.24401092529297,20260726
2023-09-17,EV,iTransformer,43.06300354003906,69.82368469238281,26.76068115234375,75.45500183105469,32.391998291015625,59.152679443359375,20260726
2023-09-18,EV,iTransformer,17.8439998626709,121.07278442382812,103.2287826538086,123.375,105.5310001373291,208.7597827911377,20260726
2023-09-19,EV,iTransformer,39.57099914550781,161.89901733398438,122.32801818847656,187.1219940185547,147.55099487304688,269.87901306152344,20260726
2023-09-20,EV,iTransformer,34.91600036621094,170.17417907714844,135.2581787109375,165.49400329589844,130.5780029296875,265.836181640625,20260726
2023-09-21,EV,iTransformer,32.018001556396484,145.63218688964844,113.61418151855469,165.1409912109375,133.12298965454102,246.7371711730957,20260726
2023-09-22,EV,iTransformer,24.124000549316406,100.25042724609375,76.12642669677734,112.8330078125,88.7090072631836,164.83543395996094,20260726
2023-09-23,EV,iTransformer,0.0,66.23088073730469,66.23088073730469,105.82099914550781,105.82099914550781,172.0518798828125,20260726
2023-09-24,EV,iTransformer,32.084999084472656,76.57611083984375,44.491111755371094,76.98600006103516,44.9010009765625,89.3921127319336,20260726
2023-09-25,EV,iTransformer,38.21699905395508,120.32198333740234,82.10498046875,109.43299865722656,71.21599960327148,153.32098007202148,20260726
2023-09-26,EV,iTransformer,35.124000549316406,162.533935546875,127.4099349975586,140.0360107421875,104.9120101928711,232.3219451904297,20260726
2023-09-27,EV,iTransformer,95.2760009765625,180.3038787841797,85.02787780761719,157.02700805664062,61.751007080078125,146.7788848876953,20260726
2023-09-28,EV,iTransformer,24.446998596191406,157.89907836914062,133.45208740234375,130.1590118408203,105.7120132446289,239.16410064697266,20260726
2023-09-29,EV,iTransformer,12.67300033569336,108.53593444824219,95.86293029785156,71.05000305175781,58.37700271606445,154.23993301391602,20260726
2023-09-30,EV,iTransformer,47.4640007019043,78.44446563720703,30.980464935302734,132.11199951171875,84.64799880981445,115.62846374511719,20260726
2023-07-01,ChargerMatched,SeasonalNaive,8.269000053405762,0.0,8.269000053405762,39.98400115966797,nan,nan,20260726
2023-07-02,ChargerMatched,SeasonalNaive,25.868000030517578,8.017000198364258,17.85099983215332,84.92100524902344,nan,nan,20260726
2023-07-03,ChargerMatched,SeasonalNaive,41.68299865722656,5.919000148773193,35.763999938964844,121.43299865722656,nan,nan,20260726
2023-07-04,ChargerMatched,SeasonalNaive,0.0,32.20100021362305,32.20100021362305,16.437999725341797,nan,nan,20260726
2023-07-05,ChargerMatched,SeasonalNaive,46.48400115966797,5.961999893188477,40.522003173828125,112.5530014038086,nan,nan,20260726
2023-07-06,ChargerMatched,SeasonalNaive,16.927000045776367,3.371999979019165,13.555000305175781,133.0570068359375,nan,nan,20260726
2023-07-07,ChargerMatched,SeasonalNaive,28.83300018310547,66.76300048828125,37.93000030517578,94.96900177001953,nan,nan,20260726
2023-07-08,ChargerMatched,SeasonalNaive,11.701000213623047,8.269000053405762,3.432000160217285,50.14600372314453,nan,nan,20260726
2023-07-09,ChargerMatched,SeasonalNaive,0.0,25.868000030517578,25.868000030517578,27.32699966430664,nan,nan,20260726
2023-07-10,ChargerMatched,SeasonalNaive,39.33000183105469,41.68299865722656,2.352996826171875,78.30599975585938,nan,nan,20260726
2023-07-11,ChargerMatched,SeasonalNaive,47.58799743652344,0.0,47.58799743652344,154.03500366210938,nan,nan,20260726
2023-07-12,ChargerMatched,SeasonalNaive,13.889999389648438,46.48400115966797,32.59400177001953,88.57099914550781,nan,nan,20260726
2023-07-13,ChargerMatched,SeasonalNaive,45.45999526977539,16.927000045776367,28.532995223999023,159.3000030517578,nan,nan,20260726
2023-07-14,ChargerMatched,SeasonalNaive,41.76300048828125,28.83300018310547,12.930000305175781,97.44499206542969,nan,nan,20260726
2023-07-15,ChargerMatched,SeasonalNaive,0.0,11.701000213623047,11.701000213623047,15.918999671936035,nan,nan,20260726
2023-07-16,ChargerMatched,SeasonalNaive,0.0,0.0,0.0,68.91900634765625,nan,nan,20260726
2023-07-17,ChargerMatched,SeasonalNaive,32.79600143432617,39.33000183105469,6.534000396728516,98.52300262451172,nan,nan,20260726
2023-07-18,ChargerMatched,SeasonalNaive,68.76300048828125,47.58799743652344,21.175003051757812,140.23199462890625,nan,nan,20260726
2023-07-19,ChargerMatched,SeasonalNaive,40.73999786376953,13.889999389648438,26.849998474121094,90.96199798583984,nan,nan,20260726
2023-07-20,ChargerMatched,SeasonalNaive,17.759000778198242,45.45999526977539,27.70099449157715,129.85899353027344,nan,nan,20260726
2023-07-21,ChargerMatched,SeasonalNaive,7.895999908447266,41.76300048828125,33.867000579833984,94.1760025024414,nan,nan,20260726
2023-07-22,ChargerMatched,SeasonalNaive,11.82699966430664,0.0,11.82699966430664,49.152000427246094,nan,nan,20260726
2023-07-23,ChargerMatched,SeasonalNaive,11.973999977111816,0.0,11.973999977111816,29.33799934387207,nan,nan,20260726
2023-07-24,ChargerMatched,SeasonalNaive,61.29399871826172,32.79600143432617,28.497997283935547,140.76300048828125,nan,nan,20260726
2023-07-25,ChargerMatched,SeasonalNaive,39.10100173950195,68.76300048828125,29.661998748779297,69.97699737548828,nan,nan,20260726
2023-07-26,ChargerMatched,SeasonalNaive,33.7140007019043,40.73999786376953,7.025997161865234,99.8080062866211,nan,nan,20260726
2023-07-27,ChargerMatched,SeasonalNaive,13.871999740600586,17.759000778198242,3.8870010375976562,73.04100036621094,nan,nan,20260726
2023-07-28,ChargerMatched,SeasonalNaive,0.0,7.895999908447266,7.895999908447266,63.87099838256836,nan,nan,20260726
2023-07-29,ChargerMatched,SeasonalNaive,1.225000023841858,11.82699966430664,10.601999282836914,59.3489990234375,nan,nan,20260726
2023-07-30,ChargerMatched,SeasonalNaive,17.972999572753906,11.973999977111816,5.99899959564209,68.73100280761719,nan,nan,20260726
2023-07-31,ChargerMatched,SeasonalNaive,49.086997985839844,61.29399871826172,12.207000732421875,138.73300170898438,nan,nan,20260726
2023-08-01,ChargerMatched,SeasonalNaive,48.61899948120117,39.10100173950195,9.517997741699219,104.54399871826172,nan,nan,20260726
2023-08-02,ChargerMatched,SeasonalNaive,30.68899917602539,33.7140007019043,3.0250015258789062,88.90299987792969,nan,nan,20260726
2023-08-03,ChargerMatched,SeasonalNaive,76.95099639892578,13.871999740600586,63.07899475097656,146.60800170898438,nan,nan,20260726
2023-08-04,ChargerMatched,SeasonalNaive,22.779998779296875,0.0,22.779998779296875,123.77099609375,nan,nan,20260726
2023-08-05,ChargerMatched,SeasonalNaive,47.73899841308594,1.225000023841858,46.513999938964844,79.20600128173828,nan,nan,20260726
2023-08-06,ChargerMatched,SeasonalNaive,10.121999740600586,17.972999572753906,7.85099983215332,58.13300323486328,nan,nan,20260726
2023-08-07,ChargerMatched,SeasonalNaive,27.21200180053711,49.086997985839844,21.874996185302734,92.07901000976562,nan,nan,20260726
2023-08-08,ChargerMatched,SeasonalNaive,57.641998291015625,48.61899948120117,9.022998809814453,152.3249969482422,nan,nan,20260726
2023-08-09,ChargerMatched,SeasonalNaive,18.696001052856445,30.68899917602539,11.992998123168945,167.00201416015625,nan,nan,20260726
2023-08-10,ChargerMatched,SeasonalNaive,53.770999908447266,76.95099639892578,23.179996490478516,134.35000610351562,nan,nan,20260726
2023-08-11,ChargerMatched,SeasonalNaive,5.497000217437744,22.779998779296875,17.28299903869629,62.154998779296875,nan,nan,20260726
2023-08-12,ChargerMatched,SeasonalNaive,9.717000007629395,47.73899841308594,38.02199935913086,41.02900314331055,nan,nan,20260726
2023-08-13,ChargerMatched,SeasonalNaive,27.4010009765625,10.121999740600586,17.279001235961914,65.48699951171875,nan,nan,20260726
2023-08-14,ChargerMatched,SeasonalNaive,41.26499938964844,27.21200180053711,14.052997589111328,130.99200439453125,nan,nan,20260726
2023-08-15,ChargerMatched,SeasonalNaive,57.397003173828125,57.641998291015625,0.2449951171875,123.75299835205078,nan,nan,20260726
2023-08-16,ChargerMatched,SeasonalNaive,94.55500030517578,18.696001052856445,75.85900115966797,136.17799377441406,nan,nan,20260726
2023-08-17,ChargerMatched,SeasonalNaive,62.777000427246094,53.770999908447266,9.006000518798828,136.80101013183594,nan,nan,20260726
2023-08-18,ChargerMatched,SeasonalNaive,11.901000022888184,5.497000217437744,6.4039998054504395,86.53099822998047,nan,nan,20260726
2023-08-19,ChargerMatched,SeasonalNaive,33.058998107910156,9.717000007629395,23.341999053955078,88.4489974975586,nan,nan,20260726
2023-08-20,ChargerMatched,SeasonalNaive,0.0,27.4010009765625,27.4010009765625,0.0,nan,nan,20260726
2023-08-21,ChargerMatched,SeasonalNaive,17.55500030517578,41.26499938964844,23.709999084472656,66.0,nan,nan,20260726
2023-08-22,ChargerMatched,SeasonalNaive,3.1579999923706055,57.397003173828125,54.2390022277832,85.68599700927734,nan,nan,20260726
2023-08-23,ChargerMatched,SeasonalNaive,26.45600128173828,94.55500030517578,68.0989990234375,97.12699890136719,nan,nan,20260726
2023-08-24,ChargerMatched,SeasonalNaive,46.24500274658203,62.777000427246094,16.531997680664062,140.77200317382812,nan,nan,20260726
2023-08-25,ChargerMatched,SeasonalNaive,50.641998291015625,11.901000022888184,38.740997314453125,84.27300262451172,nan,nan,20260726
2023-08-26,ChargerMatched,SeasonalNaive,10.074000358581543,33.058998107910156,22.984996795654297,96.99600219726562,nan,nan,20260726
2023-08-27,ChargerMatched,SeasonalNaive,44.54800033569336,0.0,44.54800033569336,71.43399810791016,nan,nan,20260726
2023-08-28,ChargerMatched,SeasonalNaive,105.98500061035156,17.55500030517578,88.43000030517578,156.41000366210938,nan,nan,20260726
2023-08-29,ChargerMatched,SeasonalNaive,22.319000244140625,3.1579999923706055,19.160999298095703,126.37200164794922,nan,nan,20260726
2023-08-30,ChargerMatched,SeasonalNaive,25.583999633789062,26.45600128173828,0.8720016479492188,83.01100158691406,nan,nan,20260726
2023-08-31,ChargerMatched,SeasonalNaive,30.01799964904785,46.24500274658203,16.22700309753418,162.50201416015625,nan,nan,20260726
2023-09-01,ChargerMatched,SeasonalNaive,25.600000381469727,50.641998291015625,25.0419979095459,148.77398681640625,nan,nan,20260726
2023-09-02,ChargerMatched,SeasonalNaive,0.0,10.074000358581543,10.074000358581543,36.35599899291992,nan,nan,20260726
2023-09-03,ChargerMatched,SeasonalNaive,5.257999897003174,44.54800033569336,39.290000915527344,50.1609992980957,nan,nan,20260726
2023-09-04,ChargerMatched,SeasonalNaive,5.604000091552734,105.98500061035156,100.38099670410156,38.178001403808594,nan,nan,20260726
2023-09-05,ChargerMatched,SeasonalNaive,34.91699981689453,22.319000244140625,12.597999572753906,79.94700622558594,nan,nan,20260726
2023-09-06,ChargerMatched,SeasonalNaive,45.624996185302734,25.583999633789062,20.040996551513672,116.67500305175781,nan,nan,20260726
2023-09-07,ChargerMatched,SeasonalNaive,52.51499938964844,30.01799964904785,22.496999740600586,135.46900939941406,nan,nan,20260726
2023-09-08,ChargerMatched,SeasonalNaive,6.215000152587891,25.600000381469727,19.385000228881836,110.70100402832031,nan,nan,20260726
2023-09-09,ChargerMatched,SeasonalNaive,14.732999801635742,0.0,14.732999801635742,40.48600387573242,nan,nan,20260726
2023-09-10,ChargerMatched,SeasonalNaive,8.602999687194824,5.257999897003174,3.3449997901916504,79.18399047851562,nan,nan,20260726
2023-09-11,ChargerMatched,SeasonalNaive,33.66699981689453,5.604000091552734,28.062999725341797,37.2609977722168,nan,nan,20260726
2023-09-12,ChargerMatched,SeasonalNaive,27.992000579833984,34.91699981689453,6.924999237060547,73.33300018310547,nan,nan,20260726
2023-09-13,ChargerMatched,SeasonalNaive,12.177999496459961,45.624996185302734,33.446998596191406,127.12799072265625,nan,nan,20260726
2023-09-14,ChargerMatched,SeasonalNaive,2.309999942779541,52.51499938964844,50.20499801635742,41.83300018310547,nan,nan,20260726
2023-09-15,ChargerMatched,SeasonalNaive,5.942999839782715,6.215000152587891,0.2720003128051758,84.25599670410156,nan,nan,20260726
2023-09-16,ChargerMatched,SeasonalNaive,0.0,14.732999801635742,14.732999801635742,85.61199188232422,nan,nan,20260726
2023-09-17,ChargerMatched,SeasonalNaive,43.06300354003906,8.602999687194824,34.46000289916992,75.45500183105469,nan,nan,20260726
2023-09-18,ChargerMatched,SeasonalNaive,17.8439998626709,33.66699981689453,15.822999954223633,123.375,nan,nan,20260726
2023-09-19,ChargerMatched,SeasonalNaive,39.57099914550781,27.992000579833984,11.578998565673828,187.1219940185547,nan,nan,20260726
2023-09-20,ChargerMatched,SeasonalNaive,34.91600036621094,12.177999496459961,22.738000869750977,165.49400329589844,nan,nan,20260726
2023-09-21,ChargerMatched,SeasonalNaive,32.01799774169922,2.309999942779541,29.707998275756836,165.1409912109375,nan,nan,20260726
2023-09-22,ChargerMatched,SeasonalNaive,24.124000549316406,5.942999839782715,18.180999755859375,112.8330078125,nan,nan,20260726
2023-09-23,ChargerMatched,SeasonalNaive,0.0,0.0,0.0,105.82099914550781,nan,nan,20260726
2023-09-24,ChargerMatched,SeasonalNaive,32.084999084472656,43.06300354003906,10.978004455566406,76.98600006103516,nan,nan,20260726
2023-09-25,ChargerMatched,SeasonalNaive,38.21699905395508,17.8439998626709,20.37299919128418,109.43299865722656,nan,nan,20260726
2023-09-26,ChargerMatched,SeasonalNaive,35.124000549316406,39.57099914550781,4.446998596191406,140.0360107421875,nan,nan,20260726
2023-09-27,ChargerMatched,SeasonalNaive,95.2760009765625,34.91600036621094,60.36000061035156,157.02700805664062,nan,nan,20260726
2023-09-28,ChargerMatched,SeasonalNaive,24.44700050354004,32.01799774169922,7.57099723815918,130.1590118408203,nan,nan,20260726
2023-09-29,ChargerMatched,SeasonalNaive,12.67300033569336,24.124000549316406,11.451000213623047,71.05000305175781,nan,nan,20260726
2023-09-30,ChargerMatched,SeasonalNaive,47.46399688720703,0.0,47.46399688720703,132.11199951171875,nan,nan,20260726
2023-07-01,ChargerMatched,Ridge,8.269000053405762,26.67791175842285,18.408912658691406,39.98400115966797,nan,nan,20260726
2023-07-02,ChargerMatched,Ridge,25.868000030517578,26.315898895263672,0.44789886474609375,84.92100524902344,nan,nan,20260726
2023-07-03,ChargerMatched,Ridge,41.68299865722656,26.56706428527832,15.115934371948242,121.43299865722656,nan,nan,20260726
2023-07-04,ChargerMatched,Ridge,0.0,54.14051818847656,54.14051818847656,16.437999725341797,nan,nan,20260726
2023-07-05,ChargerMatched,Ridge,46.48400115966797,40.82874298095703,5.6552581787109375,112.5530014038086,nan,nan,20260726
2023-07-06,ChargerMatched,Ridge,16.927000045776367,49.1417350769043,32.21473693847656,133.0570068359375,nan,nan,20260726
2023-07-07,ChargerMatched,Ridge,28.83300018310547,43.13360595703125,14.300605773925781,94.96900177001953,nan,nan,20260726
2023-07-08,ChargerMatched,Ridge,11.701000213623047,17.90630340576172,6.205303192138672,50.14600372314453,nan,nan,20260726
2023-07-09,ChargerMatched,Ridge,0.0,19.875389099121094,19.875389099121094,27.32699966430664,nan,nan,20260726
2023-07-10,ChargerMatched,Ridge,39.33000183105469,43.58845901489258,4.258457183837891,78.30599975585938,nan,nan,20260726
2023-07-11,ChargerMatched,Ridge,47.58799743652344,34.98167419433594,12.6063232421875,154.03500366210938,nan,nan,20260726
2023-07-12,ChargerMatched,Ridge,13.889999389648438,51.79686737060547,37.90686798095703,88.57099914550781,nan,nan,20260726
2023-07-13,ChargerMatched,Ridge,45.45999526977539,26.818580627441406,18.641414642333984,159.3000030517578,nan,nan,20260726
2023-07-14,ChargerMatched,Ridge,41.76300048828125,36.077964782714844,5.685035705566406,97.44499206542969,nan,nan,20260726
2023-07-15,ChargerMatched,Ridge,0.0,16.6174373626709,16.6174373626709,15.918999671936035,nan,nan,20260726
2023-07-16,ChargerMatched,Ridge,0.0,28.444393157958984,28.444393157958984,68.91900634765625,nan,nan,20260726
2023-07-17,ChargerMatched,Ridge,32.79600143432617,32.825679779052734,0.0296783447265625,98.52300262451172,nan,nan,20260726
2023-07-18,ChargerMatched,Ridge,68.76300048828125,56.748634338378906,12.014366149902344,140.23199462890625,nan,nan,20260726
2023-07-19,ChargerMatched,Ridge,40.73999786376953,49.459510803222656,8.719512939453125,90.96199798583984,nan,nan,20260726
2023-07-20,ChargerMatched,Ridge,17.759000778198242,38.54360580444336,20.784605026245117,129.85899353027344,nan,nan,20260726
2023-07-21,ChargerMatched,Ridge,7.895999908447266,37.7878303527832,29.891830444335938,94.1760025024414,nan,nan,20260726
2023-07-22,ChargerMatched,Ridge,11.82699966430664,20.009458541870117,8.182458877563477,49.152000427246094,nan,nan,20260726
2023-07-23,ChargerMatched,Ridge,11.973999977111816,20.70265007019043,8.728650093078613,29.33799934387207,nan,nan,20260726
2023-07-24,ChargerMatched,Ridge,61.29399871826172,36.22037124633789,25.073627471923828,140.76300048828125,nan,nan,20260726
2023-07-25,ChargerMatched,Ridge,39.10100173950195,55.95750427246094,16.856502532958984,69.97699737548828,nan,nan,20260726
2023-07-26,ChargerMatched,Ridge,33.7140007019043,45.46480178833008,11.750801086425781,99.8080062866211,nan,nan,20260726
2023-07-27,ChargerMatched,Ridge,13.871999740600586,41.9027214050293,28.03072166442871,73.04100036621094,nan,nan,20260726
2023-07-28,ChargerMatched,Ridge,0.0,28.03293228149414,28.03293228149414,63.87099838256836,nan,nan,20260726
2023-07-29,ChargerMatched,Ridge,1.225000023841858,11.796440124511719,10.571439743041992,59.3489990234375,nan,nan,20260726
2023-07-30,ChargerMatched,Ridge,17.972999572753906,17.063024520874023,0.9099750518798828,68.73100280761719,nan,nan,20260726
2023-07-31,ChargerMatched,Ridge,49.086997985839844,47.28074645996094,1.8062515258789062,138.73300170898438,nan,nan,20260726
2023-08-01,ChargerMatched,Ridge,48.61899948120117,60.370304107666016,11.751304626464844,104.54399871826172,nan,nan,20260726
2023-08-02,ChargerMatched,Ridge,30.68899917602539,55.53339767456055,24.844398498535156,88.90299987792969,nan,nan,20260726
2023-08-03,ChargerMatched,Ridge,76.95099639892578,42.96830368041992,33.98269271850586,146.60800170898438,nan,nan,20260726
2023-08-04,ChargerMatched,Ridge,22.779998779296875,26.542346954345703,3.762348175048828,123.77099609375,nan,nan,20260726
2023-08-05,ChargerMatched,Ridge,47.73899841308594,29.080129623413086,18.65886878967285,79.20600128173828,nan,nan,20260726
2023-08-06,ChargerMatched,Ridge,10.121999740600586,25.798112869262695,15.67611312866211,58.13300323486328,nan,nan,20260726
2023-08-07,ChargerMatched,Ridge,27.21200180053711,51.48432159423828,24.272319793701172,92.07901000976562,nan,nan,20260726
2023-08-08,ChargerMatched,Ridge,57.641998291015625,57.895050048828125,0.2530517578125,152.3249969482422,nan,nan,20260726
2023-08-09,ChargerMatched,Ridge,18.696001052856445,57.665077209472656,38.969078063964844,167.00201416015625,nan,nan,20260726
2023-08-10,ChargerMatched,Ridge,53.770999908447266,41.649513244628906,12.12148666381836,134.35000610351562,nan,nan,20260726
2023-08-11,ChargerMatched,Ridge,5.497000217437744,40.28921127319336,34.79220962524414,62.154998779296875,nan,nan,20260726
2023-08-12,ChargerMatched,Ridge,9.717000007629395,28.55446434020996,18.83746337890625,41.02900314331055,nan,nan,20260726
2023-08-13,ChargerMatched,Ridge,27.4010009765625,36.17375946044922,8.772758483886719,65.48699951171875,nan,nan,20260726
2023-08-14,ChargerMatched,Ridge,41.26499938964844,55.23027038574219,13.96527099609375,130.99200439453125,nan,nan,20260726
2023-08-15,ChargerMatched,Ridge,57.397003173828125,60.40608215332031,3.0090789794921875,123.75299835205078,nan,nan,20260726
2023-08-16,ChargerMatched,Ridge,94.55500030517578,52.08981704711914,42.46518325805664,136.17799377441406,nan,nan,20260726
2023-08-17,ChargerMatched,Ridge,62.777000427246094,59.91163635253906,2.8653640747070312,136.80101013183594,nan,nan,20260726
2023-08-18,ChargerMatched,Ridge,11.901000022888184,25.23619842529297,13.335198402404785,86.53099822998047,nan,nan,20260726
2023-08-19,ChargerMatched,Ridge,33.058998107910156,36.8298454284668,3.7708473205566406,88.4489974975586,nan,nan,20260726
2023-08-20,ChargerMatched,Ridge,0.0,34.500144958496094,34.500144958496094,0.0,nan,nan,20260726
2023-08-21,ChargerMatched,Ridge,17.55500030517578,52.36936569213867,34.81436538696289,66.0,nan,nan,20260726
2023-08-22,ChargerMatched,Ridge,3.1579999923706055,61.4902458190918,58.332244873046875,85.68599700927734,nan,nan,20260726
2023-08-23,ChargerMatched,Ridge,26.45600128173828,59.889320373535156,33.433319091796875,97.12699890136719,nan,nan,20260726
2023-08-24,ChargerMatched,Ridge,46.24500274658203,56.85235595703125,10.607353210449219,140.77200317382812,nan,nan,20260726
2023-08-25,ChargerMatched,Ridge,50.641998291015625,25.716014862060547,24.925983428955078,84.27300262451172,nan,nan,20260726
2023-08-26,ChargerMatched,Ridge,10.074000358581543,40.673641204833984,30.599639892578125,96.99600219726562,nan,nan,20260726
2023-08-27,ChargerMatched,Ridge,44.54800033569336,29.3557071685791,15.192293167114258,71.43399810791016,nan,nan,20260726
2023-08-28,ChargerMatched,Ridge,105.98500061035156,56.05550003051758,49.929500579833984,156.41000366210938,nan,nan,20260726
2023-08-29,ChargerMatched,Ridge,22.319000244140625,58.61181640625,36.292816162109375,126.37200164794922,nan,nan,20260726
2023-08-30,ChargerMatched,Ridge,25.583999633789062,64.53915405273438,38.95515441894531,83.01100158691406,nan,nan,20260726
2023-08-31,ChargerMatched,Ridge,30.01799964904785,50.06895446777344,20.050954818725586,162.50201416015625,nan,nan,20260726
2023-09-01,ChargerMatched,Ridge,25.600000381469727,45.83036804199219,20.23036766052246,148.77398681640625,nan,nan,20260726
2023-09-02,ChargerMatched,Ridge,0.0,21.011959075927734,21.011959075927734,36.35599899291992,nan,nan,20260726
2023-09-03,ChargerMatched,Ridge,5.257999897003174,32.22183609008789,26.963836669921875,50.1609992980957,nan,nan,20260726
2023-09-04,ChargerMatched,Ridge,5.604000091552734,51.330467224121094,45.72646713256836,38.178001403808594,nan,nan,20260726
2023-09-05,ChargerMatched,Ridge,34.91699981689453,42.678951263427734,7.761951446533203,79.94700622558594,nan,nan,20260726
2023-09-06,ChargerMatched,Ridge,45.624996185302734,60.307796478271484,14.68280029296875,116.67500305175781,nan,nan,20260726
2023-09-07,ChargerMatched,Ridge,52.51499938964844,55.05550765991211,2.540508270263672,135.46900939941406,nan,nan,20260726
2023-09-08,ChargerMatched,Ridge,6.215000152587891,52.854488372802734,46.639488220214844,110.70100402832031,nan,nan,20260726
2023-09-09,ChargerMatched,Ridge,14.732999801635742,17.326093673706055,2.5930938720703125,40.48600387573242,nan,nan,20260726
2023-09-10,ChargerMatched,Ridge,8.602999687194824,35.65937423706055,27.056373596191406,79.18399047851562,nan,nan,20260726
2023-09-11,ChargerMatched,Ridge,33.66699981689453,48.03141784667969,14.364418029785156,37.2609977722168,nan,nan,20260726
2023-09-12,ChargerMatched,Ridge,27.992000579833984,65.16232299804688,37.17032241821289,73.33300018310547,nan,nan,20260726
2023-09-13,ChargerMatched,Ridge,12.177999496459961,56.729469299316406,44.55146789550781,127.12799072265625,nan,nan,20260726
2023-09-14,ChargerMatched,Ridge,2.309999942779541,49.44002914428711,47.130027770996094,41.83300018310547,nan,nan,20260726
2023-09-15,ChargerMatched,Ridge,5.942999839782715,27.95326805114746,22.010269165039062,84.25599670410156,nan,nan,20260726
2023-09-16,ChargerMatched,Ridge,0.0,24.149938583374023,24.149938583374023,85.61199188232422,nan,nan,20260726
2023-09-17,ChargerMatched,Ridge,43.06300354003906,24.154111862182617,18.908891677856445,75.45500183105469,nan,nan,20260726
2023-09-18,ChargerMatched,Ridge,17.8439998626709,40.53334426879883,22.68934440612793,123.375,nan,nan,20260726
2023-09-19,ChargerMatched,Ridge,39.57099914550781,61.18602752685547,21.615028381347656,187.1219940185547,nan,nan,20260726
2023-09-20,ChargerMatched,Ridge,34.91600036621094,51.76805877685547,16.85205841064453,165.49400329589844,nan,nan,20260726
2023-09-21,ChargerMatched,Ridge,32.01799774169922,58.256103515625,26.23810577392578,165.1409912109375,nan,nan,20260726
2023-09-22,ChargerMatched,Ridge,24.124000549316406,35.825401306152344,11.701400756835938,112.8330078125,nan,nan,20260726
2023-09-23,ChargerMatched,Ridge,0.0,29.98980712890625,29.98980712890625,105.82099914550781,nan,nan,20260726
2023-09-24,ChargerMatched,Ridge,32.084999084472656,32.44951248168945,0.3645133972167969,76.98600006103516,nan,nan,20260726
2023-09-25,ChargerMatched,Ridge,38.21699905395508,62.49898910522461,24.28199005126953,109.43299865722656,nan,nan,20260726
2023-09-26,ChargerMatched,Ridge,35.124000549316406,64.92240905761719,29.79840850830078,140.0360107421875,nan,nan,20260726
2023-09-27,ChargerMatched,Ridge,95.2760009765625,60.4426155090332,34.8333854675293,157.02700805664062,nan,nan,20260726
2023-09-28,ChargerMatched,Ridge,24.44700050354004,67.43525695800781,42.988258361816406,130.1590118408203,nan,nan,20260726
2023-09-29,ChargerMatched,Ridge,12.67300033569336,30.047134399414062,17.374134063720703,71.05000305175781,nan,nan,20260726
2023-09-30,ChargerMatched,Ridge,47.46399688720703,18.117881774902344,29.346115112304688,132.11199951171875,nan,nan,20260726
2023-07-01,ChargerMatched,HurdleRidge,8.269000053405762,12.107194900512695,3.8381948471069336,39.98400115966797,nan,nan,20260726
2023-07-02,ChargerMatched,HurdleRidge,25.868000030517578,10.042322158813477,15.825677871704102,84.92100524902344,nan,nan,20260726
2023-07-03,ChargerMatched,HurdleRidge,41.68299865722656,14.84382438659668,26.839174270629883,121.43299865722656,nan,nan,20260726
2023-07-04,ChargerMatched,HurdleRidge,0.0,29.997394561767578,29.997394561767578,16.437999725341797,nan,nan,20260726
2023-07-05,ChargerMatched,HurdleRidge,46.48400115966797,21.790184020996094,24.693817138671875,112.5530014038086,nan,nan,20260726
2023-07-06,ChargerMatched,HurdleRidge,16.927000045776367,31.311466217041016,14.384466171264648,133.0570068359375,nan,nan,20260726
2023-07-07,ChargerMatched,HurdleRidge,28.83300018310547,24.47418785095215,4.35881233215332,94.96900177001953,nan,nan,20260726
2023-07-08,ChargerMatched,HurdleRidge,11.701000213623047,9.228048324584961,2.472951889038086,50.14600372314453,nan,nan,20260726
2023-07-09,ChargerMatched,HurdleRidge,0.0,6.784571647644043,6.784571647644043,27.32699966430664,nan,nan,20260726
2023-07-10,ChargerMatched,HurdleRidge,39.33000183105469,15.484489440917969,23.84551239013672,78.30599975585938,nan,nan,20260726
2023-07-11,ChargerMatched,HurdleRidge,47.58799743652344,18.7958927154541,28.792104721069336,154.03500366210938,nan,nan,20260726
2023-07-12,ChargerMatched,HurdleRidge,13.889999389648438,32.76399230957031,18.873992919921875,88.57099914550781,nan,nan,20260726
2023-07-13,ChargerMatched,HurdleRidge,45.45999526977539,12.569571495056152,32.89042282104492,159.3000030517578,nan,nan,20260726
2023-07-14,ChargerMatched,HurdleRidge,41.76300048828125,18.179973602294922,23.583026885986328,97.44499206542969,nan,nan,20260726
2023-07-15,ChargerMatched,HurdleRidge,0.0,9.77863883972168,9.77863883972168,15.918999671936035,nan,nan,20260726
2023-07-16,ChargerMatched,HurdleRidge,0.0,11.736495971679688,11.736495971679688,68.91900634765625,nan,nan,20260726
2023-07-17,ChargerMatched,HurdleRidge,32.79600143432617,14.648208618164062,18.14779281616211,98.52300262451172,nan,nan,20260726
2023-07-18,ChargerMatched,HurdleRidge,68.76300048828125,33.735313415527344,35.027687072753906,140.23199462890625,nan,nan,20260726
2023-07-19,ChargerMatched,HurdleRidge,40.73999786376953,28.249237060546875,12.490760803222656,90.96199798583984,nan,nan,20260726
2023-07-20,ChargerMatched,HurdleRidge,17.759000778198242,18.195207595825195,0.4362068176269531,129.85899353027344,nan,nan,20260726
2023-07-21,ChargerMatched,HurdleRidge,7.895999908447266,15.107816696166992,7.211816787719727,94.1760025024414,nan,nan,20260726
2023-07-22,ChargerMatched,HurdleRidge,11.82699966430664,6.855040550231934,4.971959114074707,49.152000427246094,nan,nan,20260726
2023-07-23,ChargerMatched,HurdleRidge,11.973999977111816,7.7788238525390625,4.195176124572754,29.33799934387207,nan,nan,20260726
2023-07-24,ChargerMatched,HurdleRidge,61.29399871826172,17.599002838134766,43.69499588012695,140.76300048828125,nan,nan,20260726
2023-07-25,ChargerMatched,HurdleRidge,39.10100173950195,31.604686737060547,7.496315002441406,69.97699737548828,nan,nan,20260726
2023-07-26,ChargerMatched,HurdleRidge,33.7140007019043,22.95425033569336,10.759750366210938,99.8080062866211,nan,nan,20260726
2023-07-27,ChargerMatched,HurdleRidge,13.871999740600586,21.030494689941406,7.15849494934082,73.04100036621094,nan,nan,20260726
2023-07-28,ChargerMatched,HurdleRidge,0.0,11.797209739685059,11.797209739685059,63.87099838256836,nan,nan,20260726
2023-07-29,ChargerMatched,HurdleRidge,1.225000023841858,4.988482475280762,3.7634825706481934,59.3489990234375,nan,nan,20260726
2023-07-30,ChargerMatched,HurdleRidge,17.972999572753906,4.397964000701904,13.575035095214844,68.73100280761719,nan,nan,20260726
2023-07-31,ChargerMatched,HurdleRidge,49.086997985839844,20.709491729736328,28.377506256103516,138.73300170898438,nan,nan,20260726
2023-08-01,ChargerMatched,HurdleRidge,48.61899948120117,33.54493713378906,15.07406234741211,104.54399871826172,nan,nan,20260726
2023-08-02,ChargerMatched,HurdleRidge,30.68899917602539,29.058917999267578,1.6300811767578125,88.90299987792969,nan,nan,20260726
2023-08-03,ChargerMatched,HurdleRidge,76.95099639892578,19.810422897338867,57.14057159423828,146.60800170898438,nan,nan,20260726
2023-08-04,ChargerMatched,HurdleRidge,22.779998779296875,12.441786766052246,10.338212013244629,123.77099609375,nan,nan,20260726
2023-08-05,ChargerMatched,HurdleRidge,47.73899841308594,9.933960914611816,37.80503845214844,79.20600128173828,nan,nan,20260726
2023-08-06,ChargerMatched,HurdleRidge,10.121999740600586,12.484448432922363,2.3624486923217773,58.13300323486328,nan,nan,20260726
2023-08-07,ChargerMatched,HurdleRidge,27.21200180053711,27.33727264404297,0.12527084350585938,92.07901000976562,nan,nan,20260726
2023-08-08,ChargerMatched,HurdleRidge,57.641998291015625,36.1259765625,21.516021728515625,152.3249969482422,nan,nan,20260726
2023-08-09,ChargerMatched,HurdleRidge,18.696001052856445,35.934940338134766,17.23893928527832,167.00201416015625,nan,nan,20260726
2023-08-10,ChargerMatched,HurdleRidge,53.770999908447266,23.720800399780273,30.050199508666992,134.35000610351562,nan,nan,20260726
2023-08-11,ChargerMatched,HurdleRidge,5.497000217437744,17.492795944213867,11.995796203613281,62.154998779296875,nan,nan,20260726
2023-08-12,ChargerMatched,HurdleRidge,9.717000007629395,9.738089561462402,0.021089553833007812,41.02900314331055,nan,nan,20260726
2023-08-13,ChargerMatched,HurdleRidge,27.4010009765625,14.032539367675781,13.368461608886719,65.48699951171875,nan,nan,20260726
2023-08-14,ChargerMatched,HurdleRidge,41.26499938964844,31.80116844177246,9.463830947875977,130.99200439453125,nan,nan,20260726
2023-08-15,ChargerMatched,HurdleRidge,57.397003173828125,35.17866516113281,22.218338012695312,123.75299835205078,nan,nan,20260726
2023-08-16,ChargerMatched,HurdleRidge,94.55500030517578,30.923006057739258,63.631996154785156,136.17799377441406,nan,nan,20260726
2023-08-17,ChargerMatched,HurdleRidge,62.777000427246094,31.695337295532227,31.081663131713867,136.80101013183594,nan,nan,20260726
2023-08-18,ChargerMatched,HurdleRidge,11.901000022888184,13.065657615661621,1.1646575927734375,86.53099822998047,nan,nan,20260726
2023-08-19,ChargerMatched,HurdleRidge,33.058998107910156,16.468605041503906,16.59039306640625,88.4489974975586,nan,nan,20260726
2023-08-20,ChargerMatched,HurdleRidge,0.0,14.643224716186523,14.643224716186523,0.0,nan,nan,20260726
2023-08-21,ChargerMatched,HurdleRidge,17.55500030517578,31.157470703125,13.602470397949219,66.0,nan,nan,20260726
2023-08-22,ChargerMatched,HurdleRidge,3.1579999923706055,33.18711471557617,30.02911376953125,85.68599700927734,nan,nan,20260726
2023-08-23,ChargerMatched,HurdleRidge,26.45600128173828,34.509559631347656,8.053558349609375,97.12699890136719,nan,nan,20260726
2023-08-24,ChargerMatched,HurdleRidge,46.24500274658203,34.0732307434082,12.171772003173828,140.77200317382812,nan,nan,20260726
2023-08-25,ChargerMatched,HurdleRidge,50.641998291015625,11.175643920898438,39.46635437011719,84.27300262451172,nan,nan,20260726
2023-08-26,ChargerMatched,HurdleRidge,10.074000358581543,17.154563903808594,7.080563545227051,96.99600219726562,nan,nan,20260726
2023-08-27,ChargerMatched,HurdleRidge,44.54800033569336,10.812454223632812,33.73554611206055,71.43399810791016,nan,nan,20260726
2023-08-28,ChargerMatched,HurdleRidge,105.98500061035156,26.24245262145996,79.74254608154297,156.41000366210938,nan,nan,20260726
2023-08-29,ChargerMatched,HurdleRidge,22.319000244140625,37.64111328125,15.322113037109375,126.37200164794922,nan,nan,20260726
2023-08-30,ChargerMatched,HurdleRidge,25.583999633789062,38.86579513549805,13.281795501708984,83.01100158691406,nan,nan,20260726
2023-08-31,ChargerMatched,HurdleRidge,30.01799964904785,29.17823028564453,0.8397693634033203,162.50201416015625,nan,nan,20260726
2023-09-01,ChargerMatched,HurdleRidge,25.600000381469727,19.642641067504883,5.957359313964844,148.77398681640625,nan,nan,20260726
2023-09-02,ChargerMatched,HurdleRidge,0.0,8.830574989318848,8.830574989318848,36.35599899291992,nan,nan,20260726
2023-09-03,ChargerMatched,HurdleRidge,5.257999897003174,11.621448516845703,6.363448619842529,50.1609992980957,nan,nan,20260726
2023-09-04,ChargerMatched,HurdleRidge,5.604000091552734,25.81407356262207,20.210073471069336,38.178001403808594,nan,nan,20260726
2023-09-05,ChargerMatched,HurdleRidge,34.91699981689453,22.395944595336914,12.521055221557617,79.94700622558594,nan,nan,20260726
2023-09-06,ChargerMatched,HurdleRidge,45.624996185302734,36.958648681640625,8.66634750366211,116.67500305175781,nan,nan,20260726
2023-09-07,ChargerMatched,HurdleRidge,52.51499938964844,38.176631927490234,14.338367462158203,135.46900939941406,nan,nan,20260726
2023-09-08,ChargerMatched,HurdleRidge,6.215000152587891,22.33888053894043,16.12388038635254,110.70100402832031,nan,nan,20260726
2023-09-09,ChargerMatched,HurdleRidge,14.732999801635742,8.628927230834961,6.104072570800781,40.48600387573242,nan,nan,20260726
2023-09-10,ChargerMatched,HurdleRidge,8.602999687194824,10.58755874633789,1.9845590591430664,79.18399047851562,nan,nan,20260726
2023-09-11,ChargerMatched,HurdleRidge,33.66699981689453,24.144306182861328,9.522693634033203,37.2609977722168,nan,nan,20260726
2023-09-12,ChargerMatched,HurdleRidge,27.992000579833984,37.79652404785156,9.804523468017578,73.33300018310547,nan,nan,20260726
2023-09-13,ChargerMatched,HurdleRidge,12.177999496459961,36.21599578857422,24.037996292114258,127.12799072265625,nan,nan,20260726
2023-09-14,ChargerMatched,HurdleRidge,2.309999942779541,23.39497947692871,21.084980010986328,41.83300018310547,nan,nan,20260726
2023-09-15,ChargerMatched,HurdleRidge,5.942999839782715,9.582357406616211,3.639357566833496,84.25599670410156,nan,nan,20260726
2023-09-16,ChargerMatched,HurdleRidge,0.0,5.998733997344971,5.998733997344971,85.61199188232422,nan,nan,20260726
2023-09-17,ChargerMatched,HurdleRidge,43.06300354003906,7.597597122192383,35.46540832519531,75.45500183105469,nan,nan,20260726
2023-09-18,ChargerMatched,HurdleRidge,17.8439998626709,20.949337005615234,3.105337142944336,123.375,nan,nan,20260726
2023-09-19,ChargerMatched,HurdleRidge,39.57099914550781,30.07500648498535,9.495992660522461,187.1219940185547,nan,nan,20260726
2023-09-20,ChargerMatched,HurdleRidge,34.91600036621094,25.92210578918457,8.993894577026367,165.49400329589844,nan,nan,20260726
2023-09-21,ChargerMatched,HurdleRidge,32.01799774169922,30.65187644958496,1.3661212921142578,165.1409912109375,nan,nan,20260726
2023-09-22,ChargerMatched,HurdleRidge,24.124000549316406,16.517292022705078,7.606708526611328,112.8330078125,nan,nan,20260726
2023-09-23,ChargerMatched,HurdleRidge,0.0,11.255867004394531,11.255867004394531,105.82099914550781,nan,nan,20260726
2023-09-24,ChargerMatched,HurdleRidge,32.084999084472656,11.449562072753906,20.63543701171875,76.98600006103516,nan,nan,20260726
2023-09-25,ChargerMatched,HurdleRidge,38.21699905395508,29.86678695678711,8.350212097167969,109.43299865722656,nan,nan,20260726
2023-09-26,ChargerMatched,HurdleRidge,35.124000549316406,39.638668060302734,4.514667510986328,140.0360107421875,nan,nan,20260726
2023-09-27,ChargerMatched,HurdleRidge,95.2760009765625,36.11563491821289,59.16036605834961,157.02700805664062,nan,nan,20260726
2023-09-28,ChargerMatched,HurdleRidge,24.44700050354004,39.906700134277344,15.459699630737305,130.1590118408203,nan,nan,20260726
2023-09-29,ChargerMatched,HurdleRidge,12.67300033569336,16.069278717041016,3.3962783813476562,71.05000305175781,nan,nan,20260726
2023-09-30,ChargerMatched,HurdleRidge,47.46399688720703,9.7461519241333,37.71784591674805,132.11199951171875,nan,nan,20260726
2023-07-01,ChargerMatched,DLinear,8.269000053405762,75.81059265136719,67.54159545898438,39.98400115966797,nan,nan,20260726
2023-07-02,ChargerMatched,DLinear,25.868000030517578,81.26618194580078,55.3981819152832,84.92100524902344,nan,nan,20260726
2023-07-03,ChargerMatched,DLinear,41.68299865722656,67.10916137695312,25.426162719726562,121.43299865722656,nan,nan,20260726
2023-07-04,ChargerMatched,DLinear,0.0,51.294700622558594,51.294700622558594,16.437999725341797,nan,nan,20260726
2023-07-05,ChargerMatched,DLinear,46.48400115966797,8.601266860961914,37.88273620605469,112.5530014038086,nan,nan,20260726
2023-07-06,ChargerMatched,DLinear,16.927000045776367,29.087955474853516,12.160955429077148,133.0570068359375,nan,nan,20260726
2023-07-07,ChargerMatched,DLinear,28.83300018310547,54.92567825317383,26.09267807006836,94.96900177001953,nan,nan,20260726
2023-07-08,ChargerMatched,DLinear,11.701000213623047,73.07017517089844,61.36917495727539,50.14600372314453,nan,nan,20260726
2023-07-09,ChargerMatched,DLinear,0.0,80.76985168457031,80.76985168457031,27.32699966430664,nan,nan,20260726
2023-07-10,ChargerMatched,DLinear,39.33000183105469,64.12808990478516,24.79808807373047,78.30599975585938,nan,nan,20260726
2023-07-11,ChargerMatched,DLinear,47.58799743652344,30.765071868896484,16.822925567626953,154.03500366210938,nan,nan,20260726
2023-07-12,ChargerMatched,DLinear,13.889999389648438,26.735107421875,12.845108032226562,88.57099914550781,nan,nan,20260726
2023-07-13,ChargerMatched,DLinear,45.45999526977539,18.649965286254883,26.810029983520508,159.3000030517578,nan,nan,20260726
2023-07-14,ChargerMatched,DLinear,41.76300048828125,64.1710205078125,22.40802001953125,97.44499206542969,nan,nan,20260726
2023-07-15,ChargerMatched,DLinear,0.0,82.62635803222656,82.62635803222656,15.918999671936035,nan,nan,20260726
2023-07-16,ChargerMatched,DLinear,0.0,83.79100036621094,83.79100036621094,68.91900634765625,nan,nan,20260726
2023-07-17,ChargerMatched,DLinear,32.79600143432617,74.0869140625,41.29091262817383,98.52300262451172,nan,nan,20260726
2023-07-18,ChargerMatched,DLinear,68.76300048828125,41.32600021362305,27.437000274658203,140.23199462890625,nan,nan,20260726
2023-07-19,ChargerMatched,DLinear,40.73999786376953,32.540306091308594,8.199691772460938,90.96199798583984,nan,nan,20260726
2023-07-20,ChargerMatched,DLinear,17.759000778198242,36.32817077636719,18.569169998168945,129.85899353027344,nan,nan,20260726
2023-07-21,ChargerMatched,DLinear,7.895999908447266,64.49903106689453,56.603031158447266,94.1760025024414,nan,nan,20260726
2023-07-22,ChargerMatched,DLinear,11.82699966430664,81.57196044921875,69.74496459960938,49.152000427246094,nan,nan,20260726
2023-07-23,ChargerMatched,DLinear,11.973999977111816,80.59234619140625,68.61834716796875,29.33799934387207,nan,nan,20260726
2023-07-24,ChargerMatched,DLinear,61.29399871826172,70.61353302001953,9.319534301757812,140.76300048828125,nan,nan,20260726
2023-07-25,ChargerMatched,DLinear,39.10100173950195,53.77434539794922,14.673343658447266,69.97699737548828,nan,nan,20260726
2023-07-26,ChargerMatched,DLinear,33.7140007019043,36.08055877685547,2.366558074951172,99.8080062866211,nan,nan,20260726
2023-07-27,ChargerMatched,DLinear,13.871999740600586,45.586795806884766,31.71479606628418,73.04100036621094,nan,nan,20260726
2023-07-28,ChargerMatched,DLinear,0.0,56.71163558959961,56.71163558959961,63.87099838256836,nan,nan,20260726
2023-07-29,ChargerMatched,DLinear,1.225000023841858,78.39887237548828,77.17387390136719,59.3489990234375,nan,nan,20260726
2023-07-30,ChargerMatched,DLinear,17.972999572753906,86.1944351196289,68.221435546875,68.73100280761719,nan,nan,20260726
2023-07-31,ChargerMatched,DLinear,49.086997985839844,81.33120727539062,32.24420928955078,138.73300170898438,nan,nan,20260726
2023-08-01,ChargerMatched,DLinear,48.61899948120117,56.2056884765625,7.586688995361328,104.54399871826172,nan,nan,20260726
2023-08-02,ChargerMatched,DLinear,30.68899917602539,42.48939514160156,11.800395965576172,88.90299987792969,nan,nan,20260726
2023-08-03,ChargerMatched,DLinear,76.95099639892578,41.76404571533203,35.18695068359375,146.60800170898438,nan,nan,20260726
2023-08-04,ChargerMatched,DLinear,22.779998779296875,64.14373779296875,41.363739013671875,123.77099609375,nan,nan,20260726
2023-08-05,ChargerMatched,DLinear,47.73899841308594,80.41265869140625,32.67366027832031,79.20600128173828,nan,nan,20260726
2023-08-06,ChargerMatched,DLinear,10.121999740600586,99.16276550292969,89.04076385498047,58.13300323486328,nan,nan,20260726
2023-08-07,ChargerMatched,DLinear,27.21200180053711,96.344482421875,69.13247680664062,92.07901000976562,nan,nan,20260726
2023-08-08,ChargerMatched,DLinear,57.641998291015625,60.688438415527344,3.0464401245117188,152.3249969482422,nan,nan,20260726
2023-08-09,ChargerMatched,DLinear,18.696001052856445,48.69237518310547,29.996374130249023,167.00201416015625,nan,nan,20260726
2023-08-10,ChargerMatched,DLinear,53.770999908447266,48.71659851074219,5.054401397705078,134.35000610351562,nan,nan,20260726
2023-08-11,ChargerMatched,DLinear,5.497000217437744,69.22895812988281,63.731956481933594,62.154998779296875,nan,nan,20260726
2023-08-12,ChargerMatched,DLinear,9.717000007629395,91.99716186523438,82.28015899658203,41.02900314331055,nan,nan,20260726
2023-08-13,ChargerMatched,DLinear,27.4010009765625,92.48812103271484,65.08712005615234,65.48699951171875,nan,nan,20260726
2023-08-14,ChargerMatched,DLinear,41.26499938964844,86.38331604003906,45.118316650390625,130.99200439453125,nan,nan,20260726
2023-08-15,ChargerMatched,DLinear,57.397003173828125,68.28828430175781,10.891281127929688,123.75299835205078,nan,nan,20260726
2023-08-16,ChargerMatched,DLinear,94.55500030517578,43.323795318603516,51.231204986572266,136.17799377441406,nan,nan,20260726
2023-08-17,ChargerMatched,DLinear,62.777000427246094,70.96427917480469,8.187278747558594,136.80101013183594,nan,nan,20260726
2023-08-18,ChargerMatched,DLinear,11.901000022888184,71.70442962646484,59.803428649902344,86.53099822998047,nan,nan,20260726
2023-08-19,ChargerMatched,DLinear,33.058998107910156,102.92501831054688,69.86602020263672,88.4489974975586,nan,nan,20260726
2023-08-20,ChargerMatched,DLinear,0.0,110.98393249511719,110.98393249511719,0.0,nan,nan,20260726
2023-08-21,ChargerMatched,DLinear,17.55500030517578,91.02134704589844,73.46634674072266,66.0,nan,nan,20260726
2023-08-22,ChargerMatched,DLinear,3.1579999923706055,70.45272827148438,67.29473114013672,85.68599700927734,nan,nan,20260726
2023-08-23,ChargerMatched,DLinear,26.45600128173828,55.973602294921875,29.517601013183594,97.12699890136719,nan,nan,20260726
2023-08-24,ChargerMatched,DLinear,46.24500274658203,58.28622817993164,12.04122543334961,140.77200317382812,nan,nan,20260726
2023-08-25,ChargerMatched,DLinear,50.641998291015625,70.68405151367188,20.04205322265625,84.27300262451172,nan,nan,20260726
2023-08-26,ChargerMatched,DLinear,10.074000358581543,93.0582504272461,82.9842529296875,96.99600219726562,nan,nan,20260726
2023-08-27,ChargerMatched,DLinear,44.54800033569336,98.36380004882812,53.815799713134766,71.43399810791016,nan,nan,20260726
2023-08-28,ChargerMatched,DLinear,105.98500061035156,90.63584899902344,15.349151611328125,156.41000366210938,nan,nan,20260726
2023-08-29,ChargerMatched,DLinear,22.319000244140625,77.01226806640625,54.693267822265625,126.37200164794922,nan,nan,20260726
2023-08-30,ChargerMatched,DLinear,25.583999633789062,52.98494338989258,27.400943756103516,83.01100158691406,nan,nan,20260726
2023-08-31,ChargerMatched,DLinear,30.01799964904785,69.02205657958984,39.004058837890625,162.50201416015625,nan,nan,20260726
2023-09-01,ChargerMatched,DLinear,25.600000381469727,95.2469482421875,69.6469497680664,148.77398681640625,nan,nan,20260726
2023-09-02,ChargerMatched,DLinear,0.0,98.62725830078125,98.62725830078125,36.35599899291992,nan,nan,20260726
2023-09-03,ChargerMatched,DLinear,5.257999897003174,104.93494415283203,99.67694091796875,50.1609992980957,nan,nan,20260726
2023-09-04,ChargerMatched,DLinear,5.604000091552734,99.53675842285156,93.93275451660156,38.178001403808594,nan,nan,20260726
2023-09-05,ChargerMatched,DLinear,34.91699981689453,61.403587341308594,26.486587524414062,79.94700622558594,nan,nan,20260726
2023-09-06,ChargerMatched,DLinear,45.624996185302734,47.88378143310547,2.2587852478027344,116.67500305175781,nan,nan,20260726
2023-09-07,ChargerMatched,DLinear,52.51499938964844,49.95039749145508,2.5646018981933594,135.46900939941406,nan,nan,20260726
2023-09-08,ChargerMatched,DLinear,6.215000152587891,75.39794921875,69.18295288085938,110.70100402832031,nan,nan,20260726
2023-09-09,ChargerMatched,DLinear,14.732999801635742,100.248046875,85.51504516601562,40.48600387573242,nan,nan,20260726
2023-09-10,ChargerMatched,DLinear,8.602999687194824,108.30985260009766,99.70685577392578,79.18399047851562,nan,nan,20260726
2023-09-11,ChargerMatched,DLinear,33.66699981689453,87.34768676757812,53.680686950683594,37.2609977722168,nan,nan,20260726
2023-09-12,ChargerMatched,DLinear,27.992000579833984,68.0997543334961,40.10775375366211,73.33300018310547,nan,nan,20260726
2023-09-13,ChargerMatched,DLinear,12.177999496459961,59.49890899658203,47.32090759277344,127.12799072265625,nan,nan,20260726
2023-09-14,ChargerMatched,DLinear,2.309999942779541,59.97996139526367,57.669960021972656,41.83300018310547,nan,nan,20260726
2023-09-15,ChargerMatched,DLinear,5.942999839782715,72.38823699951172,66.44523620605469,84.25599670410156,nan,nan,20260726
2023-09-16,ChargerMatched,DLinear,0.0,97.71321105957031,97.71321105957031,85.61199188232422,nan,nan,20260726
2023-09-17,ChargerMatched,DLinear,43.06300354003906,96.1974868774414,53.134483337402344,75.45500183105469,nan,nan,20260726
2023-09-18,ChargerMatched,DLinear,17.8439998626709,85.8837890625,68.03978729248047,123.375,nan,nan,20260726
2023-09-19,ChargerMatched,DLinear,39.57099914550781,60.604095458984375,21.033096313476562,187.1219940185547,nan,nan,20260726
2023-09-20,ChargerMatched,DLinear,34.91600036621094,45.11357116699219,10.19757080078125,165.49400329589844,nan,nan,20260726
2023-09-21,ChargerMatched,DLinear,32.01799774169922,58.54790496826172,26.5299072265625,165.1409912109375,nan,nan,20260726
2023-09-22,ChargerMatched,DLinear,24.124000549316406,65.4537353515625,41.329734802246094,112.8330078125,nan,nan,20260726
2023-09-23,ChargerMatched,DLinear,0.0,98.733642578125,98.733642578125,105.82099914550781,nan,nan,20260726
2023-09-24,ChargerMatched,DLinear,32.084999084472656,109.35389709472656,77.2688980102539,76.98600006103516,nan,nan,20260726
2023-09-25,ChargerMatched,DLinear,38.21699905395508,98.7613525390625,60.54435348510742,109.43299865722656,nan,nan,20260726
2023-09-26,ChargerMatched,DLinear,35.124000549316406,68.19355773925781,33.069557189941406,140.0360107421875,nan,nan,20260726
2023-09-27,ChargerMatched,DLinear,95.2760009765625,49.706459045410156,45.569541931152344,157.02700805664062,nan,nan,20260726
2023-09-28,ChargerMatched,DLinear,24.44700050354004,61.180198669433594,36.73320007324219,130.1590118408203,nan,nan,20260726
2023-09-29,ChargerMatched,DLinear,12.67300033569336,80.18138122558594,67.50837707519531,71.05000305175781,nan,nan,20260726
2023-09-30,ChargerMatched,DLinear,47.46399688720703,94.6075668334961,47.14356994628906,132.11199951171875,nan,nan,20260726
2023-07-01,ChargerMatched,LSTM,8.269000053405762,58.016502380371094,49.747501373291016,39.98400115966797,nan,nan,20260726
2023-07-02,ChargerMatched,LSTM,25.868000030517578,63.721866607666016,37.85386657714844,84.92100524902344,nan,nan,20260726
2023-07-03,ChargerMatched,LSTM,41.68299865722656,71.1383285522461,29.45532989501953,121.43299865722656,nan,nan,20260726
2023-07-04,ChargerMatched,LSTM,0.0,74.55841064453125,74.55841064453125,16.437999725341797,nan,nan,20260726
2023-07-05,ChargerMatched,LSTM,46.48400115966797,66.4684066772461,19.984405517578125,112.5530014038086,nan,nan,20260726
2023-07-06,ChargerMatched,LSTM,16.927000045776367,57.700599670410156,40.773597717285156,133.0570068359375,nan,nan,20260726
2023-07-07,ChargerMatched,LSTM,28.83300018310547,54.39264678955078,25.559646606445312,94.96900177001953,nan,nan,20260726
2023-07-08,ChargerMatched,LSTM,11.701000213623047,54.97104263305664,43.270042419433594,50.14600372314453,nan,nan,20260726
2023-07-09,ChargerMatched,LSTM,0.0,59.66044616699219,59.66044616699219,27.32699966430664,nan,nan,20260726
2023-07-10,ChargerMatched,LSTM,39.33000183105469,65.0057144165039,25.67571258544922,78.30599975585938,nan,nan,20260726
2023-07-11,ChargerMatched,LSTM,47.58799743652344,68.21440124511719,20.62640380859375,154.03500366210938,nan,nan,20260726
2023-07-12,ChargerMatched,LSTM,13.889999389648438,66.39490509033203,52.504905700683594,88.57099914550781,nan,nan,20260726
2023-07-13,ChargerMatched,LSTM,45.45999526977539,57.019290924072266,11.559295654296875,159.3000030517578,nan,nan,20260726
2023-07-14,ChargerMatched,LSTM,41.76300048828125,52.141902923583984,10.378902435302734,97.44499206542969,nan,nan,20260726
2023-07-15,ChargerMatched,LSTM,0.0,56.483802795410156,56.483802795410156,15.918999671936035,nan,nan,20260726
2023-07-16,ChargerMatched,LSTM,0.0,61.084346771240234,61.084346771240234,68.91900634765625,nan,nan,20260726
2023-07-17,ChargerMatched,LSTM,32.79600143432617,66.0492935180664,33.253292083740234,98.52300262451172,nan,nan,20260726
2023-07-18,ChargerMatched,LSTM,68.76300048828125,66.45289611816406,2.3101043701171875,140.23199462890625,nan,nan,20260726
2023-07-19,ChargerMatched,LSTM,40.73999786376953,62.519004821777344,21.779006958007812,90.96199798583984,nan,nan,20260726
2023-07-20,ChargerMatched,LSTM,17.759000778198242,53.56657028198242,35.80757141113281,129.85899353027344,nan,nan,20260726
2023-07-21,ChargerMatched,LSTM,7.895999908447266,47.57605743408203,39.680057525634766,94.1760025024414,nan,nan,20260726
2023-07-22,ChargerMatched,LSTM,11.82699966430664,50.636314392089844,38.8093147277832,49.152000427246094,nan,nan,20260726
2023-07-23,ChargerMatched,LSTM,11.973999977111816,56.62837219238281,44.65437316894531,29.33799934387207,nan,nan,20260726
2023-07-24,ChargerMatched,LSTM,61.29399871826172,66.48585510253906,5.191856384277344,140.76300048828125,nan,nan,20260726
2023-07-25,ChargerMatched,LSTM,39.10100173950195,67.98792266845703,28.886920928955078,69.97699737548828,nan,nan,20260726
2023-07-26,ChargerMatched,LSTM,33.7140007019043,63.74928283691406,30.035282135009766,99.8080062866211,nan,nan,20260726
2023-07-27,ChargerMatched,LSTM,13.871999740600586,56.05364227294922,42.181640625,73.04100036621094,nan,nan,20260726
2023-07-28,ChargerMatched,LSTM,0.0,50.21570587158203,50.21570587158203,63.87099838256836,nan,nan,20260726
2023-07-29,ChargerMatched,LSTM,1.225000023841858,50.79320526123047,49.568206787109375,59.3489990234375,nan,nan,20260726
2023-07-30,ChargerMatched,LSTM,17.972999572753906,57.28788757324219,39.31488800048828,68.73100280761719,nan,nan,20260726
2023-07-31,ChargerMatched,LSTM,49.086997985839844,64.0376205444336,14.95062255859375,138.73300170898438,nan,nan,20260726
2023-08-01,ChargerMatched,LSTM,48.61899948120117,67.44628143310547,18.827281951904297,104.54399871826172,nan,nan,20260726
2023-08-02,ChargerMatched,LSTM,30.68899917602539,65.31694030761719,34.6279411315918,88.90299987792969,nan,nan,20260726
2023-08-03,ChargerMatched,LSTM,76.95099639892578,58.064823150634766,18.886173248291016,146.60800170898438,nan,nan,20260726
2023-08-04,ChargerMatched,LSTM,22.779998779296875,54.50391387939453,31.723915100097656,123.77099609375,nan,nan,20260726
2023-08-05,ChargerMatched,LSTM,47.73899841308594,56.98994064331055,9.25094223022461,79.20600128173828,nan,nan,20260726
2023-08-06,ChargerMatched,LSTM,10.121999740600586,63.1943244934082,53.07232666015625,58.13300323486328,nan,nan,20260726
2023-08-07,ChargerMatched,LSTM,27.21200180053711,71.7187728881836,44.506771087646484,92.07901000976562,nan,nan,20260726
2023-08-08,ChargerMatched,LSTM,57.641998291015625,73.89445495605469,16.252456665039062,152.3249969482422,nan,nan,20260726
2023-08-09,ChargerMatched,LSTM,18.696001052856445,68.49504852294922,49.799049377441406,167.00201416015625,nan,nan,20260726
2023-08-10,ChargerMatched,LSTM,53.770999908447266,58.48172378540039,4.710723876953125,134.35000610351562,nan,nan,20260726
2023-08-11,ChargerMatched,LSTM,5.497000217437744,52.47541427612305,46.97841262817383,62.154998779296875,nan,nan,20260726
2023-08-12,ChargerMatched,LSTM,9.717000007629395,53.81600570678711,44.09900665283203,41.02900314331055,nan,nan,20260726
2023-08-13,ChargerMatched,LSTM,27.4010009765625,59.84381103515625,32.44281005859375,65.48699951171875,nan,nan,20260726
2023-08-14,ChargerMatched,LSTM,41.26499938964844,69.80452728271484,28.539527893066406,130.99200439453125,nan,nan,20260726
2023-08-15,ChargerMatched,LSTM,57.397003173828125,69.57466888427734,12.177665710449219,123.75299835205078,nan,nan,20260726
2023-08-16,ChargerMatched,LSTM,94.55500030517578,64.91815185546875,29.63684844970703,136.17799377441406,nan,nan,20260726
2023-08-17,ChargerMatched,LSTM,62.777000427246094,60.13426208496094,2.6427383422851562,136.80101013183594,nan,nan,20260726
2023-08-18,ChargerMatched,LSTM,11.901000022888184,55.83150100708008,43.93050003051758,86.53099822998047,nan,nan,20260726
2023-08-19,ChargerMatched,LSTM,33.058998107910156,55.540645599365234,22.481647491455078,88.4489974975586,nan,nan,20260726
2023-08-20,ChargerMatched,LSTM,0.0,63.749427795410156,63.749427795410156,0.0,nan,nan,20260726
2023-08-21,ChargerMatched,LSTM,17.55500030517578,68.40816497802734,50.85316467285156,66.0,nan,nan,20260726
2023-08-22,ChargerMatched,LSTM,3.1579999923706055,68.24185180664062,65.08385467529297,85.68599700927734,nan,nan,20260726
2023-08-23,ChargerMatched,LSTM,26.45600128173828,62.01246643066406,35.55646514892578,97.12699890136719,nan,nan,20260726
2023-08-24,ChargerMatched,LSTM,46.24500274658203,56.13395309448242,9.88895034790039,140.77200317382812,nan,nan,20260726
2023-08-25,ChargerMatched,LSTM,50.641998291015625,54.73711395263672,4.095115661621094,84.27300262451172,nan,nan,20260726
2023-08-26,ChargerMatched,LSTM,10.074000358581543,58.217018127441406,48.14301681518555,96.99600219726562,nan,nan,20260726
2023-08-27,ChargerMatched,LSTM,44.54800033569336,66.10610961914062,21.558109283447266,71.43399810791016,nan,nan,20260726
2023-08-28,ChargerMatched,LSTM,105.98500061035156,74.0245361328125,31.960464477539062,156.41000366210938,nan,nan,20260726
2023-08-29,ChargerMatched,LSTM,22.319000244140625,77.28453826904297,54.965538024902344,126.37200164794922,nan,nan,20260726
2023-08-30,ChargerMatched,LSTM,25.583999633789062,69.86312103271484,44.27912139892578,83.01100158691406,nan,nan,20260726
2023-08-31,ChargerMatched,LSTM,30.01799964904785,63.17923355102539,33.161231994628906,162.50201416015625,nan,nan,20260726
2023-09-01,ChargerMatched,LSTM,25.600000381469727,59.576988220214844,33.97698974609375,148.77398681640625,nan,nan,20260726
2023-09-02,ChargerMatched,LSTM,0.0,58.75886535644531,58.75886535644531,36.35599899291992,nan,nan,20260726
2023-09-03,ChargerMatched,LSTM,5.257999897003174,63.53363037109375,58.275630950927734,50.1609992980957,nan,nan,20260726
2023-09-04,ChargerMatched,LSTM,5.604000091552734,70.82439422607422,65.22039794921875,38.178001403808594,nan,nan,20260726
2023-09-05,ChargerMatched,LSTM,34.91699981689453,72.56997680664062,37.652976989746094,79.94700622558594,nan,nan,20260726
2023-09-06,ChargerMatched,LSTM,45.624996185302734,66.73278045654297,21.107784271240234,116.67500305175781,nan,nan,20260726
2023-09-07,ChargerMatched,LSTM,52.51499938964844,62.19854736328125,9.683547973632812,135.46900939941406,nan,nan,20260726
2023-09-08,ChargerMatched,LSTM,6.215000152587891,59.11430358886719,52.8993034362793,110.70100402832031,nan,nan,20260726
2023-09-09,ChargerMatched,LSTM,14.732999801635742,58.957496643066406,44.22449493408203,40.48600387573242,nan,nan,20260726
2023-09-10,ChargerMatched,LSTM,8.602999687194824,66.17585754394531,57.57285690307617,79.18399047851562,nan,nan,20260726
2023-09-11,ChargerMatched,LSTM,33.66699981689453,71.89561462402344,38.228614807128906,37.2609977722168,nan,nan,20260726
2023-09-12,ChargerMatched,LSTM,27.992000579833984,72.65284729003906,44.66084671020508,73.33300018310547,nan,nan,20260726
2023-09-13,ChargerMatched,LSTM,12.177999496459961,69.73249816894531,57.55449676513672,127.12799072265625,nan,nan,20260726
2023-09-14,ChargerMatched,LSTM,2.309999942779541,61.87965774536133,59.56965637207031,41.83300018310547,nan,nan,20260726
2023-09-15,ChargerMatched,LSTM,5.942999839782715,55.300926208496094,49.35792541503906,84.25599670410156,nan,nan,20260726
2023-09-16,ChargerMatched,LSTM,0.0,55.62786865234375,55.62786865234375,85.61199188232422,nan,nan,20260726
2023-09-17,ChargerMatched,LSTM,43.06300354003906,61.592124938964844,18.52912139892578,75.45500183105469,nan,nan,20260726
2023-09-18,ChargerMatched,LSTM,17.8439998626709,72.91259765625,55.06859588623047,123.375,nan,nan,20260726
2023-09-19,ChargerMatched,LSTM,39.57099914550781,75.91609954833984,36.34510040283203,187.1219940185547,nan,nan,20260726
2023-09-20,ChargerMatched,LSTM,34.91600036621094,69.72301483154297,34.80701446533203,165.49400329589844,nan,nan,20260726
2023-09-21,ChargerMatched,LSTM,32.01799774169922,62.087257385253906,30.069259643554688,165.1409912109375,nan,nan,20260726
2023-09-22,ChargerMatched,LSTM,24.124000549316406,58.01181411743164,33.887813568115234,112.8330078125,nan,nan,20260726
2023-09-23,ChargerMatched,LSTM,0.0,59.86711502075195,59.86711502075195,105.82099914550781,nan,nan,20260726
2023-09-24,ChargerMatched,LSTM,32.084999084472656,65.37007904052734,33.28507995605469,76.98600006103516,nan,nan,20260726
2023-09-25,ChargerMatched,LSTM,38.21699905395508,75.7483139038086,37.531314849853516,109.43299865722656,nan,nan,20260726
2023-09-26,ChargerMatched,LSTM,35.124000549316406,78.49861145019531,43.374610900878906,140.0360107421875,nan,nan,20260726
2023-09-27,ChargerMatched,LSTM,95.2760009765625,73.9118423461914,21.364158630371094,157.02700805664062,nan,nan,20260726
2023-09-28,ChargerMatched,LSTM,24.44700050354004,69.80287170410156,45.355873107910156,130.1590118408203,nan,nan,20260726
2023-09-29,ChargerMatched,LSTM,12.67300033569336,63.472923278808594,50.799922943115234,71.05000305175781,nan,nan,20260726
2023-09-30,ChargerMatched,LSTM,47.46399688720703,63.9944953918457,16.530498504638672,132.11199951171875,nan,nan,20260726
2023-07-01,ChargerMatched,TCN,8.269000053405762,41.58502960205078,33.3160285949707,39.98400115966797,nan,nan,20260726
2023-07-02,ChargerMatched,TCN,25.868000030517578,48.574947357177734,22.706947326660156,84.92100524902344,nan,nan,20260726
2023-07-03,ChargerMatched,TCN,41.68299865722656,59.95478057861328,18.27178192138672,121.43299865722656,nan,nan,20260726
2023-07-04,ChargerMatched,TCN,0.0,66.405029296875,66.405029296875,16.437999725341797,nan,nan,20260726
2023-07-05,ChargerMatched,TCN,46.48400115966797,61.93395233154297,15.449951171875,112.5530014038086,nan,nan,20260726
2023-07-06,ChargerMatched,TCN,16.927000045776367,49.921207427978516,32.99420928955078,133.0570068359375,nan,nan,20260726
2023-07-07,ChargerMatched,TCN,28.83300018310547,38.523868560791016,9.690868377685547,94.96900177001953,nan,nan,20260726
2023-07-08,ChargerMatched,TCN,11.701000213623047,34.62905502319336,22.928054809570312,50.14600372314453,nan,nan,20260726
2023-07-09,ChargerMatched,TCN,0.0,41.383338928222656,41.383338928222656,27.32699966430664,nan,nan,20260726
2023-07-10,ChargerMatched,TCN,39.33000183105469,52.30824279785156,12.978240966796875,78.30599975585938,nan,nan,20260726
2023-07-11,ChargerMatched,TCN,47.58799743652344,58.37797927856445,10.789981842041016,154.03500366210938,nan,nan,20260726
2023-07-12,ChargerMatched,TCN,13.889999389648438,54.37355041503906,40.483551025390625,88.57099914550781,nan,nan,20260726
2023-07-13,ChargerMatched,TCN,45.45999526977539,42.27524948120117,3.1847457885742188,159.3000030517578,nan,nan,20260726
2023-07-14,ChargerMatched,TCN,41.76300048828125,31.009952545166016,10.753047943115234,97.44499206542969,nan,nan,20260726
2023-07-15,ChargerMatched,TCN,0.0,27.94723892211914,27.94723892211914,15.918999671936035,nan,nan,20260726
2023-07-16,ChargerMatched,TCN,0.0,34.34721374511719,34.34721374511719,68.91900634765625,nan,nan,20260726
2023-07-17,ChargerMatched,TCN,32.79600143432617,44.90363311767578,12.10763168334961,98.52300262451172,nan,nan,20260726
2023-07-18,ChargerMatched,TCN,68.76300048828125,51.8265266418457,16.936473846435547,140.23199462890625,nan,nan,20260726
2023-07-19,ChargerMatched,TCN,40.73999786376953,49.15446090698242,8.41446304321289,90.96199798583984,nan,nan,20260726
2023-07-20,ChargerMatched,TCN,17.759000778198242,38.68657684326172,20.927576065063477,129.85899353027344,nan,nan,20260726
2023-07-21,ChargerMatched,TCN,7.895999908447266,28.325878143310547,20.42987823486328,94.1760025024414,nan,nan,20260726
2023-07-22,ChargerMatched,TCN,11.82699966430664,26.09140396118164,14.264404296875,49.152000427246094,nan,nan,20260726
2023-07-23,ChargerMatched,TCN,11.973999977111816,33.37257385253906,21.398574829101562,29.33799934387207,nan,nan,20260726
2023-07-24,ChargerMatched,TCN,61.29399871826172,45.28334426879883,16.01065444946289,140.76300048828125,nan,nan,20260726
2023-07-25,ChargerMatched,TCN,39.10100173950195,53.07643127441406,13.97542953491211,69.97699737548828,nan,nan,20260726
2023-07-26,ChargerMatched,TCN,33.7140007019043,50.45546340942383,16.74146270751953,99.8080062866211,nan,nan,20260726
2023-07-27,ChargerMatched,TCN,13.871999740600586,40.15511703491211,26.283117294311523,73.04100036621094,nan,nan,20260726
2023-07-28,ChargerMatched,TCN,0.0,29.189056396484375,29.189056396484375,63.87099838256836,nan,nan,20260726
2023-07-29,ChargerMatched,TCN,1.225000023841858,25.71643829345703,24.491437911987305,59.3489990234375,nan,nan,20260726
2023-07-30,ChargerMatched,TCN,17.972999572753906,33.08968734741211,15.116687774658203,68.73100280761719,nan,nan,20260726
2023-07-31,ChargerMatched,TCN,49.086997985839844,44.68498229980469,4.402015686035156,138.73300170898438,nan,nan,20260726
2023-08-01,ChargerMatched,TCN,48.61899948120117,52.18368148803711,3.5646820068359375,104.54399871826172,nan,nan,20260726
2023-08-02,ChargerMatched,TCN,30.68899917602539,50.41094970703125,19.72195053100586,88.90299987792969,nan,nan,20260726
2023-08-03,ChargerMatched,TCN,76.95099639892578,40.03673553466797,36.91426086425781,146.60800170898438,nan,nan,20260726
2023-08-04,ChargerMatched,TCN,22.779998779296875,30.045848846435547,7.265850067138672,123.77099609375,nan,nan,20260726
2023-08-05,ChargerMatched,TCN,47.73899841308594,28.093338012695312,19.645660400390625,79.20600128173828,nan,nan,20260726
2023-08-06,ChargerMatched,TCN,10.121999740600586,35.97140121459961,25.849401473999023,58.13300323486328,nan,nan,20260726
2023-08-07,ChargerMatched,TCN,27.21200180053711,48.39612579345703,21.184123992919922,92.07901000976562,nan,nan,20260726
2023-08-08,ChargerMatched,TCN,57.641998291015625,55.79137420654297,1.8506240844726562,152.3249969482422,nan,nan,20260726
2023-08-09,ChargerMatched,TCN,18.696001052856445,53.07206726074219,34.376068115234375,167.00201416015625,nan,nan,20260726
2023-08-10,ChargerMatched,TCN,53.770999908447266,42.276573181152344,11.494426727294922,134.35000610351562,nan,nan,20260726
2023-08-11,ChargerMatched,TCN,5.497000217437744,31.683168411254883,26.186168670654297,62.154998779296875,nan,nan,20260726
2023-08-12,ChargerMatched,TCN,9.717000007629395,29.519371032714844,19.802371978759766,41.02900314331055,nan,nan,20260726
2023-08-13,ChargerMatched,TCN,27.4010009765625,37.35746383666992,9.956462860107422,65.48699951171875,nan,nan,20260726
2023-08-14,ChargerMatched,TCN,41.26499938964844,49.67599868774414,8.410999298095703,130.99200439453125,nan,nan,20260726
2023-08-15,ChargerMatched,TCN,57.397003173828125,57.11472702026367,0.2822761535644531,123.75299835205078,nan,nan,20260726
2023-08-16,ChargerMatched,TCN,94.55500030517578,54.23207473754883,40.32292556762695,136.17799377441406,nan,nan,20260726
2023-08-17,ChargerMatched,TCN,62.777000427246094,44.34181213378906,18.43518829345703,136.80101013183594,nan,nan,20260726
2023-08-18,ChargerMatched,TCN,11.901000022888184,34.47563552856445,22.574634552001953,86.53099822998047,nan,nan,20260726
2023-08-19,ChargerMatched,TCN,33.058998107910156,32.22129821777344,0.8376998901367188,88.4489974975586,nan,nan,20260726
2023-08-20,ChargerMatched,TCN,0.0,40.130123138427734,40.130123138427734,0.0,nan,nan,20260726
2023-08-21,ChargerMatched,TCN,17.55500030517578,51.29859924316406,33.74359893798828,66.0,nan,nan,20260726
2023-08-22,ChargerMatched,TCN,3.1579999923706055,57.971885681152344,54.81388473510742,85.68599700927734,nan,nan,20260726
2023-08-23,ChargerMatched,TCN,26.45600128173828,54.89486312866211,28.438861846923828,97.12699890136719,nan,nan,20260726
2023-08-24,ChargerMatched,TCN,46.24500274658203,44.32136917114258,1.9236335754394531,140.77200317382812,nan,nan,20260726
2023-08-25,ChargerMatched,TCN,50.641998291015625,34.360443115234375,16.28155517578125,84.27300262451172,nan,nan,20260726
2023-08-26,ChargerMatched,TCN,10.074000358581543,32.476593017578125,22.402591705322266,96.99600219726562,nan,nan,20260726
2023-08-27,ChargerMatched,TCN,44.54800033569336,40.47705841064453,4.070941925048828,71.43399810791016,nan,nan,20260726
2023-08-28,ChargerMatched,TCN,105.98500061035156,52.605003356933594,53.37999725341797,156.41000366210938,nan,nan,20260726
2023-08-29,ChargerMatched,TCN,22.319000244140625,60.130889892578125,37.8118896484375,126.37200164794922,nan,nan,20260726
2023-08-30,ChargerMatched,TCN,25.583999633789062,57.40873718261719,31.824737548828125,83.01100158691406,nan,nan,20260726
2023-08-31,ChargerMatched,TCN,30.01799964904785,46.71282958984375,16.6948299407959,162.50201416015625,nan,nan,20260726
2023-09-01,ChargerMatched,TCN,25.600000381469727,36.2300910949707,10.630090713500977,148.77398681640625,nan,nan,20260726
2023-09-02,ChargerMatched,TCN,0.0,33.54118347167969,33.54118347167969,36.35599899291992,nan,nan,20260726
2023-09-03,ChargerMatched,TCN,5.257999897003174,40.680328369140625,35.42232894897461,50.1609992980957,nan,nan,20260726
2023-09-04,ChargerMatched,TCN,5.604000091552734,52.09567642211914,46.491676330566406,38.178001403808594,nan,nan,20260726
2023-09-05,ChargerMatched,TCN,34.91699981689453,58.95306396484375,24.03606414794922,79.94700622558594,nan,nan,20260726
2023-09-06,ChargerMatched,TCN,45.624996185302734,56.08088684082031,10.455890655517578,116.67500305175781,nan,nan,20260726
2023-09-07,ChargerMatched,TCN,52.51499938964844,45.77072525024414,6.744274139404297,135.46900939941406,nan,nan,20260726
2023-09-08,ChargerMatched,TCN,6.215000152587891,35.746646881103516,29.531646728515625,110.70100402832031,nan,nan,20260726
2023-09-09,ChargerMatched,TCN,14.732999801635742,33.65871047973633,18.925710678100586,40.48600387573242,nan,nan,20260726
2023-09-10,ChargerMatched,TCN,8.602999687194824,41.81169128417969,33.20869064331055,79.18399047851562,nan,nan,20260726
2023-09-11,ChargerMatched,TCN,33.66699981689453,53.548805236816406,19.881805419921875,37.2609977722168,nan,nan,20260726
2023-09-12,ChargerMatched,TCN,27.992000579833984,61.38996887207031,33.39796829223633,73.33300018310547,nan,nan,20260726
2023-09-13,ChargerMatched,TCN,12.177999496459961,58.56572723388672,46.387725830078125,127.12799072265625,nan,nan,20260726
2023-09-14,ChargerMatched,TCN,2.309999942779541,47.64141845703125,45.331417083740234,41.83300018310547,nan,nan,20260726
2023-09-15,ChargerMatched,TCN,5.942999839782715,37.05904006958008,31.116039276123047,84.25599670410156,nan,nan,20260726
2023-09-16,ChargerMatched,TCN,0.0,34.62252426147461,34.62252426147461,85.61199188232422,nan,nan,20260726
2023-09-17,ChargerMatched,TCN,43.06300354003906,41.967308044433594,1.0956954956054688,75.45500183105469,nan,nan,20260726
2023-09-18,ChargerMatched,TCN,17.8439998626709,54.43525314331055,36.59125518798828,123.375,nan,nan,20260726
2023-09-19,ChargerMatched,TCN,39.57099914550781,62.38093948364258,22.809940338134766,187.1219940185547,nan,nan,20260726
2023-09-20,ChargerMatched,TCN,34.91600036621094,59.856082916259766,24.940082550048828,165.49400329589844,nan,nan,20260726
2023-09-21,ChargerMatched,TCN,32.01799774169922,49.26701354980469,17.24901580810547,165.1409912109375,nan,nan,20260726
2023-09-22,ChargerMatched,TCN,24.124000549316406,38.290489196777344,14.166488647460938,112.8330078125,nan,nan,20260726
2023-09-23,ChargerMatched,TCN,0.0,35.48301696777344,35.48301696777344,105.82099914550781,nan,nan,20260726
2023-09-24,ChargerMatched,TCN,32.084999084472656,42.62245178222656,10.537452697753906,76.98600006103516,nan,nan,20260726
2023-09-25,ChargerMatched,TCN,38.21699905395508,54.3375244140625,16.120525360107422,109.43299865722656,nan,nan,20260726
2023-09-26,ChargerMatched,TCN,35.124000549316406,61.61677932739258,26.492778778076172,140.0360107421875,nan,nan,20260726
2023-09-27,ChargerMatched,TCN,95.2760009765625,59.71837615966797,35.55762481689453,157.02700805664062,nan,nan,20260726
2023-09-28,ChargerMatched,TCN,24.44700050354004,50.6018180847168,26.154817581176758,130.1590118408203,nan,nan,20260726
2023-09-29,ChargerMatched,TCN,12.67300033569336,41.0318489074707,28.358848571777344,71.05000305175781,nan,nan,20260726
2023-09-30,ChargerMatched,TCN,47.46399688720703,39.269439697265625,8.194557189941406,132.11199951171875,nan,nan,20260726
2023-07-01,ChargerMatched,iTransformer,8.269000053405762,20.979646682739258,12.710646629333496,39.98400115966797,nan,nan,20260726
2023-07-02,ChargerMatched,iTransformer,25.868000030517578,7.640279769897461,18.227720260620117,84.92100524902344,nan,nan,20260726
2023-07-03,ChargerMatched,iTransformer,41.68299865722656,14.354541778564453,27.32845687866211,121.43299865722656,nan,nan,20260726
2023-07-04,ChargerMatched,iTransformer,0.0,40.437660217285156,40.437660217285156,16.437999725341797,nan,nan,20260726
2023-07-05,ChargerMatched,iTransformer,46.48400115966797,55.4320182800293,8.948017120361328,112.5530014038086,nan,nan,20260726
2023-07-06,ChargerMatched,iTransformer,16.927000045776367,68.44068145751953,51.51367950439453,133.0570068359375,nan,nan,20260726
2023-07-07,ChargerMatched,iTransformer,28.83300018310547,54.22913360595703,25.396133422851562,94.96900177001953,nan,nan,20260726
2023-07-08,ChargerMatched,iTransformer,11.701000213623047,20.11630630493164,8.415306091308594,50.14600372314453,nan,nan,20260726
2023-07-09,ChargerMatched,iTransformer,0.0,6.321089267730713,6.321089267730713,27.32699966430664,nan,nan,20260726
2023-07-10,ChargerMatched,iTransformer,39.33000183105469,7.124456882476807,32.205543518066406,78.30599975585938,nan,nan,20260726
2023-07-11,ChargerMatched,iTransformer,47.58799743652344,25.558429718017578,22.02956771850586,154.03500366210938,nan,nan,20260726
2023-07-12,ChargerMatched,iTransformer,13.889999389648438,61.84720993041992,47.957210540771484,88.57099914550781,nan,nan,20260726
2023-07-13,ChargerMatched,iTransformer,45.45999526977539,66.40907287597656,20.949077606201172,159.3000030517578,nan,nan,20260726
2023-07-14,ChargerMatched,iTransformer,41.76300048828125,52.944549560546875,11.181549072265625,97.44499206542969,nan,nan,20260726
2023-07-15,ChargerMatched,iTransformer,0.0,19.43039321899414,19.43039321899414,15.918999671936035,nan,nan,20260726
2023-07-16,ChargerMatched,iTransformer,0.0,7.83110237121582,7.83110237121582,68.91900634765625,nan,nan,20260726
2023-07-17,ChargerMatched,iTransformer,32.79600143432617,12.22224235534668,20.573759078979492,98.52300262451172,nan,nan,20260726
2023-07-18,ChargerMatched,iTransformer,68.76300048828125,28.707439422607422,40.05556106567383,140.23199462890625,nan,nan,20260726
2023-07-19,ChargerMatched,iTransformer,40.73999786376953,58.260597229003906,17.520599365234375,90.96199798583984,nan,nan,20260726
2023-07-20,ChargerMatched,iTransformer,17.759000778198242,63.57083511352539,45.81183624267578,129.85899353027344,nan,nan,20260726
2023-07-21,ChargerMatched,iTransformer,7.895999908447266,49.587528228759766,41.6915283203125,94.1760025024414,nan,nan,20260726
2023-07-22,ChargerMatched,iTransformer,11.82699966430664,5.060787677764893,6.766211986541748,49.152000427246094,nan,nan,20260726
2023-07-23,ChargerMatched,iTransformer,11.973999977111816,4.596146106719971,7.377853870391846,29.33799934387207,nan,nan,20260726
2023-07-24,ChargerMatched,iTransformer,61.29399871826172,14.100854873657227,47.193145751953125,140.76300048828125,nan,nan,20260726
2023-07-25,ChargerMatched,iTransformer,39.10100173950195,36.12007141113281,2.9809303283691406,69.97699737548828,nan,nan,20260726
2023-07-26,ChargerMatched,iTransformer,33.7140007019043,61.36661148071289,27.652610778808594,99.8080062866211,nan,nan,20260726
2023-07-27,ChargerMatched,iTransformer,13.871999740600586,54.681884765625,40.80988311767578,73.04100036621094,nan,nan,20260726
2023-07-28,ChargerMatched,iTransformer,0.0,40.32964324951172,40.32964324951172,63.87099838256836,nan,nan,20260726
2023-07-29,ChargerMatched,iTransformer,1.225000023841858,6.679009437561035,5.454009532928467,59.3489990234375,nan,nan,20260726
2023-07-30,ChargerMatched,iTransformer,17.972999572753906,4.673342704772949,13.299656867980957,68.73100280761719,nan,nan,20260726
2023-07-31,ChargerMatched,iTransformer,49.086997985839844,14.424939155578613,34.66205978393555,138.73300170898438,nan,nan,20260726
2023-08-01,ChargerMatched,iTransformer,48.61899948120117,30.89856719970703,17.72043228149414,104.54399871826172,nan,nan,20260726
2023-08-02,ChargerMatched,iTransformer,30.68899917602539,54.245452880859375,23.556453704833984,88.90299987792969,nan,nan,20260726
2023-08-03,ChargerMatched,iTransformer,76.95099639892578,51.11007308959961,25.840923309326172,146.60800170898438,nan,nan,20260726
2023-08-04,ChargerMatched,iTransformer,22.779998779296875,35.619503021240234,12.83950424194336,123.77099609375,nan,nan,20260726
2023-08-05,ChargerMatched,iTransformer,47.73899841308594,8.101926803588867,39.63706970214844,79.20600128173828,nan,nan,20260726
2023-08-06,ChargerMatched,iTransformer,10.121999740600586,8.232073783874512,1.8899259567260742,58.13300323486328,nan,nan,20260726
2023-08-07,ChargerMatched,iTransformer,27.21200180053711,18.709163665771484,8.502838134765625,92.07901000976562,nan,nan,20260726
2023-08-08,ChargerMatched,iTransformer,57.641998291015625,34.551910400390625,23.090087890625,152.3249969482422,nan,nan,20260726
2023-08-09,ChargerMatched,iTransformer,18.696001052856445,56.149078369140625,37.45307922363281,167.00201416015625,nan,nan,20260726
2023-08-10,ChargerMatched,iTransformer,53.770999908447266,60.103302001953125,6.332302093505859,134.35000610351562,nan,nan,20260726
2023-08-11,ChargerMatched,iTransformer,5.497000217437744,38.049800872802734,32.552799224853516,62.154998779296875,nan,nan,20260726
2023-08-12,ChargerMatched,iTransformer,9.717000007629395,9.111682891845703,0.6053171157836914,41.02900314331055,nan,nan,20260726
2023-08-13,ChargerMatched,iTransformer,27.4010009765625,4.070218086242676,23.33078384399414,65.48699951171875,nan,nan,20260726
2023-08-14,ChargerMatched,iTransformer,41.26499938964844,10.803573608398438,30.46142578125,130.99200439453125,nan,nan,20260726
2023-08-15,ChargerMatched,iTransformer,57.397003173828125,34.6655158996582,22.731487274169922,123.75299835205078,nan,nan,20260726
2023-08-16,ChargerMatched,iTransformer,94.55500030517578,55.686222076416016,38.868778228759766,136.17799377441406,nan,nan,20260726
2023-08-17,ChargerMatched,iTransformer,62.777000427246094,69.80042266845703,7.0234222412109375,136.80101013183594,nan,nan,20260726
2023-08-18,ChargerMatched,iTransformer,11.901000022888184,43.740657806396484,31.839656829833984,86.53099822998047,nan,nan,20260726
2023-08-19,ChargerMatched,iTransformer,33.058998107910156,10.605132102966309,22.45386505126953,88.4489974975586,nan,nan,20260726
2023-08-20,ChargerMatched,iTransformer,0.0,8.901077270507812,8.901077270507812,0.0,nan,nan,20260726
2023-08-21,ChargerMatched,iTransformer,17.55500030517578,16.43785858154297,1.1171417236328125,66.0,nan,nan,20260726
2023-08-22,ChargerMatched,iTransformer,3.1579999923706055,35.560787200927734,32.40278625488281,85.68599700927734,nan,nan,20260726
2023-08-23,ChargerMatched,iTransformer,26.45600128173828,53.691650390625,27.23564910888672,97.12699890136719,nan,nan,20260726
2023-08-24,ChargerMatched,iTransformer,46.24500274658203,51.684959411621094,5.4399566650390625,140.77200317382812,nan,nan,20260726
2023-08-25,ChargerMatched,iTransformer,50.641998291015625,19.204120635986328,31.437877655029297,84.27300262451172,nan,nan,20260726
2023-08-26,ChargerMatched,iTransformer,10.074000358581543,9.09349250793457,0.9805078506469727,96.99600219726562,nan,nan,20260726
2023-08-27,ChargerMatched,iTransformer,44.54800033569336,0.0,44.54800033569336,71.43399810791016,nan,nan,20260726
2023-08-28,ChargerMatched,iTransformer,105.98500061035156,12.195083618164062,93.7899169921875,156.41000366210938,nan,nan,20260726
2023-08-29,ChargerMatched,iTransformer,22.319000244140625,46.41547775268555,24.096477508544922,126.37200164794922,nan,nan,20260726
2023-08-30,ChargerMatched,iTransformer,25.583999633789062,57.281951904296875,31.697952270507812,83.01100158691406,nan,nan,20260726
2023-08-31,ChargerMatched,iTransformer,30.01799964904785,67.69290161132812,37.674903869628906,162.50201416015625,nan,nan,20260726
2023-09-01,ChargerMatched,iTransformer,25.600000381469727,35.212520599365234,9.612520217895508,148.77398681640625,nan,nan,20260726
2023-09-02,ChargerMatched,iTransformer,0.0,9.566656112670898,9.566656112670898,36.35599899291992,nan,nan,20260726
2023-09-03,ChargerMatched,iTransformer,5.257999897003174,3.385629653930664,1.8723702430725098,50.1609992980957,nan,nan,20260726
2023-09-04,ChargerMatched,iTransformer,5.604000091552734,9.396059036254883,3.7920589447021484,38.178001403808594,nan,nan,20260726
2023-09-05,ChargerMatched,iTransformer,34.91699981689453,22.550518035888672,12.36648178100586,79.94700622558594,nan,nan,20260726
2023-09-06,ChargerMatched,iTransformer,45.624996185302734,40.347877502441406,5.277118682861328,116.67500305175781,nan,nan,20260726
2023-09-07,ChargerMatched,iTransformer,52.51499938964844,52.23626708984375,0.2787322998046875,135.46900939941406,nan,nan,20260726
2023-09-08,ChargerMatched,iTransformer,6.215000152587891,32.319759368896484,26.104759216308594,110.70100402832031,nan,nan,20260726
2023-09-09,ChargerMatched,iTransformer,14.732999801635742,6.087279319763184,8.645720481872559,40.48600387573242,nan,nan,20260726
2023-09-10,ChargerMatched,iTransformer,8.602999687194824,1.7816944122314453,6.821305274963379,79.18399047851562,nan,nan,20260726
2023-09-11,ChargerMatched,iTransformer,33.66699981689453,12.761837005615234,20.905162811279297,37.2609977722168,nan,nan,20260726
2023-09-12,ChargerMatched,iTransformer,27.992000579833984,24.475675582885742,3.516324996948242,73.33300018310547,nan,nan,20260726
2023-09-13,ChargerMatched,iTransformer,12.177999496459961,50.14628982543945,37.968292236328125,127.12799072265625,nan,nan,20260726
2023-09-14,ChargerMatched,iTransformer,2.309999942779541,48.70652770996094,46.39652633666992,41.83300018310547,nan,nan,20260726
2023-09-15,ChargerMatched,iTransformer,5.942999839782715,24.947036743164062,19.00403594970703,84.25599670410156,nan,nan,20260726
2023-09-16,ChargerMatched,iTransformer,0.0,1.1926937103271484,1.1926937103271484,85.61199188232422,nan,nan,20260726
2023-09-17,ChargerMatched,iTransformer,43.06300354003906,0.0,43.06300354003906,75.45500183105469,nan,nan,20260726
2023-09-18,ChargerMatched,iTransformer,17.8439998626709,7.179911136627197,10.66408920288086,123.375,nan,nan,20260726
2023-09-19,ChargerMatched,iTransformer,39.57099914550781,14.316713333129883,25.25428581237793,187.1219940185547,nan,nan,20260726
2023-09-20,ChargerMatched,iTransformer,34.91600036621094,39.00486755371094,4.0888671875,165.49400329589844,nan,nan,20260726
2023-09-21,ChargerMatched,iTransformer,32.01799774169922,45.44163513183594,13.423637390136719,165.1409912109375,nan,nan,20260726
2023-09-22,ChargerMatched,iTransformer,24.124000549316406,27.13465118408203,3.010650634765625,112.8330078125,nan,nan,20260726
2023-09-23,ChargerMatched,iTransformer,0.0,8.463714599609375,8.463714599609375,105.82099914550781,nan,nan,20260726
2023-09-24,ChargerMatched,iTransformer,32.084999084472656,4.659053325653076,27.425945281982422,76.98600006103516,nan,nan,20260726
2023-09-25,ChargerMatched,iTransformer,38.21699905395508,6.398812294006348,31.818187713623047,109.43299865722656,nan,nan,20260726
2023-09-26,ChargerMatched,iTransformer,35.124000549316406,20.231998443603516,14.89200210571289,140.0360107421875,nan,nan,20260726
2023-09-27,ChargerMatched,iTransformer,95.2760009765625,51.215267181396484,44.060733795166016,157.02700805664062,nan,nan,20260726
2023-09-28,ChargerMatched,iTransformer,24.44700050354004,55.698829650878906,31.251829147338867,130.1590118408203,nan,nan,20260726
2023-09-29,ChargerMatched,iTransformer,12.67300033569336,28.32569694519043,15.65269660949707,71.05000305175781,nan,nan,20260726
2023-09-30,ChargerMatched,iTransformer,47.46399688720703,7.909290790557861,39.55470657348633,132.11199951171875,nan,nan,20260726
2023-07-01,ChargerMatched,GraphGNN,8.269000053405762,37.904212951660156,29.635211944580078,39.98400115966797,nan,nan,20260726
2023-07-02,ChargerMatched,GraphGNN,25.868000030517578,38.9225959777832,13.054595947265625,84.92100524902344,nan,nan,20260726
2023-07-03,ChargerMatched,GraphGNN,41.68299865722656,49.3436164855957,7.660617828369141,121.43299865722656,nan,nan,20260726
2023-07-04,ChargerMatched,GraphGNN,0.0,59.6265983581543,59.6265983581543,16.437999725341797,nan,nan,20260726
2023-07-05,ChargerMatched,GraphGNN,46.48400115966797,49.50310134887695,3.0191001892089844,112.5530014038086,nan,nan,20260726
2023-07-06,ChargerMatched,GraphGNN,16.927000045776367,44.28298568725586,27.355985641479492,133.0570068359375,nan,nan,20260726
2023-07-07,ChargerMatched,GraphGNN,28.83300018310547,37.84417724609375,9.011177062988281,94.96900177001953,nan,nan,20260726
2023-07-08,ChargerMatched,GraphGNN,11.701000213623047,31.941402435302734,20.240402221679688,50.14600372314453,nan,nan,20260726
2023-07-09,ChargerMatched,GraphGNN,0.0,32.554595947265625,32.554595947265625,27.32699966430664,nan,nan,20260726
2023-07-10,ChargerMatched,GraphGNN,39.33000183105469,38.38660430908203,0.9433975219726562,78.30599975585938,nan,nan,20260726
2023-07-11,ChargerMatched,GraphGNN,47.58799743652344,47.30240249633789,0.2855949401855469,154.03500366210938,nan,nan,20260726
2023-07-12,ChargerMatched,GraphGNN,13.889999389648438,51.815773010253906,37.92577362060547,88.57099914550781,nan,nan,20260726
2023-07-13,ChargerMatched,GraphGNN,45.45999526977539,44.05344009399414,1.40655517578125,159.3000030517578,nan,nan,20260726
2023-07-14,ChargerMatched,GraphGNN,41.76300048828125,38.898895263671875,2.864105224609375,97.44499206542969,nan,nan,20260726
2023-07-15,ChargerMatched,GraphGNN,0.0,35.84748840332031,35.84748840332031,15.918999671936035,nan,nan,20260726
2023-07-16,ChargerMatched,GraphGNN,0.0,35.073734283447266,35.073734283447266,68.91900634765625,nan,nan,20260726
2023-07-17,ChargerMatched,GraphGNN,32.79600143432617,39.9013786315918,7.105377197265625,98.52300262451172,nan,nan,20260726
2023-07-18,ChargerMatched,GraphGNN,68.76300048828125,44.43523406982422,24.32776641845703,140.23199462890625,nan,nan,20260726
2023-07-19,ChargerMatched,GraphGNN,40.73999786376953,45.33309555053711,4.593097686767578,90.96199798583984,nan,nan,20260726
2023-07-20,ChargerMatched,GraphGNN,17.759000778198242,39.41709518432617,21.65809440612793,129.85899353027344,nan,nan,20260726
2023-07-21,ChargerMatched,GraphGNN,7.895999908447266,29.29998016357422,21.403980255126953,94.1760025024414,nan,nan,20260726
2023-07-22,ChargerMatched,GraphGNN,11.82699966430664,26.151809692382812,14.324810028076172,49.152000427246094,nan,nan,20260726
2023-07-23,ChargerMatched,GraphGNN,11.973999977111816,28.381582260131836,16.407581329345703,29.33799934387207,nan,nan,20260726
2023-07-24,ChargerMatched,GraphGNN,61.29399871826172,42.77326202392578,18.520736694335938,140.76300048828125,nan,nan,20260726
2023-07-25,ChargerMatched,GraphGNN,39.10100173950195,52.73356628417969,13.632564544677734,69.97699737548828,nan,nan,20260726
2023-07-26,ChargerMatched,GraphGNN,33.7140007019043,50.98689651489258,17.27289581298828,99.8080062866211,nan,nan,20260726
2023-07-27,ChargerMatched,GraphGNN,13.871999740600586,44.91505813598633,31.043058395385742,73.04100036621094,nan,nan,20260726
2023-07-28,ChargerMatched,GraphGNN,0.0,32.436134338378906,32.436134338378906,63.87099838256836,nan,nan,20260726
2023-07-29,ChargerMatched,GraphGNN,1.225000023841858,24.082910537719727,22.85791015625,59.3489990234375,nan,nan,20260726
2023-07-30,ChargerMatched,GraphGNN,17.972999572753906,28.123275756835938,10.150276184082031,68.73100280761719,nan,nan,20260726
2023-07-31,ChargerMatched,GraphGNN,49.086997985839844,38.764617919921875,10.322380065917969,138.73300170898438,nan,nan,20260726
2023-08-01,ChargerMatched,GraphGNN,48.61899948120117,49.01866149902344,0.3996620178222656,104.54399871826172,nan,nan,20260726
2023-08-02,ChargerMatched,GraphGNN,30.68899917602539,53.40518569946289,22.7161865234375,88.90299987792969,nan,nan,20260726
2023-08-03,ChargerMatched,GraphGNN,76.95099639892578,46.19487380981445,30.756122589111328,146.60800170898438,nan,nan,20260726
2023-08-04,ChargerMatched,GraphGNN,22.779998779296875,41.55975341796875,18.779754638671875,123.77099609375,nan,nan,20260726
2023-08-05,ChargerMatched,GraphGNN,47.73899841308594,34.94534683227539,12.793651580810547,79.20600128173828,nan,nan,20260726
2023-08-06,ChargerMatched,GraphGNN,10.121999740600586,39.60392761230469,29.4819278717041,58.13300323486328,nan,nan,20260726
2023-08-07,ChargerMatched,GraphGNN,27.21200180053711,51.15491485595703,23.942913055419922,92.07901000976562,nan,nan,20260726
2023-08-08,ChargerMatched,GraphGNN,57.641998291015625,59.5115966796875,1.869598388671875,152.3249969482422,nan,nan,20260726
2023-08-09,ChargerMatched,GraphGNN,18.696001052856445,56.003929138183594,37.30792999267578,167.00201416015625,nan,nan,20260726
2023-08-10,ChargerMatched,GraphGNN,53.770999908447266,44.71614456176758,9.054855346679688,134.35000610351562,nan,nan,20260726
2023-08-11,ChargerMatched,GraphGNN,5.497000217437744,37.79781723022461,32.30081558227539,62.154998779296875,nan,nan,20260726
2023-08-12,ChargerMatched,GraphGNN,9.717000007629395,29.9703369140625,20.253337860107422,41.02900314331055,nan,nan,20260726
2023-08-13,ChargerMatched,GraphGNN,27.4010009765625,32.85422897338867,5.453227996826172,65.48699951171875,nan,nan,20260726
2023-08-14,ChargerMatched,GraphGNN,41.26499938964844,47.90547180175781,6.640472412109375,130.99200439453125,nan,nan,20260726
2023-08-15,ChargerMatched,GraphGNN,57.397003173828125,51.71403884887695,5.682964324951172,123.75299835205078,nan,nan,20260726
2023-08-16,ChargerMatched,GraphGNN,94.55500030517578,48.675567626953125,45.879432678222656,136.17799377441406,nan,nan,20260726
2023-08-17,ChargerMatched,GraphGNN,62.777000427246094,53.95802307128906,8.818977355957031,136.80101013183594,nan,nan,20260726
2023-08-18,ChargerMatched,GraphGNN,11.901000022888184,43.195213317871094,31.294212341308594,86.53099822998047,nan,nan,20260726
2023-08-19,ChargerMatched,GraphGNN,33.058998107910156,32.675758361816406,0.38323974609375,88.4489974975586,nan,nan,20260726
2023-08-20,ChargerMatched,GraphGNN,0.0,38.64855194091797,38.64855194091797,0.0,nan,nan,20260726
2023-08-21,ChargerMatched,GraphGNN,17.55500030517578,43.251224517822266,25.696224212646484,66.0,nan,nan,20260726
2023-08-22,ChargerMatched,GraphGNN,3.1579999923706055,43.560081481933594,40.40208053588867,85.68599700927734,nan,nan,20260726
2023-08-23,ChargerMatched,GraphGNN,26.45600128173828,38.0233268737793,11.567325592041016,97.12699890136719,nan,nan,20260726
2023-08-24,ChargerMatched,GraphGNN,46.24500274658203,38.0535888671875,8.191413879394531,140.77200317382812,nan,nan,20260726
2023-08-25,ChargerMatched,GraphGNN,50.641998291015625,37.454811096191406,13.187187194824219,84.27300262451172,nan,nan,20260726
2023-08-26,ChargerMatched,GraphGNN,10.074000358581543,37.985408782958984,27.911407470703125,96.99600219726562,nan,nan,20260726
2023-08-27,ChargerMatched,GraphGNN,44.54800033569336,42.57225799560547,1.9757423400878906,71.43399810791016,nan,nan,20260726
2023-08-28,ChargerMatched,GraphGNN,105.98500061035156,56.08978271484375,49.89521789550781,156.41000366210938,nan,nan,20260726
2023-08-29,ChargerMatched,GraphGNN,22.319000244140625,66.11016082763672,43.791160583496094,126.37200164794922,nan,nan,20260726
2023-08-30,ChargerMatched,GraphGNN,25.583999633789062,54.21920394897461,28.635204315185547,83.01100158691406,nan,nan,20260726
2023-08-31,ChargerMatched,GraphGNN,30.01799964904785,48.24557876586914,18.22757911682129,162.50201416015625,nan,nan,20260726
2023-09-01,ChargerMatched,GraphGNN,25.600000381469727,42.02696228027344,16.42696189880371,148.77398681640625,nan,nan,20260726
2023-09-02,ChargerMatched,GraphGNN,0.0,33.147216796875,33.147216796875,36.35599899291992,nan,nan,20260726
2023-09-03,ChargerMatched,GraphGNN,5.257999897003174,33.52989959716797,28.271900177001953,50.1609992980957,nan,nan,20260726
2023-09-04,ChargerMatched,GraphGNN,5.604000091552734,43.811676025390625,38.20767593383789,38.178001403808594,nan,nan,20260726
2023-09-05,ChargerMatched,GraphGNN,34.91699981689453,47.45856475830078,12.54156494140625,79.94700622558594,nan,nan,20260726
2023-09-06,ChargerMatched,GraphGNN,45.624996185302734,45.32184982299805,0.3031463623046875,116.67500305175781,nan,nan,20260726
2023-09-07,ChargerMatched,GraphGNN,52.51499938964844,46.60411834716797,5.910881042480469,135.46900939941406,nan,nan,20260726
2023-09-08,ChargerMatched,GraphGNN,6.215000152587891,44.27577209472656,38.06077194213867,110.70100402832031,nan,nan,20260726
2023-09-09,ChargerMatched,GraphGNN,14.732999801635742,33.213043212890625,18.480043411254883,40.48600387573242,nan,nan,20260726
2023-09-10,ChargerMatched,GraphGNN,8.602999687194824,40.39917755126953,31.79617691040039,79.18399047851562,nan,nan,20260726
2023-09-11,ChargerMatched,GraphGNN,33.66699981689453,48.43603515625,14.769035339355469,37.2609977722168,nan,nan,20260726
2023-09-12,ChargerMatched,GraphGNN,27.992000579833984,55.64461898803711,27.652618408203125,73.33300018310547,nan,nan,20260726
2023-09-13,ChargerMatched,GraphGNN,12.177999496459961,53.520076751708984,41.342079162597656,127.12799072265625,nan,nan,20260726
2023-09-14,ChargerMatched,GraphGNN,2.309999942779541,45.809120178222656,43.49911880493164,41.83300018310547,nan,nan,20260726
2023-09-15,ChargerMatched,GraphGNN,5.942999839782715,32.80207824707031,26.85907745361328,84.25599670410156,nan,nan,20260726
2023-09-16,ChargerMatched,GraphGNN,0.0,24.915721893310547,24.915721893310547,85.61199188232422,nan,nan,20260726
2023-09-17,ChargerMatched,GraphGNN,43.06300354003906,27.511568069458008,15.551435470581055,75.45500183105469,nan,nan,20260726
2023-09-18,ChargerMatched,GraphGNN,17.8439998626709,46.515647888183594,28.671648025512695,123.375,nan,nan,20260726
2023-09-19,ChargerMatched,GraphGNN,39.57099914550781,54.2397346496582,14.66873550415039,187.1219940185547,nan,nan,20260726
2023-09-20,ChargerMatched,GraphGNN,34.91600036621094,49.34520721435547,14.429206848144531,165.49400329589844,nan,nan,20260726
2023-09-21,ChargerMatched,GraphGNN,32.01799774169922,44.203895568847656,12.185897827148438,165.1409912109375,nan,nan,20260726
2023-09-22,ChargerMatched,GraphGNN,24.124000549316406,37.566951751708984,13.442951202392578,112.8330078125,nan,nan,20260726
2023-09-23,ChargerMatched,GraphGNN,0.0,32.39387130737305,32.39387130737305,105.82099914550781,nan,nan,20260726
2023-09-24,ChargerMatched,GraphGNN,32.084999084472656,33.24905014038086,1.1640510559082031,76.98600006103516,nan,nan,20260726
2023-09-25,ChargerMatched,GraphGNN,38.21699905395508,52.86063003540039,14.643630981445312,109.43299865722656,nan,nan,20260726
2023-09-26,ChargerMatched,GraphGNN,35.124000549316406,59.84309005737305,24.71908950805664,140.0360107421875,nan,nan,20260726
2023-09-27,ChargerMatched,GraphGNN,95.2760009765625,57.929603576660156,37.346397399902344,157.02700805664062,nan,nan,20260726
2023-09-28,ChargerMatched,GraphGNN,24.44700050354004,63.17520523071289,38.72820281982422,130.1590118408203,nan,nan,20260726
2023-09-29,ChargerMatched,GraphGNN,12.67300033569336,47.08108901977539,34.40808868408203,71.05000305175781,nan,nan,20260726
2023-09-30,ChargerMatched,GraphGNN,47.46399688720703,36.18366622924805,11.280330657958984,132.11199951171875,nan,nan,20260726
2023-07-01,ChargerFull,SeasonalNaive,39.98400115966797,58.4839973449707,18.499996185302734,39.98400115966797,nan,nan,20260726
2023-07-02,ChargerFull,SeasonalNaive,84.92100524902344,46.900001525878906,38.02100372314453,84.92100524902344,nan,nan,20260726
2023-07-03,ChargerFull,SeasonalNaive,121.43299865722656,70.86900329589844,50.563995361328125,121.43299865722656,nan,nan,20260726
2023-07-04,ChargerFull,SeasonalNaive,16.437999725341797,90.13700103759766,73.69900512695312,16.437999725341797,nan,nan,20260726
2023-07-05,ChargerFull,SeasonalNaive,112.5530014038086,90.80299377441406,21.75000762939453,112.5530014038086,nan,nan,20260726
2023-07-06,ChargerFull,SeasonalNaive,133.0570068359375,107.15699768066406,25.900009155273438,133.0570068359375,nan,nan,20260726
2023-07-07,ChargerFull,SeasonalNaive,94.96900177001953,132.53900146484375,37.56999969482422,94.96900177001953,nan,nan,20260726
2023-07-08,ChargerFull,SeasonalNaive,50.14600372314453,39.98400115966797,10.162002563476562,50.14600372314453,nan,nan,20260726
2023-07-09,ChargerFull,SeasonalNaive,27.32699966430664,84.92100524902344,57.5940055847168,27.32699966430664,nan,nan,20260726
2023-07-10,ChargerFull,SeasonalNaive,78.30599975585938,121.43299865722656,43.12699890136719,78.30599975585938,nan,nan,20260726
2023-07-11,ChargerFull,SeasonalNaive,154.03500366210938,16.437999725341797,137.5970001220703,154.03500366210938,nan,nan,20260726
2023-07-12,ChargerFull,SeasonalNaive,88.57099914550781,112.5530014038086,23.98200225830078,88.57099914550781,nan,nan,20260726
2023-07-13,ChargerFull,SeasonalNaive,159.3000030517578,133.0570068359375,26.242996215820312,159.3000030517578,nan,nan,20260726
2023-07-14,ChargerFull,SeasonalNaive,97.44499206542969,94.96900177001953,2.4759902954101562,97.44499206542969,nan,nan,20260726
2023-07-15,ChargerFull,SeasonalNaive,15.918999671936035,50.14600372314453,34.22700500488281,15.918999671936035,nan,nan,20260726
2023-07-16,ChargerFull,SeasonalNaive,68.91900634765625,27.32699966430664,41.59200668334961,68.91900634765625,nan,nan,20260726
2023-07-17,ChargerFull,SeasonalNaive,98.52300262451172,78.30599975585938,20.217002868652344,98.52300262451172,nan,nan,20260726
2023-07-18,ChargerFull,SeasonalNaive,140.23199462890625,154.03500366210938,13.803009033203125,140.23199462890625,nan,nan,20260726
2023-07-19,ChargerFull,SeasonalNaive,90.96199798583984,88.57099914550781,2.3909988403320312,90.96199798583984,nan,nan,20260726
2023-07-20,ChargerFull,SeasonalNaive,129.85899353027344,159.3000030517578,29.441009521484375,129.85899353027344,nan,nan,20260726
2023-07-21,ChargerFull,SeasonalNaive,94.1760025024414,97.44499206542969,3.2689895629882812,94.1760025024414,nan,nan,20260726
2023-07-22,ChargerFull,SeasonalNaive,49.152000427246094,15.918999671936035,33.233001708984375,49.152000427246094,nan,nan,20260726
2023-07-23,ChargerFull,SeasonalNaive,29.33799934387207,68.91900634765625,39.58100891113281,29.33799934387207,nan,nan,20260726
2023-07-24,ChargerFull,SeasonalNaive,140.76300048828125,98.52300262451172,42.23999786376953,140.76300048828125,nan,nan,20260726
2023-07-25,ChargerFull,SeasonalNaive,69.97699737548828,140.23199462890625,70.25499725341797,69.97699737548828,nan,nan,20260726
2023-07-26,ChargerFull,SeasonalNaive,99.8080062866211,90.96199798583984,8.84600830078125,99.8080062866211,nan,nan,20260726
2023-07-27,ChargerFull,SeasonalNaive,73.04100036621094,129.85899353027344,56.8179931640625,73.04100036621094,nan,nan,20260726
2023-07-28,ChargerFull,SeasonalNaive,63.87099838256836,94.1760025024414,30.305004119873047,63.87099838256836,nan,nan,20260726
2023-07-29,ChargerFull,SeasonalNaive,59.3489990234375,49.152000427246094,10.196998596191406,59.3489990234375,nan,nan,20260726
2023-07-30,ChargerFull,SeasonalNaive,68.73100280761719,29.33799934387207,39.39300537109375,68.73100280761719,nan,nan,20260726
2023-07-31,ChargerFull,SeasonalNaive,138.73300170898438,140.76300048828125,2.029998779296875,138.73300170898438,nan,nan,20260726
2023-08-01,ChargerFull,SeasonalNaive,104.54399871826172,69.97699737548828,34.56700134277344,104.54399871826172,nan,nan,20260726
2023-08-02,ChargerFull,SeasonalNaive,88.90299987792969,99.8080062866211,10.905006408691406,88.90299987792969,nan,nan,20260726
2023-08-03,ChargerFull,SeasonalNaive,146.60800170898438,73.04100036621094,73.56700134277344,146.60800170898438,nan,nan,20260726
2023-08-04,ChargerFull,SeasonalNaive,123.77099609375,63.87099838256836,59.89999771118164,123.77099609375,nan,nan,20260726
2023-08-05,ChargerFull,SeasonalNaive,79.20600128173828,59.3489990234375,19.85700225830078,79.20600128173828,nan,nan,20260726
2023-08-06,ChargerFull,SeasonalNaive,58.13300323486328,68.73100280761719,10.597999572753906,58.13300323486328,nan,nan,20260726
2023-08-07,ChargerFull,SeasonalNaive,92.07901000976562,138.73300170898438,46.65399169921875,92.07901000976562,nan,nan,20260726
2023-08-08,ChargerFull,SeasonalNaive,152.3249969482422,104.54399871826172,47.78099822998047,152.3249969482422,nan,nan,20260726
2023-08-09,ChargerFull,SeasonalNaive,167.00201416015625,88.90299987792969,78.09901428222656,167.00201416015625,nan,nan,20260726
2023-08-10,ChargerFull,SeasonalNaive,134.35000610351562,146.60800170898438,12.25799560546875,134.35000610351562,nan,nan,20260726
2023-08-11,ChargerFull,SeasonalNaive,62.154998779296875,123.77099609375,61.615997314453125,62.154998779296875,nan,nan,20260726
2023-08-12,ChargerFull,SeasonalNaive,41.02900314331055,79.20600128173828,38.176998138427734,41.02900314331055,nan,nan,20260726
2023-08-13,ChargerFull,SeasonalNaive,65.48699951171875,58.13300323486328,7.353996276855469,65.48699951171875,nan,nan,20260726
2023-08-14,ChargerFull,SeasonalNaive,130.99200439453125,92.07901000976562,38.912994384765625,130.99200439453125,nan,nan,20260726
2023-08-15,ChargerFull,SeasonalNaive,123.75299835205078,152.3249969482422,28.571998596191406,123.75299835205078,nan,nan,20260726
2023-08-16,ChargerFull,SeasonalNaive,136.17799377441406,167.00201416015625,30.824020385742188,136.17799377441406,nan,nan,20260726
2023-08-17,ChargerFull,SeasonalNaive,136.80101013183594,134.35000610351562,2.4510040283203125,136.80101013183594,nan,nan,20260726
2023-08-18,ChargerFull,SeasonalNaive,86.53099822998047,62.154998779296875,24.375999450683594,86.53099822998047,nan,nan,20260726
2023-08-19,ChargerFull,SeasonalNaive,88.4489974975586,41.02900314331055,47.41999435424805,88.4489974975586,nan,nan,20260726
2023-08-20,ChargerFull,SeasonalNaive,0.0,65.48699951171875,65.48699951171875,0.0,nan,nan,20260726
2023-08-21,ChargerFull,SeasonalNaive,66.0,130.99200439453125,64.99200439453125,66.0,nan,nan,20260726
2023-08-22,ChargerFull,SeasonalNaive,85.68599700927734,123.75299835205078,38.06700134277344,85.68599700927734,nan,nan,20260726
2023-08-23,ChargerFull,SeasonalNaive,97.12699890136719,136.17799377441406,39.050994873046875,97.12699890136719,nan,nan,20260726
2023-08-24,ChargerFull,SeasonalNaive,140.77200317382812,136.80101013183594,3.9709930419921875,140.77200317382812,nan,nan,20260726
2023-08-25,ChargerFull,SeasonalNaive,84.27300262451172,86.53099822998047,2.25799560546875,84.27300262451172,nan,nan,20260726
2023-08-26,ChargerFull,SeasonalNaive,96.99600219726562,88.4489974975586,8.547004699707031,96.99600219726562,nan,nan,20260726
2023-08-27,ChargerFull,SeasonalNaive,71.43399810791016,0.0,71.43399810791016,71.43399810791016,nan,nan,20260726
2023-08-28,ChargerFull,SeasonalNaive,156.41000366210938,66.0,90.41000366210938,156.41000366210938,nan,nan,20260726
2023-08-29,ChargerFull,SeasonalNaive,126.37200164794922,85.68599700927734,40.686004638671875,126.37200164794922,nan,nan,20260726
2023-08-30,ChargerFull,SeasonalNaive,83.01100158691406,97.12699890136719,14.115997314453125,83.01100158691406,nan,nan,20260726
2023-08-31,ChargerFull,SeasonalNaive,162.50201416015625,140.77200317382812,21.730010986328125,162.50201416015625,nan,nan,20260726
2023-09-01,ChargerFull,SeasonalNaive,148.77398681640625,84.27300262451172,64.50098419189453,148.77398681640625,nan,nan,20260726
2023-09-02,ChargerFull,SeasonalNaive,36.35599899291992,96.99600219726562,60.6400032043457,36.35599899291992,nan,nan,20260726
2023-09-03,ChargerFull,SeasonalNaive,50.1609992980957,71.43399810791016,21.272998809814453,50.1609992980957,nan,nan,20260726
2023-09-04,ChargerFull,SeasonalNaive,38.178001403808594,156.41000366210938,118.23200225830078,38.178001403808594,nan,nan,20260726
2023-09-05,ChargerFull,SeasonalNaive,79.94700622558594,126.37200164794922,46.42499542236328,79.94700622558594,nan,nan,20260726
2023-09-06,ChargerFull,SeasonalNaive,116.67500305175781,83.01100158691406,33.66400146484375,116.67500305175781,nan,nan,20260726
2023-09-07,ChargerFull,SeasonalNaive,135.46900939941406,162.50201416015625,27.033004760742188,135.46900939941406,nan,nan,20260726
2023-09-08,ChargerFull,SeasonalNaive,110.70100402832031,148.77398681640625,38.07298278808594,110.70100402832031,nan,nan,20260726
2023-09-09,ChargerFull,SeasonalNaive,40.48600387573242,36.35599899291992,4.1300048828125,40.48600387573242,nan,nan,20260726
2023-09-10,ChargerFull,SeasonalNaive,79.18399047851562,50.1609992980957,29.022991180419922,79.18399047851562,nan,nan,20260726
2023-09-11,ChargerFull,SeasonalNaive,37.2609977722168,38.178001403808594,0.9170036315917969,37.2609977722168,nan,nan,20260726
2023-09-12,ChargerFull,SeasonalNaive,73.33300018310547,79.94700622558594,6.614006042480469,73.33300018310547,nan,nan,20260726
2023-09-13,ChargerFull,SeasonalNaive,127.12799072265625,116.67500305175781,10.452987670898438,127.12799072265625,nan,nan,20260726
2023-09-14,ChargerFull,SeasonalNaive,41.83300018310547,135.46900939941406,93.6360092163086,41.83300018310547,nan,nan,20260726
2023-09-15,ChargerFull,SeasonalNaive,84.25599670410156,110.70100402832031,26.44500732421875,84.25599670410156,nan,nan,20260726
2023-09-16,ChargerFull,SeasonalNaive,85.61199188232422,40.48600387573242,45.1259880065918,85.61199188232422,nan,nan,20260726
2023-09-17,ChargerFull,SeasonalNaive,75.45500183105469,79.18399047851562,3.7289886474609375,75.45500183105469,nan,nan,20260726
2023-09-18,ChargerFull,SeasonalNaive,123.375,37.2609977722168,86.11399841308594,123.375,nan,nan,20260726
2023-09-19,ChargerFull,SeasonalNaive,187.1219940185547,73.33300018310547,113.78899383544922,187.1219940185547,nan,nan,20260726
2023-09-20,ChargerFull,SeasonalNaive,165.49400329589844,127.12799072265625,38.36601257324219,165.49400329589844,nan,nan,20260726
2023-09-21,ChargerFull,SeasonalNaive,165.1409912109375,41.83300018310547,123.30799102783203,165.1409912109375,nan,nan,20260726
2023-09-22,ChargerFull,SeasonalNaive,112.8330078125,84.25599670410156,28.577011108398438,112.8330078125,nan,nan,20260726
2023-09-23,ChargerFull,SeasonalNaive,105.82099914550781,85.61199188232422,20.209007263183594,105.82099914550781,nan,nan,20260726
2023-09-24,ChargerFull,SeasonalNaive,76.98600006103516,75.45500183105469,1.5309982299804688,76.98600006103516,nan,nan,20260726
2023-09-25,ChargerFull,SeasonalNaive,109.43299865722656,123.375,13.942001342773438,109.43299865722656,nan,nan,20260726
2023-09-26,ChargerFull,SeasonalNaive,140.0360107421875,187.1219940185547,47.08598327636719,140.0360107421875,nan,nan,20260726
2023-09-27,ChargerFull,SeasonalNaive,157.02700805664062,165.49400329589844,8.466995239257812,157.02700805664062,nan,nan,20260726
2023-09-28,ChargerFull,SeasonalNaive,130.1590118408203,165.1409912109375,34.98197937011719,130.1590118408203,nan,nan,20260726
2023-09-29,ChargerFull,SeasonalNaive,71.05000305175781,112.8330078125,41.78300476074219,71.05000305175781,nan,nan,20260726
2023-09-30,ChargerFull,SeasonalNaive,132.11199951171875,105.82099914550781,26.291000366210938,132.11199951171875,nan,nan,20260726
2023-07-01,ChargerFull,Ridge,39.98400115966797,78.0255355834961,38.041534423828125,39.98400115966797,nan,nan,20260726
2023-07-02,ChargerFull,Ridge,84.92100524902344,74.53751373291016,10.383491516113281,84.92100524902344,nan,nan,20260726
2023-07-03,ChargerFull,Ridge,121.43299865722656,88.78169250488281,32.65130615234375,121.43299865722656,nan,nan,20260726
2023-07-04,ChargerFull,Ridge,16.437999725341797,121.62997436523438,105.19197082519531,16.437999725341797,nan,nan,20260726
2023-07-05,ChargerFull,Ridge,112.5530014038086,91.08265686035156,21.47034454345703,112.5530014038086,nan,nan,20260726
2023-07-06,ChargerFull,Ridge,133.0570068359375,77.27091979980469,55.78608703613281,133.0570068359375,nan,nan,20260726
2023-07-07,ChargerFull,Ridge,94.96900177001953,103.3991928100586,8.430191040039062,94.96900177001953,nan,nan,20260726
2023-07-08,ChargerFull,Ridge,50.14600372314453,59.629817962646484,9.483814239501953,50.14600372314453,nan,nan,20260726
2023-07-09,ChargerFull,Ridge,27.32699966430664,84.4328384399414,57.105838775634766,27.32699966430664,nan,nan,20260726
2023-07-10,ChargerFull,Ridge,78.30599975585938,106.85296630859375,28.546966552734375,78.30599975585938,nan,nan,20260726
2023-07-11,ChargerFull,Ridge,154.03500366210938,80.34952545166016,73.68547821044922,154.03500366210938,nan,nan,20260726
2023-07-12,ChargerFull,Ridge,88.57099914550781,97.51214599609375,8.941146850585938,88.57099914550781,nan,nan,20260726
2023-07-13,ChargerFull,Ridge,159.3000030517578,104.62506103515625,54.67494201660156,159.3000030517578,nan,nan,20260726
2023-07-14,ChargerFull,Ridge,97.44499206542969,102.34496307373047,4.899971008300781,97.44499206542969,nan,nan,20260726
2023-07-15,ChargerFull,Ridge,15.918999671936035,79.28759765625,63.36859893798828,15.918999671936035,nan,nan,20260726
2023-07-16,ChargerFull,Ridge,68.91900634765625,79.02442932128906,10.105422973632812,68.91900634765625,nan,nan,20260726
2023-07-17,ChargerFull,Ridge,98.52300262451172,93.23847961425781,5.284523010253906,98.52300262451172,nan,nan,20260726
2023-07-18,ChargerFull,Ridge,140.23199462890625,103.62269592285156,36.60929870605469,140.23199462890625,nan,nan,20260726
2023-07-19,ChargerFull,Ridge,90.96199798583984,106.66987609863281,15.707878112792969,90.96199798583984,nan,nan,20260726
2023-07-20,ChargerFull,Ridge,129.85899353027344,91.73072814941406,38.128265380859375,129.85899353027344,nan,nan,20260726
2023-07-21,ChargerFull,Ridge,94.1760025024414,92.62559509277344,1.5504074096679688,94.1760025024414,nan,nan,20260726
2023-07-22,ChargerFull,Ridge,49.152000427246094,68.98615264892578,19.834152221679688,49.152000427246094,nan,nan,20260726
2023-07-23,ChargerFull,Ridge,29.33799934387207,56.105411529541016,26.767412185668945,29.33799934387207,nan,nan,20260726
2023-07-24,ChargerFull,Ridge,140.76300048828125,77.162841796875,63.60015869140625,140.76300048828125,nan,nan,20260726
2023-07-25,ChargerFull,Ridge,69.97699737548828,127.53071594238281,57.55371856689453,69.97699737548828,nan,nan,20260726
2023-07-26,ChargerFull,Ridge,99.8080062866211,102.65805053710938,2.8500442504882812,99.8080062866211,nan,nan,20260726
2023-07-27,ChargerFull,Ridge,73.04100036621094,108.67604064941406,35.635040283203125,73.04100036621094,nan,nan,20260726
2023-07-28,ChargerFull,Ridge,63.87099838256836,78.92526245117188,15.054264068603516,63.87099838256836,nan,nan,20260726
2023-07-29,ChargerFull,Ridge,59.3489990234375,43.21131896972656,16.137680053710938,59.3489990234375,nan,nan,20260726
2023-07-30,ChargerFull,Ridge,68.73100280761719,67.42691802978516,1.3040847778320312,68.73100280761719,nan,nan,20260726
2023-07-31,ChargerFull,Ridge,138.73300170898438,108.36073303222656,30.372268676757812,138.73300170898438,nan,nan,20260726
2023-08-01,ChargerFull,Ridge,104.54399871826172,122.6669921875,18.12299346923828,104.54399871826172,nan,nan,20260726
2023-08-02,ChargerFull,Ridge,88.90299987792969,106.73826599121094,17.83526611328125,88.90299987792969,nan,nan,20260726
2023-08-03,ChargerFull,Ridge,146.60800170898438,102.34252166748047,44.265480041503906,146.60800170898438,nan,nan,20260726
2023-08-04,ChargerFull,Ridge,123.77099609375,92.59400939941406,31.176986694335938,123.77099609375,nan,nan,20260726
2023-08-05,ChargerFull,Ridge,79.20600128173828,72.75569152832031,6.450309753417969,79.20600128173828,nan,nan,20260726
2023-08-06,ChargerFull,Ridge,58.13300323486328,75.20913696289062,17.076133728027344,58.13300323486328,nan,nan,20260726
2023-08-07,ChargerFull,Ridge,92.07901000976562,122.19062805175781,30.111618041992188,92.07901000976562,nan,nan,20260726
2023-08-08,ChargerFull,Ridge,152.3249969482422,120.81053924560547,31.51445770263672,152.3249969482422,nan,nan,20260726
2023-08-09,ChargerFull,Ridge,167.00201416015625,114.44113159179688,52.560882568359375,167.00201416015625,nan,nan,20260726
2023-08-10,ChargerFull,Ridge,134.35000610351562,105.46852111816406,28.881484985351562,134.35000610351562,nan,nan,20260726
2023-08-11,ChargerFull,Ridge,62.154998779296875,101.18206787109375,39.027069091796875,62.154998779296875,nan,nan,20260726
2023-08-12,ChargerFull,Ridge,41.02900314331055,58.27665328979492,17.247650146484375,41.02900314331055,nan,nan,20260726
2023-08-13,ChargerFull,Ridge,65.48699951171875,72.32017517089844,6.8331756591796875,65.48699951171875,nan,nan,20260726
2023-08-14,ChargerFull,Ridge,130.99200439453125,116.16767883300781,14.824325561523438,130.99200439453125,nan,nan,20260726
2023-08-15,ChargerFull,Ridge,123.75299835205078,122.34046173095703,1.41253662109375,123.75299835205078,nan,nan,20260726
2023-08-16,ChargerFull,Ridge,136.17799377441406,100.55755615234375,35.62043762207031,136.17799377441406,nan,nan,20260726
2023-08-17,ChargerFull,Ridge,136.80101013183594,109.58556365966797,27.21544647216797,136.80101013183594,nan,nan,20260726
2023-08-18,ChargerFull,Ridge,86.53099822998047,91.90106201171875,5.370063781738281,86.53099822998047,nan,nan,20260726
2023-08-19,ChargerFull,Ridge,88.4489974975586,74.08183288574219,14.367164611816406,88.4489974975586,nan,nan,20260726
2023-08-20,ChargerFull,Ridge,0.0,93.90353393554688,93.90353393554688,0.0,nan,nan,20260726
2023-08-21,ChargerFull,Ridge,66.0,88.92662048339844,22.926620483398438,66.0,nan,nan,20260726
2023-08-22,ChargerFull,Ridge,85.68599700927734,101.18698120117188,15.500984191894531,85.68599700927734,nan,nan,20260726
2023-08-23,ChargerFull,Ridge,97.12699890136719,97.32642364501953,0.19942474365234375,97.12699890136719,nan,nan,20260726
2023-08-24,ChargerFull,Ridge,140.77200317382812,94.28986358642578,46.482139587402344,140.77200317382812,nan,nan,20260726
2023-08-25,ChargerFull,Ridge,84.27300262451172,86.15646362304688,1.8834609985351562,84.27300262451172,nan,nan,20260726
2023-08-26,ChargerFull,Ridge,96.99600219726562,64.79830169677734,32.19770050048828,96.99600219726562,nan,nan,20260726
2023-08-27,ChargerFull,Ridge,71.43399810791016,74.62869262695312,3.1946945190429688,71.43399810791016,nan,nan,20260726
2023-08-28,ChargerFull,Ridge,156.41000366210938,108.29474639892578,48.115257263183594,156.41000366210938,nan,nan,20260726
2023-08-29,ChargerFull,Ridge,126.37200164794922,110.1620864868164,16.209915161132812,126.37200164794922,nan,nan,20260726
2023-08-30,ChargerFull,Ridge,83.01100158691406,117.70978546142578,34.69878387451172,83.01100158691406,nan,nan,20260726
2023-08-31,ChargerFull,Ridge,162.50201416015625,114.71060943603516,47.791404724121094,162.50201416015625,nan,nan,20260726
2023-09-01,ChargerFull,Ridge,148.77398681640625,88.02401733398438,60.749969482421875,148.77398681640625,nan,nan,20260726
2023-09-02,ChargerFull,Ridge,36.35599899291992,92.20915222167969,55.853153228759766,36.35599899291992,nan,nan,20260726
2023-09-03,ChargerFull,Ridge,50.1609992980957,85.1579360961914,34.9969367980957,50.1609992980957,nan,nan,20260726
2023-09-04,ChargerFull,Ridge,38.178001403808594,129.0089111328125,90.8309097290039,38.178001403808594,nan,nan,20260726
2023-09-05,ChargerFull,Ridge,79.94700622558594,118.40699005126953,38.459983825683594,79.94700622558594,nan,nan,20260726
2023-09-06,ChargerFull,Ridge,116.67500305175781,99.11597442626953,17.55902862548828,116.67500305175781,nan,nan,20260726
2023-09-07,ChargerFull,Ridge,135.46900939941406,123.88874053955078,11.580268859863281,135.46900939941406,nan,nan,20260726
2023-09-08,ChargerFull,Ridge,110.70100402832031,94.84642028808594,15.854583740234375,110.70100402832031,nan,nan,20260726
2023-09-09,ChargerFull,Ridge,40.48600387573242,63.41345977783203,22.92745590209961,40.48600387573242,nan,nan,20260726
2023-09-10,ChargerFull,Ridge,79.18399047851562,66.05603790283203,13.127952575683594,79.18399047851562,nan,nan,20260726
2023-09-11,ChargerFull,Ridge,37.2609977722168,102.77494812011719,65.51394653320312,37.2609977722168,nan,nan,20260726
2023-09-12,ChargerFull,Ridge,73.33300018310547,112.17782592773438,38.844825744628906,73.33300018310547,nan,nan,20260726
2023-09-13,ChargerFull,Ridge,127.12799072265625,105.47743225097656,21.650558471679688,127.12799072265625,nan,nan,20260726
2023-09-14,ChargerFull,Ridge,41.83300018310547,94.90387725830078,53.07087707519531,41.83300018310547,nan,nan,20260726
2023-09-15,ChargerFull,Ridge,84.25599670410156,74.523681640625,9.732315063476562,84.25599670410156,nan,nan,20260726
2023-09-16,ChargerFull,Ridge,85.61199188232422,61.54411315917969,24.06787872314453,85.61199188232422,nan,nan,20260726
2023-09-17,ChargerFull,Ridge,75.45500183105469,72.51481628417969,2.940185546875,75.45500183105469,nan,nan,20260726
2023-09-18,ChargerFull,Ridge,123.375,88.24347686767578,35.13152313232422,123.375,nan,nan,20260726
2023-09-19,ChargerFull,Ridge,187.1219940185547,114.46537780761719,72.6566162109375,187.1219940185547,nan,nan,20260726
2023-09-20,ChargerFull,Ridge,165.49400329589844,125.02090454101562,40.47309875488281,165.49400329589844,nan,nan,20260726
2023-09-21,ChargerFull,Ridge,165.1409912109375,119.15293884277344,45.98805236816406,165.1409912109375,nan,nan,20260726
2023-09-22,ChargerFull,Ridge,112.8330078125,102.84480285644531,9.988204956054688,112.8330078125,nan,nan,20260726
2023-09-23,ChargerFull,Ridge,105.82099914550781,99.74947357177734,6.071525573730469,105.82099914550781,nan,nan,20260726
2023-09-24,ChargerFull,Ridge,76.98600006103516,105.42216491699219,28.43616485595703,76.98600006103516,nan,nan,20260726
2023-09-25,ChargerFull,Ridge,109.43299865722656,121.30194854736328,11.868949890136719,109.43299865722656,nan,nan,20260726
2023-09-26,ChargerFull,Ridge,140.0360107421875,152.80325317382812,12.767242431640625,140.0360107421875,nan,nan,20260726
2023-09-27,ChargerFull,Ridge,157.02700805664062,129.8571319580078,27.169876098632812,157.02700805664062,nan,nan,20260726
2023-09-28,ChargerFull,Ridge,130.1590118408203,140.09483337402344,9.935821533203125,130.1590118408203,nan,nan,20260726
2023-09-29,ChargerFull,Ridge,71.05000305175781,107.48888397216797,36.438880920410156,71.05000305175781,nan,nan,20260726
2023-09-30,ChargerFull,Ridge,132.11199951171875,76.67178344726562,55.440216064453125,132.11199951171875,nan,nan,20260726
2023-07-01,ChargerFull,HurdleRidge,39.98400115966797,52.98798370361328,13.003982543945312,39.98400115966797,nan,nan,20260726
2023-07-02,ChargerFull,HurdleRidge,84.92100524902344,49.84206008911133,35.07894515991211,84.92100524902344,nan,nan,20260726
2023-07-03,ChargerFull,HurdleRidge,121.43299865722656,57.672874450683594,63.76012420654297,121.43299865722656,nan,nan,20260726
2023-07-04,ChargerFull,HurdleRidge,16.437999725341797,94.62019348144531,78.18218994140625,16.437999725341797,nan,nan,20260726
2023-07-05,ChargerFull,HurdleRidge,112.5530014038086,55.83557891845703,56.71742248535156,112.5530014038086,nan,nan,20260726
2023-07-06,ChargerFull,HurdleRidge,133.0570068359375,51.01753234863281,82.03947448730469,133.0570068359375,nan,nan,20260726
2023-07-07,ChargerFull,HurdleRidge,94.96900177001953,63.818824768066406,31.150177001953125,94.96900177001953,nan,nan,20260726
2023-07-08,ChargerFull,HurdleRidge,50.14600372314453,35.590938568115234,14.555065155029297,50.14600372314453,nan,nan,20260726
2023-07-09,ChargerFull,HurdleRidge,27.32699966430664,58.87519836425781,31.548198699951172,27.32699966430664,nan,nan,20260726
2023-07-10,ChargerFull,HurdleRidge,78.30599975585938,58.059940338134766,20.24605941772461,78.30599975585938,nan,nan,20260726
2023-07-11,ChargerFull,HurdleRidge,154.03500366210938,56.53084945678711,97.504150390625,154.03500366210938,nan,nan,20260726
2023-07-12,ChargerFull,HurdleRidge,88.57099914550781,70.94554138183594,17.625457763671875,88.57099914550781,nan,nan,20260726
2023-07-13,ChargerFull,HurdleRidge,159.3000030517578,65.75682830810547,93.54317474365234,159.3000030517578,nan,nan,20260726
2023-07-14,ChargerFull,HurdleRidge,97.44499206542969,63.92523956298828,33.519752502441406,97.44499206542969,nan,nan,20260726
2023-07-15,ChargerFull,HurdleRidge,15.918999671936035,49.37696075439453,33.45796203613281,15.918999671936035,nan,nan,20260726
2023-07-16,ChargerFull,HurdleRidge,68.91900634765625,42.68342590332031,26.235580444335938,68.91900634765625,nan,nan,20260726
2023-07-17,ChargerFull,HurdleRidge,98.52300262451172,68.16236877441406,30.360633850097656,98.52300262451172,nan,nan,20260726
2023-07-18,ChargerFull,HurdleRidge,140.23199462890625,75.000732421875,65.23126220703125,140.23199462890625,nan,nan,20260726
2023-07-19,ChargerFull,HurdleRidge,90.96199798583984,74.02011108398438,16.94188690185547,90.96199798583984,nan,nan,20260726
2023-07-20,ChargerFull,HurdleRidge,129.85899353027344,64.09071350097656,65.76828002929688,129.85899353027344,nan,nan,20260726
2023-07-21,ChargerFull,HurdleRidge,94.1760025024414,60.50969314575195,33.66630935668945,94.1760025024414,nan,nan,20260726
2023-07-22,ChargerFull,HurdleRidge,49.152000427246094,51.157962799072266,2.005962371826172,49.152000427246094,nan,nan,20260726
2023-07-23,ChargerFull,HurdleRidge,29.33799934387207,46.01319122314453,16.67519187927246,29.33799934387207,nan,nan,20260726
2023-07-24,ChargerFull,HurdleRidge,140.76300048828125,57.0210075378418,83.74198913574219,140.76300048828125,nan,nan,20260726
2023-07-25,ChargerFull,HurdleRidge,69.97699737548828,88.31888580322266,18.341888427734375,69.97699737548828,nan,nan,20260726
2023-07-26,ChargerFull,HurdleRidge,99.8080062866211,71.98663330078125,27.821372985839844,99.8080062866211,nan,nan,20260726
2023-07-27,ChargerFull,HurdleRidge,73.04100036621094,82.34107971191406,9.300079345703125,73.04100036621094,nan,nan,20260726
2023-07-28,ChargerFull,HurdleRidge,63.87099838256836,42.92467498779297,20.94632339477539,63.87099838256836,nan,nan,20260726
2023-07-29,ChargerFull,HurdleRidge,59.3489990234375,31.68479347229004,27.66420555114746,59.3489990234375,nan,nan,20260726
2023-07-30,ChargerFull,HurdleRidge,68.73100280761719,35.79008483886719,32.94091796875,68.73100280761719,nan,nan,20260726
2023-07-31,ChargerFull,HurdleRidge,138.73300170898438,77.9495849609375,60.783416748046875,138.73300170898438,nan,nan,20260726
2023-08-01,ChargerFull,HurdleRidge,104.54399871826172,99.0638656616211,5.480133056640625,104.54399871826172,nan,nan,20260726
2023-08-02,ChargerFull,HurdleRidge,88.90299987792969,80.50215911865234,8.400840759277344,88.90299987792969,nan,nan,20260726
2023-08-03,ChargerFull,HurdleRidge,146.60800170898438,76.41342163085938,70.194580078125,146.60800170898438,nan,nan,20260726
2023-08-04,ChargerFull,HurdleRidge,123.77099609375,70.29273986816406,53.47825622558594,123.77099609375,nan,nan,20260726
2023-08-05,ChargerFull,HurdleRidge,79.20600128173828,44.786773681640625,34.419227600097656,79.20600128173828,nan,nan,20260726
2023-08-06,ChargerFull,HurdleRidge,58.13300323486328,53.31321334838867,4.819789886474609,58.13300323486328,nan,nan,20260726
2023-08-07,ChargerFull,HurdleRidge,92.07901000976562,94.7197036743164,2.6406936645507812,92.07901000976562,nan,nan,20260726
2023-08-08,ChargerFull,HurdleRidge,152.3249969482422,95.89292907714844,56.43206787109375,152.3249969482422,nan,nan,20260726
2023-08-09,ChargerFull,HurdleRidge,167.00201416015625,85.0094223022461,81.99259185791016,167.00201416015625,nan,nan,20260726
2023-08-10,ChargerFull,HurdleRidge,134.35000610351562,84.36247253417969,49.98753356933594,134.35000610351562,nan,nan,20260726
2023-08-11,ChargerFull,HurdleRidge,62.154998779296875,76.926513671875,14.771514892578125,62.154998779296875,nan,nan,20260726
2023-08-12,ChargerFull,HurdleRidge,41.02900314331055,36.24060821533203,4.788394927978516,41.02900314331055,nan,nan,20260726
2023-08-13,ChargerFull,HurdleRidge,65.48699951171875,43.7858772277832,21.701122283935547,65.48699951171875,nan,nan,20260726
2023-08-14,ChargerFull,HurdleRidge,130.99200439453125,91.66254425048828,39.32946014404297,130.99200439453125,nan,nan,20260726
2023-08-15,ChargerFull,HurdleRidge,123.75299835205078,91.70328521728516,32.049713134765625,123.75299835205078,nan,nan,20260726
2023-08-16,ChargerFull,HurdleRidge,136.17799377441406,74.58857727050781,61.58941650390625,136.17799377441406,nan,nan,20260726
2023-08-17,ChargerFull,HurdleRidge,136.80101013183594,85.1412353515625,51.65977478027344,136.80101013183594,nan,nan,20260726
2023-08-18,ChargerFull,HurdleRidge,86.53099822998047,64.36626434326172,22.16473388671875,86.53099822998047,nan,nan,20260726
2023-08-19,ChargerFull,HurdleRidge,88.4489974975586,49.40380859375,39.045188903808594,88.4489974975586,nan,nan,20260726
2023-08-20,ChargerFull,HurdleRidge,0.0,63.94045639038086,63.94045639038086,0.0,nan,nan,20260726
2023-08-21,ChargerFull,HurdleRidge,66.0,58.584346771240234,7.415653228759766,66.0,nan,nan,20260726
2023-08-22,ChargerFull,HurdleRidge,85.68599700927734,68.1058120727539,17.580184936523438,85.68599700927734,nan,nan,20260726
2023-08-23,ChargerFull,HurdleRidge,97.12699890136719,68.658447265625,28.468551635742188,97.12699890136719,nan,nan,20260726
2023-08-24,ChargerFull,HurdleRidge,140.77200317382812,69.74869537353516,71.02330780029297,140.77200317382812,nan,nan,20260726
2023-08-25,ChargerFull,HurdleRidge,84.27300262451172,54.909027099609375,29.363975524902344,84.27300262451172,nan,nan,20260726
2023-08-26,ChargerFull,HurdleRidge,96.99600219726562,32.387916564941406,64.60808563232422,96.99600219726562,nan,nan,20260726
2023-08-27,ChargerFull,HurdleRidge,71.43399810791016,43.18643569946289,28.247562408447266,71.43399810791016,nan,nan,20260726
2023-08-28,ChargerFull,HurdleRidge,156.41000366210938,80.4747314453125,75.93527221679688,156.41000366210938,nan,nan,20260726
2023-08-29,ChargerFull,HurdleRidge,126.37200164794922,89.92964172363281,36.442359924316406,126.37200164794922,nan,nan,20260726
2023-08-30,ChargerFull,HurdleRidge,83.01100158691406,90.68147277832031,7.67047119140625,83.01100158691406,nan,nan,20260726
2023-08-31,ChargerFull,HurdleRidge,162.50201416015625,90.031494140625,72.47052001953125,162.50201416015625,nan,nan,20260726
2023-09-01,ChargerFull,HurdleRidge,148.77398681640625,61.70928192138672,87.06470489501953,148.77398681640625,nan,nan,20260726
2023-09-02,ChargerFull,HurdleRidge,36.35599899291992,65.7617416381836,29.405742645263672,36.35599899291992,nan,nan,20260726
2023-09-03,ChargerFull,HurdleRidge,50.1609992980957,52.41534423828125,2.254344940185547,50.1609992980957,nan,nan,20260726
2023-09-04,ChargerFull,HurdleRidge,38.178001403808594,89.52291870117188,51.34491729736328,38.178001403808594,nan,nan,20260726
2023-09-05,ChargerFull,HurdleRidge,79.94700622558594,87.31396484375,7.3669586181640625,79.94700622558594,nan,nan,20260726
2023-09-06,ChargerFull,HurdleRidge,116.67500305175781,76.40345001220703,40.27155303955078,116.67500305175781,nan,nan,20260726
2023-09-07,ChargerFull,HurdleRidge,135.46900939941406,91.68049621582031,43.78851318359375,135.46900939941406,nan,nan,20260726
2023-09-08,ChargerFull,HurdleRidge,110.70100402832031,68.72036743164062,41.98063659667969,110.70100402832031,nan,nan,20260726
2023-09-09,ChargerFull,HurdleRidge,40.48600387573242,40.42570114135742,0.060302734375,40.48600387573242,nan,nan,20260726
2023-09-10,ChargerFull,HurdleRidge,79.18399047851562,31.25865364074707,47.92533874511719,79.18399047851562,nan,nan,20260726
2023-09-11,ChargerFull,HurdleRidge,37.2609977722168,73.3128890991211,36.0518913269043,37.2609977722168,nan,nan,20260726
2023-09-12,ChargerFull,HurdleRidge,73.33300018310547,87.5548324584961,14.221832275390625,73.33300018310547,nan,nan,20260726
2023-09-13,ChargerFull,HurdleRidge,127.12799072265625,76.66577911376953,50.46221160888672,127.12799072265625,nan,nan,20260726
2023-09-14,ChargerFull,HurdleRidge,41.83300018310547,66.03366088867188,24.200660705566406,41.83300018310547,nan,nan,20260726
2023-09-15,ChargerFull,HurdleRidge,84.25599670410156,37.9428825378418,46.313114166259766,84.25599670410156,nan,nan,20260726
2023-09-16,ChargerFull,HurdleRidge,85.61199188232422,33.0222282409668,52.58976364135742,85.61199188232422,nan,nan,20260726
2023-09-17,ChargerFull,HurdleRidge,75.45500183105469,45.980194091796875,29.474807739257812,75.45500183105469,nan,nan,20260726
2023-09-18,ChargerFull,HurdleRidge,123.375,62.386592864990234,60.988407135009766,123.375,nan,nan,20260726
2023-09-19,ChargerFull,HurdleRidge,187.1219940185547,86.9887924194336,100.1332015991211,187.1219940185547,nan,nan,20260726
2023-09-20,ChargerFull,HurdleRidge,165.49400329589844,102.44304656982422,63.05095672607422,165.49400329589844,nan,nan,20260726
2023-09-21,ChargerFull,HurdleRidge,165.1409912109375,93.36769104003906,71.77330017089844,165.1409912109375,nan,nan,20260726
2023-09-22,ChargerFull,HurdleRidge,112.8330078125,80.74571228027344,32.08729553222656,112.8330078125,nan,nan,20260726
2023-09-23,ChargerFull,HurdleRidge,105.82099914550781,65.15443420410156,40.66656494140625,105.82099914550781,nan,nan,20260726
2023-09-24,ChargerFull,HurdleRidge,76.98600006103516,66.78158569335938,10.204414367675781,76.98600006103516,nan,nan,20260726
2023-09-25,ChargerFull,HurdleRidge,109.43299865722656,92.28577423095703,17.14722442626953,109.43299865722656,nan,nan,20260726
2023-09-26,ChargerFull,HurdleRidge,140.0360107421875,126.03022766113281,14.005783081054688,140.0360107421875,nan,nan,20260726
2023-09-27,ChargerFull,HurdleRidge,157.02700805664062,109.20126342773438,47.82574462890625,157.02700805664062,nan,nan,20260726
2023-09-28,ChargerFull,HurdleRidge,130.1590118408203,119.51757049560547,10.641441345214844,130.1590118408203,nan,nan,20260726
2023-09-29,ChargerFull,HurdleRidge,71.05000305175781,72.76618194580078,1.7161788940429688,71.05000305175781,nan,nan,20260726
2023-09-30,ChargerFull,HurdleRidge,132.11199951171875,50.27262878417969,81.83937072753906,132.11199951171875,nan,nan,20260726
2023-07-01,ChargerFull,DLinear,39.98400115966797,141.80604553222656,101.8220443725586,39.98400115966797,nan,nan,20260726
2023-07-02,ChargerFull,DLinear,84.92100524902344,152.46231079101562,67.54130554199219,84.92100524902344,nan,nan,20260726
2023-07-03,ChargerFull,DLinear,121.43299865722656,120.24800109863281,1.18499755859375,121.43299865722656,nan,nan,20260726
2023-07-04,ChargerFull,DLinear,16.437999725341797,110.7568588256836,94.31886291503906,16.437999725341797,nan,nan,20260726
2023-07-05,ChargerFull,DLinear,112.5530014038086,57.473289489746094,55.0797119140625,112.5530014038086,nan,nan,20260726
2023-07-06,ChargerFull,DLinear,133.0570068359375,95.05747985839844,37.99952697753906,133.0570068359375,nan,nan,20260726
2023-07-07,ChargerFull,DLinear,94.96900177001953,131.95765686035156,36.98865509033203,94.96900177001953,nan,nan,20260726
2023-07-08,ChargerFull,DLinear,50.14600372314453,126.91810607910156,76.77210235595703,50.14600372314453,nan,nan,20260726
2023-07-09,ChargerFull,DLinear,27.32699966430664,143.10806274414062,115.78106689453125,27.32699966430664,nan,nan,20260726
2023-07-10,ChargerFull,DLinear,78.30599975585938,120.40057373046875,42.094573974609375,78.30599975585938,nan,nan,20260726
2023-07-11,ChargerFull,DLinear,154.03500366210938,68.99059295654297,85.0444107055664,154.03500366210938,nan,nan,20260726
2023-07-12,ChargerFull,DLinear,88.57099914550781,93.49549865722656,4.92449951171875,88.57099914550781,nan,nan,20260726
2023-07-13,ChargerFull,DLinear,159.3000030517578,83.36563110351562,75.93437194824219,159.3000030517578,nan,nan,20260726
2023-07-14,ChargerFull,DLinear,97.44499206542969,135.75302124023438,38.30802917480469,97.44499206542969,nan,nan,20260726
2023-07-15,ChargerFull,DLinear,15.918999671936035,152.730224609375,136.81121826171875,15.918999671936035,nan,nan,20260726
2023-07-16,ChargerFull,DLinear,68.91900634765625,129.3146209716797,60.39561462402344,68.91900634765625,nan,nan,20260726
2023-07-17,ChargerFull,DLinear,98.52300262451172,126.76801300048828,28.245010375976562,98.52300262451172,nan,nan,20260726
2023-07-18,ChargerFull,DLinear,140.23199462890625,94.00204467773438,46.229949951171875,140.23199462890625,nan,nan,20260726
2023-07-19,ChargerFull,DLinear,90.96199798583984,92.36429595947266,1.4022979736328125,90.96199798583984,nan,nan,20260726
2023-07-20,ChargerFull,DLinear,129.85899353027344,109.75182342529297,20.10717010498047,129.85899353027344,nan,nan,20260726
2023-07-21,ChargerFull,DLinear,94.1760025024414,129.93927001953125,35.763267517089844,94.1760025024414,nan,nan,20260726
2023-07-22,ChargerFull,DLinear,49.152000427246094,139.45571899414062,90.30371856689453,49.152000427246094,nan,nan,20260726
2023-07-23,ChargerFull,DLinear,29.33799934387207,132.00001525878906,102.66201782226562,29.33799934387207,nan,nan,20260726
2023-07-24,ChargerFull,DLinear,140.76300048828125,117.07270050048828,23.69029998779297,140.76300048828125,nan,nan,20260726
2023-07-25,ChargerFull,DLinear,69.97699737548828,120.84686279296875,50.86986541748047,69.97699737548828,nan,nan,20260726
2023-07-26,ChargerFull,DLinear,99.8080062866211,83.25867462158203,16.549331665039062,99.8080062866211,nan,nan,20260726
2023-07-27,ChargerFull,DLinear,73.04100036621094,119.57231140136719,46.53131103515625,73.04100036621094,nan,nan,20260726
2023-07-28,ChargerFull,DLinear,63.87099838256836,118.17768859863281,54.30669021606445,63.87099838256836,nan,nan,20260726
2023-07-29,ChargerFull,DLinear,59.3489990234375,127.3631591796875,68.01416015625,59.3489990234375,nan,nan,20260726
2023-07-30,ChargerFull,DLinear,68.73100280761719,143.18038940429688,74.44938659667969,68.73100280761719,nan,nan,20260726
2023-07-31,ChargerFull,DLinear,138.73300170898438,128.17250061035156,10.560501098632812,138.73300170898438,nan,nan,20260726
2023-08-01,ChargerFull,DLinear,104.54399871826172,110.19721984863281,5.653221130371094,104.54399871826172,nan,nan,20260726
2023-08-02,ChargerFull,DLinear,88.90299987792969,104.0855712890625,15.182571411132812,88.90299987792969,nan,nan,20260726
2023-08-03,ChargerFull,DLinear,146.60800170898438,101.72804260253906,44.87995910644531,146.60800170898438,nan,nan,20260726
2023-08-04,ChargerFull,DLinear,123.77099609375,129.721923828125,5.950927734375,123.77099609375,nan,nan,20260726
2023-08-05,ChargerFull,DLinear,79.20600128173828,143.76109313964844,64.55509185791016,79.20600128173828,nan,nan,20260726
2023-08-06,ChargerFull,DLinear,58.13300323486328,149.1630096435547,91.0300064086914,58.13300323486328,nan,nan,20260726
2023-08-07,ChargerFull,DLinear,92.07901000976562,160.31069946289062,68.231689453125,92.07901000976562,nan,nan,20260726
2023-08-08,ChargerFull,DLinear,152.3249969482422,110.16387939453125,42.16111755371094,152.3249969482422,nan,nan,20260726
2023-08-09,ChargerFull,DLinear,167.00201416015625,112.67646026611328,54.32555389404297,167.00201416015625,nan,nan,20260726
2023-08-10,ChargerFull,DLinear,134.35000610351562,115.99781799316406,18.352188110351562,134.35000610351562,nan,nan,20260726
2023-08-11,ChargerFull,DLinear,62.154998779296875,139.5596923828125,77.40469360351562,62.154998779296875,nan,nan,20260726
2023-08-12,ChargerFull,DLinear,41.02900314331055,155.00860595703125,113.97959899902344,41.02900314331055,nan,nan,20260726
2023-08-13,ChargerFull,DLinear,65.48699951171875,159.75074768066406,94.26374816894531,65.48699951171875,nan,nan,20260726
2023-08-14,ChargerFull,DLinear,130.99200439453125,140.58148193359375,9.5894775390625,130.99200439453125,nan,nan,20260726
2023-08-15,ChargerFull,DLinear,123.75299835205078,129.51473999023438,5.761741638183594,123.75299835205078,nan,nan,20260726
2023-08-16,ChargerFull,DLinear,136.17799377441406,114.29256439208984,21.88542938232422,136.17799377441406,nan,nan,20260726
2023-08-17,ChargerFull,DLinear,136.80101013183594,141.1112518310547,4.31024169921875,136.80101013183594,nan,nan,20260726
2023-08-18,ChargerFull,DLinear,86.53099822998047,139.5961456298828,53.065147399902344,86.53099822998047,nan,nan,20260726
2023-08-19,ChargerFull,DLinear,88.4489974975586,153.43502807617188,64.98603057861328,88.4489974975586,nan,nan,20260726
2023-08-20,ChargerFull,DLinear,0.0,164.07699584960938,164.07699584960938,0.0,nan,nan,20260726
2023-08-21,ChargerFull,DLinear,66.0,147.3540496826172,81.35404968261719,66.0,nan,nan,20260726
2023-08-22,ChargerFull,DLinear,85.68599700927734,129.62355041503906,43.93755340576172,85.68599700927734,nan,nan,20260726
2023-08-23,ChargerFull,DLinear,97.12699890136719,117.14649963378906,20.019500732421875,97.12699890136719,nan,nan,20260726
2023-08-24,ChargerFull,DLinear,140.77200317382812,117.15227508544922,23.619728088378906,140.77200317382812,nan,nan,20260726
2023-08-25,ChargerFull,DLinear,84.27300262451172,138.6693878173828,54.396385192871094,84.27300262451172,nan,nan,20260726
2023-08-26,ChargerFull,DLinear,96.99600219726562,153.3455047607422,56.34950256347656,96.99600219726562,nan,nan,20260726
2023-08-27,ChargerFull,DLinear,71.43399810791016,151.05303955078125,79.6190414428711,71.43399810791016,nan,nan,20260726
2023-08-28,ChargerFull,DLinear,156.41000366210938,149.3516845703125,7.058319091796875,156.41000366210938,nan,nan,20260726
2023-08-29,ChargerFull,DLinear,126.37200164794922,129.4010467529297,3.0290451049804688,126.37200164794922,nan,nan,20260726
2023-08-30,ChargerFull,DLinear,83.01100158691406,122.05118560791016,39.040184020996094,83.01100158691406,nan,nan,20260726
2023-08-31,ChargerFull,DLinear,162.50201416015625,134.33021545410156,28.171798706054688,162.50201416015625,nan,nan,20260726
2023-09-01,ChargerFull,DLinear,148.77398681640625,156.74627685546875,7.9722900390625,148.77398681640625,nan,nan,20260726
2023-09-02,ChargerFull,DLinear,36.35599899291992,178.6825408935547,142.3265380859375,36.35599899291992,nan,nan,20260726
2023-09-03,ChargerFull,DLinear,50.1609992980957,151.29063415527344,101.129638671875,50.1609992980957,nan,nan,20260726
2023-09-04,ChargerFull,DLinear,38.178001403808594,162.8774871826172,124.6994857788086,38.178001403808594,nan,nan,20260726
2023-09-05,ChargerFull,DLinear,79.94700622558594,125.92366790771484,45.976661682128906,79.94700622558594,nan,nan,20260726
2023-09-06,ChargerFull,DLinear,116.67500305175781,98.1789321899414,18.496070861816406,116.67500305175781,nan,nan,20260726
2023-09-07,ChargerFull,DLinear,135.46900939941406,132.3376007080078,3.13140869140625,135.46900939941406,nan,nan,20260726
2023-09-08,ChargerFull,DLinear,110.70100402832031,143.42144775390625,32.72044372558594,110.70100402832031,nan,nan,20260726
2023-09-09,ChargerFull,DLinear,40.48600387573242,166.6309356689453,126.14492797851562,40.48600387573242,nan,nan,20260726
2023-09-10,ChargerFull,DLinear,79.18399047851562,164.8712615966797,85.68727111816406,79.18399047851562,nan,nan,20260726
2023-09-11,ChargerFull,DLinear,37.2609977722168,141.9712371826172,104.71023559570312,37.2609977722168,nan,nan,20260726
2023-09-12,ChargerFull,DLinear,73.33300018310547,117.95590209960938,44.622901916503906,73.33300018310547,nan,nan,20260726
2023-09-13,ChargerFull,DLinear,127.12799072265625,108.8735580444336,18.254432678222656,127.12799072265625,nan,nan,20260726
2023-09-14,ChargerFull,DLinear,41.83300018310547,141.01646423339844,99.18346405029297,41.83300018310547,nan,nan,20260726
2023-09-15,ChargerFull,DLinear,84.25599670410156,144.8089599609375,60.55296325683594,84.25599670410156,nan,nan,20260726
2023-09-16,ChargerFull,DLinear,85.61199188232422,155.15869140625,69.54669952392578,85.61199188232422,nan,nan,20260726
2023-09-17,ChargerFull,DLinear,75.45500183105469,171.95431518554688,96.49931335449219,75.45500183105469,nan,nan,20260726
2023-09-18,ChargerFull,DLinear,123.375,115.87193298339844,7.5030670166015625,123.375,nan,nan,20260726
2023-09-19,ChargerFull,DLinear,187.1219940185547,121.33695983886719,65.7850341796875,187.1219940185547,nan,nan,20260726
2023-09-20,ChargerFull,DLinear,165.49400329589844,126.81080627441406,38.683197021484375,165.49400329589844,nan,nan,20260726
2023-09-21,ChargerFull,DLinear,165.1409912109375,127.72432708740234,37.416664123535156,165.1409912109375,nan,nan,20260726
2023-09-22,ChargerFull,DLinear,112.8330078125,168.51303100585938,55.680023193359375,112.8330078125,nan,nan,20260726
2023-09-23,ChargerFull,DLinear,105.82099914550781,175.9163818359375,70.09538269042969,105.82099914550781,nan,nan,20260726
2023-09-24,ChargerFull,DLinear,76.98600006103516,182.55491638183594,105.56891632080078,76.98600006103516,nan,nan,20260726
2023-09-25,ChargerFull,DLinear,109.43299865722656,168.0384979248047,58.605499267578125,109.43299865722656,nan,nan,20260726
2023-09-26,ChargerFull,DLinear,140.0360107421875,140.93157958984375,0.89556884765625,140.0360107421875,nan,nan,20260726
2023-09-27,ChargerFull,DLinear,157.02700805664062,140.10009765625,16.926910400390625,157.02700805664062,nan,nan,20260726
2023-09-28,ChargerFull,DLinear,130.1590118408203,143.11947631835938,12.960464477539062,130.1590118408203,nan,nan,20260726
2023-09-29,ChargerFull,DLinear,71.05000305175781,165.74327087402344,94.69326782226562,71.05000305175781,nan,nan,20260726
2023-09-30,ChargerFull,DLinear,132.11199951171875,171.3931121826172,39.28111267089844,132.11199951171875,nan,nan,20260726
2023-07-01,ChargerFull,LSTM,39.98400115966797,85.11012268066406,45.126121520996094,39.98400115966797,nan,nan,20260726
2023-07-02,ChargerFull,LSTM,84.92100524902344,89.86334228515625,4.9423370361328125,84.92100524902344,nan,nan,20260726
2023-07-03,ChargerFull,LSTM,121.43299865722656,98.29591369628906,23.1370849609375,121.43299865722656,nan,nan,20260726
2023-07-04,ChargerFull,LSTM,16.437999725341797,102.32475280761719,85.88674926757812,16.437999725341797,nan,nan,20260726
2023-07-05,ChargerFull,LSTM,112.5530014038086,91.63104248046875,20.921958923339844,112.5530014038086,nan,nan,20260726
2023-07-06,ChargerFull,LSTM,133.0570068359375,79.03782653808594,54.01918029785156,133.0570068359375,nan,nan,20260726
2023-07-07,ChargerFull,LSTM,94.96900177001953,79.2878646850586,15.681137084960938,94.96900177001953,nan,nan,20260726
2023-07-08,ChargerFull,LSTM,50.14600372314453,77.19860076904297,27.052597045898438,50.14600372314453,nan,nan,20260726
2023-07-09,ChargerFull,LSTM,27.32699966430664,80.63506317138672,53.30806350708008,27.32699966430664,nan,nan,20260726
2023-07-10,ChargerFull,LSTM,78.30599975585938,87.46255493164062,9.15655517578125,78.30599975585938,nan,nan,20260726
2023-07-11,ChargerFull,LSTM,154.03500366210938,90.51570129394531,63.51930236816406,154.03500366210938,nan,nan,20260726
2023-07-12,ChargerFull,LSTM,88.57099914550781,89.97164916992188,1.4006500244140625,88.57099914550781,nan,nan,20260726
2023-07-13,ChargerFull,LSTM,159.3000030517578,79.14142608642578,80.15857696533203,159.3000030517578,nan,nan,20260726
2023-07-14,ChargerFull,LSTM,97.44499206542969,80.15853881835938,17.286453247070312,97.44499206542969,nan,nan,20260726
2023-07-15,ChargerFull,LSTM,15.918999671936035,81.8962631225586,65.97726440429688,15.918999671936035,nan,nan,20260726
2023-07-16,ChargerFull,LSTM,68.91900634765625,82.29042053222656,13.371414184570312,68.91900634765625,nan,nan,20260726
2023-07-17,ChargerFull,LSTM,98.52300262451172,89.85592651367188,8.667076110839844,98.52300262451172,nan,nan,20260726
2023-07-18,ChargerFull,LSTM,140.23199462890625,91.80252838134766,48.429466247558594,140.23199462890625,nan,nan,20260726
2023-07-19,ChargerFull,LSTM,90.96199798583984,96.73027038574219,5.768272399902344,90.96199798583984,nan,nan,20260726
2023-07-20,ChargerFull,LSTM,129.85899353027344,83.95469665527344,45.904296875,129.85899353027344,nan,nan,20260726
2023-07-21,ChargerFull,LSTM,94.1760025024414,78.87666320800781,15.299339294433594,94.1760025024414,nan,nan,20260726
2023-07-22,ChargerFull,LSTM,49.152000427246094,81.03675079345703,31.884750366210938,49.152000427246094,nan,nan,20260726
2023-07-23,ChargerFull,LSTM,29.33799934387207,85.2188720703125,55.88087463378906,29.33799934387207,nan,nan,20260726
2023-07-24,ChargerFull,LSTM,140.76300048828125,92.8055419921875,47.95745849609375,140.76300048828125,nan,nan,20260726
2023-07-25,ChargerFull,LSTM,69.97699737548828,101.1826171875,31.20561981201172,69.97699737548828,nan,nan,20260726
2023-07-26,ChargerFull,LSTM,99.8080062866211,94.81807708740234,4.98992919921875,99.8080062866211,nan,nan,20260726
2023-07-27,ChargerFull,LSTM,73.04100036621094,88.12557983398438,15.084579467773438,73.04100036621094,nan,nan,20260726
2023-07-28,ChargerFull,LSTM,63.87099838256836,82.35574340820312,18.484745025634766,63.87099838256836,nan,nan,20260726
2023-07-29,ChargerFull,LSTM,59.3489990234375,77.52904510498047,18.18004608154297,59.3489990234375,nan,nan,20260726
2023-07-30,ChargerFull,LSTM,68.73100280761719,82.40461730957031,13.673614501953125,68.73100280761719,nan,nan,20260726
2023-07-31,ChargerFull,LSTM,138.73300170898438,90.10356903076172,48.629432678222656,138.73300170898438,nan,nan,20260726
2023-08-01,ChargerFull,LSTM,104.54399871826172,96.77930450439453,7.7646942138671875,104.54399871826172,nan,nan,20260726
2023-08-02,ChargerFull,LSTM,88.90299987792969,94.06449127197266,5.161491394042969,88.90299987792969,nan,nan,20260726
2023-08-03,ChargerFull,LSTM,146.60800170898438,90.14786529541016,56.46013641357422,146.60800170898438,nan,nan,20260726
2023-08-04,ChargerFull,LSTM,123.77099609375,89.4654769897461,34.305519104003906,123.77099609375,nan,nan,20260726
2023-08-05,ChargerFull,LSTM,79.20600128173828,90.11940002441406,10.913398742675781,79.20600128173828,nan,nan,20260726
2023-08-06,ChargerFull,LSTM,58.13300323486328,94.9440689086914,36.811065673828125,58.13300323486328,nan,nan,20260726
2023-08-07,ChargerFull,LSTM,92.07901000976562,102.89031219482422,10.811302185058594,92.07901000976562,nan,nan,20260726
2023-08-08,ChargerFull,LSTM,152.3249969482422,102.10166931152344,50.22332763671875,152.3249969482422,nan,nan,20260726
2023-08-09,ChargerFull,LSTM,167.00201416015625,95.39158630371094,71.61042785644531,167.00201416015625,nan,nan,20260726
2023-08-10,ChargerFull,LSTM,134.35000610351562,90.09146118164062,44.258544921875,134.35000610351562,nan,nan,20260726
2023-08-11,ChargerFull,LSTM,62.154998779296875,84.37890625,22.223907470703125,62.154998779296875,nan,nan,20260726
2023-08-12,ChargerFull,LSTM,41.02900314331055,76.6351089477539,35.60610580444336,41.02900314331055,nan,nan,20260726
2023-08-13,ChargerFull,LSTM,65.48699951171875,80.34671020507812,14.859710693359375,65.48699951171875,nan,nan,20260726
2023-08-14,ChargerFull,LSTM,130.99200439453125,95.24871063232422,35.74329376220703,130.99200439453125,nan,nan,20260726
2023-08-15,ChargerFull,LSTM,123.75299835205078,97.26629638671875,26.48670196533203,123.75299835205078,nan,nan,20260726
2023-08-16,ChargerFull,LSTM,136.17799377441406,88.92282104492188,47.25517272949219,136.17799377441406,nan,nan,20260726
2023-08-17,ChargerFull,LSTM,136.80101013183594,84.75240325927734,52.048606872558594,136.80101013183594,nan,nan,20260726
2023-08-18,ChargerFull,LSTM,86.53099822998047,82.60710144042969,3.9238967895507812,86.53099822998047,nan,nan,20260726
2023-08-19,ChargerFull,LSTM,88.4489974975586,88.072509765625,0.37648773193359375,88.4489974975586,nan,nan,20260726
2023-08-20,ChargerFull,LSTM,0.0,92.85760498046875,92.85760498046875,0.0,nan,nan,20260726
2023-08-21,ChargerFull,LSTM,66.0,90.78107452392578,24.78107452392578,66.0,nan,nan,20260726
2023-08-22,ChargerFull,LSTM,85.68599700927734,88.39170837402344,2.7057113647460938,85.68599700927734,nan,nan,20260726
2023-08-23,ChargerFull,LSTM,97.12699890136719,79.39274597167969,17.7342529296875,97.12699890136719,nan,nan,20260726
2023-08-24,ChargerFull,LSTM,140.77200317382812,74.26404571533203,66.5079574584961,140.77200317382812,nan,nan,20260726
2023-08-25,ChargerFull,LSTM,84.27300262451172,73.14517974853516,11.127822875976562,84.27300262451172,nan,nan,20260726
2023-08-26,ChargerFull,LSTM,96.99600219726562,75.2361831665039,21.75981903076172,96.99600219726562,nan,nan,20260726
2023-08-27,ChargerFull,LSTM,71.43399810791016,88.59912872314453,17.165130615234375,71.43399810791016,nan,nan,20260726
2023-08-28,ChargerFull,LSTM,156.41000366210938,98.6234359741211,57.78656768798828,156.41000366210938,nan,nan,20260726
2023-08-29,ChargerFull,LSTM,126.37200164794922,101.87370300292969,24.49829864501953,126.37200164794922,nan,nan,20260726
2023-08-30,ChargerFull,LSTM,83.01100158691406,97.8119125366211,14.800910949707031,83.01100158691406,nan,nan,20260726
2023-08-31,ChargerFull,LSTM,162.50201416015625,86.8288345336914,75.67317962646484,162.50201416015625,nan,nan,20260726
2023-09-01,ChargerFull,LSTM,148.77398681640625,91.54328918457031,57.23069763183594,148.77398681640625,nan,nan,20260726
2023-09-02,ChargerFull,LSTM,36.35599899291992,94.45103454589844,58.095035552978516,36.35599899291992,nan,nan,20260726
2023-09-03,ChargerFull,LSTM,50.1609992980957,94.54972839355469,44.388729095458984,50.1609992980957,nan,nan,20260726
2023-09-04,ChargerFull,LSTM,38.178001403808594,105.38980865478516,67.21180725097656,38.178001403808594,nan,nan,20260726
2023-09-05,ChargerFull,LSTM,79.94700622558594,102.79584503173828,22.848838806152344,79.94700622558594,nan,nan,20260726
2023-09-06,ChargerFull,LSTM,116.67500305175781,88.70835876464844,27.966644287109375,116.67500305175781,nan,nan,20260726
2023-09-07,ChargerFull,LSTM,135.46900939941406,83.65331268310547,51.815696716308594,135.46900939941406,nan,nan,20260726
2023-09-08,ChargerFull,LSTM,110.70100402832031,83.89341735839844,26.807586669921875,110.70100402832031,nan,nan,20260726
2023-09-09,ChargerFull,LSTM,40.48600387573242,85.02356719970703,44.53756332397461,40.48600387573242,nan,nan,20260726
2023-09-10,ChargerFull,LSTM,79.18399047851562,88.98657989501953,9.802589416503906,79.18399047851562,nan,nan,20260726
2023-09-11,ChargerFull,LSTM,37.2609977722168,93.52107238769531,56.260074615478516,37.2609977722168,nan,nan,20260726
2023-09-12,ChargerFull,LSTM,73.33300018310547,90.14503479003906,16.812034606933594,73.33300018310547,nan,nan,20260726
2023-09-13,ChargerFull,LSTM,127.12799072265625,87.18296813964844,39.94502258300781,127.12799072265625,nan,nan,20260726
2023-09-14,ChargerFull,LSTM,41.83300018310547,80.69774627685547,38.86474609375,41.83300018310547,nan,nan,20260726
2023-09-15,ChargerFull,LSTM,84.25599670410156,71.99665832519531,12.25933837890625,84.25599670410156,nan,nan,20260726
2023-09-16,ChargerFull,LSTM,85.61199188232422,71.26553344726562,14.346458435058594,85.61199188232422,nan,nan,20260726
2023-09-17,ChargerFull,LSTM,75.45500183105469,79.65619659423828,4.201194763183594,75.45500183105469,nan,nan,20260726
2023-09-18,ChargerFull,LSTM,123.375,90.90879821777344,32.46620178222656,123.375,nan,nan,20260726
2023-09-19,ChargerFull,LSTM,187.1219940185547,99.10906219482422,88.01293182373047,187.1219940185547,nan,nan,20260726
2023-09-20,ChargerFull,LSTM,165.49400329589844,102.21903228759766,63.27497100830078,165.49400329589844,nan,nan,20260726
2023-09-21,ChargerFull,LSTM,165.1409912109375,97.52462768554688,67.61636352539062,165.1409912109375,nan,nan,20260726
2023-09-22,ChargerFull,LSTM,112.8330078125,95.77320098876953,17.05980682373047,112.8330078125,nan,nan,20260726
2023-09-23,ChargerFull,LSTM,105.82099914550781,102.31280517578125,3.5081939697265625,105.82099914550781,nan,nan,20260726
2023-09-24,ChargerFull,LSTM,76.98600006103516,107.67964172363281,30.693641662597656,76.98600006103516,nan,nan,20260726
2023-09-25,ChargerFull,LSTM,109.43299865722656,115.44843292236328,6.015434265136719,109.43299865722656,nan,nan,20260726
2023-09-26,ChargerFull,LSTM,140.0360107421875,119.6846923828125,20.351318359375,140.0360107421875,nan,nan,20260726
2023-09-27,ChargerFull,LSTM,157.02700805664062,111.16854858398438,45.85845947265625,157.02700805664062,nan,nan,20260726
2023-09-28,ChargerFull,LSTM,130.1590118408203,111.16546630859375,18.993545532226562,130.1590118408203,nan,nan,20260726
2023-09-29,ChargerFull,LSTM,71.05000305175781,108.3539047241211,37.30390167236328,71.05000305175781,nan,nan,20260726
2023-09-30,ChargerFull,LSTM,132.11199951171875,104.31340026855469,27.798599243164062,132.11199951171875,nan,nan,20260726
2023-07-01,ChargerFull,TCN,39.98400115966797,102.36701965332031,62.383018493652344,39.98400115966797,nan,nan,20260726
2023-07-02,ChargerFull,TCN,84.92100524902344,110.74681091308594,25.8258056640625,84.92100524902344,nan,nan,20260726
2023-07-03,ChargerFull,TCN,121.43299865722656,124.10017395019531,2.66717529296875,121.43299865722656,nan,nan,20260726
2023-07-04,ChargerFull,TCN,16.437999725341797,130.63986206054688,114.20185852050781,16.437999725341797,nan,nan,20260726
2023-07-05,ChargerFull,TCN,112.5530014038086,124.6749038696289,12.121902465820312,112.5530014038086,nan,nan,20260726
2023-07-06,ChargerFull,TCN,133.0570068359375,108.74348449707031,24.313522338867188,133.0570068359375,nan,nan,20260726
2023-07-07,ChargerFull,TCN,94.96900177001953,94.4896469116211,0.4793548583984375,94.96900177001953,nan,nan,20260726
2023-07-08,ChargerFull,TCN,50.14600372314453,89.65072631835938,39.504722595214844,50.14600372314453,nan,nan,20260726
2023-07-09,ChargerFull,TCN,27.32699966430664,97.29475402832031,69.96775817871094,27.32699966430664,nan,nan,20260726
2023-07-10,ChargerFull,TCN,78.30599975585938,110.11587524414062,31.80987548828125,78.30599975585938,nan,nan,20260726
2023-07-11,ChargerFull,TCN,154.03500366210938,115.9891128540039,38.04589080810547,154.03500366210938,nan,nan,20260726
2023-07-12,ChargerFull,TCN,88.57099914550781,110.15509033203125,21.584091186523438,88.57099914550781,nan,nan,20260726
2023-07-13,ChargerFull,TCN,159.3000030517578,94.64488220214844,64.65512084960938,159.3000030517578,nan,nan,20260726
2023-07-14,ChargerFull,TCN,97.44499206542969,80.95728302001953,16.487709045410156,97.44499206542969,nan,nan,20260726
2023-07-15,ChargerFull,TCN,15.918999671936035,78.0743179321289,62.15531921386719,15.918999671936035,nan,nan,20260726
2023-07-16,ChargerFull,TCN,68.91900634765625,85.2094955444336,16.290489196777344,68.91900634765625,nan,nan,20260726
2023-07-17,ChargerFull,TCN,98.52300262451172,97.55997467041016,0.9630279541015625,98.52300262451172,nan,nan,20260726
2023-07-18,ChargerFull,TCN,140.23199462890625,106.1801986694336,34.051795959472656,140.23199462890625,nan,nan,20260726
2023-07-19,ChargerFull,TCN,90.96199798583984,102.91788482666016,11.955886840820312,90.96199798583984,nan,nan,20260726
2023-07-20,ChargerFull,TCN,129.85899353027344,89.67781066894531,40.181182861328125,129.85899353027344,nan,nan,20260726
2023-07-21,ChargerFull,TCN,94.1760025024414,76.28990936279297,17.886093139648438,94.1760025024414,nan,nan,20260726
2023-07-22,ChargerFull,TCN,49.152000427246094,73.4808578491211,24.328857421875,49.152000427246094,nan,nan,20260726
2023-07-23,ChargerFull,TCN,29.33799934387207,82.35987091064453,53.021873474121094,29.33799934387207,nan,nan,20260726
2023-07-24,ChargerFull,TCN,140.76300048828125,96.15087890625,44.61212158203125,140.76300048828125,nan,nan,20260726
2023-07-25,ChargerFull,TCN,69.97699737548828,105.19993591308594,35.222938537597656,69.97699737548828,nan,nan,20260726
2023-07-26,ChargerFull,TCN,99.8080062866211,101.40043640136719,1.5924301147460938,99.8080062866211,nan,nan,20260726
2023-07-27,ChargerFull,TCN,73.04100036621094,88.66854095458984,15.627540588378906,73.04100036621094,nan,nan,20260726
2023-07-28,ChargerFull,TCN,63.87099838256836,75.42947387695312,11.558475494384766,63.87099838256836,nan,nan,20260726
2023-07-29,ChargerFull,TCN,59.3489990234375,71.21083068847656,11.861831665039062,59.3489990234375,nan,nan,20260726
2023-07-30,ChargerFull,TCN,68.73100280761719,80.85176086425781,12.120758056640625,68.73100280761719,nan,nan,20260726
2023-07-31,ChargerFull,TCN,138.73300170898438,94.89286041259766,43.84014129638672,138.73300170898438,nan,nan,20260726
2023-08-01,ChargerFull,TCN,104.54399871826172,104.30328369140625,0.24071502685546875,104.54399871826172,nan,nan,20260726
2023-08-02,ChargerFull,TCN,88.90299987792969,102.08595275878906,13.182952880859375,88.90299987792969,nan,nan,20260726
2023-08-03,ChargerFull,TCN,146.60800170898438,89.47943878173828,57.128562927246094,146.60800170898438,nan,nan,20260726
2023-08-04,ChargerFull,TCN,123.77099609375,77.34972381591797,46.42127227783203,123.77099609375,nan,nan,20260726
2023-08-05,ChargerFull,TCN,79.20600128173828,75.72425079345703,3.48175048828125,79.20600128173828,nan,nan,20260726
2023-08-06,ChargerFull,TCN,58.13300323486328,86.057861328125,27.92485809326172,58.13300323486328,nan,nan,20260726
2023-08-07,ChargerFull,TCN,92.07901000976562,101.42886352539062,9.349853515625,92.07901000976562,nan,nan,20260726
2023-08-08,ChargerFull,TCN,152.3249969482422,109.7506103515625,42.57438659667969,152.3249969482422,nan,nan,20260726
2023-08-09,ChargerFull,TCN,167.00201416015625,105.57144927978516,61.430564880371094,167.00201416015625,nan,nan,20260726
2023-08-10,ChargerFull,TCN,134.35000610351562,92.75624084472656,41.59376525878906,134.35000610351562,nan,nan,20260726
2023-08-11,ChargerFull,TCN,62.154998779296875,79.9552001953125,17.800201416015625,62.154998779296875,nan,nan,20260726
2023-08-12,ChargerFull,TCN,41.02900314331055,77.69273376464844,36.66373062133789,41.02900314331055,nan,nan,20260726
2023-08-13,ChargerFull,TCN,65.48699951171875,87.50830078125,22.02130126953125,65.48699951171875,nan,nan,20260726
2023-08-14,ChargerFull,TCN,130.99200439453125,101.75799560546875,29.2340087890625,130.99200439453125,nan,nan,20260726
2023-08-15,ChargerFull,TCN,123.75299835205078,109.74349975585938,14.009498596191406,123.75299835205078,nan,nan,20260726
2023-08-16,ChargerFull,TCN,136.17799377441406,105.35465240478516,30.823341369628906,136.17799377441406,nan,nan,20260726
2023-08-17,ChargerFull,TCN,136.80101013183594,92.98774719238281,43.813262939453125,136.80101013183594,nan,nan,20260726
2023-08-18,ChargerFull,TCN,86.53099822998047,80.83838653564453,5.6926116943359375,86.53099822998047,nan,nan,20260726
2023-08-19,ChargerFull,TCN,88.4489974975586,78.98948669433594,9.459510803222656,88.4489974975586,nan,nan,20260726
2023-08-20,ChargerFull,TCN,0.0,89.22604370117188,89.22604370117188,0.0,nan,nan,20260726
2023-08-21,ChargerFull,TCN,66.0,102.50975799560547,36.50975799560547,66.0,nan,nan,20260726
2023-08-22,ChargerFull,TCN,85.68599700927734,110.01213836669922,24.326141357421875,85.68599700927734,nan,nan,20260726
2023-08-23,ChargerFull,TCN,97.12699890136719,105.89702606201172,8.770027160644531,97.12699890136719,nan,nan,20260726
2023-08-24,ChargerFull,TCN,140.77200317382812,92.86539459228516,47.90660858154297,140.77200317382812,nan,nan,20260726
2023-08-25,ChargerFull,TCN,84.27300262451172,80.65738677978516,3.6156158447265625,84.27300262451172,nan,nan,20260726
2023-08-26,ChargerFull,TCN,96.99600219726562,78.41360473632812,18.5823974609375,96.99600219726562,nan,nan,20260726
2023-08-27,ChargerFull,TCN,71.43399810791016,88.60580444335938,17.17180633544922,71.43399810791016,nan,nan,20260726
2023-08-28,ChargerFull,TCN,156.41000366210938,103.32164001464844,53.08836364746094,156.41000366210938,nan,nan,20260726
2023-08-29,ChargerFull,TCN,126.37200164794922,111.48075866699219,14.891242980957031,126.37200164794922,nan,nan,20260726
2023-08-30,ChargerFull,TCN,83.01100158691406,108.03743743896484,25.02643585205078,83.01100158691406,nan,nan,20260726
2023-08-31,ChargerFull,TCN,162.50201416015625,94.30413818359375,68.1978759765625,162.50201416015625,nan,nan,20260726
2023-09-01,ChargerFull,TCN,148.77398681640625,81.7951889038086,66.97879791259766,148.77398681640625,nan,nan,20260726
2023-09-02,ChargerFull,TCN,36.35599899291992,79.52204895019531,43.16604995727539,36.35599899291992,nan,nan,20260726
2023-09-03,ChargerFull,TCN,50.1609992980957,89.14498138427734,38.98398208618164,50.1609992980957,nan,nan,20260726
2023-09-04,ChargerFull,TCN,38.178001403808594,103.7916259765625,65.6136245727539,38.178001403808594,nan,nan,20260726
2023-09-05,ChargerFull,TCN,79.94700622558594,111.92478942871094,31.977783203125,79.94700622558594,nan,nan,20260726
2023-09-06,ChargerFull,TCN,116.67500305175781,106.9649658203125,9.710037231445312,116.67500305175781,nan,nan,20260726
2023-09-07,ChargerFull,TCN,135.46900939941406,93.70018005371094,41.768829345703125,135.46900939941406,nan,nan,20260726
2023-09-08,ChargerFull,TCN,110.70100402832031,81.22001647949219,29.480987548828125,110.70100402832031,nan,nan,20260726
2023-09-09,ChargerFull,TCN,40.48600387573242,79.32231140136719,38.836307525634766,40.48600387573242,nan,nan,20260726
2023-09-10,ChargerFull,TCN,79.18399047851562,89.49505615234375,10.311065673828125,79.18399047851562,nan,nan,20260726
2023-09-11,ChargerFull,TCN,37.2609977722168,103.58442687988281,66.32342529296875,37.2609977722168,nan,nan,20260726
2023-09-12,ChargerFull,TCN,73.33300018310547,111.76329040527344,38.43029022216797,73.33300018310547,nan,nan,20260726
2023-09-13,ChargerFull,TCN,127.12799072265625,107.0024185180664,20.125572204589844,127.12799072265625,nan,nan,20260726
2023-09-14,ChargerFull,TCN,41.83300018310547,93.22189331054688,51.388893127441406,41.83300018310547,nan,nan,20260726
2023-09-15,ChargerFull,TCN,84.25599670410156,79.94395446777344,4.312042236328125,84.25599670410156,nan,nan,20260726
2023-09-16,ChargerFull,TCN,85.61199188232422,76.7490005493164,8.862991333007812,85.61199188232422,nan,nan,20260726
2023-09-17,ChargerFull,TCN,75.45500183105469,87.24681854248047,11.791816711425781,75.45500183105469,nan,nan,20260726
2023-09-18,ChargerFull,TCN,123.375,102.9982681274414,20.376731872558594,123.375,nan,nan,20260726
2023-09-19,ChargerFull,TCN,187.1219940185547,112.56141662597656,74.56057739257812,187.1219940185547,nan,nan,20260726
2023-09-20,ChargerFull,TCN,165.49400329589844,110.13335418701172,55.36064910888672,165.49400329589844,nan,nan,20260726
2023-09-21,ChargerFull,TCN,165.1409912109375,97.97853088378906,67.16246032714844,165.1409912109375,nan,nan,20260726
2023-09-22,ChargerFull,TCN,112.8330078125,86.55394744873047,26.27906036376953,112.8330078125,nan,nan,20260726
2023-09-23,ChargerFull,TCN,105.82099914550781,85.11173248291016,20.709266662597656,105.82099914550781,nan,nan,20260726
2023-09-24,ChargerFull,TCN,76.98600006103516,95.05288696289062,18.06688690185547,76.98600006103516,nan,nan,20260726
2023-09-25,ChargerFull,TCN,109.43299865722656,110.05899047851562,0.6259918212890625,109.43299865722656,nan,nan,20260726
2023-09-26,ChargerFull,TCN,140.0360107421875,119.0994873046875,20.9365234375,140.0360107421875,nan,nan,20260726
2023-09-27,ChargerFull,TCN,157.02700805664062,116.32202911376953,40.704978942871094,157.02700805664062,nan,nan,20260726
2023-09-28,ChargerFull,TCN,130.1590118408203,105.0333480834961,25.12566375732422,130.1590118408203,nan,nan,20260726
2023-09-29,ChargerFull,TCN,71.05000305175781,93.06352996826172,22.013526916503906,71.05000305175781,nan,nan,20260726
2023-09-30,ChargerFull,TCN,132.11199951171875,90.80587005615234,41.306129455566406,132.11199951171875,nan,nan,20260726
2023-07-01,ChargerFull,iTransformer,39.98400115966797,73.42591857910156,33.441917419433594,39.98400115966797,nan,nan,20260726
2023-07-02,ChargerFull,iTransformer,84.92100524902344,42.735565185546875,42.18544006347656,84.92100524902344,nan,nan,20260726
2023-07-03,ChargerFull,iTransformer,121.43299865722656,64.74468994140625,56.68830871582031,121.43299865722656,nan,nan,20260726
2023-07-04,ChargerFull,iTransformer,16.437999725341797,110.13243103027344,93.69442749023438,16.437999725341797,nan,nan,20260726
2023-07-05,ChargerFull,iTransformer,112.5530014038086,122.71818542480469,10.165184020996094,112.5530014038086,nan,nan,20260726
2023-07-06,ChargerFull,iTransformer,133.0570068359375,142.56138610839844,9.504379272460938,133.0570068359375,nan,nan,20260726
2023-07-07,ChargerFull,iTransformer,94.96900177001953,122.6920166015625,27.72301483154297,94.96900177001953,nan,nan,20260726
2023-07-08,ChargerFull,iTransformer,50.14600372314453,63.828216552734375,13.682212829589844,50.14600372314453,nan,nan,20260726
2023-07-09,ChargerFull,iTransformer,27.32699966430664,35.787601470947266,8.460601806640625,27.32699966430664,nan,nan,20260726
2023-07-10,ChargerFull,iTransformer,78.30599975585938,49.652286529541016,28.65371322631836,78.30599975585938,nan,nan,20260726
2023-07-11,ChargerFull,iTransformer,154.03500366210938,86.53153991699219,67.50346374511719,154.03500366210938,nan,nan,20260726
2023-07-12,ChargerFull,iTransformer,88.57099914550781,141.2880096435547,52.717010498046875,88.57099914550781,nan,nan,20260726
2023-07-13,ChargerFull,iTransformer,159.3000030517578,152.9392547607422,6.360748291015625,159.3000030517578,nan,nan,20260726
2023-07-14,ChargerFull,iTransformer,97.44499206542969,128.75079345703125,31.305801391601562,97.44499206542969,nan,nan,20260726
2023-07-15,ChargerFull,iTransformer,15.918999671936035,66.88516235351562,50.966163635253906,15.918999671936035,nan,nan,20260726
2023-07-16,ChargerFull,iTransformer,68.91900634765625,34.75183868408203,34.16716766357422,68.91900634765625,nan,nan,20260726
2023-07-17,ChargerFull,iTransformer,98.52300262451172,56.625877380371094,41.897125244140625,98.52300262451172,nan,nan,20260726
2023-07-18,ChargerFull,iTransformer,140.23199462890625,95.97940826416016,44.252586364746094,140.23199462890625,nan,nan,20260726
2023-07-19,ChargerFull,iTransformer,90.96199798583984,143.1767120361328,52.21471405029297,90.96199798583984,nan,nan,20260726
2023-07-20,ChargerFull,iTransformer,129.85899353027344,143.2716827392578,13.412689208984375,129.85899353027344,nan,nan,20260726
2023-07-21,ChargerFull,iTransformer,94.1760025024414,113.56362915039062,19.38762664794922,94.1760025024414,nan,nan,20260726
2023-07-22,ChargerFull,iTransformer,49.152000427246094,48.97565841674805,0.17634201049804688,49.152000427246094,nan,nan,20260726
2023-07-23,ChargerFull,iTransformer,29.33799934387207,34.278045654296875,4.940046310424805,29.33799934387207,nan,nan,20260726
2023-07-24,ChargerFull,iTransformer,140.76300048828125,50.02723693847656,90.73576354980469,140.76300048828125,nan,nan,20260726
2023-07-25,ChargerFull,iTransformer,69.97699737548828,104.54483032226562,34.567832946777344,69.97699737548828,nan,nan,20260726
2023-07-26,ChargerFull,iTransformer,99.8080062866211,120.80104064941406,20.99303436279297,99.8080062866211,nan,nan,20260726
2023-07-27,ChargerFull,iTransformer,73.04100036621094,128.04510498046875,55.00410461425781,73.04100036621094,nan,nan,20260726
2023-07-28,ChargerFull,iTransformer,63.87099838256836,92.11264038085938,28.241641998291016,63.87099838256836,nan,nan,20260726
2023-07-29,ChargerFull,iTransformer,59.3489990234375,41.09894561767578,18.25005340576172,59.3489990234375,nan,nan,20260726
2023-07-30,ChargerFull,iTransformer,68.73100280761719,27.711769104003906,41.01923370361328,68.73100280761719,nan,nan,20260726
2023-07-31,ChargerFull,iTransformer,138.73300170898438,58.78173065185547,79.9512710571289,138.73300170898438,nan,nan,20260726
2023-08-01,ChargerFull,iTransformer,104.54399871826172,84.54913330078125,19.99486541748047,104.54399871826172,nan,nan,20260726
2023-08-02,ChargerFull,iTransformer,88.90299987792969,113.35528564453125,24.452285766601562,88.90299987792969,nan,nan,20260726
2023-08-03,ChargerFull,iTransformer,146.60800170898438,121.6722412109375,24.935760498046875,146.60800170898438,nan,nan,20260726
2023-08-04,ChargerFull,iTransformer,123.77099609375,91.1043930053711,32.666603088378906,123.77099609375,nan,nan,20260726
2023-08-05,ChargerFull,iTransformer,79.20600128173828,54.28001022338867,24.92599105834961,79.20600128173828,nan,nan,20260726
2023-08-06,ChargerFull,iTransformer,58.13300323486328,36.62853240966797,21.504470825195312,58.13300323486328,nan,nan,20260726
2023-08-07,ChargerFull,iTransformer,92.07901000976562,70.4891128540039,21.58989715576172,92.07901000976562,nan,nan,20260726
2023-08-08,ChargerFull,iTransformer,152.3249969482422,91.99102783203125,60.33396911621094,152.3249969482422,nan,nan,20260726
2023-08-09,ChargerFull,iTransformer,167.00201416015625,122.03451538085938,44.967498779296875,167.00201416015625,nan,nan,20260726
2023-08-10,ChargerFull,iTransformer,134.35000610351562,136.3849639892578,2.0349578857421875,134.35000610351562,nan,nan,20260726
2023-08-11,ChargerFull,iTransformer,62.154998779296875,103.10142517089844,40.94642639160156,62.154998779296875,nan,nan,20260726
2023-08-12,ChargerFull,iTransformer,41.02900314331055,41.479888916015625,0.4508857727050781,41.02900314331055,nan,nan,20260726
2023-08-13,ChargerFull,iTransformer,65.48699951171875,33.903839111328125,31.583160400390625,65.48699951171875,nan,nan,20260726
2023-08-14,ChargerFull,iTransformer,130.99200439453125,60.103912353515625,70.88809204101562,130.99200439453125,nan,nan,20260726
2023-08-15,ChargerFull,iTransformer,123.75299835205078,103.09672546386719,20.656272888183594,123.75299835205078,nan,nan,20260726
2023-08-16,ChargerFull,iTransformer,136.17799377441406,126.58392333984375,9.594070434570312,136.17799377441406,nan,nan,20260726
2023-08-17,ChargerFull,iTransformer,136.80101013183594,135.16592407226562,1.6350860595703125,136.80101013183594,nan,nan,20260726
2023-08-18,ChargerFull,iTransformer,86.53099822998047,100.20121765136719,13.670219421386719,86.53099822998047,nan,nan,20260726
2023-08-19,ChargerFull,iTransformer,88.4489974975586,47.86189270019531,40.58710479736328,88.4489974975586,nan,nan,20260726
2023-08-20,ChargerFull,iTransformer,0.0,38.5151252746582,38.5151252746582,0.0,nan,nan,20260726
2023-08-21,ChargerFull,iTransformer,66.0,56.55201721191406,9.447982788085938,66.0,nan,nan,20260726
2023-08-22,ChargerFull,iTransformer,85.68599700927734,86.97590637207031,1.2899093627929688,85.68599700927734,nan,nan,20260726
2023-08-23,ChargerFull,iTransformer,97.12699890136719,113.2984619140625,16.171463012695312,97.12699890136719,nan,nan,20260726
2023-08-24,ChargerFull,iTransformer,140.77200317382812,108.38943481445312,32.382568359375,140.77200317382812,nan,nan,20260726
2023-08-25,ChargerFull,iTransformer,84.27300262451172,81.62812042236328,2.6448822021484375,84.27300262451172,nan,nan,20260726
2023-08-26,ChargerFull,iTransformer,96.99600219726562,30.129669189453125,66.8663330078125,96.99600219726562,nan,nan,20260726
2023-08-27,ChargerFull,iTransformer,71.43399810791016,15.306660652160645,56.12733840942383,71.43399810791016,nan,nan,20260726
2023-08-28,ChargerFull,iTransformer,156.41000366210938,52.504608154296875,103.9053955078125,156.41000366210938,nan,nan,20260726
2023-08-29,ChargerFull,iTransformer,126.37200164794922,103.75687408447266,22.615127563476562,126.37200164794922,nan,nan,20260726
2023-08-30,ChargerFull,iTransformer,83.01100158691406,127.13984680175781,44.12884521484375,83.01100158691406,nan,nan,20260726
2023-08-31,ChargerFull,iTransformer,162.50201416015625,131.83546447753906,30.666549682617188,162.50201416015625,nan,nan,20260726
2023-09-01,ChargerFull,iTransformer,148.77398681640625,96.62681579589844,52.14717102050781,148.77398681640625,nan,nan,20260726
2023-09-02,ChargerFull,iTransformer,36.35599899291992,56.14723205566406,19.79123306274414,36.35599899291992,nan,nan,20260726
2023-09-03,ChargerFull,iTransformer,50.1609992980957,19.569747924804688,30.591251373291016,50.1609992980957,nan,nan,20260726
2023-09-04,ChargerFull,iTransformer,38.178001403808594,52.99028778076172,14.812286376953125,38.178001403808594,nan,nan,20260726
2023-09-05,ChargerFull,iTransformer,79.94700622558594,89.01960754394531,9.072601318359375,79.94700622558594,nan,nan,20260726
2023-09-06,ChargerFull,iTransformer,116.67500305175781,111.0242691040039,5.650733947753906,116.67500305175781,nan,nan,20260726
2023-09-07,ChargerFull,iTransformer,135.46900939941406,128.53778076171875,6.9312286376953125,135.46900939941406,nan,nan,20260726
2023-09-08,ChargerFull,iTransformer,110.70100402832031,84.76570129394531,25.935302734375,110.70100402832031,nan,nan,20260726
2023-09-09,ChargerFull,iTransformer,40.48600387573242,31.916025161743164,8.569978713989258,40.48600387573242,nan,nan,20260726
2023-09-10,ChargerFull,iTransformer,79.18399047851562,6.522727966308594,72.66126251220703,79.18399047851562,nan,nan,20260726
2023-09-11,ChargerFull,iTransformer,37.2609977722168,46.21083450317383,8.949836730957031,37.2609977722168,nan,nan,20260726
2023-09-12,ChargerFull,iTransformer,73.33300018310547,69.84725189208984,3.485748291015625,73.33300018310547,nan,nan,20260726
2023-09-13,ChargerFull,iTransformer,127.12799072265625,110.79461669921875,16.3333740234375,127.12799072265625,nan,nan,20260726
2023-09-14,ChargerFull,iTransformer,41.83300018310547,127.15542602539062,85.32242584228516,41.83300018310547,nan,nan,20260726
2023-09-15,ChargerFull,iTransformer,84.25599670410156,67.32398986816406,16.9320068359375,84.25599670410156,nan,nan,20260726
2023-09-16,ChargerFull,iTransformer,85.61199188232422,21.97531509399414,63.63667678833008,85.61199188232422,nan,nan,20260726
2023-09-17,ChargerFull,iTransformer,75.45500183105469,5.408812522888184,70.04618835449219,75.45500183105469,nan,nan,20260726
2023-09-18,ChargerFull,iTransformer,123.375,22.024486541748047,101.35050964355469,123.375,nan,nan,20260726
2023-09-19,ChargerFull,iTransformer,187.1219940185547,71.14720153808594,115.97479248046875,187.1219940185547,nan,nan,20260726
2023-09-20,ChargerFull,iTransformer,165.49400329589844,119.95201110839844,45.5419921875,165.49400329589844,nan,nan,20260726
2023-09-21,ChargerFull,iTransformer,165.1409912109375,128.69509887695312,36.445892333984375,165.1409912109375,nan,nan,20260726
2023-09-22,ChargerFull,iTransformer,112.8330078125,96.40029907226562,16.432708740234375,112.8330078125,nan,nan,20260726
2023-09-23,ChargerFull,iTransformer,105.82099914550781,48.811283111572266,57.00971603393555,105.82099914550781,nan,nan,20260726
2023-09-24,ChargerFull,iTransformer,76.98600006103516,35.83909606933594,41.14690399169922,76.98600006103516,nan,nan,20260726
2023-09-25,ChargerFull,iTransformer,109.43299865722656,53.81398010253906,55.6190185546875,109.43299865722656,nan,nan,20260726
2023-09-26,ChargerFull,iTransformer,140.0360107421875,102.4714126586914,37.564598083496094,140.0360107421875,nan,nan,20260726
2023-09-27,ChargerFull,iTransformer,157.02700805664062,139.69639587402344,17.330612182617188,157.02700805664062,nan,nan,20260726
2023-09-28,ChargerFull,iTransformer,130.1590118408203,130.04930114746094,0.109710693359375,130.1590118408203,nan,nan,20260726
2023-09-29,ChargerFull,iTransformer,71.05000305175781,95.20709228515625,24.157089233398438,71.05000305175781,nan,nan,20260726
2023-09-30,ChargerFull,iTransformer,132.11199951171875,45.72050094604492,86.39149475097656,132.11199951171875,nan,nan,20260726
2023-07-01,ChargerFull,GraphGNN,39.98400115966797,86.93610382080078,46.95210266113281,39.98400115966797,nan,nan,20260726
2023-07-02,ChargerFull,GraphGNN,84.92100524902344,87.52315521240234,2.6021499633789062,84.92100524902344,nan,nan,20260726
2023-07-03,ChargerFull,GraphGNN,121.43299865722656,104.65982055664062,16.773178100585938,121.43299865722656,nan,nan,20260726
2023-07-04,ChargerFull,GraphGNN,16.437999725341797,118.3561019897461,101.91810607910156,16.437999725341797,nan,nan,20260726
2023-07-05,ChargerFull,GraphGNN,112.5530014038086,96.65613555908203,15.896865844726562,112.5530014038086,nan,nan,20260726
2023-07-06,ChargerFull,GraphGNN,133.0570068359375,86.32830810546875,46.72869873046875,133.0570068359375,nan,nan,20260726
2023-07-07,ChargerFull,GraphGNN,94.96900177001953,85.7181167602539,9.250885009765625,94.96900177001953,nan,nan,20260726
2023-07-08,ChargerFull,GraphGNN,50.14600372314453,77.16676330566406,27.02075958251953,50.14600372314453,nan,nan,20260726
2023-07-09,ChargerFull,GraphGNN,27.32699966430664,77.85688781738281,50.52988815307617,27.32699966430664,nan,nan,20260726
2023-07-10,ChargerFull,GraphGNN,78.30599975585938,88.8118896484375,10.505889892578125,78.30599975585938,nan,nan,20260726
2023-07-11,ChargerFull,GraphGNN,154.03500366210938,94.54391479492188,59.4910888671875,154.03500366210938,nan,nan,20260726
2023-07-12,ChargerFull,GraphGNN,88.57099914550781,104.36962127685547,15.798622131347656,88.57099914550781,nan,nan,20260726
2023-07-13,ChargerFull,GraphGNN,159.3000030517578,90.88212585449219,68.41787719726562,159.3000030517578,nan,nan,20260726
2023-07-14,ChargerFull,GraphGNN,97.44499206542969,95.13124084472656,2.313751220703125,97.44499206542969,nan,nan,20260726
2023-07-15,ChargerFull,GraphGNN,15.918999671936035,86.40504455566406,70.48604583740234,15.918999671936035,nan,nan,20260726
2023-07-16,ChargerFull,GraphGNN,68.91900634765625,79.71675109863281,10.797744750976562,68.91900634765625,nan,nan,20260726
2023-07-17,ChargerFull,GraphGNN,98.52300262451172,91.48876190185547,7.03424072265625,98.52300262451172,nan,nan,20260726
2023-07-18,ChargerFull,GraphGNN,140.23199462890625,103.86201477050781,36.36997985839844,140.23199462890625,nan,nan,20260726
2023-07-19,ChargerFull,GraphGNN,90.96199798583984,114.05850219726562,23.09650421142578,90.96199798583984,nan,nan,20260726
2023-07-20,ChargerFull,GraphGNN,129.85899353027344,97.64286804199219,32.21612548828125,129.85899353027344,nan,nan,20260726
2023-07-21,ChargerFull,GraphGNN,94.1760025024414,87.53801727294922,6.6379852294921875,94.1760025024414,nan,nan,20260726
2023-07-22,ChargerFull,GraphGNN,49.152000427246094,80.94025421142578,31.788253784179688,49.152000427246094,nan,nan,20260726
2023-07-23,ChargerFull,GraphGNN,29.33799934387207,80.52264404296875,51.18464660644531,29.33799934387207,nan,nan,20260726
2023-07-24,ChargerFull,GraphGNN,140.76300048828125,89.68827056884766,51.074729919433594,140.76300048828125,nan,nan,20260726
2023-07-25,ChargerFull,GraphGNN,69.97699737548828,112.23797607421875,42.26097869873047,69.97699737548828,nan,nan,20260726
2023-07-26,ChargerFull,GraphGNN,99.8080062866211,104.20809173583984,4.40008544921875,99.8080062866211,nan,nan,20260726
2023-07-27,ChargerFull,GraphGNN,73.04100036621094,97.21131896972656,24.170318603515625,73.04100036621094,nan,nan,20260726
2023-07-28,ChargerFull,GraphGNN,63.87099838256836,81.07616424560547,17.20516586303711,63.87099838256836,nan,nan,20260726
2023-07-29,ChargerFull,GraphGNN,59.3489990234375,66.93659210205078,7.587593078613281,59.3489990234375,nan,nan,20260726
2023-07-30,ChargerFull,GraphGNN,68.73100280761719,74.00471496582031,5.273712158203125,68.73100280761719,nan,nan,20260726
2023-07-31,ChargerFull,GraphGNN,138.73300170898438,91.73066711425781,47.00233459472656,138.73300170898438,nan,nan,20260726
2023-08-01,ChargerFull,GraphGNN,104.54399871826172,110.76189422607422,6.2178955078125,104.54399871826172,nan,nan,20260726
2023-08-02,ChargerFull,GraphGNN,88.90299987792969,111.5739517211914,22.67095184326172,88.90299987792969,nan,nan,20260726
2023-08-03,ChargerFull,GraphGNN,146.60800170898438,104.24976348876953,42.358238220214844,146.60800170898438,nan,nan,20260726
2023-08-04,ChargerFull,GraphGNN,123.77099609375,99.5858154296875,24.1851806640625,123.77099609375,nan,nan,20260726
2023-08-05,ChargerFull,GraphGNN,79.20600128173828,91.71953582763672,12.513534545898438,79.20600128173828,nan,nan,20260726
2023-08-06,ChargerFull,GraphGNN,58.13300323486328,96.14958953857422,38.01658630371094,58.13300323486328,nan,nan,20260726
2023-08-07,ChargerFull,GraphGNN,92.07901000976562,110.54007720947266,18.46106719970703,92.07901000976562,nan,nan,20260726
2023-08-08,ChargerFull,GraphGNN,152.3249969482422,115.76200103759766,36.56299591064453,152.3249969482422,nan,nan,20260726
2023-08-09,ChargerFull,GraphGNN,167.00201416015625,112.04879760742188,54.953216552734375,167.00201416015625,nan,nan,20260726
2023-08-10,ChargerFull,GraphGNN,134.35000610351562,108.13223266601562,26.2177734375,134.35000610351562,nan,nan,20260726
2023-08-11,ChargerFull,GraphGNN,62.154998779296875,95.65157318115234,33.49657440185547,62.154998779296875,nan,nan,20260726
2023-08-12,ChargerFull,GraphGNN,41.02900314331055,74.26923370361328,33.240230560302734,41.02900314331055,nan,nan,20260726
2023-08-13,ChargerFull,GraphGNN,65.48699951171875,76.18312072753906,10.696121215820312,65.48699951171875,nan,nan,20260726
2023-08-14,ChargerFull,GraphGNN,130.99200439453125,103.2969741821289,27.695030212402344,130.99200439453125,nan,nan,20260726
2023-08-15,ChargerFull,GraphGNN,123.75299835205078,112.75768280029297,10.995315551757812,123.75299835205078,nan,nan,20260726
2023-08-16,ChargerFull,GraphGNN,136.17799377441406,104.96258544921875,31.215408325195312,136.17799377441406,nan,nan,20260726
2023-08-17,ChargerFull,GraphGNN,136.80101013183594,103.36402130126953,33.436988830566406,136.80101013183594,nan,nan,20260726
2023-08-18,ChargerFull,GraphGNN,86.53099822998047,93.06561279296875,6.534614562988281,86.53099822998047,nan,nan,20260726
2023-08-19,ChargerFull,GraphGNN,88.4489974975586,88.62215423583984,0.17315673828125,88.4489974975586,nan,nan,20260726
2023-08-20,ChargerFull,GraphGNN,0.0,93.06208038330078,93.06208038330078,0.0,nan,nan,20260726
2023-08-21,ChargerFull,GraphGNN,66.0,87.80050659179688,21.800506591796875,66.0,nan,nan,20260726
2023-08-22,ChargerFull,GraphGNN,85.68599700927734,90.75663757324219,5.070640563964844,85.68599700927734,nan,nan,20260726
2023-08-23,ChargerFull,GraphGNN,97.12699890136719,84.71347045898438,12.413528442382812,97.12699890136719,nan,nan,20260726
2023-08-24,ChargerFull,GraphGNN,140.77200317382812,85.17929077148438,55.59271240234375,140.77200317382812,nan,nan,20260726
2023-08-25,ChargerFull,GraphGNN,84.27300262451172,83.0841293334961,1.188873291015625,84.27300262451172,nan,nan,20260726
2023-08-26,ChargerFull,GraphGNN,96.99600219726562,76.53807830810547,20.457923889160156,96.99600219726562,nan,nan,20260726
2023-08-27,ChargerFull,GraphGNN,71.43399810791016,95.8202896118164,24.38629150390625,71.43399810791016,nan,nan,20260726
2023-08-28,ChargerFull,GraphGNN,156.41000366210938,111.33723449707031,45.07276916503906,156.41000366210938,nan,nan,20260726
2023-08-29,ChargerFull,GraphGNN,126.37200164794922,121.29780578613281,5.074195861816406,126.37200164794922,nan,nan,20260726
2023-08-30,ChargerFull,GraphGNN,83.01100158691406,113.67520141601562,30.664199829101562,83.01100158691406,nan,nan,20260726
2023-08-31,ChargerFull,GraphGNN,162.50201416015625,95.7054672241211,66.79654693603516,162.50201416015625,nan,nan,20260726
2023-09-01,ChargerFull,GraphGNN,148.77398681640625,96.65563201904297,52.11835479736328,148.77398681640625,nan,nan,20260726
2023-09-02,ChargerFull,GraphGNN,36.35599899291992,93.15106964111328,56.79507064819336,36.35599899291992,nan,nan,20260726
2023-09-03,ChargerFull,GraphGNN,50.1609992980957,90.77400207519531,40.61300277709961,50.1609992980957,nan,nan,20260726
2023-09-04,ChargerFull,GraphGNN,38.178001403808594,110.49071502685547,72.31271362304688,38.178001403808594,nan,nan,20260726
2023-09-05,ChargerFull,GraphGNN,79.94700622558594,106.55084991455078,26.603843688964844,79.94700622558594,nan,nan,20260726
2023-09-06,ChargerFull,GraphGNN,116.67500305175781,89.76133728027344,26.913665771484375,116.67500305175781,nan,nan,20260726
2023-09-07,ChargerFull,GraphGNN,135.46900939941406,91.41371154785156,44.0552978515625,135.46900939941406,nan,nan,20260726
2023-09-08,ChargerFull,GraphGNN,110.70100402832031,87.41545104980469,23.285552978515625,110.70100402832031,nan,nan,20260726
2023-09-09,ChargerFull,GraphGNN,40.48600387573242,80.864990234375,40.37898635864258,40.48600387573242,nan,nan,20260726
2023-09-10,ChargerFull,GraphGNN,79.18399047851562,85.37716674804688,6.19317626953125,79.18399047851562,nan,nan,20260726
2023-09-11,ChargerFull,GraphGNN,37.2609977722168,100.53842163085938,63.27742385864258,37.2609977722168,nan,nan,20260726
2023-09-12,ChargerFull,GraphGNN,73.33300018310547,96.50475311279297,23.1717529296875,73.33300018310547,nan,nan,20260726
2023-09-13,ChargerFull,GraphGNN,127.12799072265625,90.73918914794922,36.38880157470703,127.12799072265625,nan,nan,20260726
2023-09-14,ChargerFull,GraphGNN,41.83300018310547,86.75114440917969,44.91814422607422,41.83300018310547,nan,nan,20260726
2023-09-15,ChargerFull,GraphGNN,84.25599670410156,67.44173431396484,16.81426239013672,84.25599670410156,nan,nan,20260726
2023-09-16,ChargerFull,GraphGNN,85.61199188232422,60.63962173461914,24.972370147705078,85.61199188232422,nan,nan,20260726
2023-09-17,ChargerFull,GraphGNN,75.45500183105469,76.20494079589844,0.74993896484375,75.45500183105469,nan,nan,20260726
2023-09-18,ChargerFull,GraphGNN,123.375,96.84984588623047,26.52515411376953,123.375,nan,nan,20260726
2023-09-19,ChargerFull,GraphGNN,187.1219940185547,113.92493438720703,73.19705963134766,187.1219940185547,nan,nan,20260726
2023-09-20,ChargerFull,GraphGNN,165.49400329589844,121.39511108398438,44.09889221191406,165.49400329589844,nan,nan,20260726
2023-09-21,ChargerFull,GraphGNN,165.1409912109375,115.79116821289062,49.349822998046875,165.1409912109375,nan,nan,20260726
2023-09-22,ChargerFull,GraphGNN,112.8330078125,109.43689727783203,3.3961105346679688,112.8330078125,nan,nan,20260726
2023-09-23,ChargerFull,GraphGNN,105.82099914550781,104.85498809814453,0.9660110473632812,105.82099914550781,nan,nan,20260726
2023-09-24,ChargerFull,GraphGNN,76.98600006103516,110.05320739746094,33.06720733642578,76.98600006103516,nan,nan,20260726
2023-09-25,ChargerFull,GraphGNN,109.43299865722656,128.89306640625,19.460067749023438,109.43299865722656,nan,nan,20260726
2023-09-26,ChargerFull,GraphGNN,140.0360107421875,137.2294464111328,2.8065643310546875,140.0360107421875,nan,nan,20260726
2023-09-27,ChargerFull,GraphGNN,157.02700805664062,127.30656433105469,29.720443725585938,157.02700805664062,nan,nan,20260726
2023-09-28,ChargerFull,GraphGNN,130.1590118408203,130.92431640625,0.7653045654296875,130.1590118408203,nan,nan,20260726
2023-09-29,ChargerFull,GraphGNN,71.05000305175781,113.09548950195312,42.04548645019531,71.05000305175781,nan,nan,20260726
2023-09-30,ChargerFull,GraphGNN,132.11199951171875,94.18380737304688,37.928192138671875,132.11199951171875,nan,nan,20260726
