date,task,model,actual_scope_energy_kwh,predicted_scope_energy_kwh,absolute_scope_error_kwh,full_actual_energy_kwh,unmodelled_energy_kwh,no_substitution_operational_error_kwh,seed
2023-07-01,EV,DLinear,8.269000053405762,66.7416000366211,58.472599029541016,39.98400115966797,31.715001106262207,90.18760013580322,20260727
2023-07-02,EV,DLinear,25.868000030517578,76.54016876220703,50.67216873168945,84.92100524902344,59.05300521850586,109.72517395019531,20260727
2023-07-03,EV,DLinear,41.68299865722656,116.39885711669922,74.71585845947266,121.43299865722656,79.75,154.46585845947266,20260727
2023-07-04,EV,DLinear,0.0,159.44903564453125,159.44903564453125,16.437999725341797,16.437999725341797,175.88703536987305,20260727
2023-07-05,EV,DLinear,46.48400115966797,165.61288452148438,119.1288833618164,112.5530014038086,66.06900024414062,185.19788360595703,20260727
2023-07-06,EV,DLinear,16.927000045776367,133.58367919921875,116.65667724609375,133.0570068359375,116.13000679016113,232.78668403625488,20260727
2023-07-07,EV,DLinear,28.83300018310547,97.58134460449219,68.74834442138672,94.96900177001953,66.13600158691406,134.88434600830078,20260727
2023-07-08,EV,DLinear,11.701000213623047,63.58658218383789,51.885581970214844,50.14600372314453,38.445003509521484,90.33058547973633,20260727
2023-07-09,EV,DLinear,0.0,75.88374328613281,75.88374328613281,27.32699966430664,27.32699966430664,103.21074295043945,20260727
2023-07-10,EV,DLinear,39.33000183105469,114.98526000976562,75.65525817871094,78.30599975585938,38.97599792480469,114.63125610351562,20260727
2023-07-11,EV,DLinear,47.58799743652344,150.14761352539062,102.55961608886719,154.03500366210938,106.44700622558594,209.00662231445312,20260727
2023-07-12,EV,DLinear,13.889999389648438,165.53689575195312,151.6468963623047,88.57099914550781,74.68099975585938,226.32789611816406,20260727
2023-07-13,EV,DLinear,45.459999084472656,126.48829650878906,81.0282974243164,159.3000030517578,113.84000396728516,194.86830139160156,20260727
2023-07-14,EV,DLinear,41.76300048828125,92.6910400390625,50.92803955078125,97.44499206542969,55.68199157714844,106.61003112792969,20260727
2023-07-15,EV,DLinear,0.0,61.14726638793945,61.14726638793945,15.918999671936035,15.918999671936035,77.06626605987549,20260727
2023-07-16,EV,DLinear,0.0,69.59961700439453,69.59961700439453,68.91900634765625,68.91900634765625,138.51862335205078,20260727
2023-07-17,EV,DLinear,32.79600143432617,106.15571594238281,73.35971069335938,98.52300262451172,65.72700119018555,139.08671188354492,20260727
2023-07-18,EV,DLinear,68.76300048828125,147.14041137695312,78.37741088867188,140.23199462890625,71.468994140625,149.84640502929688,20260727
2023-07-19,EV,DLinear,40.73999786376953,160.70631408691406,119.96631622314453,90.96199798583984,50.22200012207031,170.18831634521484,20260727
2023-07-20,EV,DLinear,17.759000778198242,131.84878540039062,114.08978271484375,129.85899353027344,112.0999927520752,226.18977546691895,20260727
2023-07-21,EV,DLinear,7.895999908447266,90.27052307128906,82.37452697753906,94.1760025024414,86.28000259399414,168.6545295715332,20260727
2023-07-22,EV,DLinear,11.82699966430664,56.09548568725586,44.26848602294922,49.152000427246094,37.32500076293945,81.59348678588867,20260727
2023-07-23,EV,DLinear,11.973999977111816,67.16999053955078,55.19599151611328,29.33799934387207,17.363999366760254,72.55999088287354,20260727
2023-07-24,EV,DLinear,61.29399871826172,110.85812377929688,49.564125061035156,140.76300048828125,79.46900177001953,129.0331268310547,20260727
2023-07-25,EV,DLinear,39.10099792480469,157.01234436035156,117.91134643554688,69.97699737548828,30.875999450683594,148.78734588623047,20260727
2023-07-26,EV,DLinear,33.7140007019043,167.49853515625,133.78453063964844,99.8080062866211,66.0940055847168,199.87853622436523,20260727
2023-07-27,EV,DLinear,13.871999740600586,134.52053833007812,120.6485366821289,73.04100036621094,59.16900062561035,179.81753730773926,20260727
2023-07-28,EV,DLinear,0.0,92.75978088378906,92.75978088378906,63.87099838256836,63.87099838256836,156.63077926635742,20260727
2023-07-29,EV,DLinear,1.225000023841858,58.31846237182617,57.09346389770508,59.3489990234375,58.12399899959564,115.21746289730072,20260727
2023-07-30,EV,DLinear,17.972999572753906,67.15851593017578,49.185516357421875,68.73100280761719,50.75800323486328,99.94351959228516,20260727
2023-07-31,EV,DLinear,49.08700180053711,117.13761901855469,68.05061340332031,138.73300170898438,89.64599990844727,157.69661331176758,20260727
2023-08-01,EV,DLinear,48.61899948120117,158.08029174804688,109.46128845214844,104.54399871826172,55.92499923706055,165.38628768920898,20260727
2023-08-02,EV,DLinear,30.68899917602539,169.10806274414062,138.4190673828125,88.90299987792969,58.2140007019043,196.6330680847168,20260727
2023-08-03,EV,DLinear,76.95100402832031,134.27606201171875,57.32505798339844,146.60800170898438,69.65699768066406,126.9820556640625,20260727
2023-08-04,EV,DLinear,22.779998779296875,93.82393646240234,71.04393768310547,123.77099609375,100.99099731445312,172.0349349975586,20260727
2023-08-05,EV,DLinear,47.73899841308594,66.87846374511719,19.13946533203125,79.20600128173828,31.467002868652344,50.606468200683594,20260727
2023-08-06,EV,DLinear,10.121999740600586,79.93439483642578,69.81239318847656,58.13300323486328,48.011003494262695,117.82339668273926,20260727
2023-08-07,EV,DLinear,27.21200180053711,125.90312194824219,98.69111633300781,92.07901000976562,64.86700820922852,163.55812454223633,20260727
2023-08-08,EV,DLinear,57.641998291015625,167.62815856933594,109.98616027832031,152.3249969482422,94.68299865722656,204.66915893554688,20260727
2023-08-09,EV,DLinear,18.696001052856445,175.03298950195312,156.3369903564453,167.00201416015625,148.3060131072998,304.6430034637451,20260727
2023-08-10,EV,DLinear,53.77100372314453,147.8578338623047,94.08683013916016,134.35000610351562,80.5790023803711,174.66583251953125,20260727
2023-08-11,EV,DLinear,5.497000217437744,98.35408782958984,92.85708618164062,62.154998779296875,56.65799856185913,149.51508474349976,20260727
2023-08-12,EV,DLinear,9.717000007629395,72.01809692382812,62.30109786987305,41.02900314331055,31.312003135681152,93.6131010055542,20260727
2023-08-13,EV,DLinear,27.4010009765625,77.4281997680664,50.027198791503906,65.48699951171875,38.08599853515625,88.11319732666016,20260727
2023-08-14,EV,DLinear,41.26499557495117,126.07927703857422,84.81428527832031,130.99200439453125,89.72700881958008,174.5412940979004,20260727
2023-08-15,EV,DLinear,57.397003173828125,169.6330108642578,112.23600769042969,123.75299835205078,66.35599517822266,178.59200286865234,20260727
2023-08-16,EV,DLinear,94.55499267578125,175.28695678710938,80.73196411132812,136.17799377441406,41.62300109863281,122.35496520996094,20260727
2023-08-17,EV,DLinear,62.777000427246094,155.7142333984375,92.9372329711914,136.80101013183594,74.02400970458984,166.96124267578125,20260727
2023-08-18,EV,DLinear,11.901000022888184,105.69474792480469,93.79374694824219,86.53099822998047,74.62999820709229,168.42374515533447,20260727
2023-08-19,EV,DLinear,33.058998107910156,78.66838073730469,45.60938262939453,88.4489974975586,55.38999938964844,100.99938201904297,20260727
2023-08-20,EV,DLinear,0.0,88.30084228515625,88.30084228515625,0.0,0.0,88.30084228515625,20260727
2023-08-21,EV,DLinear,17.55500030517578,133.06869506835938,115.5136947631836,66.0,48.44499969482422,163.9586944580078,20260727
2023-08-22,EV,DLinear,3.1579999923706055,174.0536346435547,170.8956298828125,85.68599700927734,82.52799701690674,253.42362689971924,20260727
2023-08-23,EV,DLinear,26.45600128173828,179.65750122070312,153.20150756835938,97.12699890136719,70.6709976196289,223.87250518798828,20260727
2023-08-24,EV,DLinear,46.244998931884766,152.720947265625,106.4759521484375,140.77200317382812,94.52700424194336,201.00295639038086,20260727
2023-08-25,EV,DLinear,50.641998291015625,101.27085876464844,50.62886047363281,84.27300262451172,33.631004333496094,84.2598648071289,20260727
2023-08-26,EV,DLinear,10.074000358581543,80.31771850585938,70.24372100830078,96.99600219726562,86.92200183868408,157.16572284698486,20260727
2023-08-27,EV,DLinear,44.54800033569336,85.16337585449219,40.61537551879883,71.43399810791016,26.885997772216797,67.50137329101562,20260727
2023-08-28,EV,DLinear,105.98500061035156,131.01930236816406,25.0343017578125,156.41000366210938,50.42500305175781,75.45930480957031,20260727
2023-08-29,EV,DLinear,22.319000244140625,181.08682250976562,158.767822265625,126.37200164794922,104.0530014038086,262.8208236694336,20260727
2023-08-30,EV,DLinear,25.583999633789062,187.049072265625,161.46507263183594,83.01100158691406,57.427001953125,218.89207458496094,20260727
2023-08-31,EV,DLinear,30.01799964904785,162.75283813476562,132.73483276367188,162.50201416015625,132.4840145111084,265.2188472747803,20260727
2023-09-01,EV,DLinear,25.600000381469727,111.05690002441406,85.45690155029297,148.77398681640625,123.17398643493652,208.6308879852295,20260727
2023-09-02,EV,DLinear,0.0,84.27842712402344,84.27842712402344,36.35599899291992,36.35599899291992,120.63442611694336,20260727
2023-09-03,EV,DLinear,5.257999897003174,91.23420715332031,85.97620391845703,50.1609992980957,44.90299940109253,130.87920331954956,20260727
2023-09-04,EV,DLinear,5.604000091552734,135.30897521972656,129.70497131347656,38.178001403808594,32.57400131225586,162.27897262573242,20260727
2023-09-05,EV,DLinear,34.91699981689453,169.8577880859375,134.9407958984375,79.94700622558594,45.030006408691406,179.9708023071289,20260727
2023-09-06,EV,DLinear,45.624996185302734,179.66671752929688,134.04171752929688,116.67500305175781,71.05000686645508,205.09172439575195,20260727
2023-09-07,EV,DLinear,52.51499938964844,155.3607635498047,102.84576416015625,135.46900939941406,82.95401000976562,185.79977416992188,20260727
2023-09-08,EV,DLinear,6.215000152587891,108.94845581054688,102.73345947265625,110.70100402832031,104.48600387573242,207.21946334838867,20260727
2023-09-09,EV,DLinear,14.732999801635742,79.0040054321289,64.27100372314453,40.48600387573242,25.75300407409668,90.02400779724121,20260727
2023-09-10,EV,DLinear,8.602999687194824,88.71643829345703,80.11344146728516,79.18399047851562,70.5809907913208,150.69443225860596,20260727
2023-09-11,EV,DLinear,33.66699981689453,134.00625610351562,100.3392562866211,37.2609977722168,3.5939979553222656,103.93325424194336,20260727
2023-09-12,EV,DLinear,27.99199867248535,171.9134521484375,143.92144775390625,73.33300018310547,45.34100151062012,189.26244926452637,20260727
2023-09-13,EV,DLinear,12.177999496459961,183.02630615234375,170.8483123779297,127.12799072265625,114.94999122619629,285.798303604126,20260727
2023-09-14,EV,DLinear,2.309999942779541,153.3555145263672,151.04551696777344,41.83300018310547,39.52300024032593,190.56851720809937,20260727
2023-09-15,EV,DLinear,5.942999839782715,101.77994537353516,95.83694458007812,84.25599670410156,78.31299686431885,174.14994144439697,20260727
2023-09-16,EV,DLinear,0.0,73.79742431640625,73.79742431640625,85.61199188232422,85.61199188232422,159.40941619873047,20260727
2023-09-17,EV,DLinear,43.06300354003906,78.56980895996094,35.506805419921875,75.45500183105469,32.391998291015625,67.8988037109375,20260727
2023-09-18,EV,DLinear,17.8439998626709,130.51844787597656,112.67444610595703,123.375,105.5310001373291,218.20544624328613,20260727
2023-09-19,EV,DLinear,39.57099914550781,168.0168914794922,128.44589233398438,187.1219940185547,147.55099487304688,275.99688720703125,20260727
2023-09-20,EV,DLinear,34.91600036621094,179.38900756835938,144.47300720214844,165.49400329589844,130.5780029296875,275.05101013183594,20260727
2023-09-21,EV,DLinear,32.018001556396484,150.27322387695312,118.25521850585938,165.1409912109375,133.12298965454102,251.3782081604004,20260727
2023-09-22,EV,DLinear,24.124000549316406,106.27647399902344,82.15247344970703,112.8330078125,88.7090072631836,170.86148071289062,20260727
2023-09-23,EV,DLinear,0.0,77.84786987304688,77.84786987304688,105.82099914550781,105.82099914550781,183.6688690185547,20260727
2023-09-24,EV,DLinear,32.084999084472656,91.04978942871094,58.96479034423828,76.98600006103516,44.9010009765625,103.86579132080078,20260727
2023-09-25,EV,DLinear,38.21699905395508,133.7828369140625,95.56584167480469,109.43299865722656,71.21599960327148,166.78184127807617,20260727
2023-09-26,EV,DLinear,35.124000549316406,172.44129943847656,137.31729125976562,140.0360107421875,104.9120101928711,242.22930145263672,20260727
2023-09-27,EV,DLinear,95.2760009765625,179.57383728027344,84.29783630371094,157.02700805664062,61.751007080078125,146.04884338378906,20260727
2023-09-28,EV,DLinear,24.446998596191406,158.82333374023438,134.3763427734375,130.1590118408203,105.7120132446289,240.0883560180664,20260727
2023-09-29,EV,DLinear,12.67300033569336,111.81461334228516,99.14161682128906,71.05000305175781,58.37700271606445,157.51861953735352,20260727
2023-09-30,EV,DLinear,47.4640007019043,79.215087890625,31.751087188720703,132.11199951171875,84.64799880981445,116.39908599853516,20260727
2023-07-01,EV,LSTM,8.269000053405762,63.54482650756836,55.27582550048828,39.98400115966797,31.715001106262207,86.99082660675049,20260727
2023-07-02,EV,LSTM,25.868000030517578,71.78768920898438,45.9196891784668,84.92100524902344,59.05300521850586,104.97269439697266,20260727
2023-07-03,EV,LSTM,41.68299865722656,117.58302307128906,75.9000244140625,121.43299865722656,79.75,155.6500244140625,20260727
2023-07-04,EV,LSTM,0.0,166.72366333007812,166.72366333007812,16.437999725341797,16.437999725341797,183.16166305541992,20260727
2023-07-05,EV,LSTM,46.48400115966797,176.7128143310547,130.22882080078125,112.5530014038086,66.06900024414062,196.29782104492188,20260727
2023-07-06,EV,LSTM,16.927000045776367,146.66848754882812,129.74148559570312,133.0570068359375,116.13000679016113,245.87149238586426,20260727
2023-07-07,EV,LSTM,28.83300018310547,92.7241439819336,63.891143798828125,94.96900177001953,66.13600158691406,130.0271453857422,20260727
2023-07-08,EV,LSTM,11.701000213623047,56.46564483642578,44.764644622802734,50.14600372314453,38.445003509521484,83.20964813232422,20260727
2023-07-09,EV,LSTM,0.0,64.37743377685547,64.37743377685547,27.32699966430664,27.32699966430664,91.70443344116211,20260727
2023-07-10,EV,LSTM,39.33000183105469,107.90948486328125,68.57948303222656,78.30599975585938,38.97599792480469,107.55548095703125,20260727
2023-07-11,EV,LSTM,47.58799743652344,155.87840270996094,108.2904052734375,154.03500366210938,106.44700622558594,214.73741149902344,20260727
2023-07-12,EV,LSTM,13.889999389648438,169.1115264892578,155.22152709960938,88.57099914550781,74.68099975585938,229.90252685546875,20260727
2023-07-13,EV,LSTM,45.459999084472656,136.38858032226562,90.92858123779297,159.3000030517578,113.84000396728516,204.76858520507812,20260727
2023-07-14,EV,LSTM,41.76300048828125,85.18466186523438,43.421661376953125,97.44499206542969,55.68199157714844,99.10365295410156,20260727
2023-07-15,EV,LSTM,0.0,49.330474853515625,49.330474853515625,15.918999671936035,15.918999671936035,65.24947452545166,20260727
2023-07-16,EV,LSTM,0.0,54.957427978515625,54.957427978515625,68.91900634765625,68.91900634765625,123.87643432617188,20260727
2023-07-17,EV,LSTM,32.79600143432617,96.56788635253906,63.77188491821289,98.52300262451172,65.72700119018555,129.49888610839844,20260727
2023-07-18,EV,LSTM,68.76300048828125,146.69647216796875,77.9334716796875,140.23199462890625,71.468994140625,149.4024658203125,20260727
2023-07-19,EV,LSTM,40.73999786376953,161.49526977539062,120.7552719116211,90.96199798583984,50.22200012207031,170.9772720336914,20260727
2023-07-20,EV,LSTM,17.759000778198242,131.7084197998047,113.94941711425781,129.85899353027344,112.0999927520752,226.049409866333,20260727
2023-07-21,EV,LSTM,7.895999908447266,79.02397155761719,71.12797546386719,94.1760025024414,86.28000259399414,157.40797805786133,20260727
2023-07-22,EV,LSTM,11.82699966430664,44.10999298095703,32.28299331665039,49.152000427246094,37.32500076293945,69.60799407958984,20260727
2023-07-23,EV,LSTM,11.973999977111816,54.248863220214844,42.274864196777344,29.33799934387207,17.363999366760254,59.6388635635376,20260727
2023-07-24,EV,LSTM,61.29399871826172,99.81044006347656,38.516441345214844,140.76300048828125,79.46900177001953,117.98544311523438,20260727
2023-07-25,EV,LSTM,39.10099792480469,151.63302612304688,112.53202819824219,69.97699737548828,30.875999450683594,143.40802764892578,20260727
2023-07-26,EV,LSTM,33.7140007019043,166.91464233398438,133.2006378173828,99.8080062866211,66.0940055847168,199.2946434020996,20260727
2023-07-27,EV,LSTM,13.871999740600586,139.4555206298828,125.5835189819336,73.04100036621094,59.16900062561035,184.75251960754395,20260727
2023-07-28,EV,LSTM,0.0,87.47357940673828,87.47357940673828,63.87099838256836,63.87099838256836,151.34457778930664,20260727
2023-07-29,EV,LSTM,1.225000023841858,50.329261779785156,49.10426330566406,59.3489990234375,58.12399899959564,107.2282623052597,20260727
2023-07-30,EV,LSTM,17.972999572753906,58.4393310546875,40.466331481933594,68.73100280761719,50.75800323486328,91.22433471679688,20260727
2023-07-31,EV,LSTM,49.08700180053711,105.17097473144531,56.0839729309082,138.73300170898438,89.64599990844727,145.72997283935547,20260727
2023-08-01,EV,LSTM,48.61899948120117,154.4815673828125,105.86256408691406,104.54399871826172,55.92499923706055,161.7875633239746,20260727
2023-08-02,EV,LSTM,30.68899917602539,171.25831604003906,140.56932067871094,88.90299987792969,58.2140007019043,198.78332138061523,20260727
2023-08-03,EV,LSTM,76.95100402832031,142.1920623779297,65.24105834960938,146.60800170898438,69.65699768066406,134.89805603027344,20260727
2023-08-04,EV,LSTM,22.779998779296875,93.70706176757812,70.92706298828125,123.77099609375,100.99099731445312,171.91806030273438,20260727
2023-08-05,EV,LSTM,47.73899841308594,59.47730255126953,11.738304138183594,79.20600128173828,31.467002868652344,43.20530700683594,20260727
2023-08-06,EV,LSTM,10.121999740600586,71.95364379882812,61.831642150878906,58.13300323486328,48.011003494262695,109.8426456451416,20260727
2023-08-07,EV,LSTM,27.21200180053711,117.83016967773438,90.6181640625,92.07901000976562,64.86700820922852,155.48517227172852,20260727
2023-08-08,EV,LSTM,57.641998291015625,166.64889526367188,109.00689697265625,152.3249969482422,94.68299865722656,203.6898956298828,20260727
2023-08-09,EV,LSTM,18.696001052856445,183.18704223632812,164.4910430908203,167.00201416015625,148.3060131072998,312.7970561981201,20260727
2023-08-10,EV,LSTM,53.77100372314453,151.99227905273438,98.22127532958984,134.35000610351562,80.5790023803711,178.80027770996094,20260727
2023-08-11,EV,LSTM,5.497000217437744,102.54202270507812,97.0450210571289,62.154998779296875,56.65799856185913,153.70301961898804,20260727
2023-08-12,EV,LSTM,9.717000007629395,66.80342864990234,57.086429595947266,41.02900314331055,31.312003135681152,88.39843273162842,20260727
2023-08-13,EV,LSTM,27.4010009765625,76.55852508544922,49.15752410888672,65.48699951171875,38.08599853515625,87.24352264404297,20260727
2023-08-14,EV,LSTM,41.26499557495117,123.09964752197266,81.83465576171875,130.99200439453125,89.72700881958008,171.56166458129883,20260727
2023-08-15,EV,LSTM,57.397003173828125,172.16641235351562,114.7694091796875,123.75299835205078,66.35599517822266,181.12540435791016,20260727
2023-08-16,EV,LSTM,94.55499267578125,188.054931640625,93.49993896484375,136.17799377441406,41.62300109863281,135.12294006347656,20260727
2023-08-17,EV,LSTM,62.777000427246094,164.20001220703125,101.42301177978516,136.80101013183594,74.02400970458984,175.447021484375,20260727
2023-08-18,EV,LSTM,11.901000022888184,113.72480010986328,101.82379913330078,86.53099822998047,74.62999820709229,176.45379734039307,20260727
2023-08-19,EV,LSTM,33.058998107910156,79.00993347167969,45.95093536376953,88.4489974975586,55.38999938964844,101.34093475341797,20260727
2023-08-20,EV,LSTM,0.0,87.94916534423828,87.94916534423828,0.0,0.0,87.94916534423828,20260727
2023-08-21,EV,LSTM,17.55500030517578,132.43441772460938,114.8794174194336,66.0,48.44499969482422,163.3244171142578,20260727
2023-08-22,EV,LSTM,3.1579999923706055,178.47372436523438,175.3157196044922,85.68599700927734,82.52799701690674,257.8437166213989,20260727
2023-08-23,EV,LSTM,26.45600128173828,189.8707275390625,163.41473388671875,97.12699890136719,70.6709976196289,234.08573150634766,20260727
2023-08-24,EV,LSTM,46.244998931884766,158.99801635742188,112.75302124023438,140.77200317382812,94.52700424194336,207.28002548217773,20260727
2023-08-25,EV,LSTM,50.641998291015625,108.49298095703125,57.850982666015625,84.27300262451172,33.631004333496094,91.48198699951172,20260727
2023-08-26,EV,LSTM,10.074000358581543,77.52376556396484,67.44976806640625,96.99600219726562,86.92200183868408,154.37176990509033,20260727
2023-08-27,EV,LSTM,44.54800033569336,86.0510025024414,41.50300216674805,71.43399810791016,26.885997772216797,68.38899993896484,20260727
2023-08-28,EV,LSTM,105.98500061035156,132.85691833496094,26.871917724609375,156.41000366210938,50.42500305175781,77.29692077636719,20260727
2023-08-29,EV,LSTM,22.319000244140625,186.55784606933594,164.2388458251953,126.37200164794922,104.0530014038086,268.2918472290039,20260727
2023-08-30,EV,LSTM,25.583999633789062,198.9058837890625,173.32188415527344,83.01100158691406,57.427001953125,230.74888610839844,20260727
2023-08-31,EV,LSTM,30.01799964904785,169.12335205078125,139.1053466796875,162.50201416015625,132.4840145111084,271.5893611907959,20260727
2023-09-01,EV,LSTM,25.600000381469727,116.33221435546875,90.73221588134766,148.77398681640625,123.17398643493652,213.90620231628418,20260727
2023-09-02,EV,LSTM,0.0,81.16014099121094,81.16014099121094,36.35599899291992,36.35599899291992,117.51613998413086,20260727
2023-09-03,EV,LSTM,5.257999897003174,87.37444305419922,82.11643981933594,50.1609992980957,44.90299940109253,127.01943922042847,20260727
2023-09-04,EV,LSTM,5.604000091552734,132.82611083984375,127.22210693359375,38.178001403808594,32.57400131225586,159.7961082458496,20260727
2023-09-05,EV,LSTM,34.91699981689453,179.6519775390625,144.7349853515625,79.94700622558594,45.030006408691406,189.7649917602539,20260727
2023-09-06,EV,LSTM,45.624996185302734,194.25222778320312,148.62722778320312,116.67500305175781,71.05000686645508,219.6772346496582,20260727
2023-09-07,EV,LSTM,52.51499938964844,164.607666015625,112.09266662597656,135.46900939941406,82.95401000976562,195.0466766357422,20260727
2023-09-08,EV,LSTM,6.215000152587891,115.03133392333984,108.81632995605469,110.70100402832031,104.48600387573242,213.3023338317871,20260727
2023-09-09,EV,LSTM,14.732999801635742,78.8067626953125,64.07376098632812,40.48600387573242,25.75300407409668,89.8267650604248,20260727
2023-09-10,EV,LSTM,8.602999687194824,88.1507797241211,79.54778289794922,79.18399047851562,70.5809907913208,150.12877368927002,20260727
2023-09-11,EV,LSTM,33.66699981689453,133.36337280273438,99.69637298583984,37.2609977722168,3.5939979553222656,103.29037094116211,20260727
2023-09-12,EV,LSTM,27.99199867248535,183.87814331054688,155.88613891601562,73.33300018310547,45.34100151062012,201.22714042663574,20260727
2023-09-13,EV,LSTM,12.177999496459961,199.85215759277344,187.67416381835938,127.12799072265625,114.94999122619629,302.62415504455566,20260727
2023-09-14,EV,LSTM,2.309999942779541,165.64822387695312,163.33822631835938,41.83300018310547,39.52300024032593,202.8612265586853,20260727
2023-09-15,EV,LSTM,5.942999839782715,110.80817413330078,104.86517333984375,84.25599670410156,78.31299686431885,183.1781702041626,20260727
2023-09-16,EV,LSTM,0.0,75.72972106933594,75.72972106933594,85.61199188232422,85.61199188232422,161.34171295166016,20260727
2023-09-17,EV,LSTM,43.06300354003906,83.04151916503906,39.978515625,75.45500183105469,32.391998291015625,72.37051391601562,20260727
2023-09-18,EV,LSTM,17.8439998626709,129.87100219726562,112.0270004272461,123.375,105.5310001373291,217.5580005645752,20260727
2023-09-19,EV,LSTM,39.57099914550781,177.94009399414062,138.3690948486328,187.1219940185547,147.55099487304688,285.9200897216797,20260727
2023-09-20,EV,LSTM,34.91600036621094,192.73623657226562,157.8202362060547,165.49400329589844,130.5780029296875,288.3982391357422,20260727
2023-09-21,EV,LSTM,32.018001556396484,163.218994140625,131.20098876953125,165.1409912109375,133.12298965454102,264.32397842407227,20260727
2023-09-22,EV,LSTM,24.124000549316406,111.4722900390625,87.3482894897461,112.8330078125,88.7090072631836,176.0572967529297,20260727
2023-09-23,EV,LSTM,0.0,75.2845230102539,75.2845230102539,105.82099914550781,105.82099914550781,181.10552215576172,20260727
2023-09-24,EV,LSTM,32.084999084472656,83.15042114257812,51.06542205810547,76.98600006103516,44.9010009765625,95.96642303466797,20260727
2023-09-25,EV,LSTM,38.21699905395508,130.79647827148438,92.57948303222656,109.43299865722656,71.21599960327148,163.79548263549805,20260727
2023-09-26,EV,LSTM,35.124000549316406,177.97152709960938,142.8475341796875,140.0360107421875,104.9120101928711,247.7595443725586,20260727
2023-09-27,EV,LSTM,95.2760009765625,195.1021270751953,99.82612609863281,157.02700805664062,61.751007080078125,161.57713317871094,20260727
2023-09-28,EV,LSTM,24.446998596191406,171.00848388671875,146.56149291992188,130.1590118408203,105.7120132446289,252.27350616455078,20260727
2023-09-29,EV,LSTM,12.67300033569336,118.69700622558594,106.02400207519531,71.05000305175781,58.37700271606445,164.40100479125977,20260727
2023-09-30,EV,LSTM,47.4640007019043,86.90483093261719,39.44083023071289,132.11199951171875,84.64799880981445,124.08882904052734,20260727
2023-07-01,EV,TCN,8.269000053405762,71.65290832519531,63.383907318115234,39.98400115966797,31.715001106262207,95.09890842437744,20260727
2023-07-02,EV,TCN,25.868000030517578,77.16227722167969,51.29427719116211,84.92100524902344,59.05300521850586,110.34728240966797,20260727
2023-07-03,EV,TCN,41.68299865722656,125.55165100097656,83.86865234375,121.43299865722656,79.75,163.61865234375,20260727
2023-07-04,EV,TCN,0.0,179.54864501953125,179.54864501953125,16.437999725341797,16.437999725341797,195.98664474487305,20260727
2023-07-05,EV,TCN,46.48400115966797,194.7314453125,148.2474365234375,112.5530014038086,66.06900024414062,214.31643676757812,20260727
2023-07-06,EV,TCN,16.927000045776367,161.8101806640625,144.8831787109375,133.0570068359375,116.13000679016113,261.01318550109863,20260727
2023-07-07,EV,TCN,28.83300018310547,102.08158874511719,73.24858856201172,94.96900177001953,66.13600158691406,139.38459014892578,20260727
2023-07-08,EV,TCN,11.701000213623047,58.723487854003906,47.02248764038086,50.14600372314453,38.445003509521484,85.46749114990234,20260727
2023-07-09,EV,TCN,0.0,63.55976486206055,63.55976486206055,27.32699966430664,27.32699966430664,90.88676452636719,20260727
2023-07-10,EV,TCN,39.33000183105469,110.16751098632812,70.83750915527344,78.30599975585938,38.97599792480469,109.81350708007812,20260727
2023-07-11,EV,TCN,47.58799743652344,163.25035095214844,115.662353515625,154.03500366210938,106.44700622558594,222.10935974121094,20260727
2023-07-12,EV,TCN,13.889999389648438,180.43756103515625,166.5475616455078,88.57099914550781,74.68099975585938,241.2285614013672,20260727
2023-07-13,EV,TCN,45.459999084472656,146.6985321044922,101.23853302001953,159.3000030517578,113.84000396728516,215.0785369873047,20260727
2023-07-14,EV,TCN,41.76300048828125,87.82791137695312,46.064910888671875,97.44499206542969,55.68199157714844,101.74690246582031,20260727
2023-07-15,EV,TCN,0.0,45.64173126220703,45.64173126220703,15.918999671936035,15.918999671936035,61.560730934143066,20260727
2023-07-16,EV,TCN,0.0,50.22063446044922,50.22063446044922,68.91900634765625,68.91900634765625,119.13964080810547,20260727
2023-07-17,EV,TCN,32.79600143432617,97.53899383544922,64.74299621582031,98.52300262451172,65.72700119018555,130.46999740600586,20260727
2023-07-18,EV,TCN,68.76300048828125,153.26014709472656,84.49714660644531,140.23199462890625,71.468994140625,155.9661407470703,20260727
2023-07-19,EV,TCN,40.73999786376953,174.11111450195312,133.37112426757812,90.96199798583984,50.22200012207031,183.59312438964844,20260727
2023-07-20,EV,TCN,17.759000778198242,144.56634521484375,126.80734252929688,129.85899353027344,112.0999927520752,238.90733528137207,20260727
2023-07-21,EV,TCN,7.895999908447266,86.82703399658203,78.9310302734375,94.1760025024414,86.28000259399414,165.21103286743164,20260727
2023-07-22,EV,TCN,11.82699966430664,45.83441162109375,34.00741195678711,49.152000427246094,37.32500076293945,71.33241271972656,20260727
2023-07-23,EV,TCN,11.973999977111816,52.89103698730469,40.91703796386719,29.33799934387207,17.363999366760254,58.28103733062744,20260727
2023-07-24,EV,TCN,61.29399871826172,103.0299072265625,41.73590850830078,140.76300048828125,79.46900177001953,121.20491027832031,20260727
2023-07-25,EV,TCN,39.10099792480469,160.7479705810547,121.64697265625,69.97699737548828,30.875999450683594,152.5229721069336,20260727
2023-07-26,EV,TCN,33.7140007019043,180.93614196777344,147.22213745117188,99.8080062866211,66.0940055847168,213.31614303588867,20260727
2023-07-27,EV,TCN,13.871999740600586,151.01663208007812,137.14463806152344,73.04100036621094,59.16900062561035,196.3136386871338,20260727
2023-07-28,EV,TCN,0.0,92.20590209960938,92.20590209960938,63.87099838256836,63.87099838256836,156.07690048217773,20260727
2023-07-29,EV,TCN,1.225000023841858,49.19149398803711,47.966495513916016,59.3489990234375,58.12399899959564,106.09049451351166,20260727
2023-07-30,EV,TCN,17.972999572753906,55.52015686035156,37.547157287597656,68.73100280761719,50.75800323486328,88.30516052246094,20260727
2023-07-31,EV,TCN,49.08700180053711,105.57675170898438,56.489749908447266,138.73300170898438,89.64599990844727,146.13574981689453,20260727
2023-08-01,EV,TCN,48.61899948120117,162.38226318359375,113.76325988769531,104.54399871826172,55.92499923706055,169.68825912475586,20260727
2023-08-02,EV,TCN,30.68899917602539,183.40737915039062,152.7183837890625,88.90299987792969,58.2140007019043,210.9323844909668,20260727
2023-08-03,EV,TCN,76.95100402832031,152.39492797851562,75.44392395019531,146.60800170898438,69.65699768066406,145.10092163085938,20260727
2023-08-04,EV,TCN,22.779998779296875,96.65560150146484,73.87560272216797,123.77099609375,100.99099731445312,174.8666000366211,20260727
2023-08-05,EV,TCN,47.73899841308594,56.297203063964844,8.558204650878906,79.20600128173828,31.467002868652344,40.02520751953125,20260727
2023-08-06,EV,TCN,10.121999740600586,64.82984924316406,54.707847595214844,58.13300323486328,48.011003494262695,102.71885108947754,20260727
2023-08-07,EV,TCN,27.21200180053711,114.78459167480469,87.57258605957031,92.07901000976562,64.86700820922852,152.43959426879883,20260727
2023-08-08,EV,TCN,57.641998291015625,170.302734375,112.66073608398438,152.3249969482422,94.68299865722656,207.34373474121094,20260727
2023-08-09,EV,TCN,18.696001052856445,190.13845825195312,171.4424591064453,167.00201416015625,148.3060131072998,319.7484722137451,20260727
2023-08-10,EV,TCN,53.77100372314453,158.702392578125,104.93138885498047,134.35000610351562,80.5790023803711,185.51039123535156,20260727
2023-08-11,EV,TCN,5.497000217437744,101.53671264648438,96.03971099853516,62.154998779296875,56.65799856185913,152.6977095603943,20260727
2023-08-12,EV,TCN,9.717000007629395,60.4427490234375,50.72574996948242,41.02900314331055,31.312003135681152,82.03775310516357,20260727
2023-08-13,EV,TCN,27.4010009765625,67.54359436035156,40.14259338378906,65.48699951171875,38.08599853515625,78.22859191894531,20260727
2023-08-14,EV,TCN,41.26499557495117,117.5821533203125,76.31715393066406,130.99200439453125,89.72700881958008,166.04416275024414,20260727
2023-08-15,EV,TCN,57.397003173828125,172.9915313720703,115.59452819824219,123.75299835205078,66.35599517822266,181.95052337646484,20260727
2023-08-16,EV,TCN,94.55499267578125,192.9681854248047,98.41319274902344,136.17799377441406,41.62300109863281,140.03619384765625,20260727
2023-08-17,EV,TCN,62.777000427246094,165.69729614257812,102.92029571533203,136.80101013183594,74.02400970458984,176.94430541992188,20260727
2023-08-18,EV,TCN,11.901000022888184,110.14983367919922,98.24883270263672,86.53099822998047,74.62999820709229,172.878830909729,20260727
2023-08-19,EV,TCN,33.058998107910156,69.36969757080078,36.310699462890625,88.4489974975586,55.38999938964844,91.70069885253906,20260727
2023-08-20,EV,TCN,0.0,76.27867889404297,76.27867889404297,0.0,0.0,76.27867889404297,20260727
2023-08-21,EV,TCN,17.55500030517578,124.70661926269531,107.15161895751953,66.0,48.44499969482422,155.59661865234375,20260727
2023-08-22,EV,TCN,3.1579999923706055,178.57781982421875,175.41981506347656,85.68599700927734,82.52799701690674,257.9478120803833,20260727
2023-08-23,EV,TCN,26.45600128173828,196.81387329101562,170.35787963867188,97.12699890136719,70.6709976196289,241.02887725830078,20260727
2023-08-24,EV,TCN,46.244998931884766,166.15118408203125,119.90618896484375,140.77200317382812,94.52700424194336,214.4331932067871,20260727
2023-08-25,EV,TCN,50.641998291015625,109.60963439941406,58.96763610839844,84.27300262451172,33.631004333496094,92.59864044189453,20260727
2023-08-26,EV,TCN,10.074000358581543,71.1473388671875,61.07333755493164,96.99600219726562,86.92200183868408,147.99533939361572,20260727
2023-08-27,EV,TCN,44.54800033569336,78.04067993164062,33.492679595947266,71.43399810791016,26.885997772216797,60.37867736816406,20260727
2023-08-28,EV,TCN,105.98500061035156,128.20147705078125,22.216476440429688,156.41000366210938,50.42500305175781,72.6414794921875,20260727
2023-08-29,EV,TCN,22.319000244140625,185.800048828125,163.48104858398438,126.37200164794922,104.0530014038086,267.53404998779297,20260727
2023-08-30,EV,TCN,25.583999633789062,204.60316467285156,179.0191650390625,83.01100158691406,57.427001953125,236.4461669921875,20260727
2023-08-31,EV,TCN,30.01799964904785,172.27999877929688,142.26199340820312,162.50201416015625,132.4840145111084,274.7460079193115,20260727
2023-09-01,EV,TCN,25.600000381469727,113.0924072265625,87.4924087524414,148.77398681640625,123.17398643493652,210.66639518737793,20260727
2023-09-02,EV,TCN,0.0,71.91468811035156,71.91468811035156,36.35599899291992,36.35599899291992,108.27068710327148,20260727
2023-09-03,EV,TCN,5.257999897003174,77.53497314453125,72.27696990966797,50.1609992980957,44.90299940109253,117.1799693107605,20260727
2023-09-04,EV,TCN,5.604000091552734,126.77940368652344,121.17539978027344,38.178001403808594,32.57400131225586,153.7494010925293,20260727
2023-09-05,EV,TCN,34.91699981689453,180.43113708496094,145.51412963867188,79.94700622558594,45.030006408691406,190.54413604736328,20260727
2023-09-06,EV,TCN,45.624996185302734,199.74688720703125,154.12188720703125,116.67500305175781,71.05000686645508,225.17189407348633,20260727
2023-09-07,EV,TCN,52.51499938964844,169.47323608398438,116.95823669433594,135.46900939941406,82.95401000976562,199.91224670410156,20260727
2023-09-08,EV,TCN,6.215000152587891,113.05094909667969,106.83595275878906,110.70100402832031,104.48600387573242,211.32195663452148,20260727
2023-09-09,EV,TCN,14.732999801635742,71.7042007446289,56.97119903564453,40.48600387573242,25.75300407409668,82.72420310974121,20260727
2023-09-10,EV,TCN,8.602999687194824,78.36897277832031,69.76597595214844,79.18399047851562,70.5809907913208,140.34696674346924,20260727
2023-09-11,EV,TCN,33.66699981689453,126.78553771972656,93.11853790283203,37.2609977722168,3.5939979553222656,96.7125358581543,20260727
2023-09-12,EV,TCN,27.99199867248535,181.69772338867188,153.70571899414062,73.33300018310547,45.34100151062012,199.04672050476074,20260727
2023-09-13,EV,TCN,12.177999496459961,199.68460083007812,187.50660705566406,127.12799072265625,114.94999122619629,302.45659828186035,20260727
2023-09-14,EV,TCN,2.309999942779541,166.0929412841797,163.78294372558594,41.83300018310547,39.52300024032593,203.30594396591187,20260727
2023-09-15,EV,TCN,5.942999839782715,106.62289428710938,100.67989349365234,84.25599670410156,78.31299686431885,178.9928903579712,20260727
2023-09-16,EV,TCN,0.0,65.0844955444336,65.0844955444336,85.61199188232422,85.61199188232422,150.6964874267578,20260727
2023-09-17,EV,TCN,43.06300354003906,71.74647521972656,28.6834716796875,75.45500183105469,32.391998291015625,61.075469970703125,20260727
2023-09-18,EV,TCN,17.8439998626709,123.18781280517578,105.34381103515625,123.375,105.5310001373291,210.87481117248535,20260727
2023-09-19,EV,TCN,39.57099914550781,179.12881469726562,139.5578155517578,187.1219940185547,147.55099487304688,287.1088104248047,20260727
2023-09-20,EV,TCN,34.91600036621094,198.7454833984375,163.82948303222656,165.49400329589844,130.5780029296875,294.40748596191406,20260727
2023-09-21,EV,TCN,32.018001556396484,167.70782470703125,135.6898193359375,165.1409912109375,133.12298965454102,268.8128089904785,20260727
2023-09-22,EV,TCN,24.124000549316406,109.26441955566406,85.14041900634766,112.8330078125,88.7090072631836,173.84942626953125,20260727
2023-09-23,EV,TCN,0.0,66.79104614257812,66.79104614257812,105.82099914550781,105.82099914550781,172.61204528808594,20260727
2023-09-24,EV,TCN,32.084999084472656,72.33357238769531,40.248573303222656,76.98600006103516,44.9010009765625,85.14957427978516,20260727
2023-09-25,EV,TCN,38.21699905395508,121.7740707397461,83.55706787109375,109.43299865722656,71.21599960327148,154.77306747436523,20260727
2023-09-26,EV,TCN,35.124000549316406,177.0855712890625,141.96157836914062,140.0360107421875,104.9120101928711,246.87358856201172,20260727
2023-09-27,EV,TCN,95.2760009765625,198.083251953125,102.8072509765625,157.02700805664062,61.751007080078125,164.55825805664062,20260727
2023-09-28,EV,TCN,24.446998596191406,170.974609375,146.52761840820312,130.1590118408203,105.7120132446289,252.23963165283203,20260727
2023-09-29,EV,TCN,12.67300033569336,114.08314514160156,101.41014099121094,71.05000305175781,58.37700271606445,159.7871437072754,20260727
2023-09-30,EV,TCN,47.4640007019043,74.07598114013672,26.611980438232422,132.11199951171875,84.64799880981445,111.25997924804688,20260727
2023-07-01,EV,iTransformer,8.269000053405762,79.67013549804688,71.40113830566406,39.98400115966797,31.715001106262207,103.11613941192627,20260727
2023-07-02,EV,iTransformer,25.868000030517578,81.92303466796875,56.05503463745117,84.92100524902344,59.05300521850586,115.10803985595703,20260727
2023-07-03,EV,iTransformer,41.68299865722656,120.11418151855469,78.43118286132812,121.43299865722656,79.75,158.18118286132812,20260727
2023-07-04,EV,iTransformer,0.0,169.3602294921875,169.3602294921875,16.437999725341797,16.437999725341797,185.7982292175293,20260727
2023-07-05,EV,iTransformer,46.48400115966797,179.02957153320312,132.54556274414062,112.5530014038086,66.06900024414062,198.61456298828125,20260727
2023-07-06,EV,iTransformer,16.927000045776367,150.56808471679688,133.64108276367188,133.0570068359375,116.13000679016113,249.771089553833,20260727
2023-07-07,EV,iTransformer,28.83300018310547,116.85550689697266,88.02250671386719,94.96900177001953,66.13600158691406,154.15850830078125,20260727
2023-07-08,EV,iTransformer,11.701000213623047,72.87828063964844,61.17728042602539,50.14600372314453,38.445003509521484,99.62228393554688,20260727
2023-07-09,EV,iTransformer,0.0,78.19157409667969,78.19157409667969,27.32699966430664,27.32699966430664,105.51857376098633,20260727
2023-07-10,EV,iTransformer,39.33000183105469,119.12928771972656,79.79928588867188,78.30599975585938,38.97599792480469,118.77528381347656,20260727
2023-07-11,EV,iTransformer,47.58799743652344,152.27447509765625,104.68647766113281,154.03500366210938,106.44700622558594,211.13348388671875,20260727
2023-07-12,EV,iTransformer,13.889999389648438,173.60464477539062,159.7146453857422,88.57099914550781,74.68099975585938,234.39564514160156,20260727
2023-07-13,EV,iTransformer,45.459999084472656,140.92489624023438,95.46489715576172,159.3000030517578,113.84000396728516,209.30490112304688,20260727
2023-07-14,EV,iTransformer,41.76300048828125,105.92820739746094,64.16520690917969,97.44499206542969,55.68199157714844,119.84719848632812,20260727
2023-07-15,EV,iTransformer,0.0,71.88810729980469,71.88810729980469,15.918999671936035,15.918999671936035,87.80710697174072,20260727
2023-07-16,EV,iTransformer,0.0,73.05506896972656,73.05506896972656,68.91900634765625,68.91900634765625,141.9740753173828,20260727
2023-07-17,EV,iTransformer,32.79600143432617,104.80754852294922,72.01155090332031,98.52300262451172,65.72700119018555,137.73855209350586,20260727
2023-07-18,EV,iTransformer,68.76300048828125,151.256103515625,82.49310302734375,140.23199462890625,71.468994140625,153.96209716796875,20260727
2023-07-19,EV,iTransformer,40.73999786376953,166.94732666015625,126.20732879638672,90.96199798583984,50.22200012207031,176.42932891845703,20260727
2023-07-20,EV,iTransformer,17.759000778198242,141.9932861328125,124.23428344726562,129.85899353027344,112.0999927520752,236.33427619934082,20260727
2023-07-21,EV,iTransformer,7.895999908447266,99.98002624511719,92.08403015136719,94.1760025024414,86.28000259399414,178.36403274536133,20260727
2023-07-22,EV,iTransformer,11.82699966430664,67.10964965820312,55.282649993896484,49.152000427246094,37.32500076293945,92.60765075683594,20260727
2023-07-23,EV,iTransformer,11.973999977111816,66.4700927734375,54.49609375,29.33799934387207,17.363999366760254,71.86009311676025,20260727
2023-07-24,EV,iTransformer,61.29399871826172,110.6132583618164,49.31925964355469,140.76300048828125,79.46900177001953,128.78826141357422,20260727
2023-07-25,EV,iTransformer,39.10099792480469,160.36485290527344,121.26385498046875,69.97699737548828,30.875999450683594,152.13985443115234,20260727
2023-07-26,EV,iTransformer,33.7140007019043,173.84603881835938,140.1320343017578,99.8080062866211,66.0940055847168,206.2260398864746,20260727
2023-07-27,EV,iTransformer,13.871999740600586,149.24107360839844,135.36907958984375,73.04100036621094,59.16900062561035,194.5380802154541,20260727
2023-07-28,EV,iTransformer,0.0,102.33262634277344,102.33262634277344,63.87099838256836,63.87099838256836,166.2036247253418,20260727
2023-07-29,EV,iTransformer,1.225000023841858,68.71005249023438,67.48505401611328,59.3489990234375,58.12399899959564,125.60905301570892,20260727
2023-07-30,EV,iTransformer,17.972999572753906,72.68965911865234,54.71665954589844,68.73100280761719,50.75800323486328,105.47466278076172,20260727
2023-07-31,EV,iTransformer,49.08700180053711,124.04930877685547,74.96231079101562,138.73300170898438,89.64599990844727,164.6083106994629,20260727
2023-08-01,EV,iTransformer,48.61899948120117,158.3426513671875,109.72364807128906,104.54399871826172,55.92499923706055,165.6486473083496,20260727
2023-08-02,EV,iTransformer,30.68899917602539,176.81076049804688,146.12176513671875,88.90299987792969,58.2140007019043,204.33576583862305,20260727
2023-08-03,EV,iTransformer,76.95100402832031,151.01983642578125,74.06883239746094,146.60800170898438,69.65699768066406,143.725830078125,20260727
2023-08-04,EV,iTransformer,22.779998779296875,109.26872253417969,86.48872375488281,123.77099609375,100.99099731445312,187.47972106933594,20260727
2023-08-05,EV,iTransformer,47.73899841308594,74.65115356445312,26.912155151367188,79.20600128173828,31.467002868652344,58.37915802001953,20260727
2023-08-06,EV,iTransformer,10.121999740600586,82.51819610595703,72.39619445800781,58.13300323486328,48.011003494262695,120.40719795227051,20260727
2023-08-07,EV,iTransformer,27.21200180053711,127.03349304199219,99.82148742675781,92.07901000976562,64.86700820922852,164.68849563598633,20260727
2023-08-08,EV,iTransformer,57.641998291015625,174.06253051757812,116.4205322265625,152.3249969482422,94.68299865722656,211.10353088378906,20260727
2023-08-09,EV,iTransformer,18.696001052856445,185.0874786376953,166.3914794921875,167.00201416015625,148.3060131072998,314.6974925994873,20260727
2023-08-10,EV,iTransformer,53.77100372314453,162.02294921875,108.25194549560547,134.35000610351562,80.5790023803711,188.83094787597656,20260727
2023-08-11,EV,iTransformer,5.497000217437744,115.49589538574219,109.99889373779297,62.154998779296875,56.65799856185913,166.6568922996521,20260727
2023-08-12,EV,iTransformer,9.717000007629395,85.54844665527344,75.8314437866211,41.02900314331055,31.312003135681152,107.14344692230225,20260727
2023-08-13,EV,iTransformer,27.4010009765625,85.58872985839844,58.18772888183594,65.48699951171875,38.08599853515625,96.27372741699219,20260727
2023-08-14,EV,iTransformer,41.26499557495117,133.71371459960938,92.44871520996094,130.99200439453125,89.72700881958008,182.17572402954102,20260727
2023-08-15,EV,iTransformer,57.397003173828125,173.79327392578125,116.39627075195312,123.75299835205078,66.35599517822266,182.75226593017578,20260727
2023-08-16,EV,iTransformer,94.55499267578125,186.53526306152344,91.98027038574219,136.17799377441406,41.62300109863281,133.603271484375,20260727
2023-08-17,EV,iTransformer,62.777000427246094,172.0587615966797,109.2817611694336,136.80101013183594,74.02400970458984,183.30577087402344,20260727
2023-08-18,EV,iTransformer,11.901000022888184,121.63948822021484,109.73848724365234,86.53099822998047,74.62999820709229,184.36848545074463,20260727
2023-08-19,EV,iTransformer,33.058998107910156,89.63298034667969,56.57398223876953,88.4489974975586,55.38999938964844,111.96398162841797,20260727
2023-08-20,EV,iTransformer,0.0,94.12306213378906,94.12306213378906,0.0,0.0,94.12306213378906,20260727
2023-08-21,EV,iTransformer,17.55500030517578,139.42173767089844,121.86673736572266,66.0,48.44499969482422,170.31173706054688,20260727
2023-08-22,EV,iTransformer,3.1579999923706055,174.77883911132812,171.62083435058594,85.68599700927734,82.52799701690674,254.14883136749268,20260727
2023-08-23,EV,iTransformer,26.45600128173828,193.44967651367188,166.99368286132812,97.12699890136719,70.6709976196289,237.66468048095703,20260727
2023-08-24,EV,iTransformer,46.244998931884766,170.82412719726562,124.57913208007812,140.77200317382812,94.52700424194336,219.10613632202148,20260727
2023-08-25,EV,iTransformer,50.641998291015625,119.76118469238281,69.11918640136719,84.27300262451172,33.631004333496094,102.75019073486328,20260727
2023-08-26,EV,iTransformer,10.074000358581543,87.83378601074219,77.7597885131836,96.99600219726562,86.92200183868408,164.68179035186768,20260727
2023-08-27,EV,iTransformer,44.54800033569336,91.65139770507812,47.103397369384766,71.43399810791016,26.885997772216797,73.98939514160156,20260727
2023-08-28,EV,iTransformer,105.98500061035156,134.84027099609375,28.855270385742188,156.41000366210938,50.42500305175781,79.2802734375,20260727
2023-08-29,EV,iTransformer,22.319000244140625,185.87722778320312,163.5582275390625,126.37200164794922,104.0530014038086,267.6112289428711,20260727
2023-08-30,EV,iTransformer,25.583999633789062,196.81285095214844,171.22885131835938,83.01100158691406,57.427001953125,228.65585327148438,20260727
2023-08-31,EV,iTransformer,30.01799964904785,172.8611602783203,142.84315490722656,162.50201416015625,132.4840145111084,275.32716941833496,20260727
2023-09-01,EV,iTransformer,25.600000381469727,125.57872772216797,99.97872924804688,148.77398681640625,123.17398643493652,223.1527156829834,20260727
2023-09-02,EV,iTransformer,0.0,92.95706939697266,92.95706939697266,36.35599899291992,36.35599899291992,129.31306838989258,20260727
2023-09-03,EV,iTransformer,5.257999897003174,93.49201965332031,88.23401641845703,50.1609992980957,44.90299940109253,133.13701581954956,20260727
2023-09-04,EV,iTransformer,5.604000091552734,139.27786254882812,133.67385864257812,38.178001403808594,32.57400131225586,166.24785995483398,20260727
2023-09-05,EV,iTransformer,34.91699981689453,175.4000701904297,140.48306274414062,79.94700622558594,45.030006408691406,185.51306915283203,20260727
2023-09-06,EV,iTransformer,45.624996185302734,190.06887817382812,144.44387817382812,116.67500305175781,71.05000686645508,215.4938850402832,20260727
2023-09-07,EV,iTransformer,52.51499938964844,168.98257446289062,116.46757507324219,135.46900939941406,82.95401000976562,199.4215850830078,20260727
2023-09-08,EV,iTransformer,6.215000152587891,122.85376739501953,116.63876342773438,110.70100402832031,104.48600387573242,221.1247673034668,20260727
2023-09-09,EV,iTransformer,14.732999801635742,89.4054183959961,74.67241668701172,40.48600387573242,25.75300407409668,100.4254207611084,20260727
2023-09-10,EV,iTransformer,8.602999687194824,100.63160705566406,92.02861022949219,79.18399047851562,70.5809907913208,162.609601020813,20260727
2023-09-11,EV,iTransformer,33.66699981689453,135.47451782226562,101.8075180053711,37.2609977722168,3.5939979553222656,105.40151596069336,20260727
2023-09-12,EV,iTransformer,27.99199867248535,180.75680541992188,152.76480102539062,73.33300018310547,45.34100151062012,198.10580253601074,20260727
2023-09-13,EV,iTransformer,12.177999496459961,199.34808349609375,187.1700897216797,127.12799072265625,114.94999122619629,302.120080947876,20260727
2023-09-14,EV,iTransformer,2.309999942779541,171.87539672851562,169.56539916992188,41.83300018310547,39.52300024032593,209.0883994102478,20260727
2023-09-15,EV,iTransformer,5.942999839782715,122.22771453857422,116.28471374511719,84.25599670410156,78.31299686431885,194.59771060943604,20260727
2023-09-16,EV,iTransformer,0.0,86.40072631835938,86.40072631835938,85.61199188232422,85.61199188232422,172.0127182006836,20260727
2023-09-17,EV,iTransformer,43.06300354003906,87.78601837158203,44.72301483154297,75.45500183105469,32.391998291015625,77.1150131225586,20260727
2023-09-18,EV,iTransformer,17.8439998626709,133.57064819335938,115.72664642333984,123.375,105.5310001373291,221.25764656066895,20260727
2023-09-19,EV,iTransformer,39.57099914550781,176.44593811035156,136.87493896484375,187.1219940185547,147.55099487304688,284.4259338378906,20260727
2023-09-20,EV,iTransformer,34.91600036621094,188.9234619140625,154.00746154785156,165.49400329589844,130.5780029296875,284.58546447753906,20260727
2023-09-21,EV,iTransformer,32.018001556396484,164.014892578125,131.99688720703125,165.1409912109375,133.12298965454102,265.11987686157227,20260727
2023-09-22,EV,iTransformer,24.124000549316406,122.16879272460938,98.04479217529297,112.8330078125,88.7090072631836,186.75379943847656,20260727
2023-09-23,EV,iTransformer,0.0,84.99586486816406,84.99586486816406,105.82099914550781,105.82099914550781,190.81686401367188,20260727
2023-09-24,EV,iTransformer,32.084999084472656,95.00741577148438,62.92241668701172,76.98600006103516,44.9010009765625,107.82341766357422,20260727
2023-09-25,EV,iTransformer,38.21699905395508,136.393310546875,98.17631530761719,109.43299865722656,71.21599960327148,169.39231491088867,20260727
2023-09-26,EV,iTransformer,35.124000549316406,180.52651977539062,145.40252685546875,140.0360107421875,104.9120101928711,250.31453704833984,20260727
2023-09-27,EV,iTransformer,95.2760009765625,198.35003662109375,103.07403564453125,157.02700805664062,61.751007080078125,164.82504272460938,20260727
2023-09-28,EV,iTransformer,24.446998596191406,175.5272216796875,151.08023071289062,130.1590118408203,105.7120132446289,256.79224395751953,20260727
2023-09-29,EV,iTransformer,12.67300033569336,130.23358154296875,117.56057739257812,71.05000305175781,58.37700271606445,175.93758010864258,20260727
2023-09-30,EV,iTransformer,47.4640007019043,93.91291809082031,46.448917388916016,132.11199951171875,84.64799880981445,131.09691619873047,20260727
2023-07-01,ChargerMatched,DLinear,8.269000053405762,43.3668098449707,35.097808837890625,39.98400115966797,nan,nan,20260727
2023-07-02,ChargerMatched,DLinear,25.868000030517578,40.78800964355469,14.92000961303711,84.92100524902344,nan,nan,20260727
2023-07-03,ChargerMatched,DLinear,41.68299865722656,48.59405517578125,6.9110565185546875,121.43299865722656,nan,nan,20260727
2023-07-04,ChargerMatched,DLinear,0.0,35.70933151245117,35.70933151245117,16.437999725341797,nan,nan,20260727
2023-07-05,ChargerMatched,DLinear,46.48400115966797,16.578079223632812,29.905921936035156,112.5530014038086,nan,nan,20260727
2023-07-06,ChargerMatched,DLinear,16.927000045776367,15.761506080627441,1.1654939651489258,133.0570068359375,nan,nan,20260727
2023-07-07,ChargerMatched,DLinear,28.83300018310547,45.422672271728516,16.589672088623047,94.96900177001953,nan,nan,20260727
2023-07-08,ChargerMatched,DLinear,11.701000213623047,47.27235794067383,35.57135772705078,50.14600372314453,nan,nan,20260727
2023-07-09,ChargerMatched,DLinear,0.0,57.36585998535156,57.36585998535156,27.32699966430664,nan,nan,20260727
2023-07-10,ChargerMatched,DLinear,39.33000183105469,48.44218444824219,9.1121826171875,78.30599975585938,nan,nan,20260727
2023-07-11,ChargerMatched,DLinear,47.58799743652344,39.088958740234375,8.499038696289062,154.03500366210938,nan,nan,20260727
2023-07-12,ChargerMatched,DLinear,13.889999389648438,31.554306030273438,17.664306640625,88.57099914550781,nan,nan,20260727
2023-07-13,ChargerMatched,DLinear,45.45999526977539,25.285974502563477,20.174020767211914,159.3000030517578,nan,nan,20260727
2023-07-14,ChargerMatched,DLinear,41.76300048828125,39.376976013183594,2.3860244750976562,97.44499206542969,nan,nan,20260727
2023-07-15,ChargerMatched,DLinear,0.0,51.33647537231445,51.33647537231445,15.918999671936035,nan,nan,20260727
2023-07-16,ChargerMatched,DLinear,0.0,50.90660858154297,50.90660858154297,68.91900634765625,nan,nan,20260727
2023-07-17,ChargerMatched,DLinear,32.79600143432617,47.879859924316406,15.083858489990234,98.52300262451172,nan,nan,20260727
2023-07-18,ChargerMatched,DLinear,68.76300048828125,40.62187957763672,28.14112091064453,140.23199462890625,nan,nan,20260727
2023-07-19,ChargerMatched,DLinear,40.73999786376953,26.82870101928711,13.911296844482422,90.96199798583984,nan,nan,20260727
2023-07-20,ChargerMatched,DLinear,17.759000778198242,28.686481475830078,10.927480697631836,129.85899353027344,nan,nan,20260727
2023-07-21,ChargerMatched,DLinear,7.895999908447266,46.12302017211914,38.227020263671875,94.1760025024414,nan,nan,20260727
2023-07-22,ChargerMatched,DLinear,11.82699966430664,42.564788818359375,30.737789154052734,49.152000427246094,nan,nan,20260727
2023-07-23,ChargerMatched,DLinear,11.973999977111816,46.09703063964844,34.12303161621094,29.33799934387207,nan,nan,20260727
2023-07-24,ChargerMatched,DLinear,61.29399871826172,56.78252410888672,4.511474609375,140.76300048828125,nan,nan,20260727
2023-07-25,ChargerMatched,DLinear,39.10100173950195,49.12169647216797,10.020694732666016,69.97699737548828,nan,nan,20260727
2023-07-26,ChargerMatched,DLinear,33.7140007019043,36.45888137817383,2.7448806762695312,99.8080062866211,nan,nan,20260727
2023-07-27,ChargerMatched,DLinear,13.871999740600586,29.292016983032227,15.42001724243164,73.04100036621094,nan,nan,20260727
2023-07-28,ChargerMatched,DLinear,0.0,39.4713020324707,39.4713020324707,63.87099838256836,nan,nan,20260727
2023-07-29,ChargerMatched,DLinear,1.225000023841858,42.71875762939453,41.49375915527344,59.3489990234375,nan,nan,20260727
2023-07-30,ChargerMatched,DLinear,17.972999572753906,51.577430725097656,33.60443115234375,68.73100280761719,nan,nan,20260727
2023-07-31,ChargerMatched,DLinear,49.086997985839844,58.27962875366211,9.192630767822266,138.73300170898438,nan,nan,20260727
2023-08-01,ChargerMatched,DLinear,48.61899948120117,55.10292053222656,6.483921051025391,104.54399871826172,nan,nan,20260727
2023-08-02,ChargerMatched,DLinear,30.68899917602539,36.39654541015625,5.707546234130859,88.90299987792969,nan,nan,20260727
2023-08-03,ChargerMatched,DLinear,76.95099639892578,28.708656311035156,48.242340087890625,146.60800170898438,nan,nan,20260727
2023-08-04,ChargerMatched,DLinear,22.779998779296875,33.58502960205078,10.805030822753906,123.77099609375,nan,nan,20260727
2023-08-05,ChargerMatched,DLinear,47.73899841308594,37.879417419433594,9.859580993652344,79.20600128173828,nan,nan,20260727
2023-08-06,ChargerMatched,DLinear,10.121999740600586,54.97616195678711,44.854164123535156,58.13300323486328,nan,nan,20260727
2023-08-07,ChargerMatched,DLinear,27.21200180053711,70.68083953857422,43.46883773803711,92.07901000976562,nan,nan,20260727
2023-08-08,ChargerMatched,DLinear,57.641998291015625,58.492652893066406,0.8506546020507812,152.3249969482422,nan,nan,20260727
2023-08-09,ChargerMatched,DLinear,18.696001052856445,40.752281188964844,22.0562801361084,167.00201416015625,nan,nan,20260727
2023-08-10,ChargerMatched,DLinear,53.770999908447266,37.70219802856445,16.068801879882812,134.35000610351562,nan,nan,20260727
2023-08-11,ChargerMatched,DLinear,5.497000217437744,45.33371353149414,39.83671188354492,62.154998779296875,nan,nan,20260727
2023-08-12,ChargerMatched,DLinear,9.717000007629395,57.8060302734375,48.08903121948242,41.02900314331055,nan,nan,20260727
2023-08-13,ChargerMatched,DLinear,27.4010009765625,61.543617248535156,34.142616271972656,65.48699951171875,nan,nan,20260727
2023-08-14,ChargerMatched,DLinear,41.26499938964844,71.95388793945312,30.688888549804688,130.99200439453125,nan,nan,20260727
2023-08-15,ChargerMatched,DLinear,57.397003173828125,59.69337844848633,2.296375274658203,123.75299835205078,nan,nan,20260727
2023-08-16,ChargerMatched,DLinear,94.55500030517578,42.160945892333984,52.3940544128418,136.17799377441406,nan,nan,20260727
2023-08-17,ChargerMatched,DLinear,62.777000427246094,42.23876190185547,20.538238525390625,136.80101013183594,nan,nan,20260727
2023-08-18,ChargerMatched,DLinear,11.901000022888184,46.17713928222656,34.27613830566406,86.53099822998047,nan,nan,20260727
2023-08-19,ChargerMatched,DLinear,33.058998107910156,51.034889221191406,17.97589111328125,88.4489974975586,nan,nan,20260727
2023-08-20,ChargerMatched,DLinear,0.0,65.67977142333984,65.67977142333984,0.0,nan,nan,20260727
2023-08-21,ChargerMatched,DLinear,17.55500030517578,65.9981689453125,48.44316864013672,66.0,nan,nan,20260727
2023-08-22,ChargerMatched,DLinear,3.1579999923706055,62.042415618896484,58.88441467285156,85.68599700927734,nan,nan,20260727
2023-08-23,ChargerMatched,DLinear,26.45600128173828,56.325408935546875,29.869407653808594,97.12699890136719,nan,nan,20260727
2023-08-24,ChargerMatched,DLinear,46.24500274658203,57.21954345703125,10.974540710449219,140.77200317382812,nan,nan,20260727
2023-08-25,ChargerMatched,DLinear,50.641998291015625,48.82677459716797,1.8152236938476562,84.27300262451172,nan,nan,20260727
2023-08-26,ChargerMatched,DLinear,10.074000358581543,59.22126007080078,49.14725875854492,96.99600219726562,nan,nan,20260727
2023-08-27,ChargerMatched,DLinear,44.54800033569336,60.62868881225586,16.0806884765625,71.43399810791016,nan,nan,20260727
2023-08-28,ChargerMatched,DLinear,105.98500061035156,63.566680908203125,42.41831970214844,156.41000366210938,nan,nan,20260727
2023-08-29,ChargerMatched,DLinear,22.319000244140625,61.15297317504883,38.8339729309082,126.37200164794922,nan,nan,20260727
2023-08-30,ChargerMatched,DLinear,25.583999633789062,45.04327392578125,19.459274291992188,83.01100158691406,nan,nan,20260727
2023-08-31,ChargerMatched,DLinear,30.01799964904785,51.447364807128906,21.429365158081055,162.50201416015625,nan,nan,20260727
2023-09-01,ChargerMatched,DLinear,25.600000381469727,52.968414306640625,27.3684139251709,148.77398681640625,nan,nan,20260727
2023-09-02,ChargerMatched,DLinear,0.0,56.919803619384766,56.919803619384766,36.35599899291992,nan,nan,20260727
2023-09-03,ChargerMatched,DLinear,5.257999897003174,70.15310668945312,64.89510345458984,50.1609992980957,nan,nan,20260727
2023-09-04,ChargerMatched,DLinear,5.604000091552734,79.85994720458984,74.25595092773438,38.178001403808594,nan,nan,20260727
2023-09-05,ChargerMatched,DLinear,34.91699981689453,58.72077178955078,23.80377197265625,79.94700622558594,nan,nan,20260727
2023-09-06,ChargerMatched,DLinear,45.624996185302734,51.59614944458008,5.971153259277344,116.67500305175781,nan,nan,20260727
2023-09-07,ChargerMatched,DLinear,52.51499938964844,54.271453857421875,1.7564544677734375,135.46900939941406,nan,nan,20260727
2023-09-08,ChargerMatched,DLinear,6.215000152587891,51.447349548339844,45.23234939575195,110.70100402832031,nan,nan,20260727
2023-09-09,ChargerMatched,DLinear,14.732999801635742,62.46013641357422,47.727134704589844,40.48600387573242,nan,nan,20260727
2023-09-10,ChargerMatched,DLinear,8.602999687194824,64.28103637695312,55.678035736083984,79.18399047851562,nan,nan,20260727
2023-09-11,ChargerMatched,DLinear,33.66699981689453,66.64949035644531,32.98249053955078,37.2609977722168,nan,nan,20260727
2023-09-12,ChargerMatched,DLinear,27.992000579833984,56.14497756958008,28.152976989746094,73.33300018310547,nan,nan,20260727
2023-09-13,ChargerMatched,DLinear,12.177999496459961,49.14894104003906,36.97093963623047,127.12799072265625,nan,nan,20260727
2023-09-14,ChargerMatched,DLinear,2.309999942779541,41.92708969116211,39.617088317871094,41.83300018310547,nan,nan,20260727
2023-09-15,ChargerMatched,DLinear,5.942999839782715,50.87885284423828,44.93585205078125,84.25599670410156,nan,nan,20260727
2023-09-16,ChargerMatched,DLinear,0.0,58.84750747680664,58.84750747680664,85.61199188232422,nan,nan,20260727
2023-09-17,ChargerMatched,DLinear,43.06300354003906,66.73585510253906,23.6728515625,75.45500183105469,nan,nan,20260727
2023-09-18,ChargerMatched,DLinear,17.8439998626709,72.6025390625,54.75853729248047,123.375,nan,nan,20260727
2023-09-19,ChargerMatched,DLinear,39.57099914550781,50.014610290527344,10.443611145019531,187.1219940185547,nan,nan,20260727
2023-09-20,ChargerMatched,DLinear,34.91600036621094,43.65476989746094,8.73876953125,165.49400329589844,nan,nan,20260727
2023-09-21,ChargerMatched,DLinear,32.01799774169922,50.44189453125,18.42389678955078,165.1409912109375,nan,nan,20260727
2023-09-22,ChargerMatched,DLinear,24.124000549316406,49.558013916015625,25.43401336669922,112.8330078125,nan,nan,20260727
2023-09-23,ChargerMatched,DLinear,0.0,50.8682861328125,50.8682861328125,105.82099914550781,nan,nan,20260727
2023-09-24,ChargerMatched,DLinear,32.084999084472656,70.48204040527344,38.39704132080078,76.98600006103516,nan,nan,20260727
2023-09-25,ChargerMatched,DLinear,38.21699905395508,73.52699279785156,35.309993743896484,109.43299865722656,nan,nan,20260727
2023-09-26,ChargerMatched,DLinear,35.124000549316406,63.90796661376953,28.783966064453125,140.0360107421875,nan,nan,20260727
2023-09-27,ChargerMatched,DLinear,95.2760009765625,50.03669357299805,45.23930740356445,157.02700805664062,nan,nan,20260727
2023-09-28,ChargerMatched,DLinear,24.44700050354004,50.50981521606445,26.062814712524414,130.1590118408203,nan,nan,20260727
2023-09-29,ChargerMatched,DLinear,12.67300033569336,50.184513092041016,37.511512756347656,71.05000305175781,nan,nan,20260727
2023-09-30,ChargerMatched,DLinear,47.46399688720703,65.64130401611328,18.17730712890625,132.11199951171875,nan,nan,20260727
2023-07-01,ChargerMatched,LSTM,8.269000053405762,37.37556457519531,29.106563568115234,39.98400115966797,nan,nan,20260727
2023-07-02,ChargerMatched,LSTM,25.868000030517578,35.45486831665039,9.586868286132812,84.92100524902344,nan,nan,20260727
2023-07-03,ChargerMatched,LSTM,41.68299865722656,43.1690559387207,1.4860572814941406,121.43299865722656,nan,nan,20260727
2023-07-04,ChargerMatched,LSTM,0.0,54.32270812988281,54.32270812988281,16.437999725341797,nan,nan,20260727
2023-07-05,ChargerMatched,LSTM,46.48400115966797,53.72294616699219,7.238945007324219,112.5530014038086,nan,nan,20260727
2023-07-06,ChargerMatched,LSTM,16.927000045776367,49.09724426269531,32.17024230957031,133.0570068359375,nan,nan,20260727
2023-07-07,ChargerMatched,LSTM,28.83300018310547,40.86589813232422,12.03289794921875,94.96900177001953,nan,nan,20260727
2023-07-08,ChargerMatched,LSTM,11.701000213623047,33.078468322753906,21.37746810913086,50.14600372314453,nan,nan,20260727
2023-07-09,ChargerMatched,LSTM,0.0,30.85245704650879,30.85245704650879,27.32699966430664,nan,nan,20260727
2023-07-10,ChargerMatched,LSTM,39.33000183105469,36.53557205200195,2.7944297790527344,78.30599975585938,nan,nan,20260727
2023-07-11,ChargerMatched,LSTM,47.58799743652344,47.84768295288086,0.2596855163574219,154.03500366210938,nan,nan,20260727
2023-07-12,ChargerMatched,LSTM,13.889999389648438,55.14860534667969,41.25860595703125,88.57099914550781,nan,nan,20260727
2023-07-13,ChargerMatched,LSTM,45.45999526977539,48.621559143066406,3.1615638732910156,159.3000030517578,nan,nan,20260727
2023-07-14,ChargerMatched,LSTM,41.76300048828125,40.2999267578125,1.46307373046875,97.44499206542969,nan,nan,20260727
2023-07-15,ChargerMatched,LSTM,0.0,36.16959762573242,36.16959762573242,15.918999671936035,nan,nan,20260727
2023-07-16,ChargerMatched,LSTM,0.0,33.46550750732422,33.46550750732422,68.91900634765625,nan,nan,20260727
2023-07-17,ChargerMatched,LSTM,32.79600143432617,38.41695785522461,5.6209564208984375,98.52300262451172,nan,nan,20260727
2023-07-18,ChargerMatched,LSTM,68.76300048828125,46.266746520996094,22.496253967285156,140.23199462890625,nan,nan,20260727
2023-07-19,ChargerMatched,LSTM,40.73999786376953,51.84754180908203,11.1075439453125,90.96199798583984,nan,nan,20260727
2023-07-20,ChargerMatched,LSTM,17.759000778198242,46.035491943359375,28.276491165161133,129.85899353027344,nan,nan,20260727
2023-07-21,ChargerMatched,LSTM,7.895999908447266,35.510231018066406,27.61423110961914,94.1760025024414,nan,nan,20260727
2023-07-22,ChargerMatched,LSTM,11.82699966430664,30.245346069335938,18.418346405029297,49.152000427246094,nan,nan,20260727
2023-07-23,ChargerMatched,LSTM,11.973999977111816,29.037857055664062,17.063858032226562,29.33799934387207,nan,nan,20260727
2023-07-24,ChargerMatched,LSTM,61.29399871826172,39.477909088134766,21.816089630126953,140.76300048828125,nan,nan,20260727
2023-07-25,ChargerMatched,LSTM,39.10100173950195,49.34458923339844,10.243587493896484,69.97699737548828,nan,nan,20260727
2023-07-26,ChargerMatched,LSTM,33.7140007019043,53.52316665649414,19.809165954589844,99.8080062866211,nan,nan,20260727
2023-07-27,ChargerMatched,LSTM,13.871999740600586,48.97456359863281,35.102561950683594,73.04100036621094,nan,nan,20260727
2023-07-28,ChargerMatched,LSTM,0.0,38.454193115234375,38.454193115234375,63.87099838256836,nan,nan,20260727
2023-07-29,ChargerMatched,LSTM,1.225000023841858,29.978851318359375,28.75385093688965,59.3489990234375,nan,nan,20260727
2023-07-30,ChargerMatched,LSTM,17.972999572753906,30.027942657470703,12.054943084716797,68.73100280761719,nan,nan,20260727
2023-07-31,ChargerMatched,LSTM,49.086997985839844,37.32628631591797,11.760711669921875,138.73300170898438,nan,nan,20260727
2023-08-01,ChargerMatched,LSTM,48.61899948120117,48.894718170166016,0.27571868896484375,104.54399871826172,nan,nan,20260727
2023-08-02,ChargerMatched,LSTM,30.68899917602539,55.604915618896484,24.915916442871094,88.90299987792969,nan,nan,20260727
2023-08-03,ChargerMatched,LSTM,76.95099639892578,51.771888732910156,25.179107666015625,146.60800170898438,nan,nan,20260727
2023-08-04,ChargerMatched,LSTM,22.779998779296875,44.50638961791992,21.726390838623047,123.77099609375,nan,nan,20260727
2023-08-05,ChargerMatched,LSTM,47.73899841308594,38.18548583984375,9.553512573242188,79.20600128173828,nan,nan,20260727
2023-08-06,ChargerMatched,LSTM,10.121999740600586,37.77812957763672,27.656129837036133,58.13300323486328,nan,nan,20260727
2023-08-07,ChargerMatched,LSTM,27.21200180053711,46.044673919677734,18.832672119140625,92.07901000976562,nan,nan,20260727
2023-08-08,ChargerMatched,LSTM,57.641998291015625,55.11802291870117,2.523975372314453,152.3249969482422,nan,nan,20260727
2023-08-09,ChargerMatched,LSTM,18.696001052856445,58.820526123046875,40.12452697753906,167.00201416015625,nan,nan,20260727
2023-08-10,ChargerMatched,LSTM,53.770999908447266,51.41065979003906,2.360340118408203,134.35000610351562,nan,nan,20260727
2023-08-11,ChargerMatched,LSTM,5.497000217437744,41.63212966918945,36.135128021240234,62.154998779296875,nan,nan,20260727
2023-08-12,ChargerMatched,LSTM,9.717000007629395,34.15427780151367,24.437278747558594,41.02900314331055,nan,nan,20260727
2023-08-13,ChargerMatched,LSTM,27.4010009765625,33.26545333862305,5.864452362060547,65.48699951171875,nan,nan,20260727
2023-08-14,ChargerMatched,LSTM,41.26499938964844,43.66212844848633,2.3971290588378906,130.99200439453125,nan,nan,20260727
2023-08-15,ChargerMatched,LSTM,57.397003173828125,51.11022186279297,6.286781311035156,123.75299835205078,nan,nan,20260727
2023-08-16,ChargerMatched,LSTM,94.55500030517578,55.423336029052734,39.13166427612305,136.17799377441406,nan,nan,20260727
2023-08-17,ChargerMatched,LSTM,62.777000427246094,55.68299102783203,7.0940093994140625,136.80101013183594,nan,nan,20260727
2023-08-18,ChargerMatched,LSTM,11.901000022888184,46.69715118408203,34.79615020751953,86.53099822998047,nan,nan,20260727
2023-08-19,ChargerMatched,LSTM,33.058998107910156,36.572792053222656,3.5137939453125,88.4489974975586,nan,nan,20260727
2023-08-20,ChargerMatched,LSTM,0.0,38.43714141845703,38.43714141845703,0.0,nan,nan,20260727
2023-08-21,ChargerMatched,LSTM,17.55500030517578,42.92063903808594,25.365638732910156,66.0,nan,nan,20260727
2023-08-22,ChargerMatched,LSTM,3.1579999923706055,49.34392547607422,46.1859245300293,85.68599700927734,nan,nan,20260727
2023-08-23,ChargerMatched,LSTM,26.45600128173828,50.90969467163086,24.453693389892578,97.12699890136719,nan,nan,20260727
2023-08-24,ChargerMatched,LSTM,46.24500274658203,48.557899475097656,2.312896728515625,140.77200317382812,nan,nan,20260727
2023-08-25,ChargerMatched,LSTM,50.641998291015625,43.803672790527344,6.838325500488281,84.27300262451172,nan,nan,20260727
2023-08-26,ChargerMatched,LSTM,10.074000358581543,39.23921203613281,29.165210723876953,96.99600219726562,nan,nan,20260727
2023-08-27,ChargerMatched,LSTM,44.54800033569336,39.99533462524414,4.552665710449219,71.43399810791016,nan,nan,20260727
2023-08-28,ChargerMatched,LSTM,105.98500061035156,49.31706237792969,56.667938232421875,156.41000366210938,nan,nan,20260727
2023-08-29,ChargerMatched,LSTM,22.319000244140625,61.46308898925781,39.14408874511719,126.37200164794922,nan,nan,20260727
2023-08-30,ChargerMatched,LSTM,25.583999633789062,61.39293670654297,35.808937072753906,83.01100158691406,nan,nan,20260727
2023-08-31,ChargerMatched,LSTM,30.01799964904785,57.30256652832031,27.28456687927246,162.50201416015625,nan,nan,20260727
2023-09-01,ChargerMatched,LSTM,25.600000381469727,49.65171813964844,24.05171775817871,148.77398681640625,nan,nan,20260727
2023-09-02,ChargerMatched,LSTM,0.0,40.18409729003906,40.18409729003906,36.35599899291992,nan,nan,20260727
2023-09-03,ChargerMatched,LSTM,5.257999897003174,37.51612854003906,32.25812911987305,50.1609992980957,nan,nan,20260727
2023-09-04,ChargerMatched,LSTM,5.604000091552734,44.73466491699219,39.13066482543945,38.178001403808594,nan,nan,20260727
2023-09-05,ChargerMatched,LSTM,34.91699981689453,53.41462707519531,18.49762725830078,79.94700622558594,nan,nan,20260727
2023-09-06,ChargerMatched,LSTM,45.624996185302734,56.262760162353516,10.637763977050781,116.67500305175781,nan,nan,20260727
2023-09-07,ChargerMatched,LSTM,52.51499938964844,55.844635009765625,3.3296356201171875,135.46900939941406,nan,nan,20260727
2023-09-08,ChargerMatched,LSTM,6.215000152587891,49.60185241699219,43.3868522644043,110.70100402832031,nan,nan,20260727
2023-09-09,ChargerMatched,LSTM,14.732999801635742,40.185848236083984,25.452848434448242,40.48600387573242,nan,nan,20260727
2023-09-10,ChargerMatched,LSTM,8.602999687194824,41.13859176635742,32.53559112548828,79.18399047851562,nan,nan,20260727
2023-09-11,ChargerMatched,LSTM,33.66699981689453,45.586265563964844,11.919265747070312,37.2609977722168,nan,nan,20260727
2023-09-12,ChargerMatched,LSTM,27.992000579833984,54.400840759277344,26.40884017944336,73.33300018310547,nan,nan,20260727
2023-09-13,ChargerMatched,LSTM,12.177999496459961,59.91105651855469,47.733055114746094,127.12799072265625,nan,nan,20260727
2023-09-14,ChargerMatched,LSTM,2.309999942779541,54.756927490234375,52.44692611694336,41.83300018310547,nan,nan,20260727
2023-09-15,ChargerMatched,LSTM,5.942999839782715,44.051273345947266,38.108272552490234,84.25599670410156,nan,nan,20260727
2023-09-16,ChargerMatched,LSTM,0.0,35.32046127319336,35.32046127319336,85.61199188232422,nan,nan,20260727
2023-09-17,ChargerMatched,LSTM,43.06300354003906,34.71867370605469,8.344329833984375,75.45500183105469,nan,nan,20260727
2023-09-18,ChargerMatched,LSTM,17.8439998626709,47.23125457763672,29.38725471496582,123.375,nan,nan,20260727
2023-09-19,ChargerMatched,LSTM,39.57099914550781,57.081966400146484,17.510967254638672,187.1219940185547,nan,nan,20260727
2023-09-20,ChargerMatched,LSTM,34.91600036621094,60.05876922607422,25.14276885986328,165.49400329589844,nan,nan,20260727
2023-09-21,ChargerMatched,LSTM,32.01799774169922,56.06535339355469,24.04735565185547,165.1409912109375,nan,nan,20260727
2023-09-22,ChargerMatched,LSTM,24.124000549316406,47.84245300292969,23.71845245361328,112.8330078125,nan,nan,20260727
2023-09-23,ChargerMatched,LSTM,0.0,41.417137145996094,41.417137145996094,105.82099914550781,nan,nan,20260727
2023-09-24,ChargerMatched,LSTM,32.084999084472656,39.489723205566406,7.40472412109375,76.98600006103516,nan,nan,20260727
2023-09-25,ChargerMatched,LSTM,38.21699905395508,51.11811828613281,12.901119232177734,109.43299865722656,nan,nan,20260727
2023-09-26,ChargerMatched,LSTM,35.124000549316406,61.213619232177734,26.089618682861328,140.0360107421875,nan,nan,20260727
2023-09-27,ChargerMatched,LSTM,95.2760009765625,64.16576385498047,31.11023712158203,157.02700805664062,nan,nan,20260727
2023-09-28,ChargerMatched,LSTM,24.44700050354004,66.32051086425781,41.873512268066406,130.1590118408203,nan,nan,20260727
2023-09-29,ChargerMatched,LSTM,12.67300033569336,55.181617736816406,42.50861740112305,71.05000305175781,nan,nan,20260727
2023-09-30,ChargerMatched,LSTM,47.46399688720703,45.68675994873047,1.7772369384765625,132.11199951171875,nan,nan,20260727
2023-07-01,ChargerMatched,TCN,8.269000053405762,57.78011703491211,49.51111602783203,39.98400115966797,nan,nan,20260727
2023-07-02,ChargerMatched,TCN,25.868000030517578,59.106666564941406,33.23866653442383,84.92100524902344,nan,nan,20260727
2023-07-03,ChargerMatched,TCN,41.68299865722656,57.1797981262207,15.49679946899414,121.43299865722656,nan,nan,20260727
2023-07-04,ChargerMatched,TCN,0.0,53.42152404785156,53.42152404785156,16.437999725341797,nan,nan,20260727
2023-07-05,ChargerMatched,TCN,46.48400115966797,49.43347930908203,2.9494781494140625,112.5530014038086,nan,nan,20260727
2023-07-06,ChargerMatched,TCN,16.927000045776367,48.638790130615234,31.711790084838867,133.0570068359375,nan,nan,20260727
2023-07-07,ChargerMatched,TCN,28.83300018310547,50.76427459716797,21.9312744140625,94.96900177001953,nan,nan,20260727
2023-07-08,ChargerMatched,TCN,11.701000213623047,53.34345245361328,41.642452239990234,50.14600372314453,nan,nan,20260727
2023-07-09,ChargerMatched,TCN,0.0,53.877845764160156,53.877845764160156,27.32699966430664,nan,nan,20260727
2023-07-10,ChargerMatched,TCN,39.33000183105469,51.525943756103516,12.195941925048828,78.30599975585938,nan,nan,20260727
2023-07-11,ChargerMatched,TCN,47.58799743652344,46.90949630737305,0.6785011291503906,154.03500366210938,nan,nan,20260727
2023-07-12,ChargerMatched,TCN,13.889999389648438,43.74846267700195,29.858463287353516,88.57099914550781,nan,nan,20260727
2023-07-13,ChargerMatched,TCN,45.45999526977539,42.82711410522461,2.6328811645507812,159.3000030517578,nan,nan,20260727
2023-07-14,ChargerMatched,TCN,41.76300048828125,44.989723205566406,3.2267227172851562,97.44499206542969,nan,nan,20260727
2023-07-15,ChargerMatched,TCN,0.0,47.80978775024414,47.80978775024414,15.918999671936035,nan,nan,20260727
2023-07-16,ChargerMatched,TCN,0.0,48.326656341552734,48.326656341552734,68.91900634765625,nan,nan,20260727
2023-07-17,ChargerMatched,TCN,32.79600143432617,45.69318771362305,12.897186279296875,98.52300262451172,nan,nan,20260727
2023-07-18,ChargerMatched,TCN,68.76300048828125,42.192840576171875,26.570159912109375,140.23199462890625,nan,nan,20260727
2023-07-19,ChargerMatched,TCN,40.73999786376953,39.81114959716797,0.9288482666015625,90.96199798583984,nan,nan,20260727
2023-07-20,ChargerMatched,TCN,17.759000778198242,40.52448272705078,22.76548194885254,129.85899353027344,nan,nan,20260727
2023-07-21,ChargerMatched,TCN,7.895999908447266,43.30696105957031,35.41096115112305,94.1760025024414,nan,nan,20260727
2023-07-22,ChargerMatched,TCN,11.82699966430664,46.94767761230469,35.12067794799805,49.152000427246094,nan,nan,20260727
2023-07-23,ChargerMatched,TCN,11.973999977111816,48.28169250488281,36.30769348144531,29.33799934387207,nan,nan,20260727
2023-07-24,ChargerMatched,TCN,61.29399871826172,47.01358413696289,14.280414581298828,140.76300048828125,nan,nan,20260727
2023-07-25,ChargerMatched,TCN,39.10100173950195,44.1837158203125,5.082714080810547,69.97699737548828,nan,nan,20260727
2023-07-26,ChargerMatched,TCN,33.7140007019043,42.066802978515625,8.352802276611328,99.8080062866211,nan,nan,20260727
2023-07-27,ChargerMatched,TCN,13.871999740600586,42.50796890258789,28.635969161987305,73.04100036621094,nan,nan,20260727
2023-07-28,ChargerMatched,TCN,0.0,44.89725112915039,44.89725112915039,63.87099838256836,nan,nan,20260727
2023-07-29,ChargerMatched,TCN,1.225000023841858,47.48265838623047,46.257659912109375,59.3489990234375,nan,nan,20260727
2023-07-30,ChargerMatched,TCN,17.972999572753906,48.632835388183594,30.659835815429688,68.73100280761719,nan,nan,20260727
2023-07-31,ChargerMatched,TCN,49.086997985839844,46.90227127075195,2.1847267150878906,138.73300170898438,nan,nan,20260727
2023-08-01,ChargerMatched,TCN,48.61899948120117,43.90245056152344,4.716548919677734,104.54399871826172,nan,nan,20260727
2023-08-02,ChargerMatched,TCN,30.68899917602539,42.21132278442383,11.522323608398438,88.90299987792969,nan,nan,20260727
2023-08-03,ChargerMatched,TCN,76.95099639892578,42.49678039550781,34.45421600341797,146.60800170898438,nan,nan,20260727
2023-08-04,ChargerMatched,TCN,22.779998779296875,46.004615783691406,23.22461700439453,123.77099609375,nan,nan,20260727
2023-08-05,ChargerMatched,TCN,47.73899841308594,49.940155029296875,2.2011566162109375,79.20600128173828,nan,nan,20260727
2023-08-06,ChargerMatched,TCN,10.121999740600586,51.73384094238281,41.611839294433594,58.13300323486328,nan,nan,20260727
2023-08-07,ChargerMatched,TCN,27.21200180053711,50.60169982910156,23.389698028564453,92.07901000976562,nan,nan,20260727
2023-08-08,ChargerMatched,TCN,57.641998291015625,47.36867904663086,10.273319244384766,152.3249969482422,nan,nan,20260727
2023-08-09,ChargerMatched,TCN,18.696001052856445,44.882781982421875,26.18678092956543,167.00201416015625,nan,nan,20260727
2023-08-10,ChargerMatched,TCN,53.770999908447266,45.17942428588867,8.591575622558594,134.35000610351562,nan,nan,20260727
2023-08-11,ChargerMatched,TCN,5.497000217437744,47.80841064453125,42.31140899658203,62.154998779296875,nan,nan,20260727
2023-08-12,ChargerMatched,TCN,9.717000007629395,51.46377944946289,41.74678039550781,41.02900314331055,nan,nan,20260727
2023-08-13,ChargerMatched,TCN,27.4010009765625,53.22471618652344,25.823715209960938,65.48699951171875,nan,nan,20260727
2023-08-14,ChargerMatched,TCN,41.26499938964844,52.37129211425781,11.106292724609375,130.99200439453125,nan,nan,20260727
2023-08-15,ChargerMatched,TCN,57.397003173828125,49.20534896850586,8.191654205322266,123.75299835205078,nan,nan,20260727
2023-08-16,ChargerMatched,TCN,94.55500030517578,46.73528289794922,47.81971740722656,136.17799377441406,nan,nan,20260727
2023-08-17,ChargerMatched,TCN,62.777000427246094,47.98453903198242,14.792461395263672,136.80101013183594,nan,nan,20260727
2023-08-18,ChargerMatched,TCN,11.901000022888184,51.52649688720703,39.62549591064453,86.53099822998047,nan,nan,20260727
2023-08-19,ChargerMatched,TCN,33.058998107910156,55.32111358642578,22.262115478515625,88.4489974975586,nan,nan,20260727
2023-08-20,ChargerMatched,TCN,0.0,56.91545486450195,56.91545486450195,0.0,nan,nan,20260727
2023-08-21,ChargerMatched,TCN,17.55500030517578,55.17837905883789,37.62337875366211,66.0,nan,nan,20260727
2023-08-22,ChargerMatched,TCN,3.1579999923706055,51.32489776611328,48.16689682006836,85.68599700927734,nan,nan,20260727
2023-08-23,ChargerMatched,TCN,26.45600128173828,48.52168655395508,22.065685272216797,97.12699890136719,nan,nan,20260727
2023-08-24,ChargerMatched,TCN,46.24500274658203,48.88092041015625,2.6359176635742188,140.77200317382812,nan,nan,20260727
2023-08-25,ChargerMatched,TCN,50.641998291015625,52.591251373291016,1.9492530822753906,84.27300262451172,nan,nan,20260727
2023-08-26,ChargerMatched,TCN,10.074000358581543,56.90484619140625,46.83084487915039,96.99600219726562,nan,nan,20260727
2023-08-27,ChargerMatched,TCN,44.54800033569336,58.942222595214844,14.394222259521484,71.43399810791016,nan,nan,20260727
2023-08-28,ChargerMatched,TCN,105.98500061035156,57.84895324707031,48.13604736328125,156.41000366210938,nan,nan,20260727
2023-08-29,ChargerMatched,TCN,22.319000244140625,55.037391662597656,32.71839141845703,126.37200164794922,nan,nan,20260727
2023-08-30,ChargerMatched,TCN,25.583999633789062,52.52093505859375,26.936935424804688,83.01100158691406,nan,nan,20260727
2023-08-31,ChargerMatched,TCN,30.01799964904785,52.91742706298828,22.89942741394043,162.50201416015625,nan,nan,20260727
2023-09-01,ChargerMatched,TCN,25.600000381469727,55.725120544433594,30.125120162963867,148.77398681640625,nan,nan,20260727
2023-09-02,ChargerMatched,TCN,0.0,59.219642639160156,59.219642639160156,36.35599899291992,nan,nan,20260727
2023-09-03,ChargerMatched,TCN,5.257999897003174,60.134185791015625,54.87618637084961,50.1609992980957,nan,nan,20260727
2023-09-04,ChargerMatched,TCN,5.604000091552734,58.53623580932617,52.93223571777344,38.178001403808594,nan,nan,20260727
2023-09-05,ChargerMatched,TCN,34.91699981689453,55.19050979614258,20.273509979248047,79.94700622558594,nan,nan,20260727
2023-09-06,ChargerMatched,TCN,45.624996185302734,52.710205078125,7.085208892822266,116.67500305175781,nan,nan,20260727
2023-09-07,ChargerMatched,TCN,52.51499938964844,53.71584701538086,1.2008476257324219,135.46900939941406,nan,nan,20260727
2023-09-08,ChargerMatched,TCN,6.215000152587891,56.95169448852539,50.7366943359375,110.70100402832031,nan,nan,20260727
2023-09-09,ChargerMatched,TCN,14.732999801635742,60.785614013671875,46.0526123046875,40.48600387573242,nan,nan,20260727
2023-09-10,ChargerMatched,TCN,8.602999687194824,62.377098083496094,53.77409744262695,79.18399047851562,nan,nan,20260727
2023-09-11,ChargerMatched,TCN,33.66699981689453,60.93474578857422,27.267745971679688,37.2609977722168,nan,nan,20260727
2023-09-12,ChargerMatched,TCN,27.992000579833984,57.5633430480957,29.57134246826172,73.33300018310547,nan,nan,20260727
2023-09-13,ChargerMatched,TCN,12.177999496459961,55.149688720703125,42.97168731689453,127.12799072265625,nan,nan,20260727
2023-09-14,ChargerMatched,TCN,2.309999942779541,54.87704086303711,52.567039489746094,41.83300018310547,nan,nan,20260727
2023-09-15,ChargerMatched,TCN,5.942999839782715,57.61988830566406,51.67688751220703,84.25599670410156,nan,nan,20260727
2023-09-16,ChargerMatched,TCN,0.0,60.840335845947266,60.840335845947266,85.61199188232422,nan,nan,20260727
2023-09-17,ChargerMatched,TCN,43.06300354003906,62.20556640625,19.142562866210938,75.45500183105469,nan,nan,20260727
2023-09-18,ChargerMatched,TCN,17.8439998626709,61.56878662109375,43.72478485107422,123.375,nan,nan,20260727
2023-09-19,ChargerMatched,TCN,39.57099914550781,59.03879165649414,19.467792510986328,187.1219940185547,nan,nan,20260727
2023-09-20,ChargerMatched,TCN,34.91600036621094,56.729942321777344,21.813941955566406,165.49400329589844,nan,nan,20260727
2023-09-21,ChargerMatched,TCN,32.01799774169922,56.732757568359375,24.714759826660156,165.1409912109375,nan,nan,20260727
2023-09-22,ChargerMatched,TCN,24.124000549316406,59.37322235107422,35.24922180175781,112.8330078125,nan,nan,20260727
2023-09-23,ChargerMatched,TCN,0.0,62.424224853515625,62.424224853515625,105.82099914550781,nan,nan,20260727
2023-09-24,ChargerMatched,TCN,32.084999084472656,63.529666900634766,31.44466781616211,76.98600006103516,nan,nan,20260727
2023-09-25,ChargerMatched,TCN,38.21699905395508,61.862403869628906,23.645404815673828,109.43299865722656,nan,nan,20260727
2023-09-26,ChargerMatched,TCN,35.124000549316406,58.636940002441406,23.512939453125,140.0360107421875,nan,nan,20260727
2023-09-27,ChargerMatched,TCN,95.2760009765625,56.531166076660156,38.744834899902344,157.02700805664062,nan,nan,20260727
2023-09-28,ChargerMatched,TCN,24.44700050354004,57.63951873779297,33.19252014160156,130.1590118408203,nan,nan,20260727
2023-09-29,ChargerMatched,TCN,12.67300033569336,61.34900665283203,48.67600631713867,71.05000305175781,nan,nan,20260727
2023-09-30,ChargerMatched,TCN,47.46399688720703,65.21083068847656,17.74683380126953,132.11199951171875,nan,nan,20260727
2023-07-01,ChargerMatched,iTransformer,8.269000053405762,90.06272888183594,81.79373168945312,39.98400115966797,nan,nan,20260727
2023-07-02,ChargerMatched,iTransformer,25.868000030517578,67.0626449584961,41.194644927978516,84.92100524902344,nan,nan,20260727
2023-07-03,ChargerMatched,iTransformer,41.68299865722656,43.603267669677734,1.9202690124511719,121.43299865722656,nan,nan,20260727
2023-07-04,ChargerMatched,iTransformer,0.0,37.11162567138672,37.11162567138672,16.437999725341797,nan,nan,20260727
2023-07-05,ChargerMatched,iTransformer,46.48400115966797,46.41474914550781,0.06925201416015625,112.5530014038086,nan,nan,20260727
2023-07-06,ChargerMatched,iTransformer,16.927000045776367,79.38381958007812,62.456817626953125,133.0570068359375,nan,nan,20260727
2023-07-07,ChargerMatched,iTransformer,28.83300018310547,110.27660369873047,81.443603515625,94.96900177001953,nan,nan,20260727
2023-07-08,ChargerMatched,iTransformer,11.701000213623047,99.03328704833984,87.33229064941406,50.14600372314453,nan,nan,20260727
2023-07-09,ChargerMatched,iTransformer,0.0,65.11610412597656,65.11610412597656,27.32699966430664,nan,nan,20260727
2023-07-10,ChargerMatched,iTransformer,39.33000183105469,45.557456970214844,6.227455139160156,78.30599975585938,nan,nan,20260727
2023-07-11,ChargerMatched,iTransformer,47.58799743652344,26.31146240234375,21.276535034179688,154.03500366210938,nan,nan,20260727
2023-07-12,ChargerMatched,iTransformer,13.889999389648438,58.12532043457031,44.235321044921875,88.57099914550781,nan,nan,20260727
2023-07-13,ChargerMatched,iTransformer,45.45999526977539,75.6734619140625,30.21346664428711,159.3000030517578,nan,nan,20260727
2023-07-14,ChargerMatched,iTransformer,41.76300048828125,109.91038513183594,68.14738464355469,97.44499206542969,nan,nan,20260727
2023-07-15,ChargerMatched,iTransformer,0.0,97.47543334960938,97.47543334960938,15.918999671936035,nan,nan,20260727
2023-07-16,ChargerMatched,iTransformer,0.0,69.59443664550781,69.59443664550781,68.91900634765625,nan,nan,20260727
2023-07-17,ChargerMatched,iTransformer,32.79600143432617,36.376502990722656,3.5805015563964844,98.52300262451172,nan,nan,20260727
2023-07-18,ChargerMatched,iTransformer,68.76300048828125,36.0151481628418,32.74785232543945,140.23199462890625,nan,nan,20260727
2023-07-19,ChargerMatched,iTransformer,40.73999786376953,48.553016662597656,7.813018798828125,90.96199798583984,nan,nan,20260727
2023-07-20,ChargerMatched,iTransformer,17.759000778198242,94.58036804199219,76.82136535644531,129.85899353027344,nan,nan,20260727
2023-07-21,ChargerMatched,iTransformer,7.895999908447266,115.35263061523438,107.45663452148438,94.1760025024414,nan,nan,20260727
2023-07-22,ChargerMatched,iTransformer,11.82699966430664,85.2276611328125,73.40066528320312,49.152000427246094,nan,nan,20260727
2023-07-23,ChargerMatched,iTransformer,11.973999977111816,67.32624053955078,55.35224151611328,29.33799934387207,nan,nan,20260727
2023-07-24,ChargerMatched,iTransformer,61.29399871826172,35.29472351074219,25.99927520751953,140.76300048828125,nan,nan,20260727
2023-07-25,ChargerMatched,iTransformer,39.10100173950195,45.35493850708008,6.253936767578125,69.97699737548828,nan,nan,20260727
2023-07-26,ChargerMatched,iTransformer,33.7140007019043,58.27886962890625,24.564868927001953,99.8080062866211,nan,nan,20260727
2023-07-27,ChargerMatched,iTransformer,13.871999740600586,79.8672866821289,65.99528503417969,73.04100036621094,nan,nan,20260727
2023-07-28,ChargerMatched,iTransformer,0.0,103.26548767089844,103.26548767089844,63.87099838256836,nan,nan,20260727
2023-07-29,ChargerMatched,iTransformer,1.225000023841858,86.80229949951172,85.57730102539062,59.3489990234375,nan,nan,20260727
2023-07-30,ChargerMatched,iTransformer,17.972999572753906,52.245750427246094,34.27275085449219,68.73100280761719,nan,nan,20260727
2023-07-31,ChargerMatched,iTransformer,49.086997985839844,52.85169219970703,3.7646942138671875,138.73300170898438,nan,nan,20260727
2023-08-01,ChargerMatched,iTransformer,48.61899948120117,43.646976470947266,4.972023010253906,104.54399871826172,nan,nan,20260727
2023-08-02,ChargerMatched,iTransformer,30.68899917602539,61.8205451965332,31.131546020507812,88.90299987792969,nan,nan,20260727
2023-08-03,ChargerMatched,iTransformer,76.95099639892578,86.80319213867188,9.852195739746094,146.60800170898438,nan,nan,20260727
2023-08-04,ChargerMatched,iTransformer,22.779998779296875,101.84105682373047,79.0610580444336,123.77099609375,nan,nan,20260727
2023-08-05,ChargerMatched,iTransformer,47.73899841308594,89.83132934570312,42.09233093261719,79.20600128173828,nan,nan,20260727
2023-08-06,ChargerMatched,iTransformer,10.121999740600586,72.35953521728516,62.23753356933594,58.13300323486328,nan,nan,20260727
2023-08-07,ChargerMatched,iTransformer,27.21200180053711,65.1175537109375,37.90555191040039,92.07901000976562,nan,nan,20260727
2023-08-08,ChargerMatched,iTransformer,57.641998291015625,50.93318557739258,6.708812713623047,152.3249969482422,nan,nan,20260727
2023-08-09,ChargerMatched,iTransformer,18.696001052856445,68.45606231689453,49.76006317138672,167.00201416015625,nan,nan,20260727
2023-08-10,ChargerMatched,iTransformer,53.770999908447266,95.12889099121094,41.35789108276367,134.35000610351562,nan,nan,20260727
2023-08-11,ChargerMatched,iTransformer,5.497000217437744,106.71270751953125,101.21570587158203,62.154998779296875,nan,nan,20260727
2023-08-12,ChargerMatched,iTransformer,9.717000007629395,86.97119140625,77.25418853759766,41.02900314331055,nan,nan,20260727
2023-08-13,ChargerMatched,iTransformer,27.4010009765625,70.05009460449219,42.64909362792969,65.48699951171875,nan,nan,20260727
2023-08-14,ChargerMatched,iTransformer,41.26499938964844,53.381587982177734,12.116588592529297,130.99200439453125,nan,nan,20260727
2023-08-15,ChargerMatched,iTransformer,57.397003173828125,60.06779479980469,2.6707916259765625,123.75299835205078,nan,nan,20260727
2023-08-16,ChargerMatched,iTransformer,94.55500030517578,66.18014526367188,28.374855041503906,136.17799377441406,nan,nan,20260727
2023-08-17,ChargerMatched,iTransformer,62.777000427246094,103.88044738769531,41.10344696044922,136.80101013183594,nan,nan,20260727
2023-08-18,ChargerMatched,iTransformer,11.901000022888184,102.47940063476562,90.57839965820312,86.53099822998047,nan,nan,20260727
2023-08-19,ChargerMatched,iTransformer,33.058998107910156,99.5018081665039,66.44281005859375,88.4489974975586,nan,nan,20260727
2023-08-20,ChargerMatched,iTransformer,0.0,74.1317367553711,74.1317367553711,0.0,nan,nan,20260727
2023-08-21,ChargerMatched,iTransformer,17.55500030517578,62.47254180908203,44.91754150390625,66.0,nan,nan,20260727
2023-08-22,ChargerMatched,iTransformer,3.1579999923706055,56.20545196533203,53.04745101928711,85.68599700927734,nan,nan,20260727
2023-08-23,ChargerMatched,iTransformer,26.45600128173828,71.26200866699219,44.806007385253906,97.12699890136719,nan,nan,20260727
2023-08-24,ChargerMatched,iTransformer,46.24500274658203,92.91865539550781,46.67365264892578,140.77200317382812,nan,nan,20260727
2023-08-25,ChargerMatched,iTransformer,50.641998291015625,102.62926483154297,51.987266540527344,84.27300262451172,nan,nan,20260727
2023-08-26,ChargerMatched,iTransformer,10.074000358581543,105.05673217773438,94.98273468017578,96.99600219726562,nan,nan,20260727
2023-08-27,ChargerMatched,iTransformer,44.54800033569336,58.03012466430664,13.482124328613281,71.43399810791016,nan,nan,20260727
2023-08-28,ChargerMatched,iTransformer,105.98500061035156,47.33662796020508,58.648372650146484,156.41000366210938,nan,nan,20260727
2023-08-29,ChargerMatched,iTransformer,22.319000244140625,53.908653259277344,31.58965301513672,126.37200164794922,nan,nan,20260727
2023-08-30,ChargerMatched,iTransformer,25.583999633789062,68.90737915039062,43.32337951660156,83.01100158691406,nan,nan,20260727
2023-08-31,ChargerMatched,iTransformer,30.01799964904785,110.671142578125,80.65314483642578,162.50201416015625,nan,nan,20260727
2023-09-01,ChargerMatched,iTransformer,25.600000381469727,103.99095916748047,78.39096069335938,148.77398681640625,nan,nan,20260727
2023-09-02,ChargerMatched,iTransformer,0.0,97.23101043701172,97.23101043701172,36.35599899291992,nan,nan,20260727
2023-09-03,ChargerMatched,iTransformer,5.257999897003174,68.82213592529297,63.56413650512695,50.1609992980957,nan,nan,20260727
2023-09-04,ChargerMatched,iTransformer,5.604000091552734,54.441856384277344,48.83785629272461,38.178001403808594,nan,nan,20260727
2023-09-05,ChargerMatched,iTransformer,34.91699981689453,38.91865921020508,4.001659393310547,79.94700622558594,nan,nan,20260727
2023-09-06,ChargerMatched,iTransformer,45.624996185302734,54.89946746826172,9.274471282958984,116.67500305175781,nan,nan,20260727
2023-09-07,ChargerMatched,iTransformer,52.51499938964844,95.32899475097656,42.813995361328125,135.46900939941406,nan,nan,20260727
2023-09-08,ChargerMatched,iTransformer,6.215000152587891,105.5687484741211,99.35374450683594,110.70100402832031,nan,nan,20260727
2023-09-09,ChargerMatched,iTransformer,14.732999801635742,80.23048400878906,65.49748229980469,40.48600387573242,nan,nan,20260727
2023-09-10,ChargerMatched,iTransformer,8.602999687194824,61.15769958496094,52.5546989440918,79.18399047851562,nan,nan,20260727
2023-09-11,ChargerMatched,iTransformer,33.66699981689453,44.69916534423828,11.03216552734375,37.2609977722168,nan,nan,20260727
2023-09-12,ChargerMatched,iTransformer,27.992000579833984,36.24627685546875,8.254276275634766,73.33300018310547,nan,nan,20260727
2023-09-13,ChargerMatched,iTransformer,12.177999496459961,67.8486099243164,55.67060852050781,127.12799072265625,nan,nan,20260727
2023-09-14,ChargerMatched,iTransformer,2.309999942779541,89.24102783203125,86.9310302734375,41.83300018310547,nan,nan,20260727
2023-09-15,ChargerMatched,iTransformer,5.942999839782715,95.92168426513672,89.97868347167969,84.25599670410156,nan,nan,20260727
2023-09-16,ChargerMatched,iTransformer,0.0,78.51119232177734,78.51119232177734,85.61199188232422,nan,nan,20260727
2023-09-17,ChargerMatched,iTransformer,43.06300354003906,55.2469482421875,12.183944702148438,75.45500183105469,nan,nan,20260727
2023-09-18,ChargerMatched,iTransformer,17.8439998626709,44.50602340698242,26.662023544311523,123.375,nan,nan,20260727
2023-09-19,ChargerMatched,iTransformer,39.57099914550781,27.882190704345703,11.68880844116211,187.1219940185547,nan,nan,20260727
2023-09-20,ChargerMatched,iTransformer,34.91600036621094,47.349517822265625,12.433517456054688,165.49400329589844,nan,nan,20260727
2023-09-21,ChargerMatched,iTransformer,32.01799774169922,75.48887634277344,43.47087860107422,165.1409912109375,nan,nan,20260727
2023-09-22,ChargerMatched,iTransformer,24.124000549316406,97.67638397216797,73.55238342285156,112.8330078125,nan,nan,20260727
2023-09-23,ChargerMatched,iTransformer,0.0,89.72478485107422,89.72478485107422,105.82099914550781,nan,nan,20260727
2023-09-24,ChargerMatched,iTransformer,32.084999084472656,62.57762145996094,30.49262237548828,76.98600006103516,nan,nan,20260727
2023-09-25,ChargerMatched,iTransformer,38.21699905395508,53.055824279785156,14.838825225830078,109.43299865722656,nan,nan,20260727
2023-09-26,ChargerMatched,iTransformer,35.124000549316406,36.97093963623047,1.8469390869140625,140.0360107421875,nan,nan,20260727
2023-09-27,ChargerMatched,iTransformer,95.2760009765625,60.323734283447266,34.952266693115234,157.02700805664062,nan,nan,20260727
2023-09-28,ChargerMatched,iTransformer,24.44700050354004,92.16197204589844,67.71497344970703,130.1590118408203,nan,nan,20260727
2023-09-29,ChargerMatched,iTransformer,12.67300033569336,94.98786926269531,82.31486511230469,71.05000305175781,nan,nan,20260727
2023-09-30,ChargerMatched,iTransformer,47.46399688720703,80.26348876953125,32.79949188232422,132.11199951171875,nan,nan,20260727
2023-07-01,ChargerMatched,GraphGNN,8.269000053405762,45.936485290527344,37.667484283447266,39.98400115966797,nan,nan,20260727
2023-07-02,ChargerMatched,GraphGNN,25.868000030517578,42.35261535644531,16.484615325927734,84.92100524902344,nan,nan,20260727
2023-07-03,ChargerMatched,GraphGNN,41.68299865722656,42.07603073120117,0.3930320739746094,121.43299865722656,nan,nan,20260727
2023-07-04,ChargerMatched,GraphGNN,0.0,46.409645080566406,46.409645080566406,16.437999725341797,nan,nan,20260727
2023-07-05,ChargerMatched,GraphGNN,46.48400115966797,45.12610626220703,1.3578948974609375,112.5530014038086,nan,nan,20260727
2023-07-06,ChargerMatched,GraphGNN,16.927000045776367,50.49591064453125,33.56890869140625,133.0570068359375,nan,nan,20260727
2023-07-07,ChargerMatched,GraphGNN,28.83300018310547,48.219207763671875,19.386207580566406,94.96900177001953,nan,nan,20260727
2023-07-08,ChargerMatched,GraphGNN,11.701000213623047,43.33098602294922,31.629985809326172,50.14600372314453,nan,nan,20260727
2023-07-09,ChargerMatched,GraphGNN,0.0,40.02117919921875,40.02117919921875,27.32699966430664,nan,nan,20260727
2023-07-10,ChargerMatched,GraphGNN,39.33000183105469,37.960113525390625,1.3698883056640625,78.30599975585938,nan,nan,20260727
2023-07-11,ChargerMatched,GraphGNN,47.58799743652344,41.08696746826172,6.501029968261719,154.03500366210938,nan,nan,20260727
2023-07-12,ChargerMatched,GraphGNN,13.889999389648438,48.02069091796875,34.13069152832031,88.57099914550781,nan,nan,20260727
2023-07-13,ChargerMatched,GraphGNN,45.45999526977539,50.12200927734375,4.662014007568359,159.3000030517578,nan,nan,20260727
2023-07-14,ChargerMatched,GraphGNN,41.76300048828125,49.14445114135742,7.381450653076172,97.44499206542969,nan,nan,20260727
2023-07-15,ChargerMatched,GraphGNN,0.0,45.59251403808594,45.59251403808594,15.918999671936035,nan,nan,20260727
2023-07-16,ChargerMatched,GraphGNN,0.0,41.12118148803711,41.12118148803711,68.91900634765625,nan,nan,20260727
2023-07-17,ChargerMatched,GraphGNN,32.79600143432617,38.049530029296875,5.253528594970703,98.52300262451172,nan,nan,20260727
2023-07-18,ChargerMatched,GraphGNN,68.76300048828125,39.55970764160156,29.203292846679688,140.23199462890625,nan,nan,20260727
2023-07-19,ChargerMatched,GraphGNN,40.73999786376953,45.5031623840332,4.763164520263672,90.96199798583984,nan,nan,20260727
2023-07-20,ChargerMatched,GraphGNN,17.759000778198242,49.35795211791992,31.59895133972168,129.85899353027344,nan,nan,20260727
2023-07-21,ChargerMatched,GraphGNN,7.895999908447266,44.24946594238281,36.35346603393555,94.1760025024414,nan,nan,20260727
2023-07-22,ChargerMatched,GraphGNN,11.82699966430664,41.066864013671875,29.239864349365234,49.152000427246094,nan,nan,20260727
2023-07-23,ChargerMatched,GraphGNN,11.973999977111816,38.22398376464844,26.249984741210938,29.33799934387207,nan,nan,20260727
2023-07-24,ChargerMatched,GraphGNN,61.29399871826172,39.955528259277344,21.338470458984375,140.76300048828125,nan,nan,20260727
2023-07-25,ChargerMatched,GraphGNN,39.10100173950195,43.933170318603516,4.8321685791015625,69.97699737548828,nan,nan,20260727
2023-07-26,ChargerMatched,GraphGNN,33.7140007019043,47.63496780395508,13.920967102050781,99.8080062866211,nan,nan,20260727
2023-07-27,ChargerMatched,GraphGNN,13.871999740600586,51.524200439453125,37.652198791503906,73.04100036621094,nan,nan,20260727
2023-07-28,ChargerMatched,GraphGNN,0.0,44.95283508300781,44.95283508300781,63.87099838256836,nan,nan,20260727
2023-07-29,ChargerMatched,GraphGNN,1.225000023841858,38.79822540283203,37.57322692871094,59.3489990234375,nan,nan,20260727
2023-07-30,ChargerMatched,GraphGNN,17.972999572753906,37.611732482910156,19.63873291015625,68.73100280761719,nan,nan,20260727
2023-07-31,ChargerMatched,GraphGNN,49.086997985839844,37.92890930175781,11.158088684082031,138.73300170898438,nan,nan,20260727
2023-08-01,ChargerMatched,GraphGNN,48.61899948120117,41.54557418823242,7.07342529296875,104.54399871826172,nan,nan,20260727
2023-08-02,ChargerMatched,GraphGNN,30.68899917602539,49.131683349609375,18.442684173583984,88.90299987792969,nan,nan,20260727
2023-08-03,ChargerMatched,GraphGNN,76.95099639892578,51.78666687011719,25.164329528808594,146.60800170898438,nan,nan,20260727
2023-08-04,ChargerMatched,GraphGNN,22.779998779296875,49.80625915527344,27.026260375976562,123.77099609375,nan,nan,20260727
2023-08-05,ChargerMatched,GraphGNN,47.73899841308594,45.268035888671875,2.4709625244140625,79.20600128173828,nan,nan,20260727
2023-08-06,ChargerMatched,GraphGNN,10.121999740600586,44.23876190185547,34.11676025390625,58.13300323486328,nan,nan,20260727
2023-08-07,ChargerMatched,GraphGNN,27.21200180053711,45.341094970703125,18.129093170166016,92.07901000976562,nan,nan,20260727
2023-08-08,ChargerMatched,GraphGNN,57.641998291015625,48.374671936035156,9.267326354980469,152.3249969482422,nan,nan,20260727
2023-08-09,ChargerMatched,GraphGNN,18.696001052856445,51.80004119873047,33.104042053222656,167.00201416015625,nan,nan,20260727
2023-08-10,ChargerMatched,GraphGNN,53.770999908447266,51.488460540771484,2.2825393676757812,134.35000610351562,nan,nan,20260727
2023-08-11,ChargerMatched,GraphGNN,5.497000217437744,48.9050407409668,43.40803909301758,62.154998779296875,nan,nan,20260727
2023-08-12,ChargerMatched,GraphGNN,9.717000007629395,43.59144592285156,33.874446868896484,41.02900314331055,nan,nan,20260727
2023-08-13,ChargerMatched,GraphGNN,27.4010009765625,41.75999450683594,14.358993530273438,65.48699951171875,nan,nan,20260727
2023-08-14,ChargerMatched,GraphGNN,41.26499938964844,43.683475494384766,2.418476104736328,130.99200439453125,nan,nan,20260727
2023-08-15,ChargerMatched,GraphGNN,57.397003173828125,43.34834289550781,14.048660278320312,123.75299835205078,nan,nan,20260727
2023-08-16,ChargerMatched,GraphGNN,94.55500030517578,47.22734832763672,47.32765197753906,136.17799377441406,nan,nan,20260727
2023-08-17,ChargerMatched,GraphGNN,62.777000427246094,58.15345001220703,4.6235504150390625,136.80101013183594,nan,nan,20260727
2023-08-18,ChargerMatched,GraphGNN,11.901000022888184,52.65879440307617,40.75779342651367,86.53099822998047,nan,nan,20260727
2023-08-19,ChargerMatched,GraphGNN,33.058998107910156,45.26784133911133,12.208843231201172,88.4489974975586,nan,nan,20260727
2023-08-20,ChargerMatched,GraphGNN,0.0,45.207515716552734,45.207515716552734,0.0,nan,nan,20260727
2023-08-21,ChargerMatched,GraphGNN,17.55500030517578,41.69342041015625,24.13842010498047,66.0,nan,nan,20260727
2023-08-22,ChargerMatched,GraphGNN,3.1579999923706055,39.99907684326172,36.8410758972168,85.68599700927734,nan,nan,20260727
2023-08-23,ChargerMatched,GraphGNN,26.45600128173828,42.2293701171875,15.773368835449219,97.12699890136719,nan,nan,20260727
2023-08-24,ChargerMatched,GraphGNN,46.24500274658203,48.95533752441406,2.7103347778320312,140.77200317382812,nan,nan,20260727
2023-08-25,ChargerMatched,GraphGNN,50.641998291015625,48.72819900512695,1.9137992858886719,84.27300262451172,nan,nan,20260727
2023-08-26,ChargerMatched,GraphGNN,10.074000358581543,48.63567352294922,38.56167221069336,96.99600219726562,nan,nan,20260727
2023-08-27,ChargerMatched,GraphGNN,44.54800033569336,48.247737884521484,3.699737548828125,71.43399810791016,nan,nan,20260727
2023-08-28,ChargerMatched,GraphGNN,105.98500061035156,49.45056915283203,56.53443145751953,156.41000366210938,nan,nan,20260727
2023-08-29,ChargerMatched,GraphGNN,22.319000244140625,54.01698303222656,31.697982788085938,126.37200164794922,nan,nan,20260727
2023-08-30,ChargerMatched,GraphGNN,25.583999633789062,52.667476654052734,27.083477020263672,83.01100158691406,nan,nan,20260727
2023-08-31,ChargerMatched,GraphGNN,30.01799964904785,55.67909240722656,25.66109275817871,162.50201416015625,nan,nan,20260727
2023-09-01,ChargerMatched,GraphGNN,25.600000381469727,53.416481018066406,27.81648063659668,148.77398681640625,nan,nan,20260727
2023-09-02,ChargerMatched,GraphGNN,0.0,46.87241744995117,46.87241744995117,36.35599899291992,nan,nan,20260727
2023-09-03,ChargerMatched,GraphGNN,5.257999897003174,43.17281723022461,37.914817810058594,50.1609992980957,nan,nan,20260727
2023-09-04,ChargerMatched,GraphGNN,5.604000091552734,42.70466995239258,37.100669860839844,38.178001403808594,nan,nan,20260727
2023-09-05,ChargerMatched,GraphGNN,34.91699981689453,42.283599853515625,7.366600036621094,79.94700622558594,nan,nan,20260727
2023-09-06,ChargerMatched,GraphGNN,45.624996185302734,47.050357818603516,1.4253616333007812,116.67500305175781,nan,nan,20260727
2023-09-07,ChargerMatched,GraphGNN,52.51499938964844,54.66598892211914,2.150989532470703,135.46900939941406,nan,nan,20260727
2023-09-08,ChargerMatched,GraphGNN,6.215000152587891,55.652099609375,49.43709945678711,110.70100402832031,nan,nan,20260727
2023-09-09,ChargerMatched,GraphGNN,14.732999801635742,48.259559631347656,33.52655792236328,40.48600387573242,nan,nan,20260727
2023-09-10,ChargerMatched,GraphGNN,8.602999687194824,49.01362609863281,40.41062545776367,79.18399047851562,nan,nan,20260727
2023-09-11,ChargerMatched,GraphGNN,33.66699981689453,46.08671188354492,12.41971206665039,37.2609977722168,nan,nan,20260727
2023-09-12,ChargerMatched,GraphGNN,27.992000579833984,48.45748519897461,20.465484619140625,73.33300018310547,nan,nan,20260727
2023-09-13,ChargerMatched,GraphGNN,12.177999496459961,53.79840850830078,41.62040710449219,127.12799072265625,nan,nan,20260727
2023-09-14,ChargerMatched,GraphGNN,2.309999942779541,55.488555908203125,53.17855453491211,41.83300018310547,nan,nan,20260727
2023-09-15,ChargerMatched,GraphGNN,5.942999839782715,49.69215774536133,43.7491569519043,84.25599670410156,nan,nan,20260727
2023-09-16,ChargerMatched,GraphGNN,0.0,44.57950973510742,44.57950973510742,85.61199188232422,nan,nan,20260727
2023-09-17,ChargerMatched,GraphGNN,43.06300354003906,41.744117736816406,1.3188858032226562,75.45500183105469,nan,nan,20260727
2023-09-18,ChargerMatched,GraphGNN,17.8439998626709,45.84566879272461,28.00166893005371,123.375,nan,nan,20260727
2023-09-19,ChargerMatched,GraphGNN,39.57099914550781,47.77366638183594,8.202667236328125,187.1219940185547,nan,nan,20260727
2023-09-20,ChargerMatched,GraphGNN,34.91600036621094,50.917884826660156,16.00188446044922,165.49400329589844,nan,nan,20260727
2023-09-21,ChargerMatched,GraphGNN,32.01799774169922,55.16143035888672,23.1434326171875,165.1409912109375,nan,nan,20260727
2023-09-22,ChargerMatched,GraphGNN,24.124000549316406,52.96820068359375,28.844200134277344,112.8330078125,nan,nan,20260727
2023-09-23,ChargerMatched,GraphGNN,0.0,49.651451110839844,49.651451110839844,105.82099914550781,nan,nan,20260727
2023-09-24,ChargerMatched,GraphGNN,32.084999084472656,45.77682113647461,13.691822052001953,76.98600006103516,nan,nan,20260727
2023-09-25,ChargerMatched,GraphGNN,38.21699905395508,51.59600830078125,13.379009246826172,109.43299865722656,nan,nan,20260727
2023-09-26,ChargerMatched,GraphGNN,35.124000549316406,53.65019989013672,18.526199340820312,140.0360107421875,nan,nan,20260727
2023-09-27,ChargerMatched,GraphGNN,95.2760009765625,58.44880676269531,36.82719421386719,157.02700805664062,nan,nan,20260727
2023-09-28,ChargerMatched,GraphGNN,24.44700050354004,69.99263000488281,45.545631408691406,130.1590118408203,nan,nan,20260727
2023-09-29,ChargerMatched,GraphGNN,12.67300033569336,60.77605056762695,48.103050231933594,71.05000305175781,nan,nan,20260727
2023-09-30,ChargerMatched,GraphGNN,47.46399688720703,53.46398162841797,5.9999847412109375,132.11199951171875,nan,nan,20260727
2023-07-01,ChargerFull,DLinear,39.98400115966797,89.84599304199219,49.86199188232422,39.98400115966797,nan,nan,20260727
2023-07-02,ChargerFull,DLinear,84.92100524902344,87.84838104248047,2.9273757934570312,84.92100524902344,nan,nan,20260727
2023-07-03,ChargerFull,DLinear,121.43299865722656,105.65924072265625,15.773757934570312,121.43299865722656,nan,nan,20260727
2023-07-04,ChargerFull,DLinear,16.437999725341797,86.75773620605469,70.31973266601562,16.437999725341797,nan,nan,20260727
2023-07-05,ChargerFull,DLinear,112.5530014038086,65.77568817138672,46.777313232421875,112.5530014038086,nan,nan,20260727
2023-07-06,ChargerFull,DLinear,133.0570068359375,82.01116180419922,51.04584503173828,133.0570068359375,nan,nan,20260727
2023-07-07,ChargerFull,DLinear,94.96900177001953,105.36911010742188,10.400108337402344,94.96900177001953,nan,nan,20260727
2023-07-08,ChargerFull,DLinear,50.14600372314453,95.30005645751953,45.154052734375,50.14600372314453,nan,nan,20260727
2023-07-09,ChargerFull,DLinear,27.32699966430664,110.02782440185547,82.70082092285156,27.32699966430664,nan,nan,20260727
2023-07-10,ChargerFull,DLinear,78.30599975585938,90.92386627197266,12.617866516113281,78.30599975585938,nan,nan,20260727
2023-07-11,ChargerFull,DLinear,154.03500366210938,80.5988998413086,73.43610382080078,154.03500366210938,nan,nan,20260727
2023-07-12,ChargerFull,DLinear,88.57099914550781,93.6191177368164,5.048118591308594,88.57099914550781,nan,nan,20260727
2023-07-13,ChargerFull,DLinear,159.3000030517578,94.24564361572266,65.05435943603516,159.3000030517578,nan,nan,20260727
2023-07-14,ChargerFull,DLinear,97.44499206542969,96.369140625,1.0758514404296875,97.44499206542969,nan,nan,20260727
2023-07-15,ChargerFull,DLinear,15.918999671936035,93.76800537109375,77.84900665283203,15.918999671936035,nan,nan,20260727
2023-07-16,ChargerFull,DLinear,68.91900634765625,84.28520202636719,15.366195678710938,68.91900634765625,nan,nan,20260727
2023-07-17,ChargerFull,DLinear,98.52300262451172,99.92222595214844,1.3992233276367188,98.52300262451172,nan,nan,20260727
2023-07-18,ChargerFull,DLinear,140.23199462890625,93.95835876464844,46.27363586425781,140.23199462890625,nan,nan,20260727
2023-07-19,ChargerFull,DLinear,90.96199798583984,81.75881958007812,9.203178405761719,90.96199798583984,nan,nan,20260727
2023-07-20,ChargerFull,DLinear,129.85899353027344,96.87832641601562,32.98066711425781,129.85899353027344,nan,nan,20260727
2023-07-21,ChargerFull,DLinear,94.1760025024414,107.54444885253906,13.368446350097656,94.1760025024414,nan,nan,20260727
2023-07-22,ChargerFull,DLinear,49.152000427246094,81.78424072265625,32.632240295410156,49.152000427246094,nan,nan,20260727
2023-07-23,ChargerFull,DLinear,29.33799934387207,84.27404022216797,54.93604278564453,29.33799934387207,nan,nan,20260727
2023-07-24,ChargerFull,DLinear,140.76300048828125,104.12918090820312,36.633819580078125,140.76300048828125,nan,nan,20260727
2023-07-25,ChargerFull,DLinear,69.97699737548828,99.21202087402344,29.235023498535156,69.97699737548828,nan,nan,20260727
2023-07-26,ChargerFull,DLinear,99.8080062866211,96.83234405517578,2.9756622314453125,99.8080062866211,nan,nan,20260727
2023-07-27,ChargerFull,DLinear,73.04100036621094,104.20693969726562,31.165939331054688,73.04100036621094,nan,nan,20260727
2023-07-28,ChargerFull,DLinear,63.87099838256836,92.7186279296875,28.84762954711914,63.87099838256836,nan,nan,20260727
2023-07-29,ChargerFull,DLinear,59.3489990234375,67.79376220703125,8.44476318359375,59.3489990234375,nan,nan,20260727
2023-07-30,ChargerFull,DLinear,68.73100280761719,92.50394439697266,23.77294158935547,68.73100280761719,nan,nan,20260727
2023-07-31,ChargerFull,DLinear,138.73300170898438,103.168212890625,35.564788818359375,138.73300170898438,nan,nan,20260727
2023-08-01,ChargerFull,DLinear,104.54399871826172,105.44291687011719,0.8989181518554688,104.54399871826172,nan,nan,20260727
2023-08-02,ChargerFull,DLinear,88.90299987792969,80.64493560791016,8.258064270019531,88.90299987792969,nan,nan,20260727
2023-08-03,ChargerFull,DLinear,146.60800170898438,83.72518157958984,62.88282012939453,146.60800170898438,nan,nan,20260727
2023-08-04,ChargerFull,DLinear,123.77099609375,84.79415130615234,38.976844787597656,123.77099609375,nan,nan,20260727
2023-08-05,ChargerFull,DLinear,79.20600128173828,78.74262237548828,0.46337890625,79.20600128173828,nan,nan,20260727
2023-08-06,ChargerFull,DLinear,58.13300323486328,93.68958282470703,35.55657958984375,58.13300323486328,nan,nan,20260727
2023-08-07,ChargerFull,DLinear,92.07901000976562,120.6477279663086,28.56871795654297,92.07901000976562,nan,nan,20260727
2023-08-08,ChargerFull,DLinear,152.3249969482422,111.13542938232422,41.18956756591797,152.3249969482422,nan,nan,20260727
2023-08-09,ChargerFull,DLinear,167.00201416015625,92.93966674804688,74.06234741210938,167.00201416015625,nan,nan,20260727
2023-08-10,ChargerFull,DLinear,134.35000610351562,107.36959075927734,26.98041534423828,134.35000610351562,nan,nan,20260727
2023-08-11,ChargerFull,DLinear,62.154998779296875,100.27352905273438,38.1185302734375,62.154998779296875,nan,nan,20260727
2023-08-12,ChargerFull,DLinear,41.02900314331055,100.32322692871094,59.29422378540039,41.02900314331055,nan,nan,20260727
2023-08-13,ChargerFull,DLinear,65.48699951171875,108.12863159179688,42.641632080078125,65.48699951171875,nan,nan,20260727
2023-08-14,ChargerFull,DLinear,130.99200439453125,136.7130126953125,5.72100830078125,130.99200439453125,nan,nan,20260727
2023-08-15,ChargerFull,DLinear,123.75299835205078,119.56935119628906,4.183647155761719,123.75299835205078,nan,nan,20260727
2023-08-16,ChargerFull,DLinear,136.17799377441406,107.48887634277344,28.689117431640625,136.17799377441406,nan,nan,20260727
2023-08-17,ChargerFull,DLinear,136.80101013183594,106.04568481445312,30.755325317382812,136.80101013183594,nan,nan,20260727
2023-08-18,ChargerFull,DLinear,86.53099822998047,105.98623657226562,19.455238342285156,86.53099822998047,nan,nan,20260727
2023-08-19,ChargerFull,DLinear,88.4489974975586,95.5183334350586,7.0693359375,88.4489974975586,nan,nan,20260727
2023-08-20,ChargerFull,DLinear,0.0,105.53556823730469,105.53556823730469,0.0,nan,nan,20260727
2023-08-21,ChargerFull,DLinear,66.0,114.65907287597656,48.65907287597656,66.0,nan,nan,20260727
2023-08-22,ChargerFull,DLinear,85.68599700927734,113.97601318359375,28.290016174316406,85.68599700927734,nan,nan,20260727
2023-08-23,ChargerFull,DLinear,97.12699890136719,115.21644592285156,18.089447021484375,97.12699890136719,nan,nan,20260727
2023-08-24,ChargerFull,DLinear,140.77200317382812,112.46266174316406,28.309341430664062,140.77200317382812,nan,nan,20260727
2023-08-25,ChargerFull,DLinear,84.27300262451172,101.097412109375,16.82440948486328,84.27300262451172,nan,nan,20260727
2023-08-26,ChargerFull,DLinear,96.99600219726562,83.95157623291016,13.044425964355469,96.99600219726562,nan,nan,20260727
2023-08-27,ChargerFull,DLinear,71.43399810791016,92.38176727294922,20.947769165039062,71.43399810791016,nan,nan,20260727
2023-08-28,ChargerFull,DLinear,156.41000366210938,113.69705963134766,42.71294403076172,156.41000366210938,nan,nan,20260727
2023-08-29,ChargerFull,DLinear,126.37200164794922,116.075927734375,10.296073913574219,126.37200164794922,nan,nan,20260727
2023-08-30,ChargerFull,DLinear,83.01100158691406,104.10508728027344,21.094085693359375,83.01100158691406,nan,nan,20260727
2023-08-31,ChargerFull,DLinear,162.50201416015625,101.15991973876953,61.34209442138672,162.50201416015625,nan,nan,20260727
2023-09-01,ChargerFull,DLinear,148.77398681640625,106.10377502441406,42.67021179199219,148.77398681640625,nan,nan,20260727
2023-09-02,ChargerFull,DLinear,36.35599899291992,112.42970275878906,76.07369995117188,36.35599899291992,nan,nan,20260727
2023-09-03,ChargerFull,DLinear,50.1609992980957,110.5262451171875,60.3652458190918,50.1609992980957,nan,nan,20260727
2023-09-04,ChargerFull,DLinear,38.178001403808594,127.85478973388672,89.67678833007812,38.178001403808594,nan,nan,20260727
2023-09-05,ChargerFull,DLinear,79.94700622558594,123.63291931152344,43.6859130859375,79.94700622558594,nan,nan,20260727
2023-09-06,ChargerFull,DLinear,116.67500305175781,115.38109588623047,1.2939071655273438,116.67500305175781,nan,nan,20260727
2023-09-07,ChargerFull,DLinear,135.46900939941406,132.2640838623047,3.204925537109375,135.46900939941406,nan,nan,20260727
2023-09-08,ChargerFull,DLinear,110.70100402832031,119.1395034790039,8.438499450683594,110.70100402832031,nan,nan,20260727
2023-09-09,ChargerFull,DLinear,40.48600387573242,110.16863250732422,69.68263244628906,40.48600387573242,nan,nan,20260727
2023-09-10,ChargerFull,DLinear,79.18399047851562,102.20561218261719,23.021621704101562,79.18399047851562,nan,nan,20260727
2023-09-11,ChargerFull,DLinear,37.2609977722168,115.6612548828125,78.40025329589844,37.2609977722168,nan,nan,20260727
2023-09-12,ChargerFull,DLinear,73.33300018310547,106.29319763183594,32.96019744873047,73.33300018310547,nan,nan,20260727
2023-09-13,ChargerFull,DLinear,127.12799072265625,97.81188201904297,29.31610870361328,127.12799072265625,nan,nan,20260727
2023-09-14,ChargerFull,DLinear,41.83300018310547,111.49405670166016,69.66105651855469,41.83300018310547,nan,nan,20260727
2023-09-15,ChargerFull,DLinear,84.25599670410156,107.49172973632812,23.235733032226562,84.25599670410156,nan,nan,20260727
2023-09-16,ChargerFull,DLinear,85.61199188232422,106.40826416015625,20.79627227783203,85.61199188232422,nan,nan,20260727
2023-09-17,ChargerFull,DLinear,75.45500183105469,100.59854888916016,25.14354705810547,75.45500183105469,nan,nan,20260727
2023-09-18,ChargerFull,DLinear,123.375,98.32769775390625,25.04730224609375,123.375,nan,nan,20260727
2023-09-19,ChargerFull,DLinear,187.1219940185547,97.83533477783203,89.28665924072266,187.1219940185547,nan,nan,20260727
2023-09-20,ChargerFull,DLinear,165.49400329589844,107.14318084716797,58.35082244873047,165.49400329589844,nan,nan,20260727
2023-09-21,ChargerFull,DLinear,165.1409912109375,112.1427001953125,52.998291015625,165.1409912109375,nan,nan,20260727
2023-09-22,ChargerFull,DLinear,112.8330078125,120.6492919921875,7.8162841796875,112.8330078125,nan,nan,20260727
2023-09-23,ChargerFull,DLinear,105.82099914550781,107.59817504882812,1.7771759033203125,105.82099914550781,nan,nan,20260727
2023-09-24,ChargerFull,DLinear,76.98600006103516,119.263671875,42.277671813964844,76.98600006103516,nan,nan,20260727
2023-09-25,ChargerFull,DLinear,109.43299865722656,138.84657287597656,29.41357421875,109.43299865722656,nan,nan,20260727
2023-09-26,ChargerFull,DLinear,140.0360107421875,140.73367309570312,0.697662353515625,140.0360107421875,nan,nan,20260727
2023-09-27,ChargerFull,DLinear,157.02700805664062,143.07696533203125,13.950042724609375,157.02700805664062,nan,nan,20260727
2023-09-28,ChargerFull,DLinear,130.1590118408203,142.99044799804688,12.831436157226562,130.1590118408203,nan,nan,20260727
2023-09-29,ChargerFull,DLinear,71.05000305175781,137.3201904296875,66.27018737792969,71.05000305175781,nan,nan,20260727
2023-09-30,ChargerFull,DLinear,132.11199951171875,128.9935302734375,3.11846923828125,132.11199951171875,nan,nan,20260727
2023-07-01,ChargerFull,LSTM,39.98400115966797,100.10618591308594,60.12218475341797,39.98400115966797,nan,nan,20260727
2023-07-02,ChargerFull,LSTM,84.92100524902344,96.42961120605469,11.50860595703125,84.92100524902344,nan,nan,20260727
2023-07-03,ChargerFull,LSTM,121.43299865722656,102.4370346069336,18.99596405029297,121.43299865722656,nan,nan,20260727
2023-07-04,ChargerFull,LSTM,16.437999725341797,112.13539123535156,95.6973876953125,16.437999725341797,nan,nan,20260727
2023-07-05,ChargerFull,LSTM,112.5530014038086,112.23636627197266,0.3166351318359375,112.5530014038086,nan,nan,20260727
2023-07-06,ChargerFull,LSTM,133.0570068359375,107.83926391601562,25.217742919921875,133.0570068359375,nan,nan,20260727
2023-07-07,ChargerFull,LSTM,94.96900177001953,104.82371520996094,9.854713439941406,94.96900177001953,nan,nan,20260727
2023-07-08,ChargerFull,LSTM,50.14600372314453,96.52046203613281,46.37445831298828,50.14600372314453,nan,nan,20260727
2023-07-09,ChargerFull,LSTM,27.32699966430664,92.69934844970703,65.37234497070312,27.32699966430664,nan,nan,20260727
2023-07-10,ChargerFull,LSTM,78.30599975585938,96.797119140625,18.491119384765625,78.30599975585938,nan,nan,20260727
2023-07-11,ChargerFull,LSTM,154.03500366210938,104.57290649414062,49.46209716796875,154.03500366210938,nan,nan,20260727
2023-07-12,ChargerFull,LSTM,88.57099914550781,113.022216796875,24.451217651367188,88.57099914550781,nan,nan,20260727
2023-07-13,ChargerFull,LSTM,159.3000030517578,108.97815704345703,50.32184600830078,159.3000030517578,nan,nan,20260727
2023-07-14,ChargerFull,LSTM,97.44499206542969,106.7251205444336,9.280128479003906,97.44499206542969,nan,nan,20260727
2023-07-15,ChargerFull,LSTM,15.918999671936035,100.05866241455078,84.13966369628906,15.918999671936035,nan,nan,20260727
2023-07-16,ChargerFull,LSTM,68.91900634765625,94.16944885253906,25.250442504882812,68.91900634765625,nan,nan,20260727
2023-07-17,ChargerFull,LSTM,98.52300262451172,99.09064483642578,0.5676422119140625,98.52300262451172,nan,nan,20260727
2023-07-18,ChargerFull,LSTM,140.23199462890625,107.51963806152344,32.71235656738281,140.23199462890625,nan,nan,20260727
2023-07-19,ChargerFull,LSTM,90.96199798583984,117.55953216552734,26.5975341796875,90.96199798583984,nan,nan,20260727
2023-07-20,ChargerFull,LSTM,129.85899353027344,111.84523010253906,18.013763427734375,129.85899353027344,nan,nan,20260727
2023-07-21,ChargerFull,LSTM,94.1760025024414,104.56519317626953,10.389190673828125,94.1760025024414,nan,nan,20260727
2023-07-22,ChargerFull,LSTM,49.152000427246094,97.91046142578125,48.758460998535156,49.152000427246094,nan,nan,20260727
2023-07-23,ChargerFull,LSTM,29.33799934387207,93.90626525878906,64.56826782226562,29.33799934387207,nan,nan,20260727
2023-07-24,ChargerFull,LSTM,140.76300048828125,98.14677429199219,42.61622619628906,140.76300048828125,nan,nan,20260727
2023-07-25,ChargerFull,LSTM,69.97699737548828,110.60343933105469,40.626441955566406,69.97699737548828,nan,nan,20260727
2023-07-26,ChargerFull,LSTM,99.8080062866211,113.7256851196289,13.917678833007812,99.8080062866211,nan,nan,20260727
2023-07-27,ChargerFull,LSTM,73.04100036621094,111.861328125,38.82032775878906,73.04100036621094,nan,nan,20260727
2023-07-28,ChargerFull,LSTM,63.87099838256836,104.01236724853516,40.1413688659668,63.87099838256836,nan,nan,20260727
2023-07-29,ChargerFull,LSTM,59.3489990234375,93.83821868896484,34.489219665527344,59.3489990234375,nan,nan,20260727
2023-07-30,ChargerFull,LSTM,68.73100280761719,92.24146270751953,23.510459899902344,68.73100280761719,nan,nan,20260727
2023-07-31,ChargerFull,LSTM,138.73300170898438,97.44379425048828,41.289207458496094,138.73300170898438,nan,nan,20260727
2023-08-01,ChargerFull,LSTM,104.54399871826172,109.06302642822266,4.5190277099609375,104.54399871826172,nan,nan,20260727
2023-08-02,ChargerFull,LSTM,88.90299987792969,115.02647399902344,26.12347412109375,88.90299987792969,nan,nan,20260727
2023-08-03,ChargerFull,LSTM,146.60800170898438,114.50114440917969,32.10685729980469,146.60800170898438,nan,nan,20260727
2023-08-04,ChargerFull,LSTM,123.77099609375,110.3595962524414,13.411399841308594,123.77099609375,nan,nan,20260727
2023-08-05,ChargerFull,LSTM,79.20600128173828,104.35739135742188,25.151390075683594,79.20600128173828,nan,nan,20260727
2023-08-06,ChargerFull,LSTM,58.13300323486328,102.4182357788086,44.28523254394531,58.13300323486328,nan,nan,20260727
2023-08-07,ChargerFull,LSTM,92.07901000976562,107.85380554199219,15.774795532226562,92.07901000976562,nan,nan,20260727
2023-08-08,ChargerFull,LSTM,152.3249969482422,114.34491729736328,37.980079650878906,152.3249969482422,nan,nan,20260727
2023-08-09,ChargerFull,LSTM,167.00201416015625,118.66644287109375,48.3355712890625,167.00201416015625,nan,nan,20260727
2023-08-10,ChargerFull,LSTM,134.35000610351562,119.37764739990234,14.972358703613281,134.35000610351562,nan,nan,20260727
2023-08-11,ChargerFull,LSTM,62.154998779296875,112.02175903320312,49.86676025390625,62.154998779296875,nan,nan,20260727
2023-08-12,ChargerFull,LSTM,41.02900314331055,100.21055603027344,59.18155288696289,41.02900314331055,nan,nan,20260727
2023-08-13,ChargerFull,LSTM,65.48699951171875,97.34613800048828,31.85913848876953,65.48699951171875,nan,nan,20260727
2023-08-14,ChargerFull,LSTM,130.99200439453125,106.09873962402344,24.893264770507812,130.99200439453125,nan,nan,20260727
2023-08-15,ChargerFull,LSTM,123.75299835205078,114.57359313964844,9.179405212402344,123.75299835205078,nan,nan,20260727
2023-08-16,ChargerFull,LSTM,136.17799377441406,117.6203384399414,18.557655334472656,136.17799377441406,nan,nan,20260727
2023-08-17,ChargerFull,LSTM,136.80101013183594,117.3084487915039,19.49256134033203,136.80101013183594,nan,nan,20260727
2023-08-18,ChargerFull,LSTM,86.53099822998047,111.88525390625,25.35425567626953,86.53099822998047,nan,nan,20260727
2023-08-19,ChargerFull,LSTM,88.4489974975586,107.55701446533203,19.108016967773438,88.4489974975586,nan,nan,20260727
2023-08-20,ChargerFull,LSTM,0.0,104.6242904663086,104.6242904663086,0.0,nan,nan,20260727
2023-08-21,ChargerFull,LSTM,66.0,103.48060607910156,37.48060607910156,66.0,nan,nan,20260727
2023-08-22,ChargerFull,LSTM,85.68599700927734,108.7412338256836,23.05523681640625,85.68599700927734,nan,nan,20260727
2023-08-23,ChargerFull,LSTM,97.12699890136719,110.06952667236328,12.942527770996094,97.12699890136719,nan,nan,20260727
2023-08-24,ChargerFull,LSTM,140.77200317382812,108.9336929321289,31.83831024169922,140.77200317382812,nan,nan,20260727
2023-08-25,ChargerFull,LSTM,84.27300262451172,105.12464904785156,20.851646423339844,84.27300262451172,nan,nan,20260727
2023-08-26,ChargerFull,LSTM,96.99600219726562,99.12603759765625,2.130035400390625,96.99600219726562,nan,nan,20260727
2023-08-27,ChargerFull,LSTM,71.43399810791016,102.27367401123047,30.839675903320312,71.43399810791016,nan,nan,20260727
2023-08-28,ChargerFull,LSTM,156.41000366210938,109.00300598144531,47.40699768066406,156.41000366210938,nan,nan,20260727
2023-08-29,ChargerFull,LSTM,126.37200164794922,118.86524963378906,7.506752014160156,126.37200164794922,nan,nan,20260727
2023-08-30,ChargerFull,LSTM,83.01100158691406,124.3543472290039,41.343345642089844,83.01100158691406,nan,nan,20260727
2023-08-31,ChargerFull,LSTM,162.50201416015625,119.5499267578125,42.95208740234375,162.50201416015625,nan,nan,20260727
2023-09-01,ChargerFull,LSTM,148.77398681640625,118.67205810546875,30.1019287109375,148.77398681640625,nan,nan,20260727
2023-09-02,ChargerFull,LSTM,36.35599899291992,113.5679702758789,77.21197509765625,36.35599899291992,nan,nan,20260727
2023-09-03,ChargerFull,LSTM,50.1609992980957,108.42375946044922,58.262760162353516,50.1609992980957,nan,nan,20260727
2023-09-04,ChargerFull,LSTM,38.178001403808594,114.53092956542969,76.3529281616211,38.178001403808594,nan,nan,20260727
2023-09-05,ChargerFull,LSTM,79.94700622558594,118.60890197753906,38.661895751953125,79.94700622558594,nan,nan,20260727
2023-09-06,ChargerFull,LSTM,116.67500305175781,116.89175415039062,0.2167510986328125,116.67500305175781,nan,nan,20260727
2023-09-07,ChargerFull,LSTM,135.46900939941406,116.80203247070312,18.666976928710938,135.46900939941406,nan,nan,20260727
2023-09-08,ChargerFull,LSTM,110.70100402832031,113.11602783203125,2.4150238037109375,110.70100402832031,nan,nan,20260727
2023-09-09,ChargerFull,LSTM,40.48600387573242,107.20819091796875,66.72218322753906,40.48600387573242,nan,nan,20260727
2023-09-10,ChargerFull,LSTM,79.18399047851562,104.14364624023438,24.95965576171875,79.18399047851562,nan,nan,20260727
2023-09-11,ChargerFull,LSTM,37.2609977722168,106.23696899414062,68.97596740722656,37.2609977722168,nan,nan,20260727
2023-09-12,ChargerFull,LSTM,73.33300018310547,110.2367172241211,36.903717041015625,73.33300018310547,nan,nan,20260727
2023-09-13,ChargerFull,LSTM,127.12799072265625,115.06578826904297,12.062202453613281,127.12799072265625,nan,nan,20260727
2023-09-14,ChargerFull,LSTM,41.83300018310547,114.02262115478516,72.18962097167969,41.83300018310547,nan,nan,20260727
2023-09-15,ChargerFull,LSTM,84.25599670410156,104.02705383300781,19.77105712890625,84.25599670410156,nan,nan,20260727
2023-09-16,ChargerFull,LSTM,85.61199188232422,95.49584197998047,9.88385009765625,85.61199188232422,nan,nan,20260727
2023-09-17,ChargerFull,LSTM,75.45500183105469,96.44037628173828,20.985374450683594,75.45500183105469,nan,nan,20260727
2023-09-18,ChargerFull,LSTM,123.375,104.22702026367188,19.147979736328125,123.375,nan,nan,20260727
2023-09-19,ChargerFull,LSTM,187.1219940185547,116.2088851928711,70.9131088256836,187.1219940185547,nan,nan,20260727
2023-09-20,ChargerFull,LSTM,165.49400329589844,126.68608093261719,38.80792236328125,165.49400329589844,nan,nan,20260727
2023-09-21,ChargerFull,LSTM,165.1409912109375,127.74425506591797,37.39673614501953,165.1409912109375,nan,nan,20260727
2023-09-22,ChargerFull,LSTM,112.8330078125,123.85134887695312,11.018341064453125,112.8330078125,nan,nan,20260727
2023-09-23,ChargerFull,LSTM,105.82099914550781,120.71179962158203,14.890800476074219,105.82099914550781,nan,nan,20260727
2023-09-24,ChargerFull,LSTM,76.98600006103516,119.25298309326172,42.26698303222656,76.98600006103516,nan,nan,20260727
2023-09-25,ChargerFull,LSTM,109.43299865722656,125.42124938964844,15.988250732421875,109.43299865722656,nan,nan,20260727
2023-09-26,ChargerFull,LSTM,140.0360107421875,133.09376525878906,6.9422454833984375,140.0360107421875,nan,nan,20260727
2023-09-27,ChargerFull,LSTM,157.02700805664062,136.20262145996094,20.824386596679688,157.02700805664062,nan,nan,20260727
2023-09-28,ChargerFull,LSTM,130.1590118408203,139.13238525390625,8.973373413085938,130.1590118408203,nan,nan,20260727
2023-09-29,ChargerFull,LSTM,71.05000305175781,132.61697387695312,61.56697082519531,71.05000305175781,nan,nan,20260727
2023-09-30,ChargerFull,LSTM,132.11199951171875,122.91249084472656,9.199508666992188,132.11199951171875,nan,nan,20260727
2023-07-01,ChargerFull,TCN,39.98400115966797,116.08689880371094,76.10289764404297,39.98400115966797,nan,nan,20260727
2023-07-02,ChargerFull,TCN,84.92100524902344,118.02978515625,33.10877990722656,84.92100524902344,nan,nan,20260727
2023-07-03,ChargerFull,TCN,121.43299865722656,115.35835266113281,6.07464599609375,121.43299865722656,nan,nan,20260727
2023-07-04,ChargerFull,TCN,16.437999725341797,110.14277648925781,93.70477294921875,16.437999725341797,nan,nan,20260727
2023-07-05,ChargerFull,TCN,112.5530014038086,104.39271545410156,8.160285949707031,112.5530014038086,nan,nan,20260727
2023-07-06,ChargerFull,TCN,133.0570068359375,101.88966369628906,31.167343139648438,133.0570068359375,nan,nan,20260727
2023-07-07,ChargerFull,TCN,94.96900177001953,103.4823226928711,8.513320922851562,94.96900177001953,nan,nan,20260727
2023-07-08,ChargerFull,TCN,50.14600372314453,106.53163146972656,56.38562774658203,50.14600372314453,nan,nan,20260727
2023-07-09,ChargerFull,TCN,27.32699966430664,107.44742584228516,80.12042236328125,27.32699966430664,nan,nan,20260727
2023-07-10,ChargerFull,TCN,78.30599975585938,104.95743560791016,26.65143585205078,78.30599975585938,nan,nan,20260727
2023-07-11,ChargerFull,TCN,154.03500366210938,98.66261291503906,55.37239074707031,154.03500366210938,nan,nan,20260727
2023-07-12,ChargerFull,TCN,88.57099914550781,93.42235565185547,4.851356506347656,88.57099914550781,nan,nan,20260727
2023-07-13,ChargerFull,TCN,159.3000030517578,91.42280578613281,67.877197265625,159.3000030517578,nan,nan,20260727
2023-07-14,ChargerFull,TCN,97.44499206542969,93.60839080810547,3.8366012573242188,97.44499206542969,nan,nan,20260727
2023-07-15,ChargerFull,TCN,15.918999671936035,97.84362030029297,81.92462158203125,15.918999671936035,nan,nan,20260727
2023-07-16,ChargerFull,TCN,68.91900634765625,98.3104248046875,29.39141845703125,68.91900634765625,nan,nan,20260727
2023-07-17,ChargerFull,TCN,98.52300262451172,95.60549926757812,2.9175033569335938,98.52300262451172,nan,nan,20260727
2023-07-18,ChargerFull,TCN,140.23199462890625,91.52104949951172,48.71094512939453,140.23199462890625,nan,nan,20260727
2023-07-19,ChargerFull,TCN,90.96199798583984,88.32632446289062,2.6356735229492188,90.96199798583984,nan,nan,20260727
2023-07-20,ChargerFull,TCN,129.85899353027344,87.89775085449219,41.96124267578125,129.85899353027344,nan,nan,20260727
2023-07-21,ChargerFull,TCN,94.1760025024414,90.3803482055664,3.795654296875,94.1760025024414,nan,nan,20260727
2023-07-22,ChargerFull,TCN,49.152000427246094,94.57108306884766,45.41908264160156,49.152000427246094,nan,nan,20260727
2023-07-23,ChargerFull,TCN,29.33799934387207,96.91494750976562,67.57695007324219,29.33799934387207,nan,nan,20260727
2023-07-24,ChargerFull,TCN,140.76300048828125,95.60421752929688,45.158782958984375,140.76300048828125,nan,nan,20260727
2023-07-25,ChargerFull,TCN,69.97699737548828,92.22663879394531,22.24964141845703,69.97699737548828,nan,nan,20260727
2023-07-26,ChargerFull,TCN,99.8080062866211,89.13681030273438,10.671195983886719,99.8080062866211,nan,nan,20260727
2023-07-27,ChargerFull,TCN,73.04100036621094,89.0528564453125,16.011856079101562,73.04100036621094,nan,nan,20260727
2023-07-28,ChargerFull,TCN,63.87099838256836,91.64766693115234,27.776668548583984,63.87099838256836,nan,nan,20260727
2023-07-29,ChargerFull,TCN,59.3489990234375,95.17852783203125,35.82952880859375,59.3489990234375,nan,nan,20260727
2023-07-30,ChargerFull,TCN,68.73100280761719,97.38760375976562,28.656600952148438,68.73100280761719,nan,nan,20260727
2023-07-31,ChargerFull,TCN,138.73300170898438,95.95722961425781,42.77577209472656,138.73300170898438,nan,nan,20260727
2023-08-01,ChargerFull,TCN,104.54399871826172,92.380859375,12.163139343261719,104.54399871826172,nan,nan,20260727
2023-08-02,ChargerFull,TCN,88.90299987792969,90.6075439453125,1.7045440673828125,88.90299987792969,nan,nan,20260727
2023-08-03,ChargerFull,TCN,146.60800170898438,90.31932067871094,56.28868103027344,146.60800170898438,nan,nan,20260727
2023-08-04,ChargerFull,TCN,123.77099609375,94.23613739013672,29.53485870361328,123.77099609375,nan,nan,20260727
2023-08-05,ChargerFull,TCN,79.20600128173828,99.67120361328125,20.46520233154297,79.20600128173828,nan,nan,20260727
2023-08-06,ChargerFull,TCN,58.13300323486328,102.66416931152344,44.531166076660156,58.13300323486328,nan,nan,20260727
2023-08-07,ChargerFull,TCN,92.07901000976562,102.08428955078125,10.005279541015625,92.07901000976562,nan,nan,20260727
2023-08-08,ChargerFull,TCN,152.3249969482422,97.6460952758789,54.67890167236328,152.3249969482422,nan,nan,20260727
2023-08-09,ChargerFull,TCN,167.00201416015625,93.01062774658203,73.99138641357422,167.00201416015625,nan,nan,20260727
2023-08-10,ChargerFull,TCN,134.35000610351562,92.75053405761719,41.59947204589844,134.35000610351562,nan,nan,20260727
2023-08-11,ChargerFull,TCN,62.154998779296875,96.17802429199219,34.02302551269531,62.154998779296875,nan,nan,20260727
2023-08-12,ChargerFull,TCN,41.02900314331055,101.15247344970703,60.123470306396484,41.02900314331055,nan,nan,20260727
2023-08-13,ChargerFull,TCN,65.48699951171875,103.64842987060547,38.16143035888672,65.48699951171875,nan,nan,20260727
2023-08-14,ChargerFull,TCN,130.99200439453125,102.74076843261719,28.251235961914062,130.99200439453125,nan,nan,20260727
2023-08-15,ChargerFull,TCN,123.75299835205078,98.41075134277344,25.342247009277344,123.75299835205078,nan,nan,20260727
2023-08-16,ChargerFull,TCN,136.17799377441406,94.67068481445312,41.50730895996094,136.17799377441406,nan,nan,20260727
2023-08-17,ChargerFull,TCN,136.80101013183594,94.84699249267578,41.954017639160156,136.80101013183594,nan,nan,20260727
2023-08-18,ChargerFull,TCN,86.53099822998047,98.70466613769531,12.173667907714844,86.53099822998047,nan,nan,20260727
2023-08-19,ChargerFull,TCN,88.4489974975586,104.09197235107422,15.642974853515625,88.4489974975586,nan,nan,20260727
2023-08-20,ChargerFull,TCN,0.0,107.17611694335938,107.17611694335938,0.0,nan,nan,20260727
2023-08-21,ChargerFull,TCN,66.0,105.18936920166016,39.189369201660156,66.0,nan,nan,20260727
2023-08-22,ChargerFull,TCN,85.68599700927734,99.91141510009766,14.225418090820312,85.68599700927734,nan,nan,20260727
2023-08-23,ChargerFull,TCN,97.12699890136719,96.02595520019531,1.101043701171875,97.12699890136719,nan,nan,20260727
2023-08-24,ChargerFull,TCN,140.77200317382812,95.58164978027344,45.19035339355469,140.77200317382812,nan,nan,20260727
2023-08-25,ChargerFull,TCN,84.27300262451172,99.90702819824219,15.634025573730469,84.27300262451172,nan,nan,20260727
2023-08-26,ChargerFull,TCN,96.99600219726562,104.8302993774414,7.834297180175781,96.99600219726562,nan,nan,20260727
2023-08-27,ChargerFull,TCN,71.43399810791016,108.06710052490234,36.63310241699219,71.43399810791016,nan,nan,20260727
2023-08-28,ChargerFull,TCN,156.41000366210938,106.94136047363281,49.46864318847656,156.41000366210938,nan,nan,20260727
2023-08-29,ChargerFull,TCN,126.37200164794922,102.45906066894531,23.912940979003906,126.37200164794922,nan,nan,20260727
2023-08-30,ChargerFull,TCN,83.01100158691406,98.68186950683594,15.670867919921875,83.01100158691406,nan,nan,20260727
2023-08-31,ChargerFull,TCN,162.50201416015625,97.849365234375,64.65264892578125,162.50201416015625,nan,nan,20260727
2023-09-01,ChargerFull,TCN,148.77398681640625,101.32901763916016,47.444969177246094,148.77398681640625,nan,nan,20260727
2023-09-02,ChargerFull,TCN,36.35599899291992,106.92595672607422,70.56996154785156,36.35599899291992,nan,nan,20260727
2023-09-03,ChargerFull,TCN,50.1609992980957,109.72637939453125,59.56538009643555,50.1609992980957,nan,nan,20260727
2023-09-04,ChargerFull,TCN,38.178001403808594,109.04960632324219,70.8716049194336,38.178001403808594,nan,nan,20260727
2023-09-05,ChargerFull,TCN,79.94700622558594,104.90691375732422,24.95990753173828,79.94700622558594,nan,nan,20260727
2023-09-06,ChargerFull,TCN,116.67500305175781,99.90084075927734,16.77416229248047,116.67500305175781,nan,nan,20260727
2023-09-07,ChargerFull,TCN,135.46900939941406,98.97500610351562,36.49400329589844,135.46900939941406,nan,nan,20260727
2023-09-08,ChargerFull,TCN,110.70100402832031,102.78590393066406,7.91510009765625,110.70100402832031,nan,nan,20260727
2023-09-09,ChargerFull,TCN,40.48600387573242,108.2632064819336,67.77720642089844,40.48600387573242,nan,nan,20260727
2023-09-10,ChargerFull,TCN,79.18399047851562,110.91366577148438,31.72967529296875,79.18399047851562,nan,nan,20260727
2023-09-11,ChargerFull,TCN,37.2609977722168,109.55368041992188,72.29267883300781,37.2609977722168,nan,nan,20260727
2023-09-12,ChargerFull,TCN,73.33300018310547,104.75594329833984,31.422943115234375,73.33300018310547,nan,nan,20260727
2023-09-13,ChargerFull,TCN,127.12799072265625,100.3470687866211,26.780921936035156,127.12799072265625,nan,nan,20260727
2023-09-14,ChargerFull,TCN,41.83300018310547,99.66531372070312,57.832313537597656,41.83300018310547,nan,nan,20260727
2023-09-15,ChargerFull,TCN,84.25599670410156,101.9777603149414,17.721763610839844,84.25599670410156,nan,nan,20260727
2023-09-16,ChargerFull,TCN,85.61199188232422,106.28823852539062,20.676246643066406,85.61199188232422,nan,nan,20260727
2023-09-17,ChargerFull,TCN,75.45500183105469,109.51402282714844,34.05902099609375,75.45500183105469,nan,nan,20260727
2023-09-18,ChargerFull,TCN,123.375,109.70275115966797,13.672248840332031,123.375,nan,nan,20260727
2023-09-19,ChargerFull,TCN,187.1219940185547,106.83895874023438,80.28303527832031,187.1219940185547,nan,nan,20260727
2023-09-20,ChargerFull,TCN,165.49400329589844,104.33454895019531,61.159454345703125,165.49400329589844,nan,nan,20260727
2023-09-21,ChargerFull,TCN,165.1409912109375,104.89982604980469,60.24116516113281,165.1409912109375,nan,nan,20260727
2023-09-22,ChargerFull,TCN,112.8330078125,109.34481811523438,3.488189697265625,112.8330078125,nan,nan,20260727
2023-09-23,ChargerFull,TCN,105.82099914550781,115.2450942993164,9.424095153808594,105.82099914550781,nan,nan,20260727
2023-09-24,ChargerFull,TCN,76.98600006103516,118.18872833251953,41.202728271484375,76.98600006103516,nan,nan,20260727
2023-09-25,ChargerFull,TCN,109.43299865722656,117.76045227050781,8.32745361328125,109.43299865722656,nan,nan,20260727
2023-09-26,ChargerFull,TCN,140.0360107421875,113.9683837890625,26.067626953125,140.0360107421875,nan,nan,20260727
2023-09-27,ChargerFull,TCN,157.02700805664062,110.91654205322266,46.11046600341797,157.02700805664062,nan,nan,20260727
2023-09-28,ChargerFull,TCN,130.1590118408203,111.29441833496094,18.864593505859375,130.1590118408203,nan,nan,20260727
2023-09-29,ChargerFull,TCN,71.05000305175781,115.24208068847656,44.19207763671875,71.05000305175781,nan,nan,20260727
2023-09-30,ChargerFull,TCN,132.11199951171875,120.19871520996094,11.913284301757812,132.11199951171875,nan,nan,20260727
2023-07-01,ChargerFull,iTransformer,39.98400115966797,159.58175659179688,119.5977554321289,39.98400115966797,nan,nan,20260727
2023-07-02,ChargerFull,iTransformer,84.92100524902344,117.4285888671875,32.50758361816406,84.92100524902344,nan,nan,20260727
2023-07-03,ChargerFull,iTransformer,121.43299865722656,120.013427734375,1.4195709228515625,121.43299865722656,nan,nan,20260727
2023-07-04,ChargerFull,iTransformer,16.437999725341797,95.20427703857422,78.76628112792969,16.437999725341797,nan,nan,20260727
2023-07-05,ChargerFull,iTransformer,112.5530014038086,109.42554473876953,3.1274566650390625,112.5530014038086,nan,nan,20260727
2023-07-06,ChargerFull,iTransformer,133.0570068359375,155.05096435546875,21.99395751953125,133.0570068359375,nan,nan,20260727
2023-07-07,ChargerFull,iTransformer,94.96900177001953,188.84408569335938,93.87508392333984,94.96900177001953,nan,nan,20260727
2023-07-08,ChargerFull,iTransformer,50.14600372314453,163.2762908935547,113.13028717041016,50.14600372314453,nan,nan,20260727
2023-07-09,ChargerFull,iTransformer,27.32699966430664,123.14127349853516,95.81427001953125,27.32699966430664,nan,nan,20260727
2023-07-10,ChargerFull,iTransformer,78.30599975585938,87.44416809082031,9.138168334960938,78.30599975585938,nan,nan,20260727
2023-07-11,ChargerFull,iTransformer,154.03500366210938,75.29369354248047,78.7413101196289,154.03500366210938,nan,nan,20260727
2023-07-12,ChargerFull,iTransformer,88.57099914550781,140.85252380371094,52.281524658203125,88.57099914550781,nan,nan,20260727
2023-07-13,ChargerFull,iTransformer,159.3000030517578,171.39849853515625,12.098495483398438,159.3000030517578,nan,nan,20260727
2023-07-14,ChargerFull,iTransformer,97.44499206542969,191.02316284179688,93.57817077636719,97.44499206542969,nan,nan,20260727
2023-07-15,ChargerFull,iTransformer,15.918999671936035,169.63710021972656,153.7180938720703,15.918999671936035,nan,nan,20260727
2023-07-16,ChargerFull,iTransformer,68.91900634765625,122.99003601074219,54.07102966308594,68.91900634765625,nan,nan,20260727
2023-07-17,ChargerFull,iTransformer,98.52300262451172,92.62831115722656,5.894691467285156,98.52300262451172,nan,nan,20260727
2023-07-18,ChargerFull,iTransformer,140.23199462890625,90.5466079711914,49.685386657714844,140.23199462890625,nan,nan,20260727
2023-07-19,ChargerFull,iTransformer,90.96199798583984,131.8679962158203,40.90599822998047,90.96199798583984,nan,nan,20260727
2023-07-20,ChargerFull,iTransformer,129.85899353027344,173.1965789794922,43.33758544921875,129.85899353027344,nan,nan,20260727
2023-07-21,ChargerFull,iTransformer,94.1760025024414,202.45260620117188,108.27660369873047,94.1760025024414,nan,nan,20260727
2023-07-22,ChargerFull,iTransformer,49.152000427246094,161.2631378173828,112.11113739013672,49.152000427246094,nan,nan,20260727
2023-07-23,ChargerFull,iTransformer,29.33799934387207,124.43280029296875,95.09480285644531,29.33799934387207,nan,nan,20260727
2023-07-24,ChargerFull,iTransformer,140.76300048828125,87.10128784179688,53.661712646484375,140.76300048828125,nan,nan,20260727
2023-07-25,ChargerFull,iTransformer,69.97699737548828,114.23790740966797,44.26091003417969,69.97699737548828,nan,nan,20260727
2023-07-26,ChargerFull,iTransformer,99.8080062866211,124.84831237792969,25.040306091308594,99.8080062866211,nan,nan,20260727
2023-07-27,ChargerFull,iTransformer,73.04100036621094,176.0089569091797,102.96795654296875,73.04100036621094,nan,nan,20260727
2023-07-28,ChargerFull,iTransformer,63.87099838256836,182.52186584472656,118.65086364746094,63.87099838256836,nan,nan,20260727
2023-07-29,ChargerFull,iTransformer,59.3489990234375,146.2038116455078,86.85481262207031,59.3489990234375,nan,nan,20260727
2023-07-30,ChargerFull,iTransformer,68.73100280761719,115.23797607421875,46.50697326660156,68.73100280761719,nan,nan,20260727
2023-07-31,ChargerFull,iTransformer,138.73300170898438,114.27622985839844,24.456771850585938,138.73300170898438,nan,nan,20260727
2023-08-01,ChargerFull,iTransformer,104.54399871826172,107.86148071289062,3.3174819946289062,104.54399871826172,nan,nan,20260727
2023-08-02,ChargerFull,iTransformer,88.90299987792969,125.9884262084961,37.085426330566406,88.90299987792969,nan,nan,20260727
2023-08-03,ChargerFull,iTransformer,146.60800170898438,169.62022399902344,23.012222290039062,146.60800170898438,nan,nan,20260727
2023-08-04,ChargerFull,iTransformer,123.77099609375,182.74258422851562,58.971588134765625,123.77099609375,nan,nan,20260727
2023-08-05,ChargerFull,iTransformer,79.20600128173828,157.65423583984375,78.44823455810547,79.20600128173828,nan,nan,20260727
2023-08-06,ChargerFull,iTransformer,58.13300323486328,128.0736846923828,69.94068145751953,58.13300323486328,nan,nan,20260727
2023-08-07,ChargerFull,iTransformer,92.07901000976562,134.4356231689453,42.35661315917969,92.07901000976562,nan,nan,20260727
2023-08-08,ChargerFull,iTransformer,152.3249969482422,116.32122802734375,36.00376892089844,152.3249969482422,nan,nan,20260727
2023-08-09,ChargerFull,iTransformer,167.00201416015625,130.3374786376953,36.66453552246094,167.00201416015625,nan,nan,20260727
2023-08-10,ChargerFull,iTransformer,134.35000610351562,179.9547576904297,45.60475158691406,134.35000610351562,nan,nan,20260727
2023-08-11,ChargerFull,iTransformer,62.154998779296875,185.7967529296875,123.64175415039062,62.154998779296875,nan,nan,20260727
2023-08-12,ChargerFull,iTransformer,41.02900314331055,144.7526397705078,103.7236328125,41.02900314331055,nan,nan,20260727
2023-08-13,ChargerFull,iTransformer,65.48699951171875,129.28909301757812,63.802093505859375,65.48699951171875,nan,nan,20260727
2023-08-14,ChargerFull,iTransformer,130.99200439453125,121.2137451171875,9.77825927734375,130.99200439453125,nan,nan,20260727
2023-08-15,ChargerFull,iTransformer,123.75299835205078,131.0972137451172,7.344215393066406,123.75299835205078,nan,nan,20260727
2023-08-16,ChargerFull,iTransformer,136.17799377441406,138.76910400390625,2.5911102294921875,136.17799377441406,nan,nan,20260727
2023-08-17,ChargerFull,iTransformer,136.80101013183594,179.51927185058594,42.71826171875,136.80101013183594,nan,nan,20260727
2023-08-18,ChargerFull,iTransformer,86.53099822998047,184.054443359375,97.52344512939453,86.53099822998047,nan,nan,20260727
2023-08-19,ChargerFull,iTransformer,88.4489974975586,153.80345153808594,65.35445404052734,88.4489974975586,nan,nan,20260727
2023-08-20,ChargerFull,iTransformer,0.0,130.46817016601562,130.46817016601562,0.0,nan,nan,20260727
2023-08-21,ChargerFull,iTransformer,66.0,114.77755737304688,48.777557373046875,66.0,nan,nan,20260727
2023-08-22,ChargerFull,iTransformer,85.68599700927734,108.54132080078125,22.855323791503906,85.68599700927734,nan,nan,20260727
2023-08-23,ChargerFull,iTransformer,97.12699890136719,128.93272399902344,31.80572509765625,97.12699890136719,nan,nan,20260727
2023-08-24,ChargerFull,iTransformer,140.77200317382812,166.82608032226562,26.0540771484375,140.77200317382812,nan,nan,20260727
2023-08-25,ChargerFull,iTransformer,84.27300262451172,170.816162109375,86.54315948486328,84.27300262451172,nan,nan,20260727
2023-08-26,ChargerFull,iTransformer,96.99600219726562,145.22293090820312,48.2269287109375,96.99600219726562,nan,nan,20260727
2023-08-27,ChargerFull,iTransformer,71.43399810791016,100.51596069335938,29.08196258544922,71.43399810791016,nan,nan,20260727
2023-08-28,ChargerFull,iTransformer,156.41000366210938,121.8558578491211,34.55414581298828,156.41000366210938,nan,nan,20260727
2023-08-29,ChargerFull,iTransformer,126.37200164794922,129.36077880859375,2.9887771606445312,126.37200164794922,nan,nan,20260727
2023-08-30,ChargerFull,iTransformer,83.01100158691406,152.16262817382812,69.15162658691406,83.01100158691406,nan,nan,20260727
2023-08-31,ChargerFull,iTransformer,162.50201416015625,170.52597045898438,8.023956298828125,162.50201416015625,nan,nan,20260727
2023-09-01,ChargerFull,iTransformer,148.77398681640625,182.2271728515625,33.45318603515625,148.77398681640625,nan,nan,20260727
2023-09-02,ChargerFull,iTransformer,36.35599899291992,171.49798583984375,135.14198303222656,36.35599899291992,nan,nan,20260727
2023-09-03,ChargerFull,iTransformer,50.1609992980957,110.85327911376953,60.69227981567383,50.1609992980957,nan,nan,20260727
2023-09-04,ChargerFull,iTransformer,38.178001403808594,116.1695556640625,77.9915542602539,38.178001403808594,nan,nan,20260727
2023-09-05,ChargerFull,iTransformer,79.94700622558594,106.53141784667969,26.58441162109375,79.94700622558594,nan,nan,20260727
2023-09-06,ChargerFull,iTransformer,116.67500305175781,132.16700744628906,15.49200439453125,116.67500305175781,nan,nan,20260727
2023-09-07,ChargerFull,iTransformer,135.46900939941406,180.61529541015625,45.14628601074219,135.46900939941406,nan,nan,20260727
2023-09-08,ChargerFull,iTransformer,110.70100402832031,187.99440002441406,77.29339599609375,110.70100402832031,nan,nan,20260727
2023-09-09,ChargerFull,iTransformer,40.48600387573242,143.29196166992188,102.80595397949219,40.48600387573242,nan,nan,20260727
2023-09-10,ChargerFull,iTransformer,79.18399047851562,103.95619201660156,24.772201538085938,79.18399047851562,nan,nan,20260727
2023-09-11,ChargerFull,iTransformer,37.2609977722168,98.99421691894531,61.733219146728516,37.2609977722168,nan,nan,20260727
2023-09-12,ChargerFull,iTransformer,73.33300018310547,88.03775024414062,14.704750061035156,73.33300018310547,nan,nan,20260727
2023-09-13,ChargerFull,iTransformer,127.12799072265625,115.9375991821289,11.190391540527344,127.12799072265625,nan,nan,20260727
2023-09-14,ChargerFull,iTransformer,41.83300018310547,181.42515563964844,139.5921630859375,41.83300018310547,nan,nan,20260727
2023-09-15,ChargerFull,iTransformer,84.25599670410156,165.77890014648438,81.52290344238281,84.25599670410156,nan,nan,20260727
2023-09-16,ChargerFull,iTransformer,85.61199188232422,145.89236450195312,60.280372619628906,85.61199188232422,nan,nan,20260727
2023-09-17,ChargerFull,iTransformer,75.45500183105469,100.80690002441406,25.351898193359375,75.45500183105469,nan,nan,20260727
2023-09-18,ChargerFull,iTransformer,123.375,78.84355163574219,44.53144836425781,123.375,nan,nan,20260727
2023-09-19,ChargerFull,iTransformer,187.1219940185547,88.32526397705078,98.7967300415039,187.1219940185547,nan,nan,20260727
2023-09-20,ChargerFull,iTransformer,165.49400329589844,134.0370635986328,31.456939697265625,165.49400329589844,nan,nan,20260727
2023-09-21,ChargerFull,iTransformer,165.1409912109375,169.03964233398438,3.898651123046875,165.1409912109375,nan,nan,20260727
2023-09-22,ChargerFull,iTransformer,112.8330078125,187.35369873046875,74.52069091796875,112.8330078125,nan,nan,20260727
2023-09-23,ChargerFull,iTransformer,105.82099914550781,162.7049102783203,56.8839111328125,105.82099914550781,nan,nan,20260727
2023-09-24,ChargerFull,iTransformer,76.98600006103516,130.23861694335938,53.25261688232422,76.98600006103516,nan,nan,20260727
2023-09-25,ChargerFull,iTransformer,109.43299865722656,110.53636932373047,1.1033706665039062,109.43299865722656,nan,nan,20260727
2023-09-26,ChargerFull,iTransformer,140.0360107421875,121.87745666503906,18.158554077148438,140.0360107421875,nan,nan,20260727
2023-09-27,ChargerFull,iTransformer,157.02700805664062,147.36537170410156,9.661636352539062,157.02700805664062,nan,nan,20260727
2023-09-28,ChargerFull,iTransformer,130.1590118408203,182.8478546142578,52.6888427734375,130.1590118408203,nan,nan,20260727
2023-09-29,ChargerFull,iTransformer,71.05000305175781,188.63780212402344,117.58779907226562,71.05000305175781,nan,nan,20260727
2023-09-30,ChargerFull,iTransformer,132.11199951171875,156.0970001220703,23.985000610351562,132.11199951171875,nan,nan,20260727
2023-07-01,ChargerFull,GraphGNN,39.98400115966797,78.62154388427734,38.637542724609375,39.98400115966797,nan,nan,20260727
2023-07-02,ChargerFull,GraphGNN,84.92100524902344,75.59332275390625,9.327682495117188,84.92100524902344,nan,nan,20260727
2023-07-03,ChargerFull,GraphGNN,121.43299865722656,83.65054321289062,37.78245544433594,121.43299865722656,nan,nan,20260727
2023-07-04,ChargerFull,GraphGNN,16.437999725341797,95.80256652832031,79.36456298828125,16.437999725341797,nan,nan,20260727
2023-07-05,ChargerFull,GraphGNN,112.5530014038086,81.29582214355469,31.257179260253906,112.5530014038086,nan,nan,20260727
2023-07-06,ChargerFull,GraphGNN,133.0570068359375,78.9827880859375,54.07421875,133.0570068359375,nan,nan,20260727
2023-07-07,ChargerFull,GraphGNN,94.96900177001953,80.58602905273438,14.382972717285156,94.96900177001953,nan,nan,20260727
2023-07-08,ChargerFull,GraphGNN,50.14600372314453,70.27720642089844,20.131202697753906,50.14600372314453,nan,nan,20260727
2023-07-09,ChargerFull,GraphGNN,27.32699966430664,68.75163269042969,41.42463302612305,27.32699966430664,nan,nan,20260727
2023-07-10,ChargerFull,GraphGNN,78.30599975585938,71.80831909179688,6.4976806640625,78.30599975585938,nan,nan,20260727
2023-07-11,ChargerFull,GraphGNN,154.03500366210938,74.54403686523438,79.490966796875,154.03500366210938,nan,nan,20260727
2023-07-12,ChargerFull,GraphGNN,88.57099914550781,88.75830078125,0.1873016357421875,88.57099914550781,nan,nan,20260727
2023-07-13,ChargerFull,GraphGNN,159.3000030517578,81.61282348632812,77.68717956542969,159.3000030517578,nan,nan,20260727
2023-07-14,ChargerFull,GraphGNN,97.44499206542969,88.39945983886719,9.0455322265625,97.44499206542969,nan,nan,20260727
2023-07-15,ChargerFull,GraphGNN,15.918999671936035,79.61688995361328,63.69789123535156,15.918999671936035,nan,nan,20260727
2023-07-16,ChargerFull,GraphGNN,68.91900634765625,69.9164047241211,0.9973983764648438,68.91900634765625,nan,nan,20260727
2023-07-17,ChargerFull,GraphGNN,98.52300262451172,72.18196105957031,26.341041564941406,98.52300262451172,nan,nan,20260727
2023-07-18,ChargerFull,GraphGNN,140.23199462890625,81.0730209350586,59.158973693847656,140.23199462890625,nan,nan,20260727
2023-07-19,ChargerFull,GraphGNN,90.96199798583984,95.58273315429688,4.620735168457031,90.96199798583984,nan,nan,20260727
2023-07-20,ChargerFull,GraphGNN,129.85899353027344,88.60060119628906,41.258392333984375,129.85899353027344,nan,nan,20260727
2023-07-21,ChargerFull,GraphGNN,94.1760025024414,81.00717163085938,13.168830871582031,94.1760025024414,nan,nan,20260727
2023-07-22,ChargerFull,GraphGNN,49.152000427246094,75.74317932128906,26.59117889404297,49.152000427246094,nan,nan,20260727
2023-07-23,ChargerFull,GraphGNN,29.33799934387207,72.47614288330078,43.138145446777344,29.33799934387207,nan,nan,20260727
2023-07-24,ChargerFull,GraphGNN,140.76300048828125,73.8461685180664,66.91683197021484,140.76300048828125,nan,nan,20260727
2023-07-25,ChargerFull,GraphGNN,69.97699737548828,92.87602996826172,22.899032592773438,69.97699737548828,nan,nan,20260727
2023-07-26,ChargerFull,GraphGNN,99.8080062866211,89.84021759033203,9.967788696289062,99.8080062866211,nan,nan,20260727
2023-07-27,ChargerFull,GraphGNN,73.04100036621094,88.98362731933594,15.942626953125,73.04100036621094,nan,nan,20260727
2023-07-28,ChargerFull,GraphGNN,63.87099838256836,75.40666198730469,11.535663604736328,63.87099838256836,nan,nan,20260727
2023-07-29,ChargerFull,GraphGNN,59.3489990234375,62.61223602294922,3.2632369995117188,59.3489990234375,nan,nan,20260727
2023-07-30,ChargerFull,GraphGNN,68.73100280761719,65.79509735107422,2.9359054565429688,68.73100280761719,nan,nan,20260727
2023-07-31,ChargerFull,GraphGNN,138.73300170898438,74.13465881347656,64.59834289550781,138.73300170898438,nan,nan,20260727
2023-08-01,ChargerFull,GraphGNN,104.54399871826172,88.70330810546875,15.840690612792969,104.54399871826172,nan,nan,20260727
2023-08-02,ChargerFull,GraphGNN,88.90299987792969,95.29986572265625,6.3968658447265625,88.90299987792969,nan,nan,20260727
2023-08-03,ChargerFull,GraphGNN,146.60800170898438,94.70339965820312,51.90460205078125,146.60800170898438,nan,nan,20260727
2023-08-04,ChargerFull,GraphGNN,123.77099609375,90.7918930053711,32.979103088378906,123.77099609375,nan,nan,20260727
2023-08-05,ChargerFull,GraphGNN,79.20600128173828,84.0062026977539,4.800201416015625,79.20600128173828,nan,nan,20260727
2023-08-06,ChargerFull,GraphGNN,58.13300323486328,83.21052551269531,25.07752227783203,58.13300323486328,nan,nan,20260727
2023-08-07,ChargerFull,GraphGNN,92.07901000976562,89.338623046875,2.740386962890625,92.07901000976562,nan,nan,20260727
2023-08-08,ChargerFull,GraphGNN,152.3249969482422,90.40193176269531,61.923065185546875,152.3249969482422,nan,nan,20260727
2023-08-09,ChargerFull,GraphGNN,167.00201416015625,93.64539337158203,73.35662078857422,167.00201416015625,nan,nan,20260727
2023-08-10,ChargerFull,GraphGNN,134.35000610351562,96.75479125976562,37.59521484375,134.35000610351562,nan,nan,20260727
2023-08-11,ChargerFull,GraphGNN,62.154998779296875,85.86978149414062,23.71478271484375,62.154998779296875,nan,nan,20260727
2023-08-12,ChargerFull,GraphGNN,41.02900314331055,65.49160766601562,24.462604522705078,41.02900314331055,nan,nan,20260727
2023-08-13,ChargerFull,GraphGNN,65.48699951171875,66.28654479980469,0.7995452880859375,65.48699951171875,nan,nan,20260727
2023-08-14,ChargerFull,GraphGNN,130.99200439453125,81.62686157226562,49.365142822265625,130.99200439453125,nan,nan,20260727
2023-08-15,ChargerFull,GraphGNN,123.75299835205078,86.49687194824219,37.256126403808594,123.75299835205078,nan,nan,20260727
2023-08-16,ChargerFull,GraphGNN,136.17799377441406,86.26705932617188,49.91093444824219,136.17799377441406,nan,nan,20260727
2023-08-17,ChargerFull,GraphGNN,136.80101013183594,91.18260955810547,45.61840057373047,136.80101013183594,nan,nan,20260727
2023-08-18,ChargerFull,GraphGNN,86.53099822998047,83.85630798339844,2.6746902465820312,86.53099822998047,nan,nan,20260727
2023-08-19,ChargerFull,GraphGNN,88.4489974975586,81.50959777832031,6.939399719238281,88.4489974975586,nan,nan,20260727
2023-08-20,ChargerFull,GraphGNN,0.0,81.77230834960938,81.77230834960938,0.0,nan,nan,20260727
2023-08-21,ChargerFull,GraphGNN,66.0,68.54682922363281,2.5468292236328125,66.0,nan,nan,20260727
2023-08-22,ChargerFull,GraphGNN,85.68599700927734,68.9044189453125,16.781578063964844,85.68599700927734,nan,nan,20260727
2023-08-23,ChargerFull,GraphGNN,97.12699890136719,69.00482177734375,28.122177124023438,97.12699890136719,nan,nan,20260727
2023-08-24,ChargerFull,GraphGNN,140.77200317382812,75.66857147216797,65.10343170166016,140.77200317382812,nan,nan,20260727
2023-08-25,ChargerFull,GraphGNN,84.27300262451172,73.2392578125,11.033744812011719,84.27300262451172,nan,nan,20260727
2023-08-26,ChargerFull,GraphGNN,96.99600219726562,68.37966918945312,28.6163330078125,96.99600219726562,nan,nan,20260727
2023-08-27,ChargerFull,GraphGNN,71.43399810791016,83.63632202148438,12.202323913574219,71.43399810791016,nan,nan,20260727
2023-08-28,ChargerFull,GraphGNN,156.41000366210938,88.91793060302734,67.49207305908203,156.41000366210938,nan,nan,20260727
2023-08-29,ChargerFull,GraphGNN,126.37200164794922,94.38583374023438,31.986167907714844,126.37200164794922,nan,nan,20260727
2023-08-30,ChargerFull,GraphGNN,83.01100158691406,96.04397583007812,13.032974243164062,83.01100158691406,nan,nan,20260727
2023-08-31,ChargerFull,GraphGNN,162.50201416015625,85.8124771118164,76.68953704833984,162.50201416015625,nan,nan,20260727
2023-09-01,ChargerFull,GraphGNN,148.77398681640625,89.6334457397461,59.140541076660156,148.77398681640625,nan,nan,20260727
2023-09-02,ChargerFull,GraphGNN,36.35599899291992,87.57992553710938,51.22392654418945,36.35599899291992,nan,nan,20260727
2023-09-03,ChargerFull,GraphGNN,50.1609992980957,81.57307434082031,31.41207504272461,50.1609992980957,nan,nan,20260727
2023-09-04,ChargerFull,GraphGNN,38.178001403808594,89.98021697998047,51.802215576171875,38.178001403808594,nan,nan,20260727
2023-09-05,ChargerFull,GraphGNN,79.94700622558594,83.67784118652344,3.7308349609375,79.94700622558594,nan,nan,20260727
2023-09-06,ChargerFull,GraphGNN,116.67500305175781,75.49854278564453,41.17646026611328,116.67500305175781,nan,nan,20260727
2023-09-07,ChargerFull,GraphGNN,135.46900939941406,84.19119262695312,51.27781677246094,135.46900939941406,nan,nan,20260727
2023-09-08,ChargerFull,GraphGNN,110.70100402832031,80.35456848144531,30.346435546875,110.70100402832031,nan,nan,20260727
2023-09-09,ChargerFull,GraphGNN,40.48600387573242,75.54377746582031,35.05777359008789,40.48600387573242,nan,nan,20260727
2023-09-10,ChargerFull,GraphGNN,79.18399047851562,76.44307708740234,2.7409133911132812,79.18399047851562,nan,nan,20260727
2023-09-11,ChargerFull,GraphGNN,37.2609977722168,77.94938659667969,40.68838882446289,37.2609977722168,nan,nan,20260727
2023-09-12,ChargerFull,GraphGNN,73.33300018310547,73.489990234375,0.15699005126953125,73.33300018310547,nan,nan,20260727
2023-09-13,ChargerFull,GraphGNN,127.12799072265625,77.2730484008789,49.854942321777344,127.12799072265625,nan,nan,20260727
2023-09-14,ChargerFull,GraphGNN,41.83300018310547,79.48210144042969,37.64910125732422,41.83300018310547,nan,nan,20260727
2023-09-15,ChargerFull,GraphGNN,84.25599670410156,63.55561828613281,20.70037841796875,84.25599670410156,nan,nan,20260727
2023-09-16,ChargerFull,GraphGNN,85.61199188232422,58.75858688354492,26.853404998779297,85.61199188232422,nan,nan,20260727
2023-09-17,ChargerFull,GraphGNN,75.45500183105469,66.67622375488281,8.778778076171875,75.45500183105469,nan,nan,20260727
2023-09-18,ChargerFull,GraphGNN,123.375,76.44239807128906,46.93260192871094,123.375,nan,nan,20260727
2023-09-19,ChargerFull,GraphGNN,187.1219940185547,89.86285400390625,97.25914001464844,187.1219940185547,nan,nan,20260727
2023-09-20,ChargerFull,GraphGNN,165.49400329589844,105.93107604980469,59.56292724609375,165.49400329589844,nan,nan,20260727
2023-09-21,ChargerFull,GraphGNN,165.1409912109375,108.27386474609375,56.86712646484375,165.1409912109375,nan,nan,20260727
2023-09-22,ChargerFull,GraphGNN,112.8330078125,105.61605072021484,7.216957092285156,112.8330078125,nan,nan,20260727
2023-09-23,ChargerFull,GraphGNN,105.82099914550781,102.5283432006836,3.2926559448242188,105.82099914550781,nan,nan,20260727
2023-09-24,ChargerFull,GraphGNN,76.98600006103516,103.13638305664062,26.15038299560547,76.98600006103516,nan,nan,20260727
2023-09-25,ChargerFull,GraphGNN,109.43299865722656,111.42567443847656,1.99267578125,109.43299865722656,nan,nan,20260727
2023-09-26,ChargerFull,GraphGNN,140.0360107421875,117.81233978271484,22.223670959472656,140.0360107421875,nan,nan,20260727
2023-09-27,ChargerFull,GraphGNN,157.02700805664062,117.66372680664062,39.36328125,157.02700805664062,nan,nan,20260727
2023-09-28,ChargerFull,GraphGNN,130.1590118408203,129.7965850830078,0.3624267578125,130.1590118408203,nan,nan,20260727
2023-09-29,ChargerFull,GraphGNN,71.05000305175781,112.39598083496094,41.345977783203125,71.05000305175781,nan,nan,20260727
2023-09-30,ChargerFull,GraphGNN,132.11199951171875,93.5169906616211,38.595008850097656,132.11199951171875,nan,nan,20260727
