target_day,month,method,incremental_cost,monthly_cumulative_cost,standalone_cost_same_load,daily_proxy_overstatement,energy_kwh,required_energy_kwh,unserved_energy_kwh,start_peak_kw,end_peak_kw,start_onpeak_peak_kw,end_onpeak_peak_kw,optimal_solve_ratio,solve_count,fallback_count,dropped_forecast_sessions,runtime_seconds,actual_session_count,forecast_session_count,charger_count,charger_ids
2023-07-01,2023-07,V0G,548.5858918747201,548.5858918747201,548.5858918747201,0.0,39.983999999999995,39.984,0.0,0.0,13.2,0.0,6.6,1.0,0,0,0,9.962497279047966e-05,7,0,6,UCSD / GILMAN 2-2|2;UCSD / SCHOLARS - 07|2;UCSD / RADY P357 5|2;UCSD / BIRCH AQUARIUM|1;UCSD / SCHOLARS - 01|1;UCSD / SCHOLARS - 08|2
2023-07-01,2023-07,Perfect,352.24576273099973,352.24576273099973,352.24576273099973,0.0,39.984,39.984,0.0,0.0,6.96300675363628,0.0,5.461335607529549,1.0,70,0,0,0.5371009170776233,7,7,6,UCSD / GILMAN 2-2|2;UCSD / SCHOLARS - 07|2;UCSD / RADY P357 5|2;UCSD / BIRCH AQUARIUM|1;UCSD / SCHOLARS - 01|1;UCSD / SCHOLARS - 08|2
2023-07-01,2023-07,NoForecast,364.0710356260703,364.0710356260703,364.0710356260703,0.0,39.983999999999995,39.984,0.0,0.0,7.419670051692316,0.0,5.461335684840185,1.0,28,0,0,0.12753745797090232,7,0,6,UCSD / GILMAN 2-2|2;UCSD / SCHOLARS - 07|2;UCSD / RADY P357 5|2;UCSD / BIRCH AQUARIUM|1;UCSD / SCHOLARS - 01|1;UCSD / SCHOLARS - 08|2
2023-07-01,2023-07,Persistence,419.71335625872007,419.71335625872007,419.71335625872007,0.0,39.983999999999995,39.984,0.0,0.0,9.568444444444443,0.0,5.461333333333334,1.0,73,0,0,0.6766735829878598,7,7,6,UCSD / GILMAN 2-2|2;UCSD / SCHOLARS - 07|2;UCSD / RADY P357 5|2;UCSD / BIRCH AQUARIUM|1;UCSD / SCHOLARS - 01|1;UCSD / SCHOLARS - 08|2
2023-07-01,2023-07,HistoricalMedian,449.740127465947,449.740127465947,449.740127465947,0.0,39.983999999999995,39.984,0.0,0.0,10.728002161082511,0.0,5.461336244922992,1.0,63,0,10,0.7274079159833491,7,10,6,UCSD / GILMAN 2-2|2;UCSD / SCHOLARS - 07|2;UCSD / RADY P357 5|2;UCSD / BIRCH AQUARIUM|1;UCSD / SCHOLARS - 01|1;UCSD / SCHOLARS - 08|2
2023-07-01,2023-07,ConformalRobust,429.80599722410085,429.80599722410085,429.80599722410085,0.0,39.983999999999995,39.984,0.0,0.0,8.613008243979237,0.0,6.6,1.0,76,0,12,0.8712960830889642,7,10,6,UCSD / GILMAN 2-2|2;UCSD / SCHOLARS - 07|2;UCSD / RADY P357 5|2;UCSD / BIRCH AQUARIUM|1;UCSD / SCHOLARS - 01|1;UCSD / SCHOLARS - 08|2
2023-07-02,2023-07,V0G,212.80811459795393,761.394006472674,756.525776997954,543.7176624000001,84.92099999999999,84.92099999999999,0.0,13.2,13.2,6.6,13.2,1.0,0,0,0,3.591598942875862e-05,8,0,6,UCSD / GILMAN 2-2|2;UCSD / SCHOLARS - 07|2;UCSD / RADY P357 5|2;UCSD / BIRCH AQUARIUM|1;UCSD / SCHOLARS - 01|1;UCSD / SCHOLARS - 08|2
2023-07-02,2023-07,Perfect,138.51262443828227,490.758387169282,485.890157694562,347.3775332562797,84.92099999999999,84.92099999999999,0.0,6.96300675363628,8.947434084493004,5.461335607529549,7.957826564798901,1.0,88,0,0,0.7676381249912083,8,8,6,UCSD / GILMAN 2-2|2;UCSD / SCHOLARS - 07|2;UCSD / RADY P357 5|2;UCSD / BIRCH AQUARIUM|1;UCSD / SCHOLARS - 01|1;UCSD / SCHOLARS - 08|2
2023-07-02,2023-07,NoForecast,204.1362059255727,568.2072415516429,563.3390120769229,359.2028061513502,84.92099999999999,84.92099999999999,0.0,7.419670051692316,12.766830472427479,5.461335684840185,7.258446307021609,1.0,42,0,0,0.22128570906352252,8,0,6,UCSD / GILMAN 2-2|2;UCSD / SCHOLARS - 07|2;UCSD / RADY P357 5|2;UCSD / BIRCH AQUARIUM|1;UCSD / SCHOLARS - 01|1;UCSD / SCHOLARS - 08|2
2023-07-02,2023-07,Persistence,90.18258290195519,509.89593916067525,505.0277096859552,414.845126784,84.92099999999999,84.92099999999999,0.0,9.568444444444443,9.5684673481326,5.461333333333334,8.058034969836843,1.0,84,0,5,0.8370064999908209,8,10,6,UCSD / GILMAN 2-2|2;UCSD / SCHOLARS - 07|2;UCSD / RADY P357 5|2;UCSD / BIRCH AQUARIUM|1;UCSD / SCHOLARS - 01|1;UCSD / SCHOLARS - 08|2
2023-07-02,2023-07,HistoricalMedian,228.163057555877,677.903185021824,673.034955547104,444.871897991227,84.921,84.92099999999999,0.0,10.728002161082511,11.871567368101825,5.461336244922992,11.601614435002714,1.0,88,0,4,0.9872050830163062,8,11,6,UCSD / GILMAN 2-2|2;UCSD / SCHOLARS - 07|2;UCSD / RADY P357 5|2;UCSD / BIRCH AQUARIUM|1;UCSD / SCHOLARS - 01|1;UCSD / SCHOLARS - 08|2
2023-07-02,2023-07,ConformalRobust,189.02759206499582,618.8335892890966,613.9653598143766,424.9377677493808,84.92099999999999,84.92099999999999,0.0,8.613008243979237,13.2,6.6,8.544682433168951,1.0,91,0,3,1.0784208750119433,8,11,6,UCSD / GILMAN 2-2|2;UCSD / SCHOLARS - 07|2;UCSD / RADY P357 5|2;UCSD / BIRCH AQUARIUM|1;UCSD / SCHOLARS - 01|1;UCSD / SCHOLARS - 08|2
2023-07-03,2023-07,V0G,387.67886119060006,1149.072867663274,1133.3009251906,745.622064,121.43299999999999,121.433,0.0,13.2,19.799999999999997,13.2,19.799999999999997,1.0,0,0,0,4.412501584738493e-05,12,0,6,UCSD / GILMAN 2-2|2;UCSD / SCHOLARS - 07|2;UCSD / RADY P357 5|2;UCSD / BIRCH AQUARIUM|1;UCSD / SCHOLARS - 01|1;UCSD / SCHOLARS - 08|2
2023-07-03,2023-07,Perfect,150.9698485760871,641.7282357453691,626.1056092895892,475.1357607135021,121.43299999999999,121.433,1.4210854715202004e-14,8.947434084493004,14.203350130365175,7.957826564798901,7.957838584739479,1.0,73,0,0,0.921254292014055,12,12,6,UCSD / GILMAN 2-2|2;UCSD / SCHOLARS - 07|2;UCSD / RADY P357 5|2;UCSD / BIRCH AQUARIUM|1;UCSD / SCHOLARS - 01|1;UCSD / SCHOLARS - 08|2
2023-07-03,2023-07,NoForecast,71.98829668912833,640.1955382407713,624.6319686733025,552.6436719841741,121.433,121.433,0.0,12.766830472427479,14.888138802112833,7.258446307021609,7.330011992117164,1.0,51,0,0,0.32641550002153963,12,0,6,UCSD / GILMAN 2-2|2;UCSD / SCHOLARS - 07|2;UCSD / RADY P357 5|2;UCSD / BIRCH AQUARIUM|1;UCSD / SCHOLARS - 01|1;UCSD / SCHOLARS - 08|2
2023-07-03,2023-07,Persistence,208.22264306748946,718.1185822281648,702.5055584036332,494.2829153361438,121.43299999999999,121.433,1.4210854715202004e-14,9.5684673481326,17.03536180740965,8.058034969836843,8.058034969836843,1.0,82,0,14,0.8227916249306872,12,9,6,UCSD / GILMAN 2-2|2;UCSD / SCHOLARS - 07|2;UCSD / RADY P357 5|2;UCSD / BIRCH AQUARIUM|1;UCSD / SCHOLARS - 01|1;UCSD / SCHOLARS - 08|2
2023-07-03,2023-07,HistoricalMedian,120.63851078567541,798.5416958074994,782.9637526859822,662.3252419003068,121.43299999999999,121.433,1.4210854715202004e-14,11.871567368101825,15.956159974284564,11.601614435002714,11.601627013470697,1.0,71,0,58,0.9143962920643389,12,11,6,UCSD / GILMAN 2-2|2;UCSD / SCHOLARS - 07|2;UCSD / RADY P357 5|2;UCSD / BIRCH AQUARIUM|1;UCSD / SCHOLARS - 01|1;UCSD / SCHOLARS - 08|2
2023-07-03,2023-07,ConformalRobust,183.2636360876537,802.0972253767503,786.4721989378066,603.2085628501529,121.43299999999999,121.433,1.4210854715202004e-14,13.2,14.203361738272573,8.544682433168951,13.200010124450458,1.0,88,0,31,1.038021375075914,12,11,6,UCSD / GILMAN 2-2|2;UCSD / SCHOLARS - 07|2;UCSD / RADY P357 5|2;UCSD / BIRCH AQUARIUM|1;UCSD / SCHOLARS - 01|1;UCSD / SCHOLARS - 08|2
2023-07-04,2023-07,V0G,2.029068385927985,1151.101936049202,374.840100385928,372.811032,16.438000000000002,16.438,0.0,19.799999999999997,19.799999999999997,19.799999999999997,19.799999999999997,1.0,0,0,0,2.420798409730196e-05,3,0,6,UCSD / GILMAN 2-2|2;UCSD / SCHOLARS - 07|2;UCSD / RADY P357 5|2;UCSD / BIRCH AQUARIUM|1;UCSD / SCHOLARS - 01|1;UCSD / SCHOLARS - 08|2
2023-07-04,2023-07,Perfect,2.029068385928099,643.7573041312972,374.840100385928,372.8110319999999,16.438000000000002,16.438,0.0,14.203350130365175,14.203350130365175,7.957838584739479,7.957838584739479,1.0,76,0,0,0.41704558301717043,3,3,6,UCSD / GILMAN 2-2|2;UCSD / SCHOLARS - 07|2;UCSD / RADY P357 5|2;UCSD / BIRCH AQUARIUM|1;UCSD / SCHOLARS - 01|1;UCSD / SCHOLARS - 08|2
2023-07-04,2023-07,NoForecast,2.029068385928099,642.2246066266994,374.840100385928,372.8110319999999,16.438000000000002,16.438,0.0,14.888138802112833,14.888138802112833,7.330011992117164,7.330011992117164,1.0,11,0,0,0.04367033299058676,3,0,6,UCSD / GILMAN 2-2|2;UCSD / SCHOLARS - 07|2;UCSD / RADY P357 5|2;UCSD / BIRCH AQUARIUM|1;UCSD / SCHOLARS - 01|1;UCSD / SCHOLARS - 08|2
2023-07-04,2023-07,Persistence,2.029068385927985,720.1476506140928,374.840100385928,372.811032,16.438000000000002,16.438,0.0,17.03536180740965,17.03536180740965,8.058034969836843,8.058034969836843,1.0,92,0,0,0.8391767919529229,3,10,6,UCSD / GILMAN 2-2|2;UCSD / SCHOLARS - 07|2;UCSD / RADY P357 5|2;UCSD / BIRCH AQUARIUM|1;UCSD / SCHOLARS - 01|1;UCSD / SCHOLARS - 08|2
2023-07-04,2023-07,HistoricalMedian,2.029068385928099,800.5707641934275,374.840100385928,372.8110319999999,16.438000000000002,16.438,0.0,15.956159974284564,15.956159974284564,11.601627013470697,11.601627013470697,1.0,79,0,0,0.8163682910380885,3,11,6,UCSD / GILMAN 2-2|2;UCSD / SCHOLARS - 07|2;UCSD / RADY P357 5|2;UCSD / BIRCH AQUARIUM|1;UCSD / SCHOLARS - 01|1;UCSD / SCHOLARS - 08|2
2023-07-04,2023-07,ConformalRobust,2.029068385928099,804.1262937626784,374.840100385928,372.8110319999999,16.438000000000002,16.438,0.0,14.203361738272573,14.203361738272573,13.200010124450458,13.200010124450458,1.0,95,0,3,0.9305505839874968,3,11,6,UCSD / GILMAN 2-2|2;UCSD / SCHOLARS - 07|2;UCSD / RADY P357 5|2;UCSD / BIRCH AQUARIUM|1;UCSD / SCHOLARS - 01|1;UCSD / SCHOLARS - 08|2
2023-07-05,2023-07,V0G,184.38118058298392,1335.483116632186,747.1488901189838,562.7677095359999,112.55300000000001,112.553,0.0,19.799999999999997,26.4,19.799999999999997,19.799999999999997,1.0,0,0,0,3.612495493143797e-05,7,0,6,UCSD / GILMAN 2-2|2;UCSD / SCHOLARS - 07|2;UCSD / RADY P357 5|2;UCSD / BIRCH AQUARIUM|1;UCSD / SCHOLARS - 01|1;UCSD / SCHOLARS - 08|2
2023-07-05,2023-07,Perfect,13.475476707076837,657.2327808383741,431.31825128127565,417.8427745741988,112.553,112.553,0.0,14.203350130365175,14.203385910480893,7.957838584739479,7.957838584739479,1.0,65,0,0,0.7069367079529911,7,7,6,UCSD / GILMAN 2-2|2;UCSD / SCHOLARS - 07|2;UCSD / RADY P357 5|2;UCSD / BIRCH AQUARIUM|1;UCSD / SCHOLARS - 01|1;UCSD / SCHOLARS - 08|2
2023-07-05,2023-07,NoForecast,13.47540905434687,655.7000156810462,449.0507479352856,435.5753388809387,112.55300000000001,112.553,0.0,14.888138802112833,14.888171969644022,7.330011992117164,7.330011992117164,1.0,42,0,0,0.27609104209113866,7,0,6,UCSD / GILMAN 2-2|2;UCSD / SCHOLARS - 07|2;UCSD / RADY P357 5|2;UCSD / BIRCH AQUARIUM|1;UCSD / SCHOLARS - 01|1;UCSD / SCHOLARS - 08|2
2023-07-05,2023-07,Persistence,13.475313387698407,733.6229640017912,504.6528717463099,491.1775583586115,112.55300000000003,112.553,0.0,17.03536180740965,17.035391280526653,8.058034969836843,8.058034969836843,1.0,65,0,2,0.6580129590583965,7,5,6,UCSD / GILMAN 2-2|2;UCSD / SCHOLARS - 07|2;UCSD / RADY P357 5|2;UCSD / BIRCH AQUARIUM|1;UCSD / SCHOLARS - 01|1;UCSD / SCHOLARS - 08|2
2023-07-05,2023-07,HistoricalMedian,13.475096059349312,814.0458602527768,476.7067833844895,463.2316873251402,112.55300000000003,112.553,0.0,15.956159974284564,15.956181054707265,11.601627013470697,11.601627013470697,1.0,65,0,40,0.8539767910260707,7,12,6,UCSD / GILMAN 2-2|2;UCSD / SCHOLARS - 07|2;UCSD / RADY P357 5|2;UCSD / BIRCH AQUARIUM|1;UCSD / SCHOLARS - 01|1;UCSD / SCHOLARS - 08|2
2023-07-05,2023-07,ConformalRobust,13.475638307060422,817.6019320697388,431.31871346737125,417.84307516031083,112.55300000000003,112.553,0.0,14.203361738272573,14.203403758988138,13.200010124450458,13.200010124450458,1.0,82,0,72,0.9748661669436842,7,12,6,UCSD / GILMAN 2-2|2;UCSD / SCHOLARS - 07|2;UCSD / RADY P357 5|2;UCSD / BIRCH AQUARIUM|1;UCSD / SCHOLARS - 01|1;UCSD / SCHOLARS - 08|2
2023-07-06,2023-07,V0G,16.887645721195895,1352.370762353382,1182.138800473197,1165.2511547520012,133.05700000000002,133.057,0.0,26.4,26.4,19.799999999999997,19.799999999999997,1.0,0,0,0,4.1334074921905994e-05,12,0,6,UCSD / GILMAN 2-2|2;UCSD / SCHOLARS - 07|2;UCSD / RADY P357 5|2;UCSD / BIRCH AQUARIUM|1;UCSD / SCHOLARS - 01|1;UCSD / SCHOLARS - 08|2
2023-07-06,2023-07,Perfect,150.92559856955552,808.1583794079296,762.1643051926375,611.238706623082,133.05700000000002,133.057,0.0,14.203385910480893,14.203385910480893,7.957838584739479,12.339370051060772,1.0,80,0,0,0.9546970420051366,12,12,6,UCSD / GILMAN 2-2|2;UCSD / SCHOLARS - 07|2;UCSD / RADY P357 5|2;UCSD / BIRCH AQUARIUM|1;UCSD / SCHOLARS - 01|1;UCSD / SCHOLARS - 08|2
2023-07-06,2023-07,NoForecast,402.48989558682797,1058.1899112678743,1012.2548939408933,609.7649983540654,133.05700000000002,133.057,0.0,14.888171969644022,17.62132360463518,7.330011992117164,17.62132360463518,1.0,54,0,0,0.310610624961555,12,0,6,UCSD / GILMAN 2-2|2;UCSD / SCHOLARS - 07|2;UCSD / RADY P357 5|2;UCSD / BIRCH AQUARIUM|1;UCSD / SCHOLARS - 01|1;UCSD / SCHOLARS - 08|2
2023-07-06,2023-07,Persistence,324.61632246880527,1058.2392864705964,1012.2548148865528,687.6384924177476,133.057,133.057,0.0,17.035391280526653,17.621322205109408,8.058034969836843,17.621322205109408,1.0,78,0,3,0.7194902079645544,12,6,6,UCSD / GILMAN 2-2|2;UCSD / SCHOLARS - 07|2;UCSD / RADY P357 5|2;UCSD / BIRCH AQUARIUM|1;UCSD / SCHOLARS - 01|1;UCSD / SCHOLARS - 08|2
2023-07-06,2023-07,HistoricalMedian,51.57596703363731,865.6218272864141,819.6724364053847,768.0964693717474,133.05700000000002,133.057,0.0,15.956181054707265,15.956193060868195,11.601627013470697,12.735534283026741,1.0,79,0,18,1.0070669580018148,12,13,6,UCSD / GILMAN 2-2|2;UCSD / SCHOLARS - 07|2;UCSD / RADY P357 5|2;UCSD / BIRCH AQUARIUM|1;UCSD / SCHOLARS - 01|1;UCSD / SCHOLARS - 08|2
2023-07-06,2023-07,ConformalRobust,16.888421128208392,834.4903531979472,788.4938789994915,771.6054578712831,133.05700000000002,133.057,0.0,14.203403758988138,14.203424735167435,13.200010124450458,13.200017715756776,1.0,91,0,33,1.0861617909977213,12,13,6,UCSD / GILMAN 2-2|2;UCSD / SCHOLARS - 07|2;UCSD / RADY P357 5|2;UCSD / BIRCH AQUARIUM|1;UCSD / SCHOLARS - 01|1;UCSD / SCHOLARS - 08|2
2023-07-07,2023-07,V0G,11.362324973677914,1363.7330873270598,524.0822161736779,512.7198912,94.96900000000001,94.969,0.0,26.4,26.4,19.799999999999997,19.799999999999997,1.0,0,0,0,3.587501123547554e-05,9,0,6,UCSD / GILMAN 2-2|2;UCSD / SCHOLARS - 07|2;UCSD / RADY P357 5|2;UCSD / BIRCH AQUARIUM|1;UCSD / SCHOLARS - 01|1;UCSD / SCHOLARS - 08|2
2023-07-07,2023-07,Perfect,11.362700162161332,819.5210795700909,379.158582924453,367.7958827622917,94.96900000000002,94.969,0.0,14.203385910480893,14.203400399351127,12.339370051060772,12.339370051060772,1.0,63,0,0,0.7862726249732077,9,9,6,UCSD / GILMAN 2-2|2;UCSD / SCHOLARS - 07|2;UCSD / RADY P357 5|2;UCSD / BIRCH AQUARIUM|1;UCSD / SCHOLARS - 01|1;UCSD / SCHOLARS - 08|2
2023-07-07,2023-07,NoForecast,11.362624452470754,1069.552535720345,467.66581240037686,456.3031879479061,94.96900000000001,94.969,0.0,17.62132360463518,17.62133516978059,17.62132360463518,17.62132360463518,1.0,42,0,0,0.21267466701101512,9,0,6,UCSD / GILMAN 2-2|2;UCSD / SCHOLARS - 07|2;UCSD / RADY P357 5|2;UCSD / BIRCH AQUARIUM|1;UCSD / SCHOLARS - 01|1;UCSD / SCHOLARS - 08|2
2023-07-07,2023-07,Persistence,11.362726873348151,1069.6020133439447,467.6658785806129,456.30315170726476,94.96900000000002,94.969,0.0,17.621322205109408,17.621337725500968,17.621322205109408,17.621322205109408,1.0,81,0,40,0.8849415419390425,9,13,6,UCSD / GILMAN 2-2|2;UCSD / SCHOLARS - 07|2;UCSD / RADY P357 5|2;UCSD / BIRCH AQUARIUM|1;UCSD / SCHOLARS - 01|1;UCSD / SCHOLARS - 08|2
2023-07-07,2023-07,HistoricalMedian,11.362649173957152,876.9844764603713,424.5473749383277,413.18472576437057,94.96900000000002,94.969,0.0,15.956193060868195,15.956205580697517,12.735534283026741,12.735534283026741,1.0,72,0,53,0.9212131659733132,9,13,6,UCSD / GILMAN 2-2|2;UCSD / SCHOLARS - 07|2;UCSD / RADY P357 5|2;UCSD / BIRCH AQUARIUM|1;UCSD / SCHOLARS - 01|1;UCSD / SCHOLARS - 08|2
2023-07-07,2023-07,ConformalRobust,11.362713291172668,845.8530664891199,379.15960141654824,367.7968881253756,94.96900000000001,94.969,0.0,14.203424735167435,14.20343973104828,13.200017715756776,13.200017715756776,1.0,89,0,40,1.0472882080357522,9,13,6,UCSD / GILMAN 2-2|2;UCSD / SCHOLARS - 07|2;UCSD / RADY P357 5|2;UCSD / BIRCH AQUARIUM|1;UCSD / SCHOLARS - 01|1;UCSD / SCHOLARS - 08|2
2023-07-08,2023-07,V0G,6.023547298015956,1369.7566346250758,490.026453346016,484.00290604800006,50.146,50.146,0.0,26.4,26.4,19.799999999999997,19.799999999999997,1.0,0,0,0,2.9959017410874367e-05,7,0,6,UCSD / GILMAN 2-2|2;UCSD / SCHOLARS - 07|2;UCSD / RADY P357 5|2;UCSD / BIRCH AQUARIUM|1;UCSD / SCHOLARS - 01|1;UCSD / SCHOLARS - 08|2
2023-07-08,2023-07,Perfect,6.023547298016069,825.544626868107,490.026453346016,484.00290604799994,50.146,50.146,0.0,14.203400399351127,14.203400399351127,12.339370051060772,12.339370051060772,1.0,70,0,0,0.48451233305968344,7,7,6,UCSD / GILMAN 2-2|2;UCSD / SCHOLARS - 07|2;UCSD / RADY P357 5|2;UCSD / BIRCH AQUARIUM|1;UCSD / SCHOLARS - 01|1;UCSD / SCHOLARS - 08|2
2023-07-08,2023-07,NoForecast,6.023547298016069,1075.5760830183613,490.026453346016,484.00290604799994,50.146,50.146,0.0,17.62133516978059,17.62133516978059,17.62132360463518,17.62132360463518,1.0,24,0,0,0.11539066699333489,7,0,6,UCSD / GILMAN 2-2|2;UCSD / SCHOLARS - 07|2;UCSD / RADY P357 5|2;UCSD / BIRCH AQUARIUM|1;UCSD / SCHOLARS - 01|1;UCSD / SCHOLARS - 08|2
2023-07-08,2023-07,Persistence,6.023547298015956,1075.6255606419606,490.026453346016,484.00290604800006,50.146,50.146,0.0,17.621337725500968,17.621337725500968,17.621322205109408,17.621322205109408,1.0,68,0,1,0.5211114170961082,7,7,6,UCSD / GILMAN 2-2|2;UCSD / SCHOLARS - 07|2;UCSD / RADY P357 5|2;UCSD / BIRCH AQUARIUM|1;UCSD / SCHOLARS - 01|1;UCSD / SCHOLARS - 08|2
2023-07-08,2023-07,HistoricalMedian,6.023547298015956,883.0080237583873,490.026453346016,484.00290604800006,50.146,50.146,0.0,15.956205580697517,15.956205580697517,12.735534283026741,12.735534283026741,1.0,62,0,3,0.6724922499852255,7,9,6,UCSD / GILMAN 2-2|2;UCSD / SCHOLARS - 07|2;UCSD / RADY P357 5|2;UCSD / BIRCH AQUARIUM|1;UCSD / SCHOLARS - 01|1;UCSD / SCHOLARS - 08|2
2023-07-08,2023-07,ConformalRobust,6.023547298015956,851.8766137871359,490.026453346016,484.00290604800006,50.146,50.146,0.0,14.20343973104828,14.20343973104828,13.200017715756776,13.200017715756776,1.0,78,0,4,0.841088333982043,7,9,6,UCSD / GILMAN 2-2|2;UCSD / SCHOLARS - 07|2;UCSD / RADY P357 5|2;UCSD / BIRCH AQUARIUM|1;UCSD / SCHOLARS - 01|1;UCSD / SCHOLARS - 08|2
2023-07-09,2023-07,V0G,2.672809327965979,1372.4294439530418,252.38333950396594,249.71053017599996,22.229,22.229,0.0,26.4,26.4,19.799999999999997,19.799999999999997,1.0,0,0,0,2.4875043891370296e-05,4,0,6,UCSD / GILMAN 2-2|2;UCSD / SCHOLARS - 07|2;UCSD / RADY P357 5|2;UCSD / BIRCH AQUARIUM|1;UCSD / SCHOLARS - 01|1;UCSD / SCHOLARS - 08|2
2023-07-09,2023-07,Perfect,2.6728093279660925,828.2174361960731,252.383339503966,249.7105301759999,22.229,22.229,0.0,14.203400399351127,14.203400399351127,12.339370051060772,12.339370051060772,1.0,65,0,0,0.27487937500700355,4,4,6,UCSD / GILMAN 2-2|2;UCSD / SCHOLARS - 07|2;UCSD / RADY P357 5|2;UCSD / BIRCH AQUARIUM|1;UCSD / SCHOLARS - 01|1;UCSD / SCHOLARS - 08|2
2023-07-09,2023-07,NoForecast,2.6728093279660925,1078.2488923463275,252.383339503966,249.7105301759999,22.229,22.229,0.0,17.62133516978059,17.62133516978059,17.62132360463518,17.62132360463518,1.0,16,0,0,0.06381275004241616,4,0,6,UCSD / GILMAN 2-2|2;UCSD / SCHOLARS - 07|2;UCSD / RADY P357 5|2;UCSD / BIRCH AQUARIUM|1;UCSD / SCHOLARS - 01|1;UCSD / SCHOLARS - 08|2
2023-07-09,2023-07,Persistence,2.6728093279660925,1078.2983699699266,252.383339503966,249.7105301759999,22.229,22.229,0.0,17.621337725500968,17.621337725500968,17.621322205109408,17.621322205109408,1.0,72,0,3,0.6172045420389622,4,8,6,UCSD / GILMAN 2-2|2;UCSD / SCHOLARS - 07|2;UCSD / RADY P357 5|2;UCSD / BIRCH AQUARIUM|1;UCSD / SCHOLARS - 01|1;UCSD / SCHOLARS - 08|2
2023-07-09,2023-07,HistoricalMedian,2.6728093279660925,885.6808330863533,252.383339503966,249.7105301759999,22.229,22.229,0.0,15.956205580697517,15.956205580697517,12.735534283026741,12.735534283026741,1.0,71,0,4,0.8391307910205796,4,10,6,UCSD / GILMAN 2-2|2;UCSD / SCHOLARS - 07|2;UCSD / RADY P357 5|2;UCSD / BIRCH AQUARIUM|1;UCSD / SCHOLARS - 01|1;UCSD / SCHOLARS - 08|2
2023-07-09,2023-07,ConformalRobust,2.6728093279660925,854.549423115102,252.383339503966,249.7105301759999,22.229,22.229,0.0,14.20343973104828,14.20343973104828,13.200017715756776,13.200017715756776,1.0,88,0,7,0.9855496250092983,4,10,6,UCSD / GILMAN 2-2|2;UCSD / SCHOLARS - 07|2;UCSD / RADY P357 5|2;UCSD / BIRCH AQUARIUM|1;UCSD / SCHOLARS - 01|1;UCSD / SCHOLARS - 08|2
2023-07-10,2023-07,V0G,10.13730656953203,1382.5667505225738,755.7593705695319,745.6220639999999,78.30600000000001,78.306,0.0,26.4,26.4,19.799999999999997,19.799999999999997,1.0,0,0,0,3.158289473503828e-05,5,0,6,UCSD / GILMAN 2-2|2;UCSD / SCHOLARS - 07|2;UCSD / RADY P357 5|2;UCSD / BIRCH AQUARIUM|1;UCSD / SCHOLARS - 01|1;UCSD / SCHOLARS - 08|2
2023-07-10,2023-07,Perfect,10.137830691191084,838.3552668872642,707.146347522685,697.0085168314939,78.30600000000001,78.306,0.0,14.203400399351127,14.203400399351127,12.339370051060772,12.339387183936148,1.0,81,0,0,0.6065125419991091,5,5,6,UCSD / GILMAN 2-2|2;UCSD / SCHOLARS - 07|2;UCSD / RADY P357 5|2;UCSD / BIRCH AQUARIUM|1;UCSD / SCHOLARS - 01|1;UCSD / SCHOLARS - 08|2
2023-07-10,2023-07,NoForecast,10.137306569531916,1088.3861989158595,755.7593705695319,745.622064,78.30600000000001,78.306,0.0,17.62133516978059,17.62133516978059,17.62132360463518,17.62132360463518,1.0,44,0,0,0.1916652088984847,5,0,6,UCSD / GILMAN 2-2|2;UCSD / SCHOLARS - 07|2;UCSD / RADY P357 5|2;UCSD / BIRCH AQUARIUM|1;UCSD / SCHOLARS - 01|1;UCSD / SCHOLARS - 08|2
2023-07-10,2023-07,Persistence,10.137306569531916,1088.4356765394587,755.7593705695319,745.622064,78.30600000000001,78.306,0.0,17.621337725500968,17.621337725500968,17.621322205109408,17.621322205109408,1.0,81,0,1,0.8872359580127522,5,12,6,UCSD / GILMAN 2-2|2;UCSD / SCHOLARS - 07|2;UCSD / RADY P357 5|2;UCSD / BIRCH AQUARIUM|1;UCSD / SCHOLARS - 01|1;UCSD / SCHOLARS - 08|2
2023-07-10,2023-07,HistoricalMedian,10.137791225106184,895.8186243114595,729.5242134618536,719.3864222367474,78.30600000000001,78.306,0.0,15.956205580697517,15.956205580697517,12.735534283026741,12.735550125805618,1.0,81,0,7,0.9437912499997765,5,12,6,UCSD / GILMAN 2-2|2;UCSD / SCHOLARS - 07|2;UCSD / RADY P357 5|2;UCSD / BIRCH AQUARIUM|1;UCSD / SCHOLARS - 01|1;UCSD / SCHOLARS - 08|2
2023-07-10,2023-07,ConformalRobust,10.137306569531916,864.6867296846339,755.7593705695319,745.622064,78.30600000000001,78.306,0.0,14.20343973104828,14.20343973104828,13.200017715756776,13.200017715756776,1.0,88,0,29,1.029471084009856,5,12,6,UCSD / GILMAN 2-2|2;UCSD / SCHOLARS - 07|2;UCSD / RADY P357 5|2;UCSD / BIRCH AQUARIUM|1;UCSD / SCHOLARS - 01|1;UCSD / SCHOLARS - 08|2
2023-07-11,2023-07,V0G,18.164395918013952,1400.7311464405877,903.695319118014,885.5309232000001,149.856,149.856,0.0,26.4,26.4,19.799999999999997,19.799999999999997,1.0,0,0,0,4.650000482797623e-05,9,0,6,UCSD / GILMAN 2-2|2;UCSD / SCHOLARS - 07|2;UCSD / RADY P357 5|2;UCSD / BIRCH AQUARIUM|1;UCSD / SCHOLARS - 01|1;UCSD / SCHOLARS - 08|2
2023-07-11,2023-07,Perfect,18.256774353965397,856.6120412412296,763.5343331355492,745.2775587815838,149.856,149.856,0.0,14.203400399351127,14.203479239008471,12.339387183936148,12.339394510076039,1.0,81,0,0,1.010588041972369,9,9,6,UCSD / GILMAN 2-2|2;UCSD / SCHOLARS - 07|2;UCSD / RADY P357 5|2;UCSD / BIRCH AQUARIUM|1;UCSD / SCHOLARS - 01|1;UCSD / SCHOLARS - 08|2
2023-07-11,2023-07,NoForecast,18.16629745313662,1106.5524963689961,676.3741864798355,658.2078890266989,149.85600000000002,149.856,0.0,17.62133516978059,17.62140860246006,17.62132360463518,17.62132360463518,1.0,50,0,0,0.35958879196550697,9,0,6,UCSD / GILMAN 2-2|2;UCSD / SCHOLARS - 07|2;UCSD / RADY P357 5|2;UCSD / BIRCH AQUARIUM|1;UCSD / SCHOLARS - 01|1;UCSD / SCHOLARS - 08|2
2023-07-11,2023-07,Persistence,18.16620040847124,1106.60187694793,676.3741556154063,658.207955206935,149.85600000000002,149.856,0.0,17.621337725500968,17.62140741055058,17.621322205109408,17.621322205109408,1.0,77,0,5,0.5844455830520019,9,3,6,UCSD / GILMAN 2-2|2;UCSD / SCHOLARS - 07|2;UCSD / RADY P357 5|2;UCSD / BIRCH AQUARIUM|1;UCSD / SCHOLARS - 01|1;UCSD / SCHOLARS - 08|2
2023-07-11,2023-07,HistoricalMedian,18.166341194406186,913.9849655058657,633.255792759056,615.0894515646498,149.85600000000005,149.856,0.0,15.956205580697517,15.95628070255885,12.735550125805618,12.735550125805618,1.0,72,0,51,0.877358749974519,9,8,6,UCSD / GILMAN 2-2|2;UCSD / SCHOLARS - 07|2;UCSD / RADY P357 5|2;UCSD / BIRCH AQUARIUM|1;UCSD / SCHOLARS - 01|1;UCSD / SCHOLARS - 08|2
2023-07-11,2023-07,ConformalRobust,18.25683460386165,882.9435642884955,789.8634561996518,771.6066215957901,149.85600000000005,149.856,0.0,14.20343973104828,14.203523804815585,13.200017715756776,13.200022772289321,1.0,81,0,90,0.9562139580957592,9,8,6,UCSD / GILMAN 2-2|2;UCSD / SCHOLARS - 07|2;UCSD / RADY P357 5|2;UCSD / BIRCH AQUARIUM|1;UCSD / SCHOLARS - 01|1;UCSD / SCHOLARS - 08|2
2023-07-12,2023-07,V0G,10.76619661350992,1411.4973430540977,554.48385901351,543.7176624000001,88.57100000000003,88.571,0.0,26.4,26.4,19.799999999999997,19.799999999999997,1.0,0,0,0,3.2833078876137733e-05,6,0,6,UCSD / GILMAN 2-2|2;UCSD / SCHOLARS - 07|2;UCSD / RADY P357 5|2;UCSD / BIRCH AQUARIUM|1;UCSD / SCHOLARS - 01|1;UCSD / SCHOLARS - 08|2
2023-07-12,2023-07,Perfect,10.733148491976976,867.3451897332066,554.4508108919771,543.7176624000001,88.57100000000003,88.571,0.0,14.203479239008471,14.203479239008471,12.339394510076039,12.339394510076039,1.0,85,0,0,0.7500426250044256,6,6,6,UCSD / GILMAN 2-2|2;UCSD / SCHOLARS - 07|2;UCSD / RADY P357 5|2;UCSD / BIRCH AQUARIUM|1;UCSD / SCHOLARS - 01|1;UCSD / SCHOLARS - 08|2
2023-07-12,2023-07,NoForecast,10.733473607356473,1117.2859699763526,554.4511360073566,543.7176624000001,88.57100000000003,88.571,0.0,17.62140860246006,17.62140860246006,17.62132360463518,17.62132360463518,1.0,54,0,0,0.2469092500396073,6,0,6,UCSD / GILMAN 2-2|2;UCSD / SCHOLARS - 07|2;UCSD / RADY P357 5|2;UCSD / BIRCH AQUARIUM|1;UCSD / SCHOLARS - 01|1;UCSD / SCHOLARS - 08|2
2023-07-12,2023-07,Persistence,10.733473607260635,1117.3353505551904,554.4511360072607,543.7176624000001,88.57100000000001,88.571,0.0,17.62140741055058,17.62140741055058,17.621322205109408,17.621322205109408,1.0,81,0,30,0.7009120419388637,6,7,6,UCSD / GILMAN 2-2|2;UCSD / SCHOLARS - 07|2;UCSD / RADY P357 5|2;UCSD / BIRCH AQUARIUM|1;UCSD / SCHOLARS - 01|1;UCSD / SCHOLARS - 08|2
2023-07-12,2023-07,HistoricalMedian,10.733223251752293,924.718188757618,554.4508856517523,543.7176624,88.57100000000003,88.571,0.0,15.95628070255885,15.95628070255885,12.735550125805618,12.735550125805618,1.0,81,0,26,0.8474247080739588,6,10,6,UCSD / GILMAN 2-2|2;UCSD / SCHOLARS - 07|2;UCSD / RADY P357 5|2;UCSD / BIRCH AQUARIUM|1;UCSD / SCHOLARS - 01|1;UCSD / SCHOLARS - 08|2
2023-07-12,2023-07,ConformalRobust,10.733183020578394,893.6767473090739,554.4508454205784,543.7176624,88.57100000000003,88.571,0.0,14.203523804815585,14.203523804815585,13.200022772289321,13.200022772289321,1.0,85,0,36,0.9364043329842389,6,10,6,UCSD / GILMAN 2-2|2;UCSD / SCHOLARS - 07|2;UCSD / RADY P357 5|2;UCSD / BIRCH AQUARIUM|1;UCSD / SCHOLARS - 01|1;UCSD / SCHOLARS - 08|2
2023-07-13,2023-07,V0G,190.88919169959036,1602.386534753688,1480.2289180995904,1289.3397264,159.3,159.3,0.0,26.4,33.0,19.799999999999997,19.799999999999997,1.0,0,0,0,4.6083005145192146e-05,16,0,6,UCSD / GILMAN 2-2|2;UCSD / SCHOLARS - 07|2;UCSD / RADY P357 5|2;UCSD / BIRCH AQUARIUM|1;UCSD / SCHOLARS - 01|1;UCSD / SCHOLARS - 08|2
2023-07-13,2023-07,Perfect,197.3656243590127,1064.7108140922192,942.6454488072736,745.2798244482609,159.29999999999998,159.3,2.842170943040401e-14,14.203479239008471,18.65819012892885,12.339394510076039,14.367030288917384,1.0,77,0,0,1.0396159999072552,16,16,6,UCSD / GILMAN 2-2|2;UCSD / SCHOLARS - 07|2;UCSD / RADY P357 5|2;UCSD / BIRCH AQUARIUM|1;UCSD / SCHOLARS - 01|1;UCSD / SCHOLARS - 08|2
2023-07-13,2023-07,NoForecast,51.71223147113176,1168.9982014474845,1047.0816807047445,995.3694492336127,159.3,159.3,0.0,17.62140860246006,18.84670376290737,17.62132360463518,17.621347160410394,1.0,45,0,0,0.32828945794608444,16,0,6,UCSD / GILMAN 2-2|2;UCSD / SCHOLARS - 07|2;UCSD / RADY P357 5|2;UCSD / BIRCH AQUARIUM|1;UCSD / SCHOLARS - 01|1;UCSD / SCHOLARS - 08|2
2023-07-13,2023-07,Persistence,78.63334117913337,1195.9686917343238,1074.0027167346177,995.3693755554843,159.3,159.3,0.0,17.62140741055058,19.886333914900113,17.621322205109408,17.621342958708254,1.0,77,0,22,0.9229339580051601,16,12,6,UCSD / GILMAN 2-2|2;UCSD / SCHOLARS - 07|2;UCSD / RADY P357 5|2;UCSD / BIRCH AQUARIUM|1;UCSD / SCHOLARS - 01|1;UCSD / SCHOLARS - 08|2
2023-07-13,2023-07,HistoricalMedian,252.37242787238063,1177.0906166299987,1055.1599726888148,802.7875448164342,159.3,159.3,0.0,15.95628070255885,19.104710735216614,12.735550125805618,17.667020383800807,1.0,77,0,39,0.897547125001438,16,12,6,UCSD / GILMAN 2-2|2;UCSD / SCHOLARS - 07|2;UCSD / RADY P357 5|2;UCSD / BIRCH AQUARIUM|1;UCSD / SCHOLARS - 01|1;UCSD / SCHOLARS - 08|2
2023-07-13,2023-07,ConformalRobust,233.07500111097272,1126.7517484200466,1004.6839544795588,771.6089533685861,159.3,159.3,0.0,14.203523804815585,19.104711281824983,13.200022772289321,16.017022607823225,1.0,94,0,43,1.0129878330044448,16,12,6,UCSD / GILMAN 2-2|2;UCSD / SCHOLARS - 07|2;UCSD / RADY P357 5|2;UCSD / BIRCH AQUARIUM|1;UCSD / SCHOLARS - 01|1;UCSD / SCHOLARS - 08|2
2023-07-14,2023-07,V0G,12.365644564624063,1614.752179318312,928.894338964624,916.5286944,97.44500000000001,97.445,0.0,33.0,33.0,19.799999999999997,19.799999999999997,1.0,0,0,0,3.5499921068549156e-05,8,0,6,UCSD / GILMAN 2-2|2;UCSD / SCHOLARS - 07|2;UCSD / RADY P357 5|2;UCSD / BIRCH AQUARIUM|1;UCSD / SCHOLARS - 01|1;UCSD / SCHOLARS - 08|2
2023-07-14,2023-07,Perfect,12.36573757879762,1077.0765516710167,899.3273293087631,886.9615917299654,97.44500000000002,97.445,0.0,18.65819012892885,18.658193720910887,14.367030288917384,14.367030288917384,1.0,82,0,0,0.7222334159305319,8,8,6,UCSD / GILMAN 2-2|2;UCSD / SCHOLARS - 07|2;UCSD / RADY P357 5|2;UCSD / BIRCH AQUARIUM|1;UCSD / SCHOLARS - 01|1;UCSD / SCHOLARS - 08|2
2023-07-14,2023-07,NoForecast,12.36574750220393,1181.3639489496884,904.2088892272794,891.8431417250755,97.44500000000002,97.445,0.0,18.84670376290737,18.846707738107305,17.621347160410394,17.621347160410394,1.0,48,0,0,0.2188020000467077,8,0,6,UCSD / GILMAN 2-2|2;UCSD / SCHOLARS - 07|2;UCSD / RADY P357 5|2;UCSD / BIRCH AQUARIUM|1;UCSD / SCHOLARS - 01|1;UCSD / SCHOLARS - 08|2
2023-07-14,2023-07,Persistence,12.365644564623835,1208.3343362989476,928.894338964624,916.5286944000002,97.44500000000002,97.445,0.0,19.886333914900113,19.886333914900113,17.621342958708254,17.621342958708254,1.0,80,0,10,0.8177854999667034,8,9,6,UCSD / GILMAN 2-2|2;UCSD / SCHOLARS - 07|2;UCSD / RADY P357 5|2;UCSD / BIRCH AQUARIUM|1;UCSD / SCHOLARS - 01|1;UCSD / SCHOLARS - 08|2
2023-07-14,2023-07,HistoricalMedian,12.365748499782285,1189.456365129781,910.8899663244155,898.5242178246332,97.44500000000002,97.445,0.0,19.104710735216614,19.104714748940616,17.667020383800807,17.667020383800807,1.0,82,0,12,0.8915180409094319,8,11,6,UCSD / GILMAN 2-2|2;UCSD / SCHOLARS - 07|2;UCSD / RADY P357 5|2;UCSD / BIRCH AQUARIUM|1;UCSD / SCHOLARS - 01|1;UCSD / SCHOLARS - 08|2
2023-07-14,2023-07,ConformalRobust,12.365743430564407,1139.117491850611,910.8899754095906,898.5242319790262,97.44500000000002,97.445,0.0,19.104711281824983,19.104715099788073,16.017022607823225,16.017022607823225,1.0,89,0,33,0.9651968339458108,8,11,6,UCSD / GILMAN 2-2|2;UCSD / SCHOLARS - 07|2;UCSD / RADY P357 5|2;UCSD / BIRCH AQUARIUM|1;UCSD / SCHOLARS - 01|1;UCSD / SCHOLARS - 08|2
2023-07-15,2023-07,V0G,2.018721418369978,1616.770900736682,374.82975341837,372.811032,15.918999999999999,15.919,0.0,33.0,33.0,19.799999999999997,19.799999999999997,1.0,0,0,0,2.383394166827202e-05,3,0,6,UCSD / GILMAN 2-2|2;UCSD / SCHOLARS - 07|2;UCSD / RADY P357 5|2;UCSD / BIRCH AQUARIUM|1;UCSD / SCHOLARS - 01|1;UCSD / SCHOLARS - 08|2
2023-07-15,2023-07,Perfect,2.018721418369978,1079.0952730893866,374.82975341837,372.811032,15.919,15.919,0.0,18.658193720910887,18.658193720910887,14.367030288917384,14.367030288917384,1.0,68,0,0,0.2848932499764487,3,3,6,UCSD / GILMAN 2-2|2;UCSD / SCHOLARS - 07|2;UCSD / RADY P357 5|2;UCSD / BIRCH AQUARIUM|1;UCSD / SCHOLARS - 01|1;UCSD / SCHOLARS - 08|2
2023-07-15,2023-07,NoForecast,2.018721418369978,1183.3826703680584,374.82975341837,372.811032,15.919,15.919,0.0,18.846707738107305,18.846707738107305,17.621347160410394,17.621347160410394,1.0,11,0,0,0.04423441702965647,3,0,6,UCSD / GILMAN 2-2|2;UCSD / SCHOLARS - 07|2;UCSD / RADY P357 5|2;UCSD / BIRCH AQUARIUM|1;UCSD / SCHOLARS - 01|1;UCSD / SCHOLARS - 08|2
2023-07-15,2023-07,Persistence,2.018721418369978,1210.3530577173176,374.82975341837,372.811032,15.919,15.919,0.0,19.886333914900113,19.886333914900113,17.621342958708254,17.621342958708254,1.0,69,0,5,0.44162562501151115,3,7,6,UCSD / GILMAN 2-2|2;UCSD / SCHOLARS - 07|2;UCSD / RADY P357 5|2;UCSD / BIRCH AQUARIUM|1;UCSD / SCHOLARS - 01|1;UCSD / SCHOLARS - 08|2
2023-07-15,2023-07,HistoricalMedian,2.0187214183702054,1191.4750865481512,374.82975341837,372.8110319999998,15.919,15.919,0.0,19.104714748940616,19.104714748940616,17.667020383800807,17.667020383800807,1.0,60,0,4,0.5987488330574706,3,8,6,UCSD / GILMAN 2-2|2;UCSD / SCHOLARS - 07|2;UCSD / RADY P357 5|2;UCSD / BIRCH AQUARIUM|1;UCSD / SCHOLARS - 01|1;UCSD / SCHOLARS - 08|2
2023-07-15,2023-07,ConformalRobust,2.018721418369978,1141.136213268981,374.82975341837,372.811032,15.919,15.919,0.0,19.104715099788073,19.104715099788073,16.017022607823225,16.017022607823225,1.0,70,0,6,0.726975042023696,3,8,6,UCSD / GILMAN 2-2|2;UCSD / SCHOLARS - 07|2;UCSD / RADY P357 5|2;UCSD / BIRCH AQUARIUM|1;UCSD / SCHOLARS - 01|1;UCSD / SCHOLARS - 08|2
2023-07-16,2023-07,V0G,9.029375922408008,1625.80027665909,754.651439922408,745.622064,68.91900000000004,68.919,0.0,33.0,33.0,19.799999999999997,19.799999999999997,1.0,0,0,0,2.920802216976881e-05,3,0,6,UCSD / GILMAN 2-2|2;UCSD / SCHOLARS - 07|2;UCSD / RADY P357 5|2;UCSD / BIRCH AQUARIUM|1;UCSD / SCHOLARS - 01|1;UCSD / SCHOLARS - 08|2
2023-07-16,2023-07,Perfect,8.923818028424535,1088.019091117811,754.5458820284246,745.622064,68.91900000000004,68.919,0.0,18.658193720910887,18.658193720910887,14.367030288917384,14.367030288917384,1.0,93,0,0,0.5418775830185041,3,3,6,UCSD / GILMAN 2-2|2;UCSD / SCHOLARS - 07|2;UCSD / RADY P357 5|2;UCSD / BIRCH AQUARIUM|1;UCSD / SCHOLARS - 01|1;UCSD / SCHOLARS - 08|2
2023-07-16,2023-07,NoForecast,8.92385980288509,1192.3065301709435,754.5459238028852,745.6220640000001,68.91900000000004,68.919,0.0,18.846707738107305,18.846707738107305,17.621347160410394,17.621347160410394,1.0,40,0,0,0.17901362490374595,3,0,6,UCSD / GILMAN 2-2|2;UCSD / SCHOLARS - 07|2;UCSD / RADY P357 5|2;UCSD / BIRCH AQUARIUM|1;UCSD / SCHOLARS - 01|1;UCSD / SCHOLARS - 08|2
2023-07-16,2023-07,Persistence,8.923870571248699,1219.2769282885663,754.545934571249,745.6220640000003,68.91900000000004,68.919,0.0,19.886333914900113,19.886333914900113,17.621342958708254,17.621342958708254,1.0,93,0,0,0.4153799170162529,3,4,6,UCSD / GILMAN 2-2|2;UCSD / SCHOLARS - 07|2;UCSD / RADY P357 5|2;UCSD / BIRCH AQUARIUM|1;UCSD / SCHOLARS - 01|1;UCSD / SCHOLARS - 08|2
2023-07-16,2023-07,HistoricalMedian,8.923863034198803,1200.39894958235,754.5459270341988,745.622064,68.91900000000004,68.919,0.0,19.104714748940616,19.104714748940616,17.667020383800807,17.667020383800807,1.0,93,0,2,0.9152660419931635,3,10,6,UCSD / GILMAN 2-2|2;UCSD / SCHOLARS - 07|2;UCSD / RADY P357 5|2;UCSD / BIRCH AQUARIUM|1;UCSD / SCHOLARS - 01|1;UCSD / SCHOLARS - 08|2
2023-07-16,2023-07,ConformalRobust,8.923842922771769,1150.0600561917527,754.5459069227718,745.622064,68.91900000000003,68.919,0.0,19.104715099788073,19.104715099788073,16.017022607823225,16.017022607823225,1.0,93,0,16,1.0169857499422505,3,10,6,UCSD / GILMAN 2-2|2;UCSD / SCHOLARS - 07|2;UCSD / RADY P357 5|2;UCSD / BIRCH AQUARIUM|1;UCSD / SCHOLARS - 01|1;UCSD / SCHOLARS - 08|2
2023-07-17,2023-07,V0G,11.950095559595866,1637.750372218686,869.4108994635961,857.4608039040003,98.523,98.523,0.0,33.0,33.0,19.799999999999997,19.799999999999997,1.0,0,0,0,3.712496254593134e-05,11,0,6,UCSD / GILMAN 2-2|2;UCSD / SCHOLARS - 07|2;UCSD / RADY P357 5|2;UCSD / BIRCH AQUARIUM|1;UCSD / SCHOLARS - 01|1;UCSD / SCHOLARS - 08|2
2023-07-17,2023-07,Perfect,11.951212172316787,1099.970303290128,697.0084953164558,685.057283144139,98.523,98.523,0.0,18.658193720910887,18.658236841788874,14.367030288917384,14.367030288917384,1.0,78,0,0,0.7894561659777537,11,11,6,UCSD / GILMAN 2-2|2;UCSD / SCHOLARS - 07|2;UCSD / RADY P357 5|2;UCSD / BIRCH AQUARIUM|1;UCSD / SCHOLARS - 01|1;UCSD / SCHOLARS - 08|2
2023-07-17,2023-07,NoForecast,11.95133215678834,1204.2578623277318,701.8901752194439,689.9388430626556,98.52300000000001,98.523,0.0,18.846707738107305,18.846755492494896,17.621347160410394,17.621347160410394,1.0,34,0,0,0.21821341710165143,11,0,6,UCSD / GILMAN 2-2|2;UCSD / SCHOLARS - 07|2;UCSD / RADY P357 5|2;UCSD / BIRCH AQUARIUM|1;UCSD / SCHOLARS - 01|1;UCSD / SCHOLARS - 08|2
2023-07-17,2023-07,Persistence,11.950733451213182,1231.2276617397795,728.8106381428527,716.8599046916395,98.523,98.523,0.0,19.886333914900113,19.886358548728914,17.621342958708254,17.621342958708254,1.0,72,0,9,0.5904262920375913,11,5,6,UCSD / GILMAN 2-2|2;UCSD / SCHOLARS - 07|2;UCSD / RADY P357 5|2;UCSD / BIRCH AQUARIUM|1;UCSD / SCHOLARS - 01|1;UCSD / SCHOLARS - 08|2
2023-07-17,2023-07,HistoricalMedian,11.95134718013287,1212.350296762483,708.5712673399241,696.6199201597913,98.523,98.523,0.0,19.104714748940616,19.104763083493367,17.667020383800807,17.667020383800807,1.0,69,0,61,0.7599827090743929,11,10,6,UCSD / GILMAN 2-2|2;UCSD / SCHOLARS - 07|2;UCSD / RADY P357 5|2;UCSD / BIRCH AQUARIUM|1;UCSD / SCHOLARS - 01|1;UCSD / SCHOLARS - 08|2
2023-07-17,2023-07,ConformalRobust,11.95128345473006,1162.0113396464826,708.5712126996967,696.6199292449667,98.523,98.523,0.0,19.104715099788073,19.104760973420166,16.017022607823225,16.017022607823225,1.0,80,0,19,0.8577976670349017,11,10,6,UCSD / GILMAN 2-2|2;UCSD / SCHOLARS - 07|2;UCSD / RADY P357 5|2;UCSD / BIRCH AQUARIUM|1;UCSD / SCHOLARS - 01|1;UCSD / SCHOLARS - 08|2
2023-07-18,2023-07,V0G,17.590198863204023,1655.34057108189,1268.9963710232041,1251.40617216,140.23200000000003,140.232,0.0,33.0,33.0,19.799999999999997,19.799999999999997,1.0,0,0,0,4.012498538941145e-05,10,0,6,UCSD / GILMAN 2-2|2;UCSD / SCHOLARS - 07|2;UCSD / RADY P357 5|2;UCSD / BIRCH AQUARIUM|1;UCSD / SCHOLARS - 01|1;UCSD / SCHOLARS - 08|2
2023-07-18,2023-07,Perfect,17.591784832719327,1117.5620881228474,940.2558819672973,922.664097134578,140.232,140.232,0.0,18.658236841788874,18.658294508994185,14.367030288917384,14.367033318524728,1.0,84,0,0,0.979129874962382,10,10,6,UCSD / GILMAN 2-2|2;UCSD / SCHOLARS - 07|2;UCSD / RADY P357 5|2;UCSD / BIRCH AQUARIUM|1;UCSD / SCHOLARS - 01|1;UCSD / SCHOLARS - 08|2
2023-07-18,2023-07,NoForecast,17.591849085024933,1221.8497114127567,1044.6923080249514,1027.1004589399265,140.232,140.232,0.0,18.846755492494896,18.846815244333516,17.621347160410394,17.62135052575861,1.0,43,0,0,0.2852435000240803,10,0,6,UCSD / GILMAN 2-2|2;UCSD / SCHOLARS - 07|2;UCSD / RADY P357 5|2;UCSD / BIRCH AQUARIUM|1;UCSD / SCHOLARS - 01|1;UCSD / SCHOLARS - 08|2
2023-07-18,2023-07,Persistence,17.591259823022483,1248.818921562802,1071.6120531496676,1054.0207933266452,140.23200000000003,140.232,0.0,19.886358548728914,19.886395438355336,17.621342958708254,17.621346414071528,1.0,84,0,31,0.8361098750028759,10,9,6,UCSD / GILMAN 2-2|2;UCSD / SCHOLARS - 07|2;UCSD / RADY P357 5|2;UCSD / BIRCH AQUARIUM|1;UCSD / SCHOLARS - 01|1;UCSD / SCHOLARS - 08|2
2023-07-18,2023-07,HistoricalMedian,17.591864560488375,1229.9421613229713,1052.7706315054081,1035.1787669449197,140.23200000000003,140.232,0.0,19.104763083493367,19.104823401760367,17.667020383800807,17.667023775556046,1.0,78,0,37,0.8605435829376802,10,8,6,UCSD / GILMAN 2-2|2;UCSD / SCHOLARS - 07|2;UCSD / RADY P357 5|2;UCSD / BIRCH AQUARIUM|1;UCSD / SCHOLARS - 01|1;UCSD / SCHOLARS - 08|2
2023-07-18,2023-07,ConformalRobust,17.591783084332633,1179.6031227308154,1002.2944630253758,984.7026799410431,140.232,140.232,0.0,19.104760973420166,19.104818338414706,16.017022607823225,16.017025836091275,1.0,84,0,36,0.9280620829667896,10,8,6,UCSD / GILMAN 2-2|2;UCSD / SCHOLARS - 07|2;UCSD / RADY P357 5|2;UCSD / BIRCH AQUARIUM|1;UCSD / SCHOLARS - 01|1;UCSD / SCHOLARS - 08|2
2023-07-19,2023-07,V0G,11.093907114592184,1666.4344781964821,632.9107206185921,621.8168135039999,90.962,90.962,0.0,33.0,33.0,19.799999999999997,19.799999999999997,1.0,0,0,0,3.454193938523531e-05,9,0,6,UCSD / GILMAN 2-2|2;UCSD / SCHOLARS - 07|2;UCSD / RADY P357 5|2;UCSD / BIRCH AQUARIUM|1;UCSD / SCHOLARS - 01|1;UCSD / SCHOLARS - 08|2
2023-07-19,2023-07,Perfect,11.09390711459207,1128.6559952374396,632.9107206185921,621.816813504,90.96200000000002,90.962,0.0,18.658294508994185,18.658294508994185,14.367033318524728,14.367033318524728,1.0,76,0,0,0.6361497089965269,9,9,6,UCSD / GILMAN 2-2|2;UCSD / SCHOLARS - 07|2;UCSD / RADY P357 5|2;UCSD / BIRCH AQUARIUM|1;UCSD / SCHOLARS - 01|1;UCSD / SCHOLARS - 08|2
2023-07-19,2023-07,NoForecast,11.093907114591957,1232.9436185273487,632.9107206185921,621.8168135040002,90.96200000000002,90.962,0.0,18.846815244333516,18.846815244333516,17.62135052575861,17.62135052575861,1.0,49,0,0,0.21942554193083197,9,0,6,UCSD / GILMAN 2-2|2;UCSD / SCHOLARS - 07|2;UCSD / RADY P357 5|2;UCSD / BIRCH AQUARIUM|1;UCSD / SCHOLARS - 01|1;UCSD / SCHOLARS - 08|2
2023-07-19,2023-07,Persistence,11.093907114592184,1259.9128286773941,632.9107206185921,621.8168135039999,90.96200000000002,90.962,0.0,19.886395438355336,19.886395438355336,17.621346414071528,17.621346414071528,1.0,73,0,5,0.7014527909923345,9,6,6,UCSD / GILMAN 2-2|2;UCSD / SCHOLARS - 07|2;UCSD / RADY P357 5|2;UCSD / BIRCH AQUARIUM|1;UCSD / SCHOLARS - 01|1;UCSD / SCHOLARS - 08|2
2023-07-19,2023-07,HistoricalMedian,11.093907114592184,1241.0360684375635,632.9107206185921,621.8168135039999,90.96200000000002,90.962,0.0,19.104823401760367,19.104823401760367,17.667023775556046,17.667023775556046,1.0,70,0,16,0.7681276249932125,9,8,6,UCSD / GILMAN 2-2|2;UCSD / SCHOLARS - 07|2;UCSD / RADY P357 5|2;UCSD / BIRCH AQUARIUM|1;UCSD / SCHOLARS - 01|1;UCSD / SCHOLARS - 08|2
2023-07-19,2023-07,ConformalRobust,11.093907114591957,1190.6970298454073,632.9107206185921,621.8168135040002,90.96200000000002,90.962,0.0,19.104818338414706,19.104818338414706,16.017025836091275,16.017025836091275,1.0,80,0,22,0.8825097919907421,9,8,6,UCSD / GILMAN 2-2|2;UCSD / SCHOLARS - 07|2;UCSD / RADY P357 5|2;UCSD / BIRCH AQUARIUM|1;UCSD / SCHOLARS - 01|1;UCSD / SCHOLARS - 08|2
2023-07-20,2023-07,V0G,15.666513590086197,1682.1009917865683,901.197436790086,885.5309231999998,129.173,129.173,0.0,33.0,33.0,19.799999999999997,19.799999999999997,1.0,0,0,0,3.9332895539700985e-05,10,0,6,UCSD / GILMAN 2-2|2;UCSD / SCHOLARS - 07|2;UCSD / RADY P357 5|2;UCSD / BIRCH AQUARIUM|1;UCSD / SCHOLARS - 01|1;UCSD / SCHOLARS - 08|2
2023-07-20,2023-07,Perfect,15.667913507552043,1144.3239087449915,700.7278065534639,685.0598930459118,129.173,129.173,0.0,18.658294508994185,18.658348570415054,14.367033318524728,14.367033318524728,1.0,76,0,0,0.7604588330723345,10,10,6,UCSD / GILMAN 2-2|2;UCSD / SCHOLARS - 07|2;UCSD / RADY P357 5|2;UCSD / BIRCH AQUARIUM|1;UCSD / SCHOLARS - 01|1;UCSD / SCHOLARS - 08|2
2023-07-20,2023-07,NoForecast,15.668062916686495,1248.6116814440352,705.6096898470493,689.9416269303628,129.173,129.173,0.0,18.846815244333516,18.846875075573177,17.62135052575861,17.62135052575861,1.0,40,0,0,0.26347833406180143,10,0,6,UCSD / GILMAN 2-2|2;UCSD / SCHOLARS - 07|2;UCSD / RADY P357 5|2;UCSD / BIRCH AQUARIUM|1;UCSD / SCHOLARS - 01|1;UCSD / SCHOLARS - 08|2
2023-07-20,2023-07,Persistence,15.667369870418497,1275.5801985478126,732.5288677084854,716.861497838067,129.173,129.173,0.0,19.886395438355336,19.88642850582722,17.621346414071528,17.621346414071528,1.0,76,0,12,0.9811888330150396,10,16,6,UCSD / GILMAN 2-2|2;UCSD / SCHOLARS - 07|2;UCSD / RADY P357 5|2;UCSD / BIRCH AQUARIUM|1;UCSD / SCHOLARS - 01|1;UCSD / SCHOLARS - 08|2
2023-07-20,2023-07,HistoricalMedian,15.667977105032378,1256.7040455425958,712.2907108235064,696.622733718474,129.173,129.173,0.0,19.104823401760367,19.10487991916184,17.667023775556046,17.667023775556046,1.0,76,0,6,0.9021117499796674,10,10,6,UCSD / GILMAN 2-2|2;UCSD / SCHOLARS - 07|2;UCSD / RADY P357 5|2;UCSD / BIRCH AQUARIUM|1;UCSD / SCHOLARS - 01|1;UCSD / SCHOLARS - 08|2
2023-07-20,2023-07,ConformalRobust,15.667902690304686,1206.364932535712,712.2905052937265,696.6226026034218,129.17300000000003,129.173,0.0,19.104818338414706,19.10487198209969,16.017025836091275,16.017025836091275,1.0,90,0,36,1.0172460839385167,10,10,6,UCSD / GILMAN 2-2|2;UCSD / SCHOLARS - 07|2;UCSD / RADY P357 5|2;UCSD / BIRCH AQUARIUM|1;UCSD / SCHOLARS - 01|1;UCSD / SCHOLARS - 08|2
2023-07-21,2023-07,V0G,11.852071215666228,1693.9530630022346,978.927696303666,967.0756250879998,94.176,94.176,0.0,33.0,33.0,19.799999999999997,19.799999999999997,1.0,0,0,0,4.0375045500695705e-05,10,0,6,UCSD / GILMAN 2-2|2;UCSD / SCHOLARS - 07|2;UCSD / RADY P357 5|2;UCSD / BIRCH AQUARIUM|1;UCSD / SCHOLARS - 01|1;UCSD / SCHOLARS - 08|2
2023-07-21,2023-07,Perfect,11.86212361321543,1156.1860323582068,898.8278181765934,886.965694563378,94.176,94.176,0.0,18.658348570415054,18.658366514730957,14.367033318524728,14.367033318524728,1.0,80,0,0,0.8037992079043761,10,10,6,UCSD / GILMAN 2-2|2;UCSD / SCHOLARS - 07|2;UCSD / RADY P357 5|2;UCSD / BIRCH AQUARIUM|1;UCSD / SCHOLARS - 01|1;UCSD / SCHOLARS - 08|2
2023-07-21,2023-07,NoForecast,11.857212875949926,1260.468894319985,903.7047907329132,891.8475778569633,94.17600000000002,94.176,0.0,18.846875075573177,18.846891001095695,17.62135052575861,17.62135052575861,1.0,38,0,0,0.19684570899698883,10,0,6,UCSD / GILMAN 2-2|2;UCSD / SCHOLARS - 07|2;UCSD / RADY P357 5|2;UCSD / BIRCH AQUARIUM|1;UCSD / SCHOLARS - 01|1;UCSD / SCHOLARS - 08|2
2023-07-21,2023-07,Persistence,11.852071215666001,1287.4322697634786,930.6188269340655,918.7667557183995,94.176,94.176,0.0,19.88642850582722,19.88642850582722,17.621346414071528,17.621346414071528,1.0,79,0,14,0.7303847499424592,10,8,6,UCSD / GILMAN 2-2|2;UCSD / SCHOLARS - 07|2;UCSD / RADY P357 5|2;UCSD / BIRCH AQUARIUM|1;UCSD / SCHOLARS - 01|1;UCSD / SCHOLARS - 08|2
2023-07-21,2023-07,HistoricalMedian,11.852279781956895,1268.5563253245527,910.3808786153775,898.5285988334206,94.176,94.176,0.0,19.10487991916184,19.10488797348669,17.667023775556046,17.667023775556046,1.0,79,0,6,0.9192247079918161,10,11,6,UCSD / GILMAN 2-2|2;UCSD / SCHOLARS - 07|2;UCSD / RADY P357 5|2;UCSD / BIRCH AQUARIUM|1;UCSD / SCHOLARS - 01|1;UCSD / SCHOLARS - 08|2
2023-07-21,2023-07,ConformalRobust,11.869693682359411,1218.2346262180713,910.3980869860002,898.5283933036408,94.17600000000002,94.176,0.0,19.10487198209969,19.1048872801255,16.017025836091275,16.017025836091275,1.0,89,0,32,1.0065939999185503,10,11,6,UCSD / GILMAN 2-2|2;UCSD / SCHOLARS - 07|2;UCSD / RADY P357 5|2;UCSD / BIRCH AQUARIUM|1;UCSD / SCHOLARS - 01|1;UCSD / SCHOLARS - 08|2
2023-07-22,2023-07,V0G,5.91488971874378,1699.8679527209783,549.6325521187441,543.7176624000003,49.152,49.152,0.0,33.0,33.0,19.799999999999997,19.799999999999997,1.0,0,0,0,2.9333983547985554e-05,6,0,6,UCSD / GILMAN 2-2|2;UCSD / SCHOLARS - 07|2;UCSD / RADY P357 5|2;UCSD / BIRCH AQUARIUM|1;UCSD / SCHOLARS - 01|1;UCSD / SCHOLARS - 08|2
2023-07-22,2023-07,Perfect,5.914889718744007,1162.1009220769508,549.6325521187441,543.7176624000001,49.152,49.152,0.0,18.658366514730957,18.658366514730957,14.367033318524728,14.367033318524728,1.0,66,0,0,0.46395987505093217,6,6,6,UCSD / GILMAN 2-2|2;UCSD / SCHOLARS - 07|2;UCSD / RADY P357 5|2;UCSD / BIRCH AQUARIUM|1;UCSD / SCHOLARS - 01|1;UCSD / SCHOLARS - 08|2
2023-07-22,2023-07,NoForecast,5.914889718744007,1266.3837840387291,549.6325521187441,543.7176624000001,49.152,49.152,0.0,18.846891001095695,18.846891001095695,17.62135052575861,17.62135052575861,1.0,26,0,0,0.11782904202118516,6,0,6,UCSD / GILMAN 2-2|2;UCSD / SCHOLARS - 07|2;UCSD / RADY P357 5|2;UCSD / BIRCH AQUARIUM|1;UCSD / SCHOLARS - 01|1;UCSD / SCHOLARS - 08|2
2023-07-22,2023-07,Persistence,5.914889718744007,1293.3471594822227,549.6325521187441,543.7176624000001,49.152,49.152,0.0,19.88642850582722,19.88642850582722,17.621346414071528,17.621346414071528,1.0,66,0,5,0.3046112909214571,6,3,6,UCSD / GILMAN 2-2|2;UCSD / SCHOLARS - 07|2;UCSD / RADY P357 5|2;UCSD / BIRCH AQUARIUM|1;UCSD / SCHOLARS - 01|1;UCSD / SCHOLARS - 08|2
2023-07-22,2023-07,HistoricalMedian,5.914889718744007,1274.4712150432968,549.6325521187441,543.7176624000001,49.152,49.152,0.0,19.10488797348669,19.10488797348669,17.667023775556046,17.667023775556046,1.0,66,0,15,0.5436169169843197,6,7,6,UCSD / GILMAN 2-2|2;UCSD / SCHOLARS - 07|2;UCSD / RADY P357 5|2;UCSD / BIRCH AQUARIUM|1;UCSD / SCHOLARS - 01|1;UCSD / SCHOLARS - 08|2
2023-07-22,2023-07,ConformalRobust,5.914889718744121,1224.1495159368155,549.6325521187441,543.7176624,49.152,49.152,0.0,19.1048872801255,19.1048872801255,16.017025836091275,16.017025836091275,1.0,80,0,2,0.6477358749834821,6,7,6,UCSD / GILMAN 2-2|2;UCSD / SCHOLARS - 07|2;UCSD / RADY P357 5|2;UCSD / BIRCH AQUARIUM|1;UCSD / SCHOLARS - 01|1;UCSD / SCHOLARS - 08|2
2023-07-23,2023-07,V0G,4.003527004226044,1703.8714797252044,537.914114044226,533.91058704,29.337999999999994,29.337999999999997,0.0,33.0,33.0,19.799999999999997,19.799999999999997,1.0,0,0,0,2.5916961021721363e-05,4,0,6,UCSD / GILMAN 2-2|2;UCSD / SCHOLARS - 07|2;UCSD / RADY P357 5|2;UCSD / BIRCH AQUARIUM|1;UCSD / SCHOLARS - 01|1;UCSD / SCHOLARS - 08|2
2023-07-23,2023-07,Perfect,4.003527004225816,1166.1044490811767,537.914114044226,533.9105870400002,29.337999999999997,29.337999999999997,0.0,18.658366514730957,18.658366514730957,14.367033318524728,14.367033318524728,1.0,81,0,0,0.4691798749845475,4,4,6,UCSD / GILMAN 2-2|2;UCSD / SCHOLARS - 07|2;UCSD / RADY P357 5|2;UCSD / BIRCH AQUARIUM|1;UCSD / SCHOLARS - 01|1;UCSD / SCHOLARS - 08|2
2023-07-23,2023-07,NoForecast,4.003527004225816,1270.387311042955,537.914114044226,533.9105870400002,29.337999999999997,29.337999999999997,0.0,18.846891001095695,18.846891001095695,17.62135052575861,17.62135052575861,1.0,19,0,0,0.07731574994977564,4,0,6,UCSD / GILMAN 2-2|2;UCSD / SCHOLARS - 07|2;UCSD / RADY P357 5|2;UCSD / BIRCH AQUARIUM|1;UCSD / SCHOLARS - 01|1;UCSD / SCHOLARS - 08|2
2023-07-23,2023-07,Persistence,4.003527004226044,1297.3506864864487,537.914114044226,533.91058704,29.337999999999997,29.337999999999997,0.0,19.88642850582722,19.88642850582722,17.621346414071528,17.621346414071528,1.0,80,0,0,0.4454488749615848,4,3,6,UCSD / GILMAN 2-2|2;UCSD / SCHOLARS - 07|2;UCSD / RADY P357 5|2;UCSD / BIRCH AQUARIUM|1;UCSD / SCHOLARS - 01|1;UCSD / SCHOLARS - 08|2
2023-07-23,2023-07,HistoricalMedian,4.003527004226044,1278.4747420475228,537.914114044226,533.91058704,29.337999999999997,29.337999999999997,0.0,19.10488797348669,19.10488797348669,17.667023775556046,17.667023775556046,1.0,79,0,2,0.5128117910353467,4,6,6,UCSD / GILMAN 2-2|2;UCSD / SCHOLARS - 07|2;UCSD / RADY P357 5|2;UCSD / BIRCH AQUARIUM|1;UCSD / SCHOLARS - 01|1;UCSD / SCHOLARS - 08|2
2023-07-23,2023-07,ConformalRobust,4.00352700422593,1228.1530429410413,537.914114044226,533.9105870400001,29.337999999999997,29.337999999999997,0.0,19.1048872801255,19.1048872801255,16.017025836091275,16.017025836091275,1.0,83,0,2,0.5660922910319641,4,6,6,UCSD / GILMAN 2-2|2;UCSD / SCHOLARS - 07|2;UCSD / RADY P357 5|2;UCSD / BIRCH AQUARIUM|1;UCSD / SCHOLARS - 01|1;UCSD / SCHOLARS - 08|2
2023-07-24,2023-07,V0G,17.048845177949943,1720.9203249031543,1123.0320582979496,1105.9832131199996,135.639,135.639,0.0,33.0,33.0,19.799999999999997,19.799999999999997,1.0,0,0,0,4.0207989513874054e-05,11,0,6,UCSD / GILMAN 2-2|2;UCSD / SCHOLARS - 07|2;UCSD / RADY P357 5|2;UCSD / BIRCH AQUARIUM|1;UCSD / SCHOLARS - 01|1;UCSD / SCHOLARS - 08|2
2023-07-24,2023-07,Perfect,17.055568844830304,1183.160017926007,939.7231165334452,922.667547688615,135.639,135.639,0.0,18.658366514730957,18.658395356593743,14.367033318524728,14.367036352992363,1.0,79,0,0,0.7765112919732928,11,11,6,UCSD / GILMAN 2-2|2;UCSD / SCHOLARS - 07|2;UCSD / RADY P357 5|2;UCSD / BIRCH AQUARIUM|1;UCSD / SCHOLARS - 01|1;UCSD / SCHOLARS - 08|2
2023-07-24,2023-07,NoForecast,17.054478421327303,1287.4417894642822,969.1397645638655,952.0852861425382,135.639,135.639,0.0,18.846891001095695,18.84691884200209,17.62135052575861,17.62135052575861,1.0,44,0,0,0.2598191669676453,11,0,6,UCSD / GILMAN 2-2|2;UCSD / SCHOLARS - 07|2;UCSD / RADY P357 5|2;UCSD / BIRCH AQUARIUM|1;UCSD / SCHOLARS - 01|1;UCSD / SCHOLARS - 08|2
2023-07-24,2023-07,Persistence,17.04895089103661,1314.3996373774853,966.8967478254361,949.8477969343995,135.639,135.639,0.0,19.88642850582722,19.886432588210504,17.621346414071528,17.621346414071528,1.0,79,0,22,0.8245299169793725,11,11,6,UCSD / GILMAN 2-2|2;UCSD / SCHOLARS - 07|2;UCSD / RADY P357 5|2;UCSD / BIRCH AQUARIUM|1;UCSD / SCHOLARS - 01|1;UCSD / SCHOLARS - 08|2
2023-07-24,2023-07,HistoricalMedian,17.053260407553353,1295.5280024550761,967.9266976851916,950.8734372776382,135.639,135.639,0.0,19.10488797348669,19.10492013023693,17.667023775556046,17.667023775556046,1.0,79,0,12,0.9208360420307145,11,11,6,UCSD / GILMAN 2-2|2;UCSD / SCHOLARS - 07|2;UCSD / RADY P357 5|2;UCSD / BIRCH AQUARIUM|1;UCSD / SCHOLARS - 01|1;UCSD / SCHOLARS - 08|2
2023-07-24,2023-07,ConformalRobust,17.0532188431348,1245.2062617841761,967.9267084942968,950.873489651162,135.639,135.639,0.0,19.1048872801255,19.104917831301016,16.017025836091275,16.017025836091275,1.0,85,0,48,0.9797882500570267,11,11,6,UCSD / GILMAN 2-2|2;UCSD / SCHOLARS - 07|2;UCSD / RADY P357 5|2;UCSD / BIRCH AQUARIUM|1;UCSD / SCHOLARS - 01|1;UCSD / SCHOLARS - 08|2
2023-07-25,2023-07,V0G,8.54964635170586,1729.4699712548602,723.1739391517061,714.6242928000003,69.977,69.977,0.0,33.0,33.0,19.799999999999997,19.799999999999997,1.0,0,0,0,3.26669542118907e-05,8,0,6,UCSD / GILMAN 2-2|2;UCSD / SCHOLARS - 07|2;UCSD / RADY P357 5|2;UCSD / BIRCH AQUARIUM|1;UCSD / SCHOLARS - 01|1;UCSD / SCHOLARS - 08|2
2023-07-25,2023-07,Perfect,8.549831793191402,1191.7098497191982,693.6123362820465,685.0625044888551,69.977,69.977,0.0,18.658395356593743,18.658402517894626,14.367036352992363,14.367036352992363,1.0,72,0,0,0.654428958077915,8,8,6,UCSD / GILMAN 2-2|2;UCSD / SCHOLARS - 07|2;UCSD / RADY P357 5|2;UCSD / BIRCH AQUARIUM|1;UCSD / SCHOLARS - 01|1;UCSD / SCHOLARS - 08|2
2023-07-25,2023-07,NoForecast,8.549749191721958,1295.9915386560042,698.4940587779113,689.9443095861893,69.977,69.977,0.0,18.84691884200209,18.846922813434357,17.62135052575861,17.62135052575861,1.0,29,0,0,0.14830970799084753,8,0,6,UCSD / GILMAN 2-2|2;UCSD / SCHOLARS - 07|2;UCSD / RADY P357 5|2;UCSD / BIRCH AQUARIUM|1;UCSD / SCHOLARS - 01|1;UCSD / SCHOLARS - 08|2
2023-07-25,2023-07,Persistence,8.54964635170586,1322.9492837291912,723.1739391517062,714.6242928000004,69.977,69.977,0.0,19.886432588210504,19.886432588210504,17.621346414071528,17.621346414071528,1.0,80,0,10,0.8901406669756398,8,10,6,UCSD / GILMAN 2-2|2;UCSD / SCHOLARS - 07|2;UCSD / RADY P357 5|2;UCSD / BIRCH AQUARIUM|1;UCSD / SCHOLARS - 01|1;UCSD / SCHOLARS - 08|2
2023-07-25,2023-07,HistoricalMedian,8.549750168885112,1304.0777526239613,705.1749886658436,696.6252384969584,69.977,69.977,0.0,19.10492013023693,19.10492413940487,17.667023775556046,17.667023775556046,1.0,76,0,6,0.8005235000746325,8,9,6,UCSD / GILMAN 2-2|2;UCSD / SCHOLARS - 07|2;UCSD / RADY P357 5|2;UCSD / BIRCH AQUARIUM|1;UCSD / SCHOLARS - 01|1;UCSD / SCHOLARS - 08|2
2023-07-25,2023-07,ConformalRobust,8.549745064239119,1253.7560068484154,705.1749240303803,696.6251789661412,69.977,69.977,0.0,19.104917831301016,19.104921643339885,16.017025836091275,16.017025836091275,1.0,93,0,8,0.9245146659668535,8,9,6,UCSD / GILMAN 2-2|2;UCSD / SCHOLARS - 07|2;UCSD / RADY P357 5|2;UCSD / BIRCH AQUARIUM|1;UCSD / SCHOLARS - 01|1;UCSD / SCHOLARS - 08|2
2023-07-26,2023-07,V0G,12.491942149915985,1741.9619134047762,859.622186629916,847.13024448,99.80800000000002,99.808,0.0,33.0,33.0,19.799999999999997,19.799999999999997,1.0,0,0,0,3.674998879432678e-05,10,0,6,UCSD / GILMAN 2-2|2;UCSD / SCHOLARS - 07|2;UCSD / RADY P357 5|2;UCSD / BIRCH AQUARIUM|1;UCSD / SCHOLARS - 01|1;UCSD / SCHOLARS - 08|2
2023-07-26,2023-07,Perfect,12.491942149915985,1204.2017918691142,859.6221866299161,847.1302444800001,99.80800000000002,99.808,0.0,18.658402517894626,18.658402517894626,14.367036352992363,14.367036352992363,1.0,80,0,0,0.8991260830080137,10,10,6,UCSD / GILMAN 2-2|2;UCSD / SCHOLARS - 07|2;UCSD / RADY P357 5|2;UCSD / BIRCH AQUARIUM|1;UCSD / SCHOLARS - 01|1;UCSD / SCHOLARS - 08|2
2023-07-26,2023-07,NoForecast,12.491942149915985,1308.4834808059202,859.6221866299161,847.1302444800001,99.80800000000002,99.808,0.0,18.846922813434357,18.846922813434357,17.62135052575861,17.62135052575861,1.0,46,0,0,0.22364595800172538,10,0,6,UCSD / GILMAN 2-2|2;UCSD / SCHOLARS - 07|2;UCSD / RADY P357 5|2;UCSD / BIRCH AQUARIUM|1;UCSD / SCHOLARS - 01|1;UCSD / SCHOLARS - 08|2
2023-07-26,2023-07,Persistence,12.491942149915985,1335.4412258791072,859.6221866299161,847.1302444800001,99.80800000000002,99.808,0.0,19.886432588210504,19.886432588210504,17.621346414071528,17.621346414071528,1.0,80,0,39,0.631567541975528,10,9,6,UCSD / GILMAN 2-2|2;UCSD / SCHOLARS - 07|2;UCSD / RADY P357 5|2;UCSD / BIRCH AQUARIUM|1;UCSD / SCHOLARS - 01|1;UCSD / SCHOLARS - 08|2
2023-07-26,2023-07,HistoricalMedian,12.491942149915758,1316.569694773877,859.6221866299161,847.1302444800003,99.80800000000002,99.808,0.0,19.10492413940487,19.10492413940487,17.667023775556046,17.667023775556046,1.0,79,0,24,0.7091306250076741,10,7,6,UCSD / GILMAN 2-2|2;UCSD / SCHOLARS - 07|2;UCSD / RADY P357 5|2;UCSD / BIRCH AQUARIUM|1;UCSD / SCHOLARS - 01|1;UCSD / SCHOLARS - 08|2
2023-07-26,2023-07,ConformalRobust,12.491942149915872,1266.2479489983311,859.6221866299161,847.1302444800002,99.80800000000002,99.808,0.0,19.104921643339885,19.104921643339885,16.017025836091275,16.017025836091275,1.0,80,0,8,0.8356527499854565,10,7,6,UCSD / GILMAN 2-2|2;UCSD / SCHOLARS - 07|2;UCSD / RADY P357 5|2;UCSD / BIRCH AQUARIUM|1;UCSD / SCHOLARS - 01|1;UCSD / SCHOLARS - 08|2
2023-07-27,2023-07,V0G,9.099243721067978,1751.0611571258441,925.6279381210679,916.5286944,73.041,73.041,0.0,33.0,33.0,19.799999999999997,19.799999999999997,1.0,0,0,0,3.200001083314419e-05,7,0,6,UCSD / GILMAN 2-2|2;UCSD / SCHOLARS - 07|2;UCSD / RADY P357 5|2;UCSD / BIRCH AQUARIUM|1;UCSD / SCHOLARS - 01|1;UCSD / SCHOLARS - 08|2
2023-07-27,2023-07,Perfect,9.06596475677759,1213.2677566258917,896.033056287118,886.9670915303404,73.041,73.041,0.0,18.658402517894626,18.658402517894626,14.367036352992363,14.367036352992363,1.0,85,0,0,0.8262395840138197,7,7,6,UCSD / GILMAN 2-2|2;UCSD / SCHOLARS - 07|2;UCSD / RADY P357 5|2;UCSD / BIRCH AQUARIUM|1;UCSD / SCHOLARS - 01|1;UCSD / SCHOLARS - 08|2
2023-07-27,2023-07,NoForecast,9.066151250465737,1317.549632056386,900.9149652766711,891.8488140262053,73.041,73.041,0.0,18.846922813434357,18.84692678890994,17.62135052575861,17.62135052575861,1.0,44,0,0,0.19935945805627853,7,0,6,UCSD / GILMAN 2-2|2;UCSD / SCHOLARS - 07|2;UCSD / RADY P357 5|2;UCSD / BIRCH AQUARIUM|1;UCSD / SCHOLARS - 01|1;UCSD / SCHOLARS - 08|2
2023-07-27,2023-07,Persistence,9.06606983995789,1344.507295719065,925.594764239958,916.5286944000001,73.041,73.041,0.0,19.886432588210504,19.886432588210504,17.621346414071528,17.621346414071528,1.0,85,0,5,0.7870236249873415,7,10,6,UCSD / GILMAN 2-2|2;UCSD / SCHOLARS - 07|2;UCSD / RADY P357 5|2;UCSD / BIRCH AQUARIUM|1;UCSD / SCHOLARS - 01|1;UCSD / SCHOLARS - 08|2
2023-07-27,2023-07,HistoricalMedian,9.066158685028313,1325.6358534589053,907.595902599166,898.5297439141377,73.041,73.041,0.0,19.10492413940487,19.104928152418964,17.667023775556046,17.667023775556046,1.0,85,0,9,0.8943345410516486,7,11,6,UCSD / GILMAN 2-2|2;UCSD / SCHOLARS - 07|2;UCSD / RADY P357 5|2;UCSD / BIRCH AQUARIUM|1;UCSD / SCHOLARS - 01|1;UCSD / SCHOLARS - 08|2
2023-07-27,2023-07,ConformalRobust,9.06611351373408,1275.3140625120652,907.5957927924086,898.5296792786745,73.041,73.041,0.0,19.104921643339885,19.104925459159315,16.017025836091275,16.017025836091275,1.0,90,0,20,0.9767807500902563,7,11,6,UCSD / GILMAN 2-2|2;UCSD / SCHOLARS - 07|2;UCSD / RADY P357 5|2;UCSD / BIRCH AQUARIUM|1;UCSD / SCHOLARS - 01|1;UCSD / SCHOLARS - 08|2
2023-07-28,2023-07,V0G,7.359727421337993,1758.4208845471821,551.0773898213381,543.7176624000001,60.335,60.334999999999994,0.0,33.0,33.0,19.799999999999997,19.799999999999997,1.0,0,0,0,2.987496554851532e-05,5,0,6,UCSD / GILMAN 2-2|2;UCSD / SCHOLARS - 07|2;UCSD / RADY P357 5|2;UCSD / BIRCH AQUARIUM|1;UCSD / SCHOLARS - 01|1;UCSD / SCHOLARS - 08|2
2023-07-28,2023-07,Perfect,7.359727421337993,1220.6274840472297,551.0773898213381,543.7176624000001,60.33500000000001,60.334999999999994,0.0,18.658402517894626,18.658402517894626,14.367036352992363,14.367036352992363,1.0,73,0,0,0.5485185419674963,5,5,6,UCSD / GILMAN 2-2|2;UCSD / SCHOLARS - 07|2;UCSD / RADY P357 5|2;UCSD / BIRCH AQUARIUM|1;UCSD / SCHOLARS - 01|1;UCSD / SCHOLARS - 08|2
2023-07-28,2023-07,NoForecast,7.359727421337993,1324.909359477724,551.0773898213381,543.7176624000001,60.33500000000001,60.334999999999994,0.0,18.84692678890994,18.84692678890994,17.62135052575861,17.62135052575861,1.0,32,0,0,0.14840354199986905,5,0,6,UCSD / GILMAN 2-2|2;UCSD / SCHOLARS - 07|2;UCSD / RADY P357 5|2;UCSD / BIRCH AQUARIUM|1;UCSD / SCHOLARS - 01|1;UCSD / SCHOLARS - 08|2
2023-07-28,2023-07,Persistence,7.359727421337993,1351.867023140403,551.0773898213381,543.7176624000001,60.33500000000001,60.334999999999994,0.0,19.886432588210504,19.886432588210504,17.621346414071528,17.621346414071528,1.0,77,0,26,0.7725675420369953,5,10,6,UCSD / GILMAN 2-2|2;UCSD / SCHOLARS - 07|2;UCSD / RADY P357 5|2;UCSD / BIRCH AQUARIUM|1;UCSD / SCHOLARS - 01|1;UCSD / SCHOLARS - 08|2
2023-07-28,2023-07,HistoricalMedian,7.359727421337993,1332.9955808802433,551.0773898213381,543.7176624000001,60.33500000000001,60.334999999999994,0.0,19.104928152418964,19.104928152418964,17.667023775556046,17.667023775556046,1.0,75,0,43,0.853893458028324,5,12,6,UCSD / GILMAN 2-2|2;UCSD / SCHOLARS - 07|2;UCSD / RADY P357 5|2;UCSD / BIRCH AQUARIUM|1;UCSD / SCHOLARS - 01|1;UCSD / SCHOLARS - 08|2
2023-07-28,2023-07,ConformalRobust,7.359727421337993,1282.6737899334032,551.0773898213381,543.7176624000001,60.33500000000001,60.334999999999994,0.0,19.104925459159315,19.104925459159315,16.017025836091275,16.017025836091275,1.0,92,0,37,1.006700792000629,5,12,6,UCSD / GILMAN 2-2|2;UCSD / SCHOLARS - 07|2;UCSD / RADY P357 5|2;UCSD / BIRCH AQUARIUM|1;UCSD / SCHOLARS - 01|1;UCSD / SCHOLARS - 08|2
2023-07-29,2023-07,V0G,7.329545104482122,1765.7504296516643,752.951609104482,745.6220639999999,59.349,59.349,0.0,33.0,33.0,19.799999999999997,19.799999999999997,1.0,0,0,0,3.133295103907585e-05,8,0,6,UCSD / GILMAN 2-2|2;UCSD / SCHOLARS - 07|2;UCSD / RADY P357 5|2;UCSD / BIRCH AQUARIUM|1;UCSD / SCHOLARS - 01|1;UCSD / SCHOLARS - 08|2
2023-07-29,2023-07,Perfect,7.329545104482008,1227.9570291517116,752.951609104482,745.622064,59.349,59.349,0.0,18.658402517894626,18.658402517894626,14.367036352992363,14.367036352992363,1.0,70,0,0,0.6342921669129282,8,8,6,UCSD / GILMAN 2-2|2;UCSD / SCHOLARS - 07|2;UCSD / RADY P357 5|2;UCSD / BIRCH AQUARIUM|1;UCSD / SCHOLARS - 01|1;UCSD / SCHOLARS - 08|2
2023-07-29,2023-07,NoForecast,7.329545104482122,1332.238904582206,752.951609104482,745.6220639999999,59.349,59.349,0.0,18.84692678890994,18.84692678890994,17.62135052575861,17.62135052575861,1.0,30,0,0,0.13755987491458654,8,0,6,UCSD / GILMAN 2-2|2;UCSD / SCHOLARS - 07|2;UCSD / RADY P357 5|2;UCSD / BIRCH AQUARIUM|1;UCSD / SCHOLARS - 01|1;UCSD / SCHOLARS - 08|2
2023-07-29,2023-07,Persistence,7.329545104482122,1359.1965682448852,752.951609104482,745.6220639999999,59.349,59.349,0.0,19.886432588210504,19.886432588210504,17.621346414071528,17.621346414071528,1.0,70,0,10,0.4811229589395225,8,6,6,UCSD / GILMAN 2-2|2;UCSD / SCHOLARS - 07|2;UCSD / RADY P357 5|2;UCSD / BIRCH AQUARIUM|1;UCSD / SCHOLARS - 01|1;UCSD / SCHOLARS - 08|2
2023-07-29,2023-07,HistoricalMedian,7.329545104482122,1340.3251259847254,752.951609104482,745.6220639999999,59.349,59.349,0.0,19.104928152418964,19.104928152418964,17.667023775556046,17.667023775556046,1.0,70,0,17,0.48979237489402294,8,6,6,UCSD / GILMAN 2-2|2;UCSD / SCHOLARS - 07|2;UCSD / RADY P357 5|2;UCSD / BIRCH AQUARIUM|1;UCSD / SCHOLARS - 01|1;UCSD / SCHOLARS - 08|2
2023-07-29,2023-07,ConformalRobust,7.329545104482008,1290.0033350378853,752.951609104482,745.622064,59.349,59.349,0.0,19.104925459159315,19.104925459159315,16.017025836091275,16.017025836091275,1.0,78,0,19,0.5509532080031931,8,6,6,UCSD / GILMAN 2-2|2;UCSD / SCHOLARS - 07|2;UCSD / RADY P357 5|2;UCSD / BIRCH AQUARIUM|1;UCSD / SCHOLARS - 01|1;UCSD / SCHOLARS - 08|2
2023-07-30,2023-07,V0G,8.655928085545838,1774.40635773721,754.2779920855461,745.6220640000003,68.731,68.731,0.0,33.0,33.0,19.799999999999997,19.799999999999997,1.0,0,0,0,3.233295865356922e-05,9,0,6,UCSD / GILMAN 2-2|2;UCSD / SCHOLARS - 07|2;UCSD / RADY P357 5|2;UCSD / BIRCH AQUARIUM|1;UCSD / SCHOLARS - 01|1;UCSD / SCHOLARS - 08|2
2023-07-30,2023-07,Perfect,8.655928085546066,1236.6129572372577,754.2779920855461,745.622064,68.731,68.731,0.0,18.658402517894626,18.658402517894626,14.367036352992363,14.367036352992363,1.0,78,0,0,0.6715809169691056,9,9,6,UCSD / GILMAN 2-2|2;UCSD / SCHOLARS - 07|2;UCSD / RADY P357 5|2;UCSD / BIRCH AQUARIUM|1;UCSD / SCHOLARS - 01|1;UCSD / SCHOLARS - 08|2
2023-07-30,2023-07,NoForecast,8.655928085546066,1340.894832667752,754.2779920855461,745.622064,68.731,68.731,0.0,18.84692678890994,18.84692678890994,17.62135052575861,17.62135052575861,1.0,33,0,0,0.1547367910388857,9,0,6,UCSD / GILMAN 2-2|2;UCSD / SCHOLARS - 07|2;UCSD / RADY P357 5|2;UCSD / BIRCH AQUARIUM|1;UCSD / SCHOLARS - 01|1;UCSD / SCHOLARS - 08|2
2023-07-30,2023-07,Persistence,8.655928085545838,1367.852496330431,754.2779920855461,745.6220640000003,68.731,68.731,0.0,19.886432588210504,19.886432588210504,17.621346414071528,17.621346414071528,1.0,76,0,1,0.4935717500047758,9,4,6,UCSD / GILMAN 2-2|2;UCSD / SCHOLARS - 07|2;UCSD / RADY P357 5|2;UCSD / BIRCH AQUARIUM|1;UCSD / SCHOLARS - 01|1;UCSD / SCHOLARS - 08|2
2023-07-30,2023-07,HistoricalMedian,8.655928085546066,1348.9810540702715,754.2779920855461,745.622064,68.731,68.731,0.0,19.104928152418964,19.104928152418964,17.667023775556046,17.667023775556046,1.0,74,0,4,0.4404258329886943,9,4,6,UCSD / GILMAN 2-2|2;UCSD / SCHOLARS - 07|2;UCSD / RADY P357 5|2;UCSD / BIRCH AQUARIUM|1;UCSD / SCHOLARS - 01|1;UCSD / SCHOLARS - 08|2
2023-07-30,2023-07,ConformalRobust,8.655928085546066,1298.6592631234314,754.2779920855461,745.622064,68.731,68.731,0.0,19.104925459159315,19.104925459159315,16.017025836091275,16.017025836091275,1.0,83,0,0,0.48746195796411484,9,4,6,UCSD / GILMAN 2-2|2;UCSD / SCHOLARS - 07|2;UCSD / RADY P357 5|2;UCSD / BIRCH AQUARIUM|1;UCSD / SCHOLARS - 01|1;UCSD / SCHOLARS - 08|2
2023-07-31,2023-07,V0G,17.25346828371812,1791.6598260209282,1135.686564283718,1118.433096,138.733,138.733,0.0,33.0,33.0,19.799999999999997,19.799999999999997,1.0,0,0,0,4.516600165516138e-05,12,0,6,UCSD / GILMAN 2-2|2;UCSD / SCHOLARS - 07|2;UCSD / RADY P357 5|2;UCSD / BIRCH AQUARIUM|1;UCSD / SCHOLARS - 01|1;UCSD / SCHOLARS - 08|2
2023-07-31,2023-07,Perfect,17.25421148069438,1253.8671687179522,939.9227842983635,922.6685728176691,138.733,138.733,0.0,18.658402517894626,18.658420492576944,14.367036352992363,14.3670454320795,1.0,81,0,0,1.0012005830649287,12,12,6,UCSD / GILMAN 2-2|2;UCSD / SCHOLARS - 07|2;UCSD / RADY P357 5|2;UCSD / BIRCH AQUARIUM|1;UCSD / SCHOLARS - 01|1;UCSD / SCHOLARS - 08|2
2023-07-31,2023-07,NoForecast,17.25418978449943,1358.1490224522515,1044.3591873868068,1027.1049976023073,138.733,138.733,0.0,18.84692678890994,18.84695067100677,17.62135052575861,17.62135389515747,1.0,55,0,0,0.29493812506552786,12,0,6,UCSD / GILMAN 2-2|2;UCSD / SCHOLARS - 07|2;UCSD / RADY P357 5|2;UCSD / BIRCH AQUARIUM|1;UCSD / SCHOLARS - 01|1;UCSD / SCHOLARS - 08|2
2023-07-31,2023-07,Persistence,17.253574050659154,1385.1060703810901,1069.0382232990557,1051.7846492483966,138.733,138.733,0.0,19.886432588210504,19.886432588210504,17.621346414071528,17.621349871459305,1.0,81,0,19,0.8020775000331923,12,11,6,UCSD / GILMAN 2-2|2;UCSD / SCHOLARS - 07|2;UCSD / RADY P357 5|2;UCSD / BIRCH AQUARIUM|1;UCSD / SCHOLARS - 01|1;UCSD / SCHOLARS - 08|2
2023-07-31,2023-07,HistoricalMedian,17.25419685696329,1366.2352509272348,1052.4373420116056,1035.1831451546423,138.733,138.733,0.0,19.104928152418964,19.10495227644136,17.667023775556046,17.667027171361354,1.0,79,0,33,0.9278896250762045,12,12,6,UCSD / GILMAN 2-2|2;UCSD / SCHOLARS - 07|2;UCSD / RADY P357 5|2;UCSD / BIRCH AQUARIUM|1;UCSD / SCHOLARS - 01|1;UCSD / SCHOLARS - 08|2
2023-07-31,2023-07,ConformalRobust,17.254260056625185,1315.9135231800565,1001.9612981044797,984.7070380478546,138.733,138.733,0.0,19.104925459159315,19.10494839517292,16.017025836091275,16.017032303431147,1.0,83,0,25,0.9821181249571964,12,12,6,UCSD / GILMAN 2-2|2;UCSD / SCHOLARS - 07|2;UCSD / RADY P357 5|2;UCSD / BIRCH AQUARIUM|1;UCSD / SCHOLARS - 01|1;UCSD / SCHOLARS - 08|2
2023-08-01,2023-08,V0G,758.5851989696101,758.5851989696101,758.5851989696101,0.0,104.54400000000001,104.544,0.0,0.0,13.2,0.0,13.2,1.0,0,0,0,3.770797047764063e-05,12,0,6,UCSD / GILMAN 2-2|2;UCSD / SCHOLARS - 07|2;UCSD / RADY P357 5|2;UCSD / BIRCH AQUARIUM|1;UCSD / SCHOLARS - 01|1;UCSD / SCHOLARS - 08|2
2023-08-01,2023-08,Perfect,498.19190703604255,498.19190703604255,498.19190703604255,0.0,104.54400000000001,104.544,0.0,0.0,11.84066666666667,0.0,5.840000000000003,1.0,88,0,0,0.9888367090607062,12,12,6,UCSD / GILMAN 2-2|2;UCSD / SCHOLARS - 07|2;UCSD / RADY P357 5|2;UCSD / BIRCH AQUARIUM|1;UCSD / SCHOLARS - 01|1;UCSD / SCHOLARS - 08|2
2023-08-01,2023-08,NoForecast,605.7651141648439,605.7651141648439,605.7651141648439,0.0,104.54400000000001,104.544,0.0,0.0,15.377348508490467,0.0,6.3627242542773175,1.0,63,0,0,0.34186470799613744,12,0,6,UCSD / GILMAN 2-2|2;UCSD / SCHOLARS - 07|2;UCSD / RADY P357 5|2;UCSD / BIRCH AQUARIUM|1;UCSD / SCHOLARS - 01|1;UCSD / SCHOLARS - 08|2
2023-08-01,2023-08,Persistence,509.2160718428332,509.2160718428332,509.2160718428332,0.0,104.54400000000001,104.544,0.0,0.0,12.251219245556765,0.0,5.852844309331916,1.0,83,0,1,0.7266104168957099,12,8,6,UCSD / GILMAN 2-2|2;UCSD / SCHOLARS - 07|2;UCSD / RADY P357 5|2;UCSD / BIRCH AQUARIUM|1;UCSD / SCHOLARS - 01|1;UCSD / SCHOLARS - 08|2
2023-08-01,2023-08,HistoricalMedian,556.6416980841353,556.6416980841353,556.6416980841353,0.0,104.54400000000001,104.544,0.0,0.0,13.2,0.0,6.6000089054988855,1.0,84,0,25,0.9858777499757707,12,11,6,UCSD / GILMAN 2-2|2;UCSD / SCHOLARS - 07|2;UCSD / RADY P357 5|2;UCSD / BIRCH AQUARIUM|1;UCSD / SCHOLARS - 01|1;UCSD / SCHOLARS - 08|2
2023-08-01,2023-08,ConformalRobust,584.436350086895,584.436350086895,584.436350086895,0.0,104.54400000000001,104.544,0.0,0.0,13.2,0.0,7.508580806628398,1.0,93,0,14,1.0658330420264974,12,11,6,UCSD / GILMAN 2-2|2;UCSD / SCHOLARS - 07|2;UCSD / RADY P357 5|2;UCSD / BIRCH AQUARIUM|1;UCSD / SCHOLARS - 01|1;UCSD / SCHOLARS - 08|2
2023-08-02,2023-08,V0G,384.036166269242,1142.6213652388521,1129.658230269242,745.622064,88.90299999999999,88.903,0.0,13.2,19.799999999999997,13.2,19.799999999999997,1.0,0,0,0,3.666698466986418e-05,11,0,6,UCSD / GILMAN 2-2|2;UCSD / SCHOLARS - 07|2;UCSD / RADY P357 5|2;UCSD / BIRCH AQUARIUM|1;UCSD / SCHOLARS - 01|1;UCSD / SCHOLARS - 08|2
2023-08-02,2023-08,Perfect,11.068004098482959,509.2599111345255,496.33620819448316,485.2682040960002,88.90299999999999,88.903,0.0,11.84066666666667,11.84066666666667,5.840000000000003,5.840000000000003,1.0,89,0,0,0.964288292103447,11,11,6,UCSD / GILMAN 2-2|2;UCSD / SCHOLARS - 07|2;UCSD / RADY P357 5|2;UCSD / BIRCH AQUARIUM|1;UCSD / SCHOLARS - 01|1;UCSD / SCHOLARS - 08|2
2023-08-02,2023-08,NoForecast,11.069057039003837,616.8341712038477,603.910398126616,592.8413410876121,88.903,88.903,0.0,15.377348508490467,15.377359986227384,6.3627242542773175,6.362745610154795,1.0,46,0,0,0.2425970829790458,11,0,6,UCSD / GILMAN 2-2|2;UCSD / SCHOLARS - 07|2;UCSD / RADY P357 5|2;UCSD / BIRCH AQUARIUM|1;UCSD / SCHOLARS - 01|1;UCSD / SCHOLARS - 08|2
2023-08-02,2023-08,Persistence,71.40990766443957,580.6259795072727,567.7022754649491,496.29236780050957,88.90299999999999,88.903,0.0,12.251219245556765,12.251289830652109,5.852844309331916,7.825282455654004,1.0,87,0,13,0.9754769159480929,11,10,6,UCSD / GILMAN 2-2|2;UCSD / SCHOLARS - 07|2;UCSD / RADY P357 5|2;UCSD / BIRCH AQUARIUM|1;UCSD / SCHOLARS - 01|1;UCSD / SCHOLARS - 08|2
2023-08-02,2023-08,HistoricalMedian,11.068627880524446,567.7103259646598,554.7865627137704,543.717934833246,88.90299999999999,88.903,0.0,13.2,13.20000424608566,6.6000089054988855,6.6000231570491295,1.0,87,0,12,0.9639167919522151,11,10,6,UCSD / GILMAN 2-2|2;UCSD / SCHOLARS - 07|2;UCSD / RADY P357 5|2;UCSD / BIRCH AQUARIUM|1;UCSD / SCHOLARS - 01|1;UCSD / SCHOLARS - 08|2
2023-08-02,2023-08,ConformalRobust,185.17826446136928,769.6146145482643,756.6908456594833,571.512581198114,88.90299999999999,88.903,0.0,13.2,13.200014456417877,7.508580806628398,13.200007332600839,1.0,89,0,16,0.9982387500349432,11,10,6,UCSD / GILMAN 2-2|2;UCSD / SCHOLARS - 07|2;UCSD / RADY P357 5|2;UCSD / BIRCH AQUARIUM|1;UCSD / SCHOLARS - 01|1;UCSD / SCHOLARS - 08|2
2023-08-03,2023-08,V0G,18.20874416343827,1160.8301094022904,934.737438563438,916.5286943999997,146.608,146.608,0.0,19.799999999999997,19.799999999999997,19.799999999999997,19.799999999999997,1.0,0,0,0,4.166609141975641e-05,11,0,6,UCSD / GILMAN 2-2|2;UCSD / SCHOLARS - 07|2;UCSD / RADY P357 5|2;UCSD / BIRCH AQUARIUM|1;UCSD / SCHOLARS - 01|1;UCSD / SCHOLARS - 08|2
2023-08-03,2023-08,Perfect,88.72905496180977,597.9889660963353,573.99725905781,485.2682040960002,146.608,146.608,0.0,11.84066666666667,11.840734360202422,5.840000000000003,8.1418424152368,1.0,86,0,0,1.043940084055066,11,11,6,UCSD / GILMAN 2-2|2;UCSD / SCHOLARS - 07|2;UCSD / RADY P357 5|2;UCSD / BIRCH AQUARIUM|1;UCSD / SCHOLARS - 01|1;UCSD / SCHOLARS - 08|2
2023-08-03,2023-08,NoForecast,71.23094701661239,688.0651182204601,664.0732386295282,592.8422916129158,146.608,146.608,0.0,15.377359986227384,15.377387602694727,6.362745610154795,8.098559465485431,1.0,63,0,0,0.35528183297719806,11,0,6,UCSD / GILMAN 2-2|2;UCSD / SCHOLARS - 07|2;UCSD / RADY P357 5|2;UCSD / BIRCH AQUARIUM|1;UCSD / SCHOLARS - 01|1;UCSD / SCHOLARS - 08|2
2023-08-03,2023-08,Persistence,32.451231427310404,613.0772109345831,589.0854184834225,556.6341870561121,146.608,146.608,0.0,12.251289830652109,12.67069431214194,7.825282455654004,7.934334444699017,1.0,85,0,25,0.9126922499854118,11,7,6,UCSD / GILMAN 2-2|2;UCSD / SCHOLARS - 07|2;UCSD / RADY P357 5|2;UCSD / BIRCH AQUARIUM|1;UCSD / SCHOLARS - 01|1;UCSD / SCHOLARS - 08|2
2023-08-03,2023-08,HistoricalMedian,98.99267661991826,666.703002584578,642.711157382697,543.7184807627788,146.608,146.608,0.0,13.20000424608566,13.200148892381932,6.6000231570491295,9.24028057876262,1.0,84,0,35,0.9750434999587014,11,11,6,UCSD / GILMAN 2-2|2;UCSD / SCHOLARS - 07|2;UCSD / RADY P357 5|2;UCSD / BIRCH AQUARIUM|1;UCSD / SCHOLARS - 01|1;UCSD / SCHOLARS - 08|2
2023-08-03,2023-08,ConformalRobust,18.22066005597094,787.8352746042352,763.8430984041025,745.6224383481316,146.608,146.608,0.0,13.200014456417877,13.200063713118773,13.200007332600839,13.200007332600839,1.0,86,0,51,1.0093237499240786,11,11,6,UCSD / GILMAN 2-2|2;UCSD / SCHOLARS - 07|2;UCSD / RADY P357 5|2;UCSD / BIRCH AQUARIUM|1;UCSD / SCHOLARS - 01|1;UCSD / SCHOLARS - 08|2
2023-08-04,2023-08,V0G,14.441936499949861,1175.2720459022403,930.97063089995,916.5286944000002,118.57600000000002,118.57600000000001,0.0,19.799999999999997,19.799999999999997,19.799999999999997,19.799999999999997,1.0,0,0,0,3.8334052078425884e-05,9,0,6,UCSD / GILMAN 2-2|2;UCSD / SCHOLARS - 07|2;UCSD / RADY P357 5|2;UCSD / BIRCH AQUARIUM|1;UCSD / SCHOLARS - 01|1;UCSD / SCHOLARS - 08|2
2023-08-04,2023-08,Perfect,14.515475387242418,612.5044414835777,570.2024195893001,555.6869442020577,118.57600000000002,118.57600000000001,0.0,11.840734360202422,11.840786696186308,8.1418424152368,8.141853343731295,1.0,72,0,0,0.8412047500023618,9,9,6,UCSD / GILMAN 2-2|2;UCSD / SCHOLARS - 07|2;UCSD / RADY P357 5|2;UCSD / BIRCH AQUARIUM|1;UCSD / SCHOLARS - 01|1;UCSD / SCHOLARS - 08|2
2023-08-04,2023-08,NoForecast,14.442583903902005,702.5077021243621,660.3868721208931,645.9442882169911,118.57600000000002,118.57600000000001,0.0,15.377387602694727,15.377397613194393,8.098559465485431,8.098572154685352,1.0,49,0,0,0.26088216702919453,9,0,6,UCSD / GILMAN 2-2|2;UCSD / SCHOLARS - 07|2;UCSD / RADY P357 5|2;UCSD / BIRCH AQUARIUM|1;UCSD / SCHOLARS - 01|1;UCSD / SCHOLARS - 08|2
2023-08-04,2023-08,Persistence,14.446214134581737,627.5234250691649,585.2769289630437,570.830714828462,118.57600000000001,118.57600000000001,1.4210854715202004e-14,12.67069431214194,12.670743113741501,7.934334444699017,7.934343794176246,1.0,71,0,15,0.6148537079570815,9,5,6,UCSD / GILMAN 2-2|2;UCSD / SCHOLARS - 07|2;UCSD / RADY P357 5|2;UCSD / BIRCH AQUARIUM|1;UCSD / SCHOLARS - 01|1;UCSD / SCHOLARS - 08|2
2023-08-04,2023-08,HistoricalMedian,14.442563474029043,681.1455660586071,638.9344254204619,624.4918619464329,118.57600000000002,118.57600000000001,0.0,13.200148892381932,13.20016102539924,9.24028057876262,9.240290803481845,1.0,70,0,23,0.8188247500220314,9,9,6,UCSD / GILMAN 2-2|2;UCSD / SCHOLARS - 07|2;UCSD / RADY P357 5|2;UCSD / BIRCH AQUARIUM|1;UCSD / SCHOLARS - 01|1;UCSD / SCHOLARS - 08|2
2023-08-04,2023-08,ConformalRobust,14.442311027138658,802.2775856313739,760.0660248747815,745.6237138476429,118.57600000000002,118.57600000000001,0.0,13.200063713118773,13.200078176451408,13.200007332600839,13.200007332600839,1.0,81,0,42,0.9075740420958027,9,9,6,UCSD / GILMAN 2-2|2;UCSD / SCHOLARS - 07|2;UCSD / RADY P357 5|2;UCSD / BIRCH AQUARIUM|1;UCSD / SCHOLARS - 01|1;UCSD / SCHOLARS - 08|2
2023-08-05,2023-08,V0G,87.38896294718393,1262.6610088494242,1003.917657347184,916.5286944000001,79.206,79.206,0.0,19.799999999999997,22.799999999999997,19.799999999999997,19.799999999999997,1.0,0,0,0,3.416591789573431e-05,9,0,6,UCSD / GILMAN 2-2|2;UCSD / SCHOLARS - 07|2;UCSD / RADY P357 5|2;UCSD / BIRCH AQUARIUM|1;UCSD / SCHOLARS - 01|1;UCSD / SCHOLARS - 08|2
2023-08-05,2023-08,Perfect,9.670391651580303,622.174833135158,565.3590254108798,555.6886337592995,79.206,79.206,0.0,11.840786696186308,11.840786696186312,8.141853343731295,8.141853343731295,1.0,85,0,0,0.8301100840326399,9,9,6,UCSD / GILMAN 2-2|2;UCSD / SCHOLARS - 07|2;UCSD / RADY P357 5|2;UCSD / BIRCH AQUARIUM|1;UCSD / SCHOLARS - 01|1;UCSD / SCHOLARS - 08|2
2023-08-05,2023-08,NoForecast,9.670826754870177,712.1785288792323,655.6157623758133,645.9449356209432,79.20600000000002,79.206,0.0,15.377397613194393,15.377415169199965,8.098572154685352,8.098572154685352,1.0,39,0,0,0.2065216249320656,9,0,6,UCSD / GILMAN 2-2|2;UCSD / SCHOLARS - 07|2;UCSD / RADY P357 5|2;UCSD / BIRCH AQUARIUM|1;UCSD / SCHOLARS - 01|1;UCSD / SCHOLARS - 08|2
2023-08-05,2023-08,Persistence,9.671075298258188,637.1945003674231,580.503339856651,570.8322645583928,79.20600000000002,79.206,0.0,12.670743113741501,12.670771428086287,7.934343794176246,7.934343794176246,1.0,77,0,43,0.6848516250029206,9,8,6,UCSD / GILMAN 2-2|2;UCSD / SCHOLARS - 07|2;UCSD / RADY P357 5|2;UCSD / BIRCH AQUARIUM|1;UCSD / SCHOLARS - 01|1;UCSD / SCHOLARS - 08|2
2023-08-05,2023-08,HistoricalMedian,9.670866633938545,690.8164326925456,634.1633555544504,624.4924889205118,79.20600000000002,79.206,0.0,13.20016102539924,13.200178039987312,9.240290803481845,9.240290803481845,1.0,71,0,18,0.5071513340808451,9,5,6,UCSD / GILMAN 2-2|2;UCSD / SCHOLARS - 07|2;UCSD / RADY P357 5|2;UCSD / BIRCH AQUARIUM|1;UCSD / SCHOLARS - 01|1;UCSD / SCHOLARS - 08|2
2023-08-05,2023-08,ConformalRobust,9.671086349464417,811.9486719808383,755.295174724296,745.6240883748316,79.20600000000002,79.206,0.0,13.200078176451408,13.200098456406973,13.200007332600839,13.200007332600839,1.0,85,0,15,0.5729418749688193,9,5,6,UCSD / GILMAN 2-2|2;UCSD / SCHOLARS - 07|2;UCSD / RADY P357 5|2;UCSD / BIRCH AQUARIUM|1;UCSD / SCHOLARS - 01|1;UCSD / SCHOLARS - 08|2
2023-08-06,2023-08,V0G,7.2416005835918895,1269.902609433016,752.8636645835921,745.6220640000003,58.13300000000001,58.133,0.0,22.799999999999997,22.799999999999997,19.799999999999997,19.799999999999997,1.0,0,0,0,3.0499999411404133e-05,7,0,6,UCSD / GILMAN 2-2|2;UCSD / SCHOLARS - 07|2;UCSD / RADY P357 5|2;UCSD / BIRCH AQUARIUM|1;UCSD / SCHOLARS - 01|1;UCSD / SCHOLARS - 08|2
2023-08-06,2023-08,Perfect,7.241768197195142,629.4166013323531,562.9304019564947,555.6886337592996,58.13300000000001,58.133,0.0,11.840786696186312,11.840788868561795,8.141853343731295,8.141856983951126,1.0,78,0,0,0.7091538750100881,7,7,6,UCSD / GILMAN 2-2|2;UCSD / SCHOLARS - 07|2;UCSD / RADY P357 5|2;UCSD / BIRCH AQUARIUM|1;UCSD / SCHOLARS - 01|1;UCSD / SCHOLARS - 08|2
2023-08-06,2023-08,NoForecast,7.241729970741176,719.4202588499735,596.8030763322819,589.5613463615407,58.133,58.133,0.0,15.377415169199965,15.377415169199965,8.098572154685352,8.098576384187915,1.0,32,0,0,0.1412839579861611,7,0,6,UCSD / GILMAN 2-2|2;UCSD / SCHOLARS - 07|2;UCSD / RADY P357 5|2;UCSD / BIRCH AQUARIUM|1;UCSD / SCHOLARS - 01|1;UCSD / SCHOLARS - 08|2
2023-08-06,2023-08,Persistence,7.241715048982655,644.4362154164057,578.0747128057482,570.8329977567655,58.13300000000001,58.133,0.0,12.670771428086287,12.670771428086287,7.934343794176246,7.934347535905363,1.0,76,0,2,0.6843105000443757,7,9,6,UCSD / GILMAN 2-2|2;UCSD / SCHOLARS - 07|2;UCSD / RADY P357 5|2;UCSD / BIRCH AQUARIUM|1;UCSD / SCHOLARS - 01|1;UCSD / SCHOLARS - 08|2
2023-08-06,2023-08,HistoricalMedian,7.241725676245551,698.0581583687912,631.7300448530615,624.4883191768159,58.133,58.133,0.0,13.200178039987312,13.200178039987312,9.240290803481845,9.240294892602769,1.0,75,0,6,0.4643412920413539,7,5,6,UCSD / GILMAN 2-2|2;UCSD / SCHOLARS - 07|2;UCSD / RADY P357 5|2;UCSD / BIRCH AQUARIUM|1;UCSD / SCHOLARS - 01|1;UCSD / SCHOLARS - 08|2
2023-08-06,2023-08,ConformalRobust,7.241600583592003,819.1902725644303,752.8636645835921,745.6220640000001,58.13300000000001,58.133,0.0,13.200098456406973,13.200098456406973,13.200007332600839,13.200007332600839,1.0,87,0,0,0.5325181670486927,7,5,6,UCSD / GILMAN 2-2|2;UCSD / SCHOLARS - 07|2;UCSD / RADY P357 5|2;UCSD / BIRCH AQUARIUM|1;UCSD / SCHOLARS - 01|1;UCSD / SCHOLARS - 08|2
2023-08-07,2023-08,V0G,11.354627986253945,1281.25723741927,927.883322386254,916.5286944000001,92.07900000000001,92.07900000000001,0.0,22.799999999999997,22.799999999999997,19.799999999999997,19.799999999999997,1.0,0,0,0,3.6041950806975365e-05,10,0,6,UCSD / GILMAN 2-2|2;UCSD / SCHOLARS - 07|2;UCSD / RADY P357 5|2;UCSD / BIRCH AQUARIUM|1;UCSD / SCHOLARS - 01|1;UCSD / SCHOLARS - 08|2
2023-08-07,2023-08,Perfect,11.35575340204764,640.7723547344008,567.0445547749504,555.6888013729027,92.07900000000001,92.07900000000001,0.0,11.840788868561795,11.840823727447757,8.141856983951126,8.141864265265882,1.0,73,0,0,0.8983230839949101,10,10,6,UCSD / GILMAN 2-2|2;UCSD / SCHOLARS - 07|2;UCSD / RADY P357 5|2;UCSD / BIRCH AQUARIUM|1;UCSD / SCHOLARS - 01|1;UCSD / SCHOLARS - 08|2
2023-08-07,2023-08,NoForecast,11.355211159837609,730.7754700098111,657.3007307797111,645.9455196198735,92.07900000000001,92.07900000000001,0.0,15.377415169199965,15.377427693780751,8.098576384187915,8.098584845676319,1.0,37,0,0,0.2056489159585908,10,0,6,UCSD / GILMAN 2-2|2;UCSD / SCHOLARS - 07|2;UCSD / RADY P357 5|2;UCSD / BIRCH AQUARIUM|1;UCSD / SCHOLARS - 01|1;UCSD / SCHOLARS - 08|2
2023-08-07,2023-08,Persistence,196.05114439314855,840.4873598095543,766.8842566153047,570.8331122221562,92.07900000000001,92.07900000000001,0.0,12.670771428086287,16.320009250006354,7.934347535905363,10.882862099705298,1.0,73,0,15,0.9308324590092525,10,12,6,UCSD / GILMAN 2-2|2;UCSD / SCHOLARS - 07|2;UCSD / RADY P357 5|2;UCSD / BIRCH AQUARIUM|1;UCSD / SCHOLARS - 01|1;UCSD / SCHOLARS - 08|2
2023-08-07,2023-08,HistoricalMedian,11.354942503435723,709.4131008722269,635.8479971084065,624.4930546049708,92.07900000000001,92.07900000000001,0.0,13.200178039987312,13.200182933073348,9.240294892602769,9.240301031907032,1.0,73,0,15,0.87644662510138,10,12,6,UCSD / GILMAN 2-2|2;UCSD / SCHOLARS - 07|2;UCSD / RADY P357 5|2;UCSD / BIRCH AQUARIUM|1;UCSD / SCHOLARS - 01|1;UCSD / SCHOLARS - 08|2
2023-08-07,2023-08,ConformalRobust,11.355303142652247,830.5455757070825,756.9799166657974,745.6246135231452,92.07900000000001,92.07900000000001,0.0,13.200098456406973,13.200124529311331,13.200007332600839,13.200007332600839,1.0,85,0,13,0.9860559588996693,10,12,6,UCSD / GILMAN 2-2|2;UCSD / SCHOLARS - 07|2;UCSD / RADY P357 5|2;UCSD / BIRCH AQUARIUM|1;UCSD / SCHOLARS - 01|1;UCSD / SCHOLARS - 08|2
2023-08-08,2023-08,V0G,282.6028596873123,1563.8600971065823,1074.911984487312,792.3091247999998,152.325,152.32500000000002,0.0,22.799999999999997,33.0,19.799999999999997,19.799999999999997,1.0,0,0,0,4.179193638265133e-05,10,0,6,UCSD / GILMAN 2-2|2;UCSD / SCHOLARS - 07|2;UCSD / RADY P357 5|2;UCSD / BIRCH AQUARIUM|1;UCSD / SCHOLARS - 01|1;UCSD / SCHOLARS - 08|2
2023-08-08,2023-08,Perfect,129.37106398694448,770.1434187213453,637.8929329230755,508.521868936131,152.325,152.32500000000002,2.842170943040401e-14,11.840823727447757,16.12338302163401,8.141864265265882,8.141864265265882,1.0,73,0,0,0.8855116249760613,10,10,6,UCSD / GILMAN 2-2|2;UCSD / SCHOLARS - 07|2;UCSD / RADY P357 5|2;UCSD / BIRCH AQUARIUM|1;UCSD / SCHOLARS - 01|1;UCSD / SCHOLARS - 08|2
2023-08-08,2023-08,NoForecast,68.96878905076233,799.7442590605734,669.0708196452642,600.1020305945019,152.325,152.32500000000002,2.842170943040401e-14,15.377427693780751,17.32739747025335,8.098584845676319,8.098584845676319,1.0,51,0,0,0.3379309169249609,10,0,6,UCSD / GILMAN 2-2|2;UCSD / SCHOLARS - 07|2;UCSD / RADY P357 5|2;UCSD / BIRCH AQUARIUM|1;UCSD / SCHOLARS - 01|1;UCSD / SCHOLARS - 08|2
2023-08-08,2023-08,Persistence,78.88507561233507,919.3724354218893,703.3952028207316,624.5101272083965,152.325,152.32500000000002,2.842170943040401e-14,16.320009250006354,18.65292198868704,10.882862099705298,10.882862099705298,1.0,80,0,17,0.960278750048019,10,12,6,UCSD / GILMAN 2-2|2;UCSD / SCHOLARS - 07|2;UCSD / RADY P357 5|2;UCSD / BIRCH AQUARIUM|1;UCSD / SCHOLARS - 01|1;UCSD / SCHOLARS - 08|2
2023-08-08,2023-08,HistoricalMedian,125.73215723260478,835.1452581048317,669.4545566742948,543.7223994416901,152.325,152.32500000000002,2.842170943040401e-14,13.200182933073348,17.34221646461112,9.240301031907032,9.240301031907032,1.0,73,0,44,0.922616875031963,10,11,6,UCSD / GILMAN 2-2|2;UCSD / SCHOLARS - 07|2;UCSD / RADY P357 5|2;UCSD / BIRCH AQUARIUM|1;UCSD / SCHOLARS - 01|1;UCSD / SCHOLARS - 08|2
2023-08-08,2023-08,ConformalRobust,163.92439877872005,994.4699744858026,707.6452858582634,543.7208870795433,152.325,152.32500000000002,2.842170943040401e-14,13.200124529311331,18.817049898657874,13.200007332600839,13.200007332600839,1.0,90,0,35,1.0316086250822991,10,11,6,UCSD / GILMAN 2-2|2;UCSD / SCHOLARS - 07|2;UCSD / RADY P357 5|2;UCSD / BIRCH AQUARIUM|1;UCSD / SCHOLARS - 01|1;UCSD / SCHOLARS - 08|2
2023-08-09,2023-08,V0G,20.335629413852075,1584.1957265204344,1273.1878564858532,1252.8522270720011,167.002,167.002,0.0,33.0,33.0,19.799999999999997,19.799999999999997,1.0,0,0,0,4.354200791567564e-05,11,0,6,UCSD / GILMAN 2-2|2;UCSD / SCHOLARS - 07|2;UCSD / RADY P357 5|2;UCSD / BIRCH AQUARIUM|1;UCSD / SCHOLARS - 01|1;UCSD / SCHOLARS - 08|2
2023-08-09,2023-08,Perfect,214.44126487437245,984.5846835957177,881.0278247627014,666.5865598883289,167.002,167.002,2.842170943040401e-14,16.12338302163401,18.73766734666547,8.141864265265882,12.274011274094489,1.0,71,0,0,0.9387612089049071,11,11,6,UCSD / GILMAN 2-2|2;UCSD / SCHOLARS - 07|2;UCSD / RADY P357 5|2;UCSD / BIRCH AQUARIUM|1;UCSD / SCHOLARS - 01|1;UCSD / SCHOLARS - 08|2
2023-08-09,2023-08,NoForecast,216.072656572161,1015.8169156327344,912.5131175290686,696.4404609569076,167.002,167.002,0.0,17.32739747025335,19.95355258558523,8.098584845676319,12.27401168578016,1.0,50,0,0,0.36043524998240173,11,0,6,UCSD / GILMAN 2-2|2;UCSD / SCHOLARS - 07|2;UCSD / RADY P357 5|2;UCSD / BIRCH AQUARIUM|1;UCSD / SCHOLARS - 01|1;UCSD / SCHOLARS - 08|2
2023-08-09,2023-08,Persistence,106.24849392076715,1025.6209293426564,922.188767274841,815.9402733540738,167.00199999999998,167.002,5.684341886080802e-14,18.65292198868704,19.23326556184053,10.882862099705298,13.2,1.0,78,0,16,0.9384706250857562,11,11,6,UCSD / GILMAN 2-2|2;UCSD / SCHOLARS - 07|2;UCSD / RADY P357 5|2;UCSD / BIRCH AQUARIUM|1;UCSD / SCHOLARS - 01|1;UCSD / SCHOLARS - 08|2
2023-08-09,2023-08,HistoricalMedian,163.40128044836308,998.5465385531948,895.1523759158084,731.7510954674453,167.002,167.002,0.0,17.34221646461112,19.2831230281627,9.240301031907032,12.274011497236131,1.0,71,0,66,0.9446271250490099,11,11,6,UCSD / GILMAN 2-2|2;UCSD / SCHOLARS - 07|2;UCSD / RADY P357 5|2;UCSD / BIRCH AQUARIUM|1;UCSD / SCHOLARS - 01|1;UCSD / SCHOLARS - 08|2
2023-08-09,2023-08,ConformalRobust,37.04020455688101,1031.5101790426836,928.1154611278324,891.0752565709514,167.002,167.002,0.0,18.817049898657874,19.462140119475848,13.200007332600839,13.200007332600839,1.0,87,0,27,1.0815970830153674,11,11,6,UCSD / GILMAN 2-2|2;UCSD / SCHOLARS - 07|2;UCSD / RADY P357 5|2;UCSD / BIRCH AQUARIUM|1;UCSD / SCHOLARS - 01|1;UCSD / SCHOLARS - 08|2
2023-08-10,2023-08,V0G,16.853805330871864,1601.0495318513063,933.382499730872,916.5286944000002,134.35,134.35,0.0,33.0,33.0,19.799999999999997,19.799999999999997,1.0,0,0,0,4.68340003862977e-05,11,0,6,UCSD / GILMAN 2-2|2;UCSD / SCHOLARS - 07|2;UCSD / RADY P357 5|2;UCSD / BIRCH AQUARIUM|1;UCSD / SCHOLARS - 01|1;UCSD / SCHOLARS - 08|2
2023-08-10,2023-08,Perfect,16.752098064187066,1001.3367816599048,877.4442934130365,860.6921953488494,134.35,134.35,0.0,18.73766734666547,18.73766734666547,12.274011274094489,12.274011274094489,1.0,87,0,0,0.9096615840680897,11,11,6,UCSD / GILMAN 2-2|2;UCSD / SCHOLARS - 07|2;UCSD / RADY P357 5|2;UCSD / BIRCH AQUARIUM|1;UCSD / SCHOLARS - 01|1;UCSD / SCHOLARS - 08|2
2023-08-10,2023-08,NoForecast,16.752557678063795,1032.5694733107982,904.9538101884957,888.2012525104319,134.35,134.35,0.0,19.95355258558523,19.95355258558523,12.27401168578016,12.274026298286273,1.0,62,0,0,0.30839229200500995,11,0,6,UCSD / GILMAN 2-2|2;UCSD / SCHOLARS - 07|2;UCSD / RADY P357 5|2;UCSD / BIRCH AQUARIUM|1;UCSD / SCHOLARS - 01|1;UCSD / SCHOLARS - 08|2
2023-08-10,2023-08,Persistence,16.75211452855001,1042.3730438712064,918.605252389539,901.853137860989,134.35,134.35,0.0,19.23326556184053,19.23326556184053,13.2,13.2,1.0,87,0,20,0.9989130420144647,11,11,6,UCSD / GILMAN 2-2|2;UCSD / SCHOLARS - 07|2;UCSD / RADY P357 5|2;UCSD / BIRCH AQUARIUM|1;UCSD / SCHOLARS - 01|1;UCSD / SCHOLARS - 08|2
2023-08-10,2023-08,HistoricalMedian,16.75280851618527,1015.29934706938,891.5695550181417,874.8167465019565,134.35000000000002,134.35,0.0,19.2831230281627,19.28313331830073,12.274011497236131,12.274025825996187,1.0,87,0,35,0.9555483750300482,11,11,6,UCSD / GILMAN 2-2|2;UCSD / SCHOLARS - 07|2;UCSD / RADY P357 5|2;UCSD / BIRCH AQUARIUM|1;UCSD / SCHOLARS - 01|1;UCSD / SCHOLARS - 08|2
2023-08-10,2023-08,ConformalRobust,16.752390916230752,1048.2625699589144,924.5322226302112,907.7798317139805,134.35,134.35,0.0,19.462140119475848,19.462150698659876,13.200007332600839,13.200007332600839,1.0,87,0,46,1.0199518339941278,11,11,6,UCSD / GILMAN 2-2|2;UCSD / SCHOLARS - 07|2;UCSD / RADY P357 5|2;UCSD / BIRCH AQUARIUM|1;UCSD / SCHOLARS - 01|1;UCSD / SCHOLARS - 08|2
2023-08-11,2023-08,V0G,7.436377225609931,1608.4859090769162,349.24963802561,341.8132608000001,62.155,62.155,0.0,33.0,33.0,19.799999999999997,19.799999999999997,1.0,0,0,0,3.1207920983433723e-05,6,0,6,UCSD / GILMAN 2-2|2;UCSD / SCHOLARS - 07|2;UCSD / RADY P357 5|2;UCSD / BIRCH AQUARIUM|1;UCSD / SCHOLARS - 01|1;UCSD / SCHOLARS - 08|2
2023-08-11,2023-08,Perfect,7.436377225610045,1008.7731588855148,349.24963802561,341.81326079999997,62.155,62.155,0.0,18.73766734666547,18.73766734666547,12.274011274094489,12.274011274094489,1.0,59,0,0,0.596266167005524,6,6,6,UCSD / GILMAN 2-2|2;UCSD / SCHOLARS - 07|2;UCSD / RADY P357 5|2;UCSD / BIRCH AQUARIUM|1;UCSD / SCHOLARS - 01|1;UCSD / SCHOLARS - 08|2
2023-08-11,2023-08,NoForecast,7.436377225609931,1040.0058505364082,349.24963802561,341.8132608000001,62.155,62.155,0.0,19.95355258558523,19.95355258558523,12.274026298286273,12.274026298286273,1.0,33,0,0,0.148491624975577,6,0,6,UCSD / GILMAN 2-2|2;UCSD / SCHOLARS - 07|2;UCSD / RADY P357 5|2;UCSD / BIRCH AQUARIUM|1;UCSD / SCHOLARS - 01|1;UCSD / SCHOLARS - 08|2
2023-08-11,2023-08,Persistence,7.436377225610045,1049.8094210968165,349.24963802561,341.81326079999997,62.155,62.155,0.0,19.23326556184053,19.23326556184053,13.2,13.2,1.0,64,0,15,0.667019542073831,6,9,6,UCSD / GILMAN 2-2|2;UCSD / SCHOLARS - 07|2;UCSD / RADY P357 5|2;UCSD / BIRCH AQUARIUM|1;UCSD / SCHOLARS - 01|1;UCSD / SCHOLARS - 08|2
2023-08-11,2023-08,HistoricalMedian,7.436377225610045,1022.7357242949901,349.24963802561,341.81326079999997,62.155,62.155,0.0,19.28313331830073,19.28313331830073,12.274025825996187,12.274025825996187,1.0,60,0,1,0.6372329159639776,6,8,6,UCSD / GILMAN 2-2|2;UCSD / SCHOLARS - 07|2;UCSD / RADY P357 5|2;UCSD / BIRCH AQUARIUM|1;UCSD / SCHOLARS - 01|1;UCSD / SCHOLARS - 08|2
2023-08-11,2023-08,ConformalRobust,7.436377225609931,1055.6989471845243,349.24963802561,341.8132608000001,62.155,62.155,0.0,19.462150698659876,19.462150698659876,13.200007332600839,13.200007332600839,1.0,77,0,18,0.7702065421035513,6,8,6,UCSD / GILMAN 2-2|2;UCSD / SCHOLARS - 07|2;UCSD / RADY P357 5|2;UCSD / BIRCH AQUARIUM|1;UCSD / SCHOLARS - 01|1;UCSD / SCHOLARS - 08|2
2023-08-12,2023-08,V0G,5.000533479775868,1613.486442556692,548.7181958797761,543.7176624000002,41.028999999999996,41.029,0.0,33.0,33.0,19.799999999999997,19.799999999999997,1.0,0,0,0,2.8749927878379822e-05,6,0,6,UCSD / GILMAN 2-2|2;UCSD / SCHOLARS - 07|2;UCSD / RADY P357 5|2;UCSD / BIRCH AQUARIUM|1;UCSD / SCHOLARS - 01|1;UCSD / SCHOLARS - 08|2
2023-08-12,2023-08,Perfect,5.0005334797759815,1013.7736923652908,548.7181958797761,543.7176624000001,41.029,41.029,0.0,18.73766734666547,18.73766734666547,12.274011274094489,12.274011274094489,1.0,67,0,0,0.6730486659798771,6,6,6,UCSD / GILMAN 2-2|2;UCSD / SCHOLARS - 07|2;UCSD / RADY P357 5|2;UCSD / BIRCH AQUARIUM|1;UCSD / SCHOLARS - 01|1;UCSD / SCHOLARS - 08|2
2023-08-12,2023-08,NoForecast,5.0005334797759815,1045.0063840161843,548.7181958797761,543.7176624000001,41.029,41.029,0.0,19.95355258558523,19.95355258558523,12.274026298286273,12.274026298286273,1.0,21,0,0,0.09657441591843963,6,0,6,UCSD / GILMAN 2-2|2;UCSD / SCHOLARS - 07|2;UCSD / RADY P357 5|2;UCSD / BIRCH AQUARIUM|1;UCSD / SCHOLARS - 01|1;UCSD / SCHOLARS - 08|2
2023-08-12,2023-08,Persistence,5.000533479776095,1054.8099545765926,548.7181958797761,543.7176624,41.029,41.029,0.0,19.23326556184053,19.23326556184053,13.2,13.2,1.0,75,0,3,0.750624957960099,6,9,6,UCSD / GILMAN 2-2|2;UCSD / SCHOLARS - 07|2;UCSD / RADY P357 5|2;UCSD / BIRCH AQUARIUM|1;UCSD / SCHOLARS - 01|1;UCSD / SCHOLARS - 08|2
2023-08-12,2023-08,HistoricalMedian,5.000533479776095,1027.7362577747663,548.7181958797761,543.7176624,41.029,41.029,0.0,19.28313331830073,19.28313331830073,12.274025825996187,12.274025825996187,1.0,66,0,0,0.506137749995105,6,6,6,UCSD / GILMAN 2-2|2;UCSD / SCHOLARS - 07|2;UCSD / RADY P357 5|2;UCSD / BIRCH AQUARIUM|1;UCSD / SCHOLARS - 01|1;UCSD / SCHOLARS - 08|2
2023-08-12,2023-08,ConformalRobust,5.0005334797759815,1060.6994806643002,548.7181958797761,543.7176624000001,41.029,41.029,0.0,19.462150698659876,19.462150698659876,13.200007332600839,13.200007332600839,1.0,78,0,0,0.5791538329795003,6,6,6,UCSD / GILMAN 2-2|2;UCSD / SCHOLARS - 07|2;UCSD / RADY P357 5|2;UCSD / BIRCH AQUARIUM|1;UCSD / SCHOLARS - 01|1;UCSD / SCHOLARS - 08|2
2023-08-13,2023-08,V0G,8.482467165881872,1621.968909722574,1126.915563165882,1118.4330960000002,65.487,65.487,0.0,33.0,33.0,19.799999999999997,19.799999999999997,1.0,0,0,0,3.1250063329935074e-05,8,0,6,UCSD / GILMAN 2-2|2;UCSD / SCHOLARS - 07|2;UCSD / RADY P357 5|2;UCSD / BIRCH AQUARIUM|1;UCSD / SCHOLARS - 01|1;UCSD / SCHOLARS - 08|2
2023-08-13,2023-08,Perfect,8.449052543045923,1022.2227449083367,869.1412478918953,860.6921953488494,65.487,65.487,0.0,18.73766734666547,18.73766734666547,12.274011274094489,12.274011274094489,1.0,85,0,0,0.7935298749944195,8,8,6,UCSD / GILMAN 2-2|2;UCSD / SCHOLARS - 07|2;UCSD / RADY P357 5|2;UCSD / BIRCH AQUARIUM|1;UCSD / SCHOLARS - 01|1;UCSD / SCHOLARS - 08|2
2023-08-13,2023-08,NoForecast,8.449521387490563,1053.455905403675,896.6512209175139,888.2016995300233,65.487,65.487,0.0,19.95355258558523,19.95355258558523,12.274026298286273,12.274040903749968,1.0,34,0,0,0.16705183393787593,8,0,6,UCSD / GILMAN 2-2|2;UCSD / SCHOLARS - 07|2;UCSD / RADY P357 5|2;UCSD / BIRCH AQUARIUM|1;UCSD / SCHOLARS - 01|1;UCSD / SCHOLARS - 08|2
2023-08-13,2023-08,Persistence,8.449443949234023,1063.2593985258268,910.302581810223,901.853137860989,65.48700000000001,65.487,0.0,19.23326556184053,19.23327258713721,13.2,13.200005905993873,1.0,85,0,7,0.7148213749751449,8,7,6,UCSD / GILMAN 2-2|2;UCSD / SCHOLARS - 07|2;UCSD / RADY P357 5|2;UCSD / BIRCH AQUARIUM|1;UCSD / SCHOLARS - 01|1;UCSD / SCHOLARS - 08|2
2023-08-13,2023-08,HistoricalMedian,8.449500844474528,1036.185758619241,883.2669521483314,874.8174513038568,65.487,65.487,0.0,19.28313331830073,19.28313331830073,12.274025825996187,12.274040157178732,1.0,85,0,1,0.6146896660793573,8,6,6,UCSD / GILMAN 2-2|2;UCSD / SCHOLARS - 07|2;UCSD / RADY P357 5|2;UCSD / BIRCH AQUARIUM|1;UCSD / SCHOLARS - 01|1;UCSD / SCHOLARS - 08|2
2023-08-13,2023-08,ConformalRobust,8.449450566582527,1069.1489312308827,916.2297805437569,907.7803299771743,65.487,65.487,0.0,19.462150698659876,19.462157752069945,13.200007332600839,13.200013281932303,1.0,93,0,0,0.6928065000101924,8,6,6,UCSD / GILMAN 2-2|2;UCSD / SCHOLARS - 07|2;UCSD / RADY P357 5|2;UCSD / BIRCH AQUARIUM|1;UCSD / SCHOLARS - 01|1;UCSD / SCHOLARS - 08|2
2023-08-14,2023-08,V0G,16.26639416286571,1638.2353038854396,932.7950885628661,916.5286944000004,130.99199999999996,130.992,0.0,33.0,33.0,19.799999999999997,19.799999999999997,1.0,0,0,0,3.9499951526522636e-05,9,0,6,UCSD / GILMAN 2-2|2;UCSD / SCHOLARS - 07|2;UCSD / RADY P357 5|2;UCSD / BIRCH AQUARIUM|1;UCSD / SCHOLARS - 01|1;UCSD / SCHOLARS - 08|2
2023-08-14,2023-08,Perfect,16.267175060400064,1038.4899199687368,876.9593704092495,860.6921953488494,130.99200000000002,130.992,0.0,18.73766734666547,18.737684155417767,12.274011274094489,12.274022572493584,1.0,78,0,0,0.9073649169877172,9,9,6,UCSD / GILMAN 2-2|2;UCSD / SCHOLARS - 07|2;UCSD / RADY P357 5|2;UCSD / BIRCH AQUARIUM|1;UCSD / SCHOLARS - 01|1;UCSD / SCHOLARS - 08|2
2023-08-14,2023-08,NoForecast,16.266751543874307,1069.7226569475492,904.4688978780503,888.202146334176,130.992,130.992,0.0,19.95355258558523,19.95355258558523,12.274040903749968,12.274052586083965,1.0,53,0,0,0.2751440420979634,9,0,6,UCSD / GILMAN 2-2|2;UCSD / SCHOLARS - 07|2;UCSD / RADY P357 5|2;UCSD / BIRCH AQUARIUM|1;UCSD / SCHOLARS - 01|1;UCSD / SCHOLARS - 08|2
2023-08-14,2023-08,Persistence,16.26702894856726,1079.526427474394,918.1203487292207,901.8533197806535,130.99200000000002,130.992,0.0,19.23327258713721,19.23329710102306,13.200005905993873,13.200005905993873,1.0,78,0,34,0.8866676249308512,9,10,6,UCSD / GILMAN 2-2|2;UCSD / SCHOLARS - 07|2;UCSD / RADY P357 5|2;UCSD / BIRCH AQUARIUM|1;UCSD / SCHOLARS - 01|1;UCSD / SCHOLARS - 08|2
2023-08-14,2023-08,HistoricalMedian,16.26709939749901,1052.4528580167398,891.0849891148158,874.8178897173168,130.99200000000002,130.992,0.0,19.28313331830073,19.283146987044397,12.274040157178732,12.274051640185723,1.0,78,0,33,0.9054992910241708,9,13,6,UCSD / GILMAN 2-2|2;UCSD / SCHOLARS - 07|2;UCSD / RADY P357 5|2;UCSD / BIRCH AQUARIUM|1;UCSD / SCHOLARS - 01|1;UCSD / SCHOLARS - 08|2
2023-08-14,2023-08,ConformalRobust,25.014800253848875,1094.1637314847317,932.7950885628661,907.7802883090172,130.992,130.992,0.0,19.462157752069945,19.799999999999997,13.200013281932303,13.200013281932303,1.0,84,0,36,0.9951359169790521,9,13,6,UCSD / GILMAN 2-2|2;UCSD / SCHOLARS - 07|2;UCSD / RADY P357 5|2;UCSD / BIRCH AQUARIUM|1;UCSD / SCHOLARS - 01|1;UCSD / SCHOLARS - 08|2
2023-08-15,2023-08,V0G,14.851944128291962,1653.0872480137316,738.036293024292,723.1843488960001,123.75300000000001,123.753,0.0,33.0,33.0,19.799999999999997,19.799999999999997,1.0,0,0,0,3.795791417360306e-05,8,0,6,UCSD / GILMAN 2-2|2;UCSD / SCHOLARS - 07|2;UCSD / RADY P357 5|2;UCSD / BIRCH AQUARIUM|1;UCSD / SCHOLARS - 01|1;UCSD / SCHOLARS - 08|2
2023-08-15,2023-08,Perfect,14.865786970281192,1053.355706939018,698.7160042414944,683.8502172712132,123.75300000000001,123.753,0.0,18.737684155417767,18.737717697714697,12.274022572493584,12.274022572493584,1.0,67,0,0,0.8034078750060871,8,8,6,UCSD / GILMAN 2-2|2;UCSD / SCHOLARS - 07|2;UCSD / RADY P357 5|2;UCSD / BIRCH AQUARIUM|1;UCSD / SCHOLARS - 01|1;UCSD / SCHOLARS - 08|2
2023-08-15,2023-08,NoForecast,14.852303202265261,1084.5749601498146,681.93661762305,667.0843144207847,123.75300000000001,123.753,0.0,19.95355258558523,19.953566452152124,12.274052586083965,12.274052586083965,1.0,45,0,0,0.2518385830335319,8,0,6,UCSD / GILMAN 2-2|2;UCSD / SCHOLARS - 07|2;UCSD / RADY P357 5|2;UCSD / BIRCH AQUARIUM|1;UCSD / SCHOLARS - 01|1;UCSD / SCHOLARS - 08|2
2023-08-15,2023-08,Persistence,14.85285353147799,1094.3792810058721,663.2861925138324,648.4333389823544,123.75300000000001,123.753,0.0,19.23329710102306,19.233332219970833,13.200005905993873,13.200005905993873,1.0,67,0,24,0.8173575421096757,8,10,6,UCSD / GILMAN 2-2|2;UCSD / SCHOLARS - 07|2;UCSD / RADY P357 5|2;UCSD / BIRCH AQUARIUM|1;UCSD / SCHOLARS - 01|1;UCSD / SCHOLARS - 08|2
2023-08-15,2023-08,HistoricalMedian,14.852032767355809,1067.3048907840957,664.5762317566392,649.7241989892834,123.75300000000001,123.753,0.0,19.283146987044397,19.283150410070288,12.274051640185723,12.274051640185723,1.0,69,0,1,0.8788560830289498,8,11,6,UCSD / GILMAN 2-2|2;UCSD / SCHOLARS - 07|2;UCSD / RADY P357 5|2;UCSD / BIRCH AQUARIUM|1;UCSD / SCHOLARS - 01|1;UCSD / SCHOLARS - 08|2
2023-08-15,2023-08,ConformalRobust,14.85231371027055,1109.0160451950023,677.9603925262707,663.1080788160001,123.75300000000001,123.753,0.0,19.799999999999997,19.800014272360606,13.200013281932303,13.200013281932303,1.0,86,0,26,0.9920990000246093,8,11,6,UCSD / GILMAN 2-2|2;UCSD / SCHOLARS - 07|2;UCSD / RADY P357 5|2;UCSD / BIRCH AQUARIUM|1;UCSD / SCHOLARS - 01|1;UCSD / SCHOLARS - 08|2
2023-08-16,2023-08,V0G,16.612412829933874,1669.6996608436655,1076.197979229934,1059.5855664,136.178,136.178,0.0,33.0,33.0,19.799999999999997,19.799999999999997,1.0,0,0,0,4.183303099125624e-05,13,0,6,UCSD / GILMAN 2-2|2;UCSD / SCHOLARS - 07|2;UCSD / RADY P357 5|2;UCSD / BIRCH AQUARIUM|1;UCSD / SCHOLARS - 01|1;UCSD / SCHOLARS - 08|2
2023-08-16,2023-08,Perfect,16.597593162562703,1069.9533001015807,795.7336058406937,779.136012678131,136.178,136.178,0.0,18.737717697714697,18.737717697714697,12.274022572493584,12.274022572493584,1.0,85,0,0,1.012180958990939,13,13,6,UCSD / GILMAN 2-2|2;UCSD / SCHOLARS - 07|2;UCSD / RADY P357 5|2;UCSD / BIRCH AQUARIUM|1;UCSD / SCHOLARS - 01|1;UCSD / SCHOLARS - 08|2
2023-08-16,2023-08,NoForecast,16.598671281665702,1101.1736314314803,827.2190193684239,810.6203480867582,136.178,136.178,0.0,19.953566452152124,19.95360796490729,12.274052586083965,12.274052586083965,1.0,50,0,0,0.29912270908243954,13,0,6,UCSD / GILMAN 2-2|2;UCSD / SCHOLARS - 07|2;UCSD / RADY P357 5|2;UCSD / BIRCH AQUARIUM|1;UCSD / SCHOLARS - 01|1;UCSD / SCHOLARS - 08|2
2023-08-16,2023-08,Persistence,16.598961861873704,1110.9782428677458,808.5688848394143,791.9699229775406,136.178,136.178,0.0,19.233332219970833,19.233384916862345,13.200005905993873,13.200005905993873,1.0,75,0,43,0.8781342499423772,13,11,6,UCSD / GILMAN 2-2|2;UCSD / SCHOLARS - 07|2;UCSD / RADY P357 5|2;UCSD / BIRCH AQUARIUM|1;UCSD / SCHOLARS - 01|1;UCSD / SCHOLARS - 08|2
2023-08-16,2023-08,HistoricalMedian,16.599007480460614,1083.9038982645563,809.858969700808,793.2599622203473,136.178,136.178,0.0,19.283150410070288,19.28320497304879,12.274051640185723,12.274051640185723,1.0,75,0,47,0.9277835000539199,13,12,6,UCSD / GILMAN 2-2|2;UCSD / SCHOLARS - 07|2;UCSD / RADY P357 5|2;UCSD / BIRCH AQUARIUM|1;UCSD / SCHOLARS - 01|1;UCSD / SCHOLARS - 08|2
2023-08-16,2023-08,ConformalRobust,16.598705581326726,1125.614750776329,823.2428285713055,806.6441229899788,136.178,136.178,0.0,19.800014272360606,19.800057014887866,13.200013281932303,13.200013281932303,1.0,86,0,34,1.0319543749792501,13,12,6,UCSD / GILMAN 2-2|2;UCSD / SCHOLARS - 07|2;UCSD / RADY P357 5|2;UCSD / BIRCH AQUARIUM|1;UCSD / SCHOLARS - 01|1;UCSD / SCHOLARS - 08|2
2023-08-17,2023-08,V0G,16.85136684670988,1686.5510276903753,1104.28669164671,1087.4353248000002,136.80100000000002,136.80100000000002,0.0,33.0,33.0,19.799999999999997,19.799999999999997,1.0,0,0,0,4.0207989513874054e-05,10,0,6,UCSD / GILMAN 2-2|2;UCSD / SCHOLARS - 07|2;UCSD / RADY P357 5|2;UCSD / BIRCH AQUARIUM|1;UCSD / SCHOLARS - 01|1;UCSD / SCHOLARS - 08|2
2023-08-17,2023-08,Perfect,16.85267181148504,1086.8059719130656,877.546516633769,860.693844822284,136.80100000000002,136.80100000000002,0.0,18.737717697714697,18.73775476843184,12.274022572493584,12.274033850782429,1.0,79,0,0,0.9236802919767797,10,10,6,UCSD / GILMAN 2-2|2;UCSD / SCHOLARS - 07|2;UCSD / RADY P357 5|2;UCSD / BIRCH AQUARIUM|1;UCSD / SCHOLARS - 01|1;UCSD / SCHOLARS - 08|2
2023-08-17,2023-08,NoForecast,16.85199421459697,1118.0256256460773,909.0321675790095,892.1801733644126,136.80100000000002,136.80100000000002,0.0,19.95360796490729,19.953618382114612,12.274052586083965,12.274064276063152,1.0,47,0,0,0.27545745903626084,10,0,6,UCSD / GILMAN 2-2|2;UCSD / SCHOLARS - 07|2;UCSD / RADY P357 5|2;UCSD / BIRCH AQUARIUM|1;UCSD / SCHOLARS - 01|1;UCSD / SCHOLARS - 08|2
2023-08-17,2023-08,Persistence,16.851366846709993,1127.8296097144557,918.7075953993052,901.8562285525952,136.80100000000004,136.80100000000002,0.0,19.233384916862345,19.233384916862345,13.200005905993873,13.200005905993873,1.0,79,0,45,0.8626752910204232,10,11,6,UCSD / GILMAN 2-2|2;UCSD / SCHOLARS - 07|2;UCSD / RADY P357 5|2;UCSD / BIRCH AQUARIUM|1;UCSD / SCHOLARS - 01|1;UCSD / SCHOLARS - 08|2
2023-08-17,2023-08,HistoricalMedian,16.852866931411654,1100.756765195968,891.6729634276979,874.8200964962863,136.80100000000002,136.80100000000002,0.0,19.28320497304879,19.28324936061321,12.274051640185723,12.27406310318478,1.0,75,0,19,0.86510687507689,10,9,6,UCSD / GILMAN 2-2|2;UCSD / SCHOLARS - 07|2;UCSD / RADY P357 5|2;UCSD / BIRCH AQUARIUM|1;UCSD / SCHOLARS - 01|1;UCSD / SCHOLARS - 08|2
2023-08-17,2023-08,ConformalRobust,16.85164430236898,1142.466395078698,933.3818150996975,916.5301707973285,136.80100000000002,136.80100000000002,0.0,19.800057014887866,19.800067729553206,13.200013281932303,13.200013281932303,1.0,79,0,42,0.9131527499994263,10,9,6,UCSD / GILMAN 2-2|2;UCSD / SCHOLARS - 07|2;UCSD / RADY P357 5|2;UCSD / BIRCH AQUARIUM|1;UCSD / SCHOLARS - 01|1;UCSD / SCHOLARS - 08|2
2023-08-18,2023-08,V0G,10.976431669821977,1697.5274593601973,756.5984956698221,745.6220640000001,86.53099999999999,86.531,0.0,33.0,33.0,19.799999999999997,19.799999999999997,1.0,0,0,0,3.5499921068549156e-05,10,0,6,UCSD / GILMAN 2-2|2;UCSD / SCHOLARS - 07|2;UCSD / RADY P357 5|2;UCSD / BIRCH AQUARIUM|1;UCSD / SCHOLARS - 01|1;UCSD / SCHOLARS - 08|2
2023-08-18,2023-08,Perfect,10.898055263693777,1097.7040271767594,728.1933554364772,717.2953001727834,86.531,86.531,0.0,18.73775476843184,18.73775476843184,12.274033850782429,12.274033850782429,1.0,93,0,0,0.9566788750234991,10,10,6,UCSD / GILMAN 2-2|2;UCSD / SCHOLARS - 07|2;UCSD / RADY P357 5|2;UCSD / BIRCH AQUARIUM|1;UCSD / SCHOLARS - 01|1;UCSD / SCHOLARS - 08|2
2023-08-18,2023-08,NoForecast,10.898061543318704,1128.9236871893959,728.1942924733896,717.2962309300709,86.531,86.531,0.0,19.953618382114612,19.953618382114612,12.274064276063152,12.274064276063152,1.0,52,0,0,0.22028537490405142,10,0,6,UCSD / GILMAN 2-2|2;UCSD / SCHOLARS - 07|2;UCSD / RADY P357 5|2;UCSD / BIRCH AQUARIUM|1;UCSD / SCHOLARS - 01|1;UCSD / SCHOLARS - 08|2
2023-08-18,2023-08,Persistence,10.898063478439894,1138.7276731928955,756.5201274784399,745.622064,86.531,86.531,0.0,19.233384916862345,19.233384916862345,13.200005905993873,13.200005905993873,1.0,89,0,2,0.6872102500637993,10,6,6,UCSD / GILMAN 2-2|2;UCSD / SCHOLARS - 07|2;UCSD / RADY P357 5|2;UCSD / BIRCH AQUARIUM|1;UCSD / SCHOLARS - 01|1;UCSD / SCHOLARS - 08|2
2023-08-18,2023-08,HistoricalMedian,10.898058071478886,1111.6548232674468,728.1942531213521,717.2961950498732,86.531,86.531,0.0,19.28324936061321,19.28324936061321,12.27406310318478,12.27406310318478,1.0,89,0,0,0.796117625082843,10,8,6,UCSD / GILMAN 2-2|2;UCSD / SCHOLARS - 07|2;UCSD / RADY P357 5|2;UCSD / BIRCH AQUARIUM|1;UCSD / SCHOLARS - 01|1;UCSD / SCHOLARS - 08|2
2023-08-18,2023-08,ConformalRobust,10.898066413328252,1153.3644614920263,756.5201304133283,745.622064,86.531,86.531,0.0,19.800067729553206,19.800067729553206,13.200013281932303,13.200013281932303,1.0,93,0,8,0.8980504999635741,10,8,6,UCSD / GILMAN 2-2|2;UCSD / SCHOLARS - 07|2;UCSD / RADY P357 5|2;UCSD / BIRCH AQUARIUM|1;UCSD / SCHOLARS - 01|1;UCSD / SCHOLARS - 08|2
2023-08-19,2023-08,V0G,11.436646026161952,1708.9641053863593,757.058710026162,745.622064,88.44900000000001,88.449,0.0,33.0,33.0,19.799999999999997,19.799999999999997,1.0,0,0,0,3.4334021620452404e-05,7,0,6,UCSD / GILMAN 2-2|2;UCSD / SCHOLARS - 07|2;UCSD / RADY P357 5|2;UCSD / BIRCH AQUARIUM|1;UCSD / SCHOLARS - 01|1;UCSD / SCHOLARS - 08|2
2023-08-19,2023-08,Perfect,11.402800944151409,1109.106828120911,728.6981011169347,717.2953001727833,88.44900000000003,88.449,0.0,18.73775476843184,18.73775476843184,12.274033850782429,12.274033850782429,1.0,85,0,0,0.700465957983397,7,7,6,UCSD / GILMAN 2-2|2;UCSD / SCHOLARS - 07|2;UCSD / RADY P357 5|2;UCSD / BIRCH AQUARIUM|1;UCSD / SCHOLARS - 01|1;UCSD / SCHOLARS - 08|2
2023-08-19,2023-08,NoForecast,11.402807241279902,1140.3264944306757,728.6990381713508,717.2962309300709,88.44900000000001,88.449,0.0,19.953618382114612,19.953618382114612,12.274064276063152,12.274064276063152,1.0,45,0,0,0.21077337500173599,7,0,6,UCSD / GILMAN 2-2|2;UCSD / SCHOLARS - 07|2;UCSD / RADY P357 5|2;UCSD / BIRCH AQUARIUM|1;UCSD / SCHOLARS - 01|1;UCSD / SCHOLARS - 08|2
2023-08-19,2023-08,Persistence,11.402809176401092,1150.1304823692967,757.0248731764011,745.622064,88.44900000000001,88.449,0.0,19.233384916862345,19.233384916862345,13.200005905993873,13.200005905993873,1.0,85,0,9,0.7468629579525441,7,6,6,UCSD / GILMAN 2-2|2;UCSD / SCHOLARS - 07|2;UCSD / RADY P357 5|2;UCSD / BIRCH AQUARIUM|1;UCSD / SCHOLARS - 01|1;UCSD / SCHOLARS - 08|2
2023-08-19,2023-08,HistoricalMedian,11.402803769440084,1123.057627036887,728.6989988193131,717.2961950498731,88.44900000000001,88.449,0.0,19.28324936061321,19.28324936061321,12.27406310318478,12.27406310318478,1.0,85,0,14,0.8423734999960288,7,9,6,UCSD / GILMAN 2-2|2;UCSD / SCHOLARS - 07|2;UCSD / RADY P357 5|2;UCSD / BIRCH AQUARIUM|1;UCSD / SCHOLARS - 01|1;UCSD / SCHOLARS - 08|2
2023-08-19,2023-08,ConformalRobust,11.402812111289109,1164.7672736033155,757.0248761112892,745.6220640000001,88.44900000000001,88.449,0.0,19.800067729553206,19.800067729553206,13.200013281932303,13.200013281932303,1.0,85,0,6,0.9525851249927655,7,9,6,UCSD / GILMAN 2-2|2;UCSD / SCHOLARS - 07|2;UCSD / RADY P357 5|2;UCSD / BIRCH AQUARIUM|1;UCSD / SCHOLARS - 01|1;UCSD / SCHOLARS - 08|2
2023-08-20,2023-08,V0G,0.0,1708.9641053863593,0.0,0.0,0.0,0.0,0.0,33.0,33.0,19.799999999999997,19.799999999999997,1.0,0,0,0,2.591707743704319e-05,0,0,6,UCSD / GILMAN 2-2|2;UCSD / SCHOLARS - 07|2;UCSD / RADY P357 5|2;UCSD / BIRCH AQUARIUM|1;UCSD / SCHOLARS - 01|1;UCSD / SCHOLARS - 08|2
2023-08-20,2023-08,Perfect,0.0,1109.106828120911,0.0,0.0,0.0,0.0,0.0,18.73775476843184,18.73775476843184,12.274033850782429,12.274033850782429,1.0,0,0,0,6.174994632601738e-05,0,0,6,UCSD / GILMAN 2-2|2;UCSD / SCHOLARS - 07|2;UCSD / RADY P357 5|2;UCSD / BIRCH AQUARIUM|1;UCSD / SCHOLARS - 01|1;UCSD / SCHOLARS - 08|2
2023-08-20,2023-08,NoForecast,0.0,1140.3264944306757,0.0,0.0,0.0,0.0,0.0,19.953618382114612,19.953618382114612,12.274064276063152,12.274064276063152,1.0,0,0,0,6.083305925130844e-05,0,0,6,UCSD / GILMAN 2-2|2;UCSD / SCHOLARS - 07|2;UCSD / RADY P357 5|2;UCSD / BIRCH AQUARIUM|1;UCSD / SCHOLARS - 01|1;UCSD / SCHOLARS - 08|2
2023-08-20,2023-08,Persistence,0.0,1150.1304823692967,0.0,0.0,0.0,0.0,0.0,19.233384916862345,19.233384916862345,13.200005905993873,13.200005905993873,1.0,75,0,0,0.7191610829904675,0,8,6,UCSD / GILMAN 2-2|2;UCSD / SCHOLARS - 07|2;UCSD / RADY P357 5|2;UCSD / BIRCH AQUARIUM|1;UCSD / SCHOLARS - 01|1;UCSD / SCHOLARS - 08|2
2023-08-20,2023-08,HistoricalMedian,0.0,1123.057627036887,0.0,0.0,0.0,0.0,0.0,19.28324936061321,19.28324936061321,12.27406310318478,12.27406310318478,1.0,75,0,0,0.6306059999624267,0,7,6,UCSD / GILMAN 2-2|2;UCSD / SCHOLARS - 07|2;UCSD / RADY P357 5|2;UCSD / BIRCH AQUARIUM|1;UCSD / SCHOLARS - 01|1;UCSD / SCHOLARS - 08|2
2023-08-20,2023-08,ConformalRobust,0.0,1164.7672736033155,0.0,0.0,0.0,0.0,0.0,19.800067729553206,19.800067729553206,13.200013281932303,13.200013281932303,1.0,92,0,0,0.746279124985449,0,7,6,UCSD / GILMAN 2-2|2;UCSD / SCHOLARS - 07|2;UCSD / RADY P357 5|2;UCSD / BIRCH AQUARIUM|1;UCSD / SCHOLARS - 01|1;UCSD / SCHOLARS - 08|2
2023-08-21,2023-08,V0G,8.056221770544198,1717.0203271569035,551.7738841705441,543.7176623999999,66.0,66.0,0.0,33.0,33.0,19.799999999999997,19.799999999999997,1.0,0,0,0,3.216706681996584e-05,7,0,6,UCSD / GILMAN 2-2|2;UCSD / SCHOLARS - 07|2;UCSD / RADY P357 5|2;UCSD / BIRCH AQUARIUM|1;UCSD / SCHOLARS - 01|1;UCSD / SCHOLARS - 08|2
2023-08-21,2023-08,Perfect,8.05622177054397,1117.1630498914549,551.7738841705441,543.7176624000001,66.0,66.0,0.0,18.73775476843184,18.73775476843184,12.274033850782429,12.274033850782429,1.0,75,0,0,0.6368073329795152,7,7,6,UCSD / GILMAN 2-2|2;UCSD / SCHOLARS - 07|2;UCSD / RADY P357 5|2;UCSD / BIRCH AQUARIUM|1;UCSD / SCHOLARS - 01|1;UCSD / SCHOLARS - 08|2
2023-08-21,2023-08,NoForecast,8.05622177054397,1148.3827162012196,551.7738841705441,543.7176624000001,66.0,66.0,0.0,19.953618382114612,19.953618382114612,12.274064276063152,12.274064276063152,1.0,37,0,0,0.1641748750116676,7,0,6,UCSD / GILMAN 2-2|2;UCSD / SCHOLARS - 07|2;UCSD / RADY P357 5|2;UCSD / BIRCH AQUARIUM|1;UCSD / SCHOLARS - 01|1;UCSD / SCHOLARS - 08|2
2023-08-21,2023-08,Persistence,8.05622177054397,1158.1867041398407,551.7738841705441,543.7176624000001,66.0,66.0,0.0,19.233384916862345,19.233384916862345,13.200005905993873,13.200005905993873,1.0,73,0,4,0.8281000410206616,7,9,6,UCSD / GILMAN 2-2|2;UCSD / SCHOLARS - 07|2;UCSD / RADY P357 5|2;UCSD / BIRCH AQUARIUM|1;UCSD / SCHOLARS - 01|1;UCSD / SCHOLARS - 08|2
2023-08-21,2023-08,HistoricalMedian,8.05622177054397,1131.113848807431,551.7738841705441,543.7176624000001,66.0,66.0,0.0,19.28324936061321,19.28324936061321,12.27406310318478,12.27406310318478,1.0,73,0,13,0.890089959022589,7,12,6,UCSD / GILMAN 2-2|2;UCSD / SCHOLARS - 07|2;UCSD / RADY P357 5|2;UCSD / BIRCH AQUARIUM|1;UCSD / SCHOLARS - 01|1;UCSD / SCHOLARS - 08|2
2023-08-21,2023-08,ConformalRobust,8.05622177054397,1172.8234953738595,551.7738841705441,543.7176624000001,66.0,66.0,0.0,19.800067729553206,19.800067729553206,13.200013281932303,13.200013281932303,1.0,85,0,24,0.9976170000154525,7,12,6,UCSD / GILMAN 2-2|2;UCSD / SCHOLARS - 07|2;UCSD / RADY P357 5|2;UCSD / BIRCH AQUARIUM|1;UCSD / SCHOLARS - 01|1;UCSD / SCHOLARS - 08|2
2023-08-22,2023-08,V0G,10.540397773020004,1727.5607249299235,600.0403211650199,589.4999233919999,85.686,85.686,0.0,33.0,33.0,19.799999999999997,19.799999999999997,1.0,0,0,0,3.341701813042164e-05,7,0,6,UCSD / GILMAN 2-2|2;UCSD / SCHOLARS - 07|2;UCSD / RADY P357 5|2;UCSD / BIRCH AQUARIUM|1;UCSD / SCHOLARS - 01|1;UCSD / SCHOLARS - 08|2
2023-08-22,2023-08,Perfect,10.54039777301989,1127.7034476644749,600.0403211650199,589.499923392,85.686,85.686,0.0,18.73775476843184,18.73775476843184,12.274033850782429,12.274033850782429,1.0,73,0,0,0.6710367919877172,7,7,6,UCSD / GILMAN 2-2|2;UCSD / SCHOLARS - 07|2;UCSD / RADY P357 5|2;UCSD / BIRCH AQUARIUM|1;UCSD / SCHOLARS - 01|1;UCSD / SCHOLARS - 08|2
2023-08-22,2023-08,NoForecast,10.540397773020004,1158.9231139742396,600.0403211650199,589.4999233919999,85.686,85.686,0.0,19.953618382114612,19.953618382114612,12.274064276063152,12.274064276063152,1.0,43,0,0,0.1961309170583263,7,0,6,UCSD / GILMAN 2-2|2;UCSD / SCHOLARS - 07|2;UCSD / RADY P357 5|2;UCSD / BIRCH AQUARIUM|1;UCSD / SCHOLARS - 01|1;UCSD / SCHOLARS - 08|2
2023-08-22,2023-08,Persistence,10.54039777301989,1168.7271019128607,600.0403211650199,589.499923392,85.686,85.686,0.0,19.233384916862345,19.233384916862345,13.200005905993873,13.200005905993873,1.0,73,0,13,0.7666206250432879,7,8,6,UCSD / GILMAN 2-2|2;UCSD / SCHOLARS - 07|2;UCSD / RADY P357 5|2;UCSD / BIRCH AQUARIUM|1;UCSD / SCHOLARS - 01|1;UCSD / SCHOLARS - 08|2
2023-08-22,2023-08,HistoricalMedian,10.540397773020004,1141.654246580451,600.0403211650199,589.4999233919999,85.686,85.686,0.0,19.28324936061321,19.28324936061321,12.27406310318478,12.27406310318478,1.0,73,0,8,0.7982128330040723,7,10,6,UCSD / GILMAN 2-2|2;UCSD / SCHOLARS - 07|2;UCSD / RADY P357 5|2;UCSD / BIRCH AQUARIUM|1;UCSD / SCHOLARS - 01|1;UCSD / SCHOLARS - 08|2
2023-08-22,2023-08,ConformalRobust,10.54039777301989,1183.3638931468795,600.0403211650199,589.499923392,85.686,85.686,0.0,19.800067729553206,19.800067729553206,13.200013281932303,13.200013281932303,1.0,84,0,24,0.8783175830030814,7,10,6,UCSD / GILMAN 2-2|2;UCSD / SCHOLARS - 07|2;UCSD / RADY P357 5|2;UCSD / BIRCH AQUARIUM|1;UCSD / SCHOLARS - 01|1;UCSD / SCHOLARS - 08|2
2023-08-23,2023-08,V0G,12.090405176097875,1739.6511301060214,1062.029851064098,1049.9394458880001,97.127,97.127,0.0,33.0,33.0,19.799999999999997,19.799999999999997,1.0,0,0,0,3.691599704325199e-05,12,0,6,UCSD / GILMAN 2-2|2;UCSD / SCHOLARS - 07|2;UCSD / RADY P357 5|2;UCSD / BIRCH AQUARIUM|1;UCSD / SCHOLARS - 01|1;UCSD / SCHOLARS - 08|2
2023-08-23,2023-08,Perfect,12.090836460336845,1139.7942841248118,872.7859862473958,860.695149787059,97.12700000000001,97.127,0.0,18.73775476843184,18.73775476843184,12.274033850782429,12.274047948919735,1.0,75,0,0,0.9182764999568462,12,12,6,UCSD / GILMAN 2-2|2;UCSD / SCHOLARS - 07|2;UCSD / RADY P357 5|2;UCSD / BIRCH AQUARIUM|1;UCSD / SCHOLARS - 01|1;UCSD / SCHOLARS - 08|2
2023-08-23,2023-08,NoForecast,12.090941565817388,1171.0140555400571,904.2717422981169,892.1808007322995,97.127,97.127,0.0,19.953618382114612,19.953621833082043,12.274064276063152,12.274078888815076,1.0,41,0,0,0.2175070421071723,12,0,6,UCSD / GILMAN 2-2|2;UCSD / SCHOLARS - 07|2;UCSD / RADY P357 5|2;UCSD / BIRCH AQUARIUM|1;UCSD / SCHOLARS - 01|1;UCSD / SCHOLARS - 08|2
2023-08-23,2023-08,Persistence,12.090405176097988,1180.8175070889588,913.9466337286932,901.8562285525952,97.12700000000001,97.127,0.0,19.233384916862345,19.233384916862345,13.200005905993873,13.200005905993873,1.0,83,0,26,0.9754807089921087,12,13,6,UCSD / GILMAN 2-2|2;UCSD / SCHOLARS - 07|2;UCSD / RADY P357 5|2;UCSD / BIRCH AQUARIUM|1;UCSD / SCHOLARS - 01|1;UCSD / SCHOLARS - 08|2
2023-08-23,2023-08,HistoricalMedian,12.090931511223744,1153.7451780916747,886.9125280922117,874.821596580988,97.12700000000001,97.127,0.0,19.28324936061321,19.283252752627224,12.27406310318478,12.274077437167202,1.0,76,0,28,0.9235992080066353,12,12,6,UCSD / GILMAN 2-2|2;UCSD / SCHOLARS - 07|2;UCSD / RADY P357 5|2;UCSD / BIRCH AQUARIUM|1;UCSD / SCHOLARS - 01|1;UCSD / SCHOLARS - 08|2
2023-08-23,2023-08,ConformalRobust,12.090497122103784,1195.4543902689834,928.6209453750913,916.5304482529875,97.12700000000001,97.127,0.0,19.800067729553206,19.800071280285188,13.200013281932303,13.200013281932303,1.0,88,0,23,1.009833832969889,12,12,6,UCSD / GILMAN 2-2|2;UCSD / SCHOLARS - 07|2;UCSD / RADY P357 5|2;UCSD / BIRCH AQUARIUM|1;UCSD / SCHOLARS - 01|1;UCSD / SCHOLARS - 08|2
2023-08-24,2023-08,V0G,17.391367874567777,1757.0424979805891,1220.214563138568,1202.8231952640003,140.772,140.772,0.0,33.0,33.0,19.799999999999997,19.799999999999997,1.0,0,0,0,4.0499959141016006e-05,10,0,6,UCSD / GILMAN 2-2|2;UCSD / SCHOLARS - 07|2;UCSD / RADY P357 5|2;UCSD / BIRCH AQUARIUM|1;UCSD / SCHOLARS - 01|1;UCSD / SCHOLARS - 08|2
2023-08-24,2023-08,Perfect,17.29619296930059,1157.0904770941124,877.9917740405984,860.6955810712979,140.772,140.772,0.0,18.73775476843184,18.737754768431866,12.274047948919735,12.274047948919735,1.0,90,0,0,1.0401138339657336,10,10,6,UCSD / GILMAN 2-2|2;UCSD / SCHOLARS - 07|2;UCSD / RADY P357 5|2;UCSD / BIRCH AQUARIUM|1;UCSD / SCHOLARS - 01|1;UCSD / SCHOLARS - 08|2
2023-08-24,2023-08,NoForecast,17.29700827796421,1188.3110638180215,909.4783453999831,892.1813371220189,140.772,140.772,0.0,19.953621833082043,19.95364606622137,12.274078888815076,12.274078888815076,1.0,45,0,0,0.2964218750130385,10,0,6,UCSD / GILMAN 2-2|2;UCSD / SCHOLARS - 07|2;UCSD / RADY P357 5|2;UCSD / BIRCH AQUARIUM|1;UCSD / SCHOLARS - 01|1;UCSD / SCHOLARS - 08|2
2023-08-24,2023-08,Persistence,17.2975730936206,1198.1150801825793,919.1538016462158,901.8562285525952,140.772,140.772,0.0,19.233384916862345,19.233427284803852,13.200005905993873,13.200005905993873,1.0,88,0,23,0.9247429580427706,10,10,6,UCSD / GILMAN 2-2|2;UCSD / SCHOLARS - 07|2;UCSD / RADY P357 5|2;UCSD / BIRCH AQUARIUM|1;UCSD / SCHOLARS - 01|1;UCSD / SCHOLARS - 08|2
2023-08-24,2023-08,HistoricalMedian,17.296372082267794,1171.0415501739426,892.1184949983815,874.8221229161137,140.772,140.772,0.0,19.283252752627224,19.283252752627227,12.274077437167202,12.274077437167202,1.0,90,0,36,0.9450707079377025,10,9,6,UCSD / GILMAN 2-2|2;UCSD / SCHOLARS - 07|2;UCSD / RADY P357 5|2;UCSD / BIRCH AQUARIUM|1;UCSD / SCHOLARS - 01|1;UCSD / SCHOLARS - 08|2
2023-08-24,2023-08,ConformalRobust,17.297130723018768,1212.751520992002,933.827670922012,916.5305401989932,140.772,140.772,0.0,19.800071280285188,19.80009621655387,13.200013281932303,13.200013281932303,1.0,91,0,20,1.0108717920957133,10,9,6,UCSD / GILMAN 2-2|2;UCSD / SCHOLARS - 07|2;UCSD / RADY P357 5|2;UCSD / BIRCH AQUARIUM|1;UCSD / SCHOLARS - 01|1;UCSD / SCHOLARS - 08|2
2023-08-25,2023-08,V0G,10.66267504659595,1767.705173027185,927.191369446596,916.5286944000001,84.27300000000001,84.273,0.0,33.0,33.0,19.799999999999997,19.799999999999997,1.0,0,0,0,3.4541008062660694e-05,9,0,6,UCSD / GILMAN 2-2|2;UCSD / SCHOLARS - 07|2;UCSD / RADY P357 5|2;UCSD / BIRCH AQUARIUM|1;UCSD / SCHOLARS - 01|1;UCSD / SCHOLARS - 08|2
2023-08-25,2023-08,Perfect,10.662933614674557,1167.753410708787,871.358514685973,860.6955810712984,84.27300000000002,84.273,0.0,18.737754768431866,18.737754768431866,12.274047948919735,12.274056401183804,1.0,79,0,0,0.8036127919331193,9,9,6,UCSD / GILMAN 2-2|2;UCSD / SCHOLARS - 07|2;UCSD / RADY P357 5|2;UCSD / BIRCH AQUARIUM|1;UCSD / SCHOLARS - 01|1;UCSD / SCHOLARS - 08|2
2023-08-25,2023-08,NoForecast,10.662943016478948,1198.9740068345004,898.8662513736608,888.2033083571819,84.27300000000002,84.273,0.0,19.95364606622137,19.95364606622137,12.274078888815076,12.274087648412259,1.0,44,0,0,0.20108854200225323,9,0,6,UCSD / GILMAN 2-2|2;UCSD / SCHOLARS - 07|2;UCSD / RADY P357 5|2;UCSD / BIRCH AQUARIUM|1;UCSD / SCHOLARS - 01|1;UCSD / SCHOLARS - 08|2
2023-08-25,2023-08,Persistence,10.66267504659595,1208.7777552291752,912.5200007146639,901.8573256680679,84.27300000000001,84.273,0.0,19.233427284803852,19.233427284803852,13.200005905993873,13.200005905993873,1.0,83,0,5,0.9167663749540225,9,10,6,UCSD / GILMAN 2-2|2;UCSD / SCHOLARS - 07|2;UCSD / RADY P357 5|2;UCSD / BIRCH AQUARIUM|1;UCSD / SCHOLARS - 01|1;UCSD / SCHOLARS - 08|2
2023-08-25,2023-08,HistoricalMedian,10.663113863066997,1181.7046640370095,885.4852367791807,874.8221229161137,84.27300000000002,84.273,0.0,19.283252752627227,19.283259551425026,12.274077437167202,12.274086026524705,1.0,79,0,3,0.8233037909958512,9,8,6,UCSD / GILMAN 2-2|2;UCSD / SCHOLARS - 07|2;UCSD / RADY P357 5|2;UCSD / BIRCH AQUARIUM|1;UCSD / SCHOLARS - 01|1;UCSD / SCHOLARS - 08|2
2023-08-25,2023-08,ConformalRobust,10.66267504659595,1223.414196038598,927.191369446596,916.5286944000001,84.27300000000001,84.273,0.0,19.80009621655387,19.80009621655387,13.200013281932303,13.200013281932303,1.0,79,0,5,0.9456929160514846,9,8,6,UCSD / GILMAN 2-2|2;UCSD / SCHOLARS - 07|2;UCSD / RADY P357 5|2;UCSD / BIRCH AQUARIUM|1;UCSD / SCHOLARS - 01|1;UCSD / SCHOLARS - 08|2
2023-08-26,2023-08,V0G,11.808692998470178,1779.5138660256553,959.1005808704701,947.291887872,95.274,95.274,0.0,33.0,33.0,19.799999999999997,19.799999999999997,1.0,0,0,0,3.67090106010437e-05,12,0,6,UCSD / GILMAN 2-2|2;UCSD / SCHOLARS - 07|2;UCSD / RADY P357 5|2;UCSD / BIRCH AQUARIUM|1;UCSD / SCHOLARS - 01|1;UCSD / SCHOLARS - 08|2
2023-08-26,2023-08,Perfect,11.775278387679919,1179.528689096467,872.471118027057,860.695839639377,95.274,95.274,0.0,18.737754768431866,18.737754768431866,12.274056401183804,12.274056401183804,1.0,85,0,0,0.8614425410050899,12,12,6,UCSD / GILMAN 2-2|2;UCSD / SCHOLARS - 07|2;UCSD / RADY P357 5|2;UCSD / BIRCH AQUARIUM|1;UCSD / SCHOLARS - 01|1;UCSD / SCHOLARS - 08|2
2023-08-26,2023-08,NoForecast,11.775389861566964,1210.7493966960674,903.9576224692547,892.1822326076878,95.274,95.274,0.0,19.95364606622137,19.95364951992215,12.274087648412259,12.274087648412259,1.0,41,0,0,0.21962479199282825,12,0,6,UCSD / GILMAN 2-2|2;UCSD / SCHOLARS - 07|2;UCSD / RADY P357 5|2;UCSD / BIRCH AQUARIUM|1;UCSD / SCHOLARS - 01|1;UCSD / SCHOLARS - 08|2
2023-08-26,2023-08,Persistence,11.775307195494861,1220.55306242467,913.6326328635627,901.8573256680678,95.274,95.274,0.0,19.233427284803852,19.233427284803852,13.200005905993873,13.200005905993873,1.0,80,0,7,0.688183916034177,12,7,6,UCSD / GILMAN 2-2|2;UCSD / SCHOLARS - 07|2;UCSD / RADY P357 5|2;UCSD / BIRCH AQUARIUM|1;UCSD / SCHOLARS - 01|1;UCSD / SCHOLARS - 08|2
2023-08-26,2023-08,HistoricalMedian,11.77581664958052,1193.48048068659,886.5983783821653,874.8225617325847,95.274,95.274,0.0,19.283259551425026,19.283279955904113,12.274086026524705,12.274086026524705,1.0,81,0,10,0.8751243749866262,12,10,6,UCSD / GILMAN 2-2|2;UCSD / SCHOLARS - 07|2;UCSD / RADY P357 5|2;UCSD / BIRCH AQUARIUM|1;UCSD / SCHOLARS - 01|1;UCSD / SCHOLARS - 08|2
2023-08-26,2023-08,ConformalRobust,11.775409626375563,1235.1896056649734,928.30659554865,916.5311859222744,95.274,95.274,0.0,19.80009621655387,19.800099771041605,13.200013281932303,13.200013281932303,1.0,85,0,15,0.9493790828855708,12,10,6,UCSD / GILMAN 2-2|2;UCSD / SCHOLARS - 07|2;UCSD / RADY P357 5|2;UCSD / BIRCH AQUARIUM|1;UCSD / SCHOLARS - 01|1;UCSD / SCHOLARS - 08|2
2023-08-27,2023-08,V0G,9.009421782452137,1788.5232878081074,754.631485782452,745.6220639999999,71.434,71.434,0.0,33.0,33.0,19.799999999999997,19.799999999999997,1.0,0,0,0,3.224995452910662e-05,7,0,6,UCSD / GILMAN 2-2|2;UCSD / SCHOLARS - 07|2;UCSD / RADY P357 5|2;UCSD / BIRCH AQUARIUM|1;UCSD / SCHOLARS - 01|1;UCSD / SCHOLARS - 08|2
2023-08-27,2023-08,Perfect,9.009594447985137,1188.538283544452,726.3055844730859,717.2959900251008,71.43400000000001,71.434,0.0,18.737754768431866,18.737754768431866,12.274056401183804,12.274062045402104,1.0,83,0,0,0.8328147089341655,7,7,6,UCSD / GILMAN 2-2|2;UCSD / SCHOLARS - 07|2;UCSD / RADY P357 5|2;UCSD / BIRCH AQUARIUM|1;UCSD / SCHOLARS - 01|1;UCSD / SCHOLARS - 08|2
2023-08-27,2023-08,NoForecast,9.009600595064512,1219.758997291132,726.3065465221296,717.296945927065,71.43400000000001,71.434,0.0,19.95364951992215,19.95364951992215,12.274087648412259,12.274093493570831,1.0,40,0,0,0.1726231670472771,7,0,6,UCSD / GILMAN 2-2|2;UCSD / SCHOLARS - 07|2;UCSD / RADY P357 5|2;UCSD / BIRCH AQUARIUM|1;UCSD / SCHOLARS - 01|1;UCSD / SCHOLARS - 08|2
2023-08-27,2023-08,Persistence,9.009421782452023,1229.562484207122,754.631485782452,745.622064,71.43400000000001,71.434,0.0,19.233427284803852,19.233427284803852,13.200005905993873,13.200005905993873,1.0,40,0,0,0.1723790830001235,7,0,6,UCSD / GILMAN 2-2|2;UCSD / SCHOLARS - 07|2;UCSD / RADY P357 5|2;UCSD / BIRCH AQUARIUM|1;UCSD / SCHOLARS - 01|1;UCSD / SCHOLARS - 08|2
2023-08-27,2023-08,HistoricalMedian,9.0095971232181,1202.490077809808,726.3064934341865,717.2968963109684,71.43400000000003,71.434,0.0,19.283279955904113,19.283279955904113,12.274086026524705,12.274091758192991,1.0,80,0,21,0.6718033329816535,7,8,6,UCSD / GILMAN 2-2|2;UCSD / SCHOLARS - 07|2;UCSD / RADY P357 5|2;UCSD / BIRCH AQUARIUM|1;UCSD / SCHOLARS - 01|1;UCSD / SCHOLARS - 08|2
2023-08-27,2023-08,ConformalRobust,9.00942178245191,1244.1990274474254,754.631485782452,745.6220640000001,71.43400000000001,71.434,0.0,19.800099771041605,19.800099771041605,13.200013281932303,13.200013281932303,1.0,92,0,6,0.7738179169828072,7,8,6,UCSD / GILMAN 2-2|2;UCSD / SCHOLARS - 07|2;UCSD / RADY P357 5|2;UCSD / BIRCH AQUARIUM|1;UCSD / SCHOLARS - 01|1;UCSD / SCHOLARS - 08|2
2023-08-28,2023-08,V0G,19.213434305140026,1807.7367221132474,1308.55316070514,1289.3397264,156.41000000000003,156.41,0.0,33.0,33.0,19.799999999999997,19.799999999999997,1.0,0,0,0,4.166702274233103e-05,10,0,6,UCSD / GILMAN 2-2|2;UCSD / SCHOLARS - 07|2;UCSD / RADY P357 5|2;UCSD / BIRCH AQUARIUM|1;UCSD / SCHOLARS - 01|1;UCSD / SCHOLARS - 08|2
2023-08-28,2023-08,Perfect,206.90439775136292,1395.442681295815,1067.6004100562732,860.6960123049103,156.41,156.41,0.0,18.737754768431866,21.572374274968453,12.274062045402104,16.010013735604346,1.0,77,0,0,0.9273858750239015,10,10,6,UCSD / GILMAN 2-2|2;UCSD / SCHOLARS - 07|2;UCSD / RADY P357 5|2;UCSD / BIRCH AQUARIUM|1;UCSD / SCHOLARS - 01|1;UCSD / SCHOLARS - 08|2
2023-08-28,2023-08,NoForecast,288.92564990767085,1508.6846471988028,1181.1081507613594,892.1825008536886,156.41,156.41,0.0,19.95364951992215,25.955766465428535,12.274093493570831,16.010015219773884,1.0,48,0,0,0.3024278749944642,10,0,6,UCSD / GILMAN 2-2|2;UCSD / SCHOLARS - 07|2;UCSD / RADY P357 5|2;UCSD / BIRCH AQUARIUM|1;UCSD / SCHOLARS - 01|1;UCSD / SCHOLARS - 08|2
2023-08-28,2023-08,Persistence,218.83369061700296,1448.396174824125,1120.6911969587313,901.8575063417284,156.41000000000003,156.41,0.0,19.233427284803852,23.622611018718466,13.200005905993873,16.010014429792484,1.0,77,0,12,0.7250572090269998,10,7,6,UCSD / GILMAN 2-2|2;UCSD / SCHOLARS - 07|2;UCSD / RADY P357 5|2;UCSD / BIRCH AQUARIUM|1;UCSD / SCHOLARS - 01|1;UCSD / SCHOLARS - 08|2
2023-08-28,2023-08,HistoricalMedian,221.60344719893544,1424.0935250087437,1096.4267126451296,874.8232654461941,156.41000000000003,156.41,0.0,19.283279955904113,22.68557579640595,12.274091758192991,16.01001411252242,1.0,76,0,38,0.8953677079407498,10,10,6,UCSD / GILMAN 2-2|2;UCSD / SCHOLARS - 07|2;UCSD / RADY P357 5|2;UCSD / BIRCH AQUARIUM|1;UCSD / SCHOLARS - 01|1;UCSD / SCHOLARS - 08|2
2023-08-28,2023-08,ConformalRobust,152.02694551258685,1396.2259729600123,1068.5586297933637,916.5316842807769,156.41000000000003,156.41,0.0,19.800099771041605,21.609378378250838,13.200013281932303,16.01001375374081,1.0,85,0,24,0.9968142500147223,10,10,6,UCSD / GILMAN 2-2|2;UCSD / SCHOLARS - 07|2;UCSD / RADY P357 5|2;UCSD / BIRCH AQUARIUM|1;UCSD / SCHOLARS - 01|1;UCSD / SCHOLARS - 08|2
2023-08-29,2023-08,V0G,14.947524384316011,1822.6842464975634,931.4762187843161,916.5286944000001,118.09100000000001,118.091,0.0,33.0,33.0,19.799999999999997,19.799999999999997,1.0,0,0,0,3.716710489243269e-05,8,0,6,UCSD / GILMAN 2-2|2;UCSD / SCHOLARS - 07|2;UCSD / RADY P357 5|2;UCSD / BIRCH AQUARIUM|1;UCSD / SCHOLARS - 01|1;UCSD / SCHOLARS - 08|2
2023-08-29,2023-08,Perfect,14.947524384316011,1410.390205680131,931.4762187843161,916.5286944000001,118.09100000000002,118.091,0.0,21.572374274968453,21.572374274968453,16.010013735604346,16.010013735604346,1.0,82,0,0,0.8087269589304924,8,8,6,UCSD / GILMAN 2-2|2;UCSD / SCHOLARS - 07|2;UCSD / RADY P357 5|2;UCSD / BIRCH AQUARIUM|1;UCSD / SCHOLARS - 01|1;UCSD / SCHOLARS - 08|2
2023-08-29,2023-08,NoForecast,14.947524384316239,1523.632171583119,931.4762187843161,916.5286943999998,118.09100000000002,118.091,0.0,25.955766465428535,25.955766465428535,16.010015219773884,16.010015219773884,1.0,48,0,0,0.24467891594395041,8,0,6,UCSD / GILMAN 2-2|2;UCSD / SCHOLARS - 07|2;UCSD / RADY P357 5|2;UCSD / BIRCH AQUARIUM|1;UCSD / SCHOLARS - 01|1;UCSD / SCHOLARS - 08|2
2023-08-29,2023-08,Persistence,14.947524384316239,1463.3436992084412,931.4762187843161,916.5286943999998,118.09100000000002,118.091,0.0,23.622611018718466,23.622611018718466,16.010014429792484,16.010014429792484,1.0,81,0,12,0.7120867499615997,8,7,6,UCSD / GILMAN 2-2|2;UCSD / SCHOLARS - 07|2;UCSD / RADY P357 5|2;UCSD / BIRCH AQUARIUM|1;UCSD / SCHOLARS - 01|1;UCSD / SCHOLARS - 08|2
2023-08-29,2023-08,HistoricalMedian,14.947524384316011,1439.0410493930597,931.4762187843161,916.5286944000001,118.09100000000002,118.091,0.0,22.68557579640595,22.68557579640595,16.01001411252242,16.01001411252242,1.0,82,0,10,0.853858417016454,8,10,6,UCSD / GILMAN 2-2|2;UCSD / SCHOLARS - 07|2;UCSD / RADY P357 5|2;UCSD / BIRCH AQUARIUM|1;UCSD / SCHOLARS - 01|1;UCSD / SCHOLARS - 08|2
2023-08-29,2023-08,ConformalRobust,14.947524384316239,1411.1734973443286,931.4762187843161,916.5286943999998,118.09100000000002,118.091,0.0,21.609378378250838,21.609378378250838,16.01001375374081,16.01001375374081,1.0,82,0,29,0.9035893339896575,8,10,6,UCSD / GILMAN 2-2|2;UCSD / SCHOLARS - 07|2;UCSD / RADY P357 5|2;UCSD / BIRCH AQUARIUM|1;UCSD / SCHOLARS - 01|1;UCSD / SCHOLARS - 08|2
2023-08-30,2023-08,V0G,10.445465990887897,1833.1297124884513,686.1963704068878,675.7509044159999,83.011,83.011,0.0,33.0,33.0,19.799999999999997,19.799999999999997,1.0,0,0,0,3.850006032735109e-05,8,0,6,UCSD / GILMAN 2-2|2;UCSD / SCHOLARS - 07|2;UCSD / RADY P357 5|2;UCSD / BIRCH AQUARIUM|1;UCSD / SCHOLARS - 01|1;UCSD / SCHOLARS - 08|2
2023-08-30,2023-08,Perfect,10.445465990887897,1420.8356716710189,686.196370406888,675.7509044160001,83.011,83.011,0.0,21.572374274968453,21.572374274968453,16.010013735604346,16.010013735604346,1.0,79,0,0,0.854376667062752,8,8,6,UCSD / GILMAN 2-2|2;UCSD / SCHOLARS - 07|2;UCSD / RADY P357 5|2;UCSD / BIRCH AQUARIUM|1;UCSD / SCHOLARS - 01|1;UCSD / SCHOLARS - 08|2
2023-08-30,2023-08,NoForecast,10.445465990888124,1534.0776375740072,686.196370406888,675.7509044159999,83.011,83.011,0.0,25.955766465428535,25.955766465428535,16.010015219773884,16.010015219773884,1.0,43,0,0,0.19789250008761883,8,0,6,UCSD / GILMAN 2-2|2;UCSD / SCHOLARS - 07|2;UCSD / RADY P357 5|2;UCSD / BIRCH AQUARIUM|1;UCSD / SCHOLARS - 01|1;UCSD / SCHOLARS - 08|2
2023-08-30,2023-08,Persistence,10.445465990887897,1473.789165199329,686.196370406888,675.7509044160001,83.011,83.011,0.0,23.622611018718466,23.622611018718466,16.010014429792484,16.010014429792484,1.0,79,0,5,0.9268086670199409,8,12,6,UCSD / GILMAN 2-2|2;UCSD / SCHOLARS - 07|2;UCSD / RADY P357 5|2;UCSD / BIRCH AQUARIUM|1;UCSD / SCHOLARS - 01|1;UCSD / SCHOLARS - 08|2
2023-08-30,2023-08,HistoricalMedian,10.445465990887897,1449.4865153839476,686.196370406888,675.7509044160001,83.011,83.011,0.0,22.68557579640595,22.68557579640595,16.01001411252242,16.01001411252242,1.0,79,0,16,0.9470609159907326,8,13,6,UCSD / GILMAN 2-2|2;UCSD / SCHOLARS - 07|2;UCSD / RADY P357 5|2;UCSD / BIRCH AQUARIUM|1;UCSD / SCHOLARS - 01|1;UCSD / SCHOLARS - 08|2
2023-08-30,2023-08,ConformalRobust,10.445465990888124,1421.6189633352167,686.196370406888,675.7509044159999,83.011,83.011,0.0,21.609378378250838,21.609378378250838,16.01001375374081,16.01001375374081,1.0,90,0,26,1.071160624967888,8,13,6,UCSD / GILMAN 2-2|2;UCSD / SCHOLARS - 07|2;UCSD / RADY P357 5|2;UCSD / BIRCH AQUARIUM|1;UCSD / SCHOLARS - 01|1;UCSD / SCHOLARS - 08|2
2023-08-31,2023-08,V0G,215.69246523851598,2048.8221777269673,1498.920984854516,1283.228519616,162.502,162.502,0.0,33.0,33.0,19.799999999999997,26.163999999999994,1.0,0,0,0,4.300009459257126e-05,10,0,6,UCSD / GILMAN 2-2|2;UCSD / SCHOLARS - 07|2;UCSD / RADY P357 5|2;UCSD / BIRCH AQUARIUM|1;UCSD / SCHOLARS - 01|1;UCSD / SCHOLARS - 08|2
2023-08-31,2023-08,Perfect,43.598357944883674,1464.4340296159025,967.2042591058114,923.6059011609277,162.502,162.502,0.0,21.572374274968453,21.572374274968453,16.010013735604346,16.753631489110127,1.0,88,0,0,1.133566833101213,10,10,6,UCSD / GILMAN 2-2|2;UCSD / SCHOLARS - 07|2;UCSD / RADY P357 5|2;UCSD / BIRCH AQUARIUM|1;UCSD / SCHOLARS - 01|1;UCSD / SCHOLARS - 08|2
2023-08-31,2023-08,NoForecast,58.763022929725366,1592.8406605037326,995.2054882960076,936.4424653662822,162.502,162.502,0.0,25.955766465428535,25.955766465428535,16.010015219773884,17.24934674542694,1.0,60,0,0,0.3435317080002278,10,0,6,UCSD / GILMAN 2-2|2;UCSD / SCHOLARS - 07|2;UCSD / RADY P357 5|2;UCSD / BIRCH AQUARIUM|1;UCSD / SCHOLARS - 01|1;UCSD / SCHOLARS - 08|2
2023-08-31,2023-08,Persistence,101.60602038608818,1575.3951855854173,1074.313682912106,972.7076625260179,162.502,162.502,2.842170943040401e-14,23.622611018718466,23.622611018718466,16.010014429792484,18.6498217310655,1.0,88,0,39,1.001404874958098,10,10,6,UCSD / GILMAN 2-2|2;UCSD / SCHOLARS - 07|2;UCSD / RADY P357 5|2;UCSD / BIRCH AQUARIUM|1;UCSD / SCHOLARS - 01|1;UCSD / SCHOLARS - 08|2
2023-08-31,2023-08,HistoricalMedian,80.76295674681319,1530.2494721307608,1035.827614165001,955.0646574181878,162.502,162.502,0.0,22.68557579640595,22.68557579640595,16.01001411252242,17.968491993413288,1.0,88,0,36,0.9780828339280561,10,10,6,UCSD / GILMAN 2-2|2;UCSD / SCHOLARS - 07|2;UCSD / RADY P357 5|2;UCSD / BIRCH AQUARIUM|1;UCSD / SCHOLARS - 01|1;UCSD / SCHOLARS - 08|2
2023-08-31,2023-08,ConformalRobust,58.76303051607738,1480.381993851294,995.2054195264138,936.4423890103365,162.50200000000004,162.502,0.0,21.609378378250838,21.609378378250838,16.01001375374081,17.249345528676525,1.0,92,0,30,1.047939958050847,10,10,6,UCSD / GILMAN 2-2|2;UCSD / SCHOLARS - 07|2;UCSD / RADY P357 5|2;UCSD / BIRCH AQUARIUM|1;UCSD / SCHOLARS - 01|1;UCSD / SCHOLARS - 08|2
2023-09-01,2023-09,V0G,1106.1156059457742,1106.1156059457742,1106.1156059457742,0.0,148.774,148.774,0.0,0.0,26.4,0.0,13.2,1.0,0,0,0,4.095793701708317e-05,9,0,6,UCSD / GILMAN 2-2|2;UCSD / SCHOLARS - 07|2;UCSD / RADY P357 5|2;UCSD / BIRCH AQUARIUM|1;UCSD / SCHOLARS - 01|1;UCSD / SCHOLARS - 08|2
2023-09-01,2023-09,Perfect,690.5328347498476,690.5328347498476,690.5328347498476,0.0,148.774,148.774,0.0,0.0,16.322285714285734,0.0,8.150666666666671,1.0,90,0,0,0.8576487919781357,9,9,6,UCSD / GILMAN 2-2|2;UCSD / SCHOLARS - 07|2;UCSD / RADY P357 5|2;UCSD / BIRCH AQUARIUM|1;UCSD / SCHOLARS - 01|1;UCSD / SCHOLARS - 08|2
2023-09-01,2023-09,NoForecast,880.9824983715988,880.9824983715988,880.9824983715988,0.0,148.774,148.774,0.0,0.0,16.251330866439197,0.0,14.431402764691258,1.0,69,0,0,0.3953527499688789,9,0,6,UCSD / GILMAN 2-2|2;UCSD / SCHOLARS - 07|2;UCSD / RADY P357 5|2;UCSD / BIRCH AQUARIUM|1;UCSD / SCHOLARS - 01|1;UCSD / SCHOLARS - 08|2
2023-09-01,2023-09,Persistence,921.7123989287259,921.7123989287259,921.7123989287259,0.0,148.774,148.774,0.0,0.0,15.987065115124839,0.0,15.987065115124839,1.0,90,0,27,0.9014786250190809,9,9,6,UCSD / GILMAN 2-2|2;UCSD / SCHOLARS - 07|2;UCSD / RADY P357 5|2;UCSD / BIRCH AQUARIUM|1;UCSD / SCHOLARS - 01|1;UCSD / SCHOLARS - 08|2
2023-09-01,2023-09,HistoricalMedian,773.126941218768,773.126941218768,773.126941218768,0.0,148.774,148.774,0.0,0.0,18.210496641389746,0.0,9.25360346508658,1.0,90,0,48,0.9909897500183433,9,11,6,UCSD / GILMAN 2-2|2;UCSD / SCHOLARS - 07|2;UCSD / RADY P357 5|2;UCSD / BIRCH AQUARIUM|1;UCSD / SCHOLARS - 01|1;UCSD / SCHOLARS - 08|2
2023-09-01,2023-09,ConformalRobust,819.1796879609238,819.1796879609238,819.1796879609238,0.0,148.77400000000003,148.774,0.0,0.0,16.80201219888656,0.0,11.949341220296542,1.0,90,0,24,1.0326444999082014,9,11,6,UCSD / GILMAN 2-2|2;UCSD / SCHOLARS - 07|2;UCSD / RADY P357 5|2;UCSD / BIRCH AQUARIUM|1;UCSD / SCHOLARS - 01|1;UCSD / SCHOLARS - 08|2
2023-09-02,2023-09,V0G,4.486821219771855,1110.602427165546,548.2044836197721,543.7176624000002,36.355999999999995,36.356,0.0,26.4,26.4,13.2,13.2,1.0,0,0,0,2.7833040803670883e-05,6,0,6,UCSD / GILMAN 2-2|2;UCSD / SCHOLARS - 07|2;UCSD / RADY P357 5|2;UCSD / BIRCH AQUARIUM|1;UCSD / SCHOLARS - 01|1;UCSD / SCHOLARS - 08|2
2023-09-02,2023-09,Perfect,4.486821219772082,695.0196559696196,548.2044836197721,543.7176624,36.355999999999995,36.356,0.0,16.322285714285734,16.322285714285734,8.150666666666671,8.150666666666671,1.0,77,0,0,0.4425287500489503,6,6,6,UCSD / GILMAN 2-2|2;UCSD / SCHOLARS - 07|2;UCSD / RADY P357 5|2;UCSD / BIRCH AQUARIUM|1;UCSD / SCHOLARS - 01|1;UCSD / SCHOLARS - 08|2
2023-09-02,2023-09,NoForecast,4.486821219772082,885.4693195913709,548.2044836197721,543.7176624,36.355999999999995,36.356,0.0,16.251330866439197,16.251330866439197,14.431402764691258,14.431402764691258,1.0,20,0,0,0.08842250006273389,6,0,6,UCSD / GILMAN 2-2|2;UCSD / SCHOLARS - 07|2;UCSD / RADY P357 5|2;UCSD / BIRCH AQUARIUM|1;UCSD / SCHOLARS - 01|1;UCSD / SCHOLARS - 08|2
2023-09-02,2023-09,Persistence,4.486821219771969,926.1992201484978,548.2044836197721,543.7176624000001,36.355999999999995,36.356,0.0,15.987065115124839,15.987065115124839,15.987065115124839,15.987065115124839,1.0,77,0,10,0.781297417008318,6,12,6,UCSD / GILMAN 2-2|2;UCSD / SCHOLARS - 07|2;UCSD / RADY P357 5|2;UCSD / BIRCH AQUARIUM|1;UCSD / SCHOLARS - 01|1;UCSD / SCHOLARS - 08|2
2023-09-02,2023-09,HistoricalMedian,4.486821219771969,777.61376243854,548.2044836197721,543.7176624000001,36.355999999999995,36.356,0.0,18.210496641389746,18.210496641389746,9.25360346508658,9.25360346508658,1.0,76,0,10,0.8474756249925122,6,11,6,UCSD / GILMAN 2-2|2;UCSD / SCHOLARS - 07|2;UCSD / RADY P357 5|2;UCSD / BIRCH AQUARIUM|1;UCSD / SCHOLARS - 01|1;UCSD / SCHOLARS - 08|2
2023-09-02,2023-09,ConformalRobust,4.486821219771969,823.6665091806958,548.2044836197721,543.7176624000001,36.355999999999995,36.356,0.0,16.80201219888656,16.80201219888656,11.949341220296542,11.949341220296542,1.0,91,0,8,0.9871021250728518,6,11,6,UCSD / GILMAN 2-2|2;UCSD / SCHOLARS - 07|2;UCSD / RADY P357 5|2;UCSD / BIRCH AQUARIUM|1;UCSD / SCHOLARS - 01|1;UCSD / SCHOLARS - 08|2
2023-09-03,2023-09,V0G,6.700862894797865,1117.303290060344,752.322926894798,745.6220640000001,50.161,50.161,0.0,26.4,26.4,13.2,13.2,1.0,0,0,0,2.9166927561163902e-05,6,0,6,UCSD / GILMAN 2-2|2;UCSD / SCHOLARS - 07|2;UCSD / RADY P357 5|2;UCSD / BIRCH AQUARIUM|1;UCSD / SCHOLARS - 01|1;UCSD / SCHOLARS - 08|2
2023-09-03,2023-09,Perfect,14.524764920749476,709.5444208903691,605.6745479141409,591.1497829933915,50.161,50.161,0.0,16.322285714285734,16.322285714285734,8.150666666666671,8.408644075553388,1.0,85,0,0,0.8780592910479754,6,6,6,UCSD / GILMAN 2-2|2;UCSD / SCHOLARS - 07|2;UCSD / RADY P357 5|2;UCSD / BIRCH AQUARIUM|1;UCSD / SCHOLARS - 01|1;UCSD / SCHOLARS - 08|2
2023-09-03,2023-09,NoForecast,6.633519111750843,892.1028387031217,752.2555831117509,745.622064,50.161,50.161,0.0,16.251330866439197,16.251330866439197,14.431402764691258,14.431402764691258,1.0,27,0,0,0.13713862490840256,6,0,6,UCSD / GILMAN 2-2|2;UCSD / SCHOLARS - 07|2;UCSD / RADY P357 5|2;UCSD / BIRCH AQUARIUM|1;UCSD / SCHOLARS - 01|1;UCSD / SCHOLARS - 08|2
2023-09-03,2023-09,Persistence,6.633551709297876,932.8327718577957,752.255615709298,745.6220640000001,50.161,50.161,0.0,15.987065115124839,15.987065115124839,15.987065115124839,15.987065115124839,1.0,85,0,13,0.8011766669806093,6,7,6,UCSD / GILMAN 2-2|2;UCSD / SCHOLARS - 07|2;UCSD / RADY P357 5|2;UCSD / BIRCH AQUARIUM|1;UCSD / SCHOLARS - 01|1;UCSD / SCHOLARS - 08|2
2023-09-03,2023-09,HistoricalMedian,6.6329794059159894,784.246741844456,630.7697431240914,624.1367637181754,50.161,50.161,0.0,18.210496641389746,18.210496641389746,9.25360346508658,9.25360346508658,1.0,85,0,4,0.8300961250206456,6,7,6,UCSD / GILMAN 2-2|2;UCSD / SCHOLARS - 07|2;UCSD / RADY P357 5|2;UCSD / BIRCH AQUARIUM|1;UCSD / SCHOLARS - 01|1;UCSD / SCHOLARS - 08|2
2023-09-03,2023-09,ConformalRobust,6.6333898638317805,830.2998990445276,711.1748322536912,704.5414423898594,50.16100000000001,50.161,0.0,16.80201219888656,16.80201219888656,11.949341220296542,11.949341220296542,1.0,86,0,0,0.887483416008763,6,7,6,UCSD / GILMAN 2-2|2;UCSD / SCHOLARS - 07|2;UCSD / RADY P357 5|2;UCSD / BIRCH AQUARIUM|1;UCSD / SCHOLARS - 01|1;UCSD / SCHOLARS - 08|2
2023-09-04,2023-09,V0G,4.737672521603827,1122.0409625819477,548.455334921604,543.7176624000002,38.178,38.178,0.0,26.4,26.4,13.2,13.2,1.0,0,0,0,2.8667040169239044e-05,6,0,6,UCSD / GILMAN 2-2|2;UCSD / SCHOLARS - 07|2;UCSD / RADY P357 5|2;UCSD / BIRCH AQUARIUM|1;UCSD / SCHOLARS - 01|1;UCSD / SCHOLARS - 08|2
2023-09-04,2023-09,Perfect,4.73767252160394,714.282093411973,548.455334921604,543.7176624000001,38.178,38.178,0.0,16.322285714285734,16.322285714285734,8.408644075553388,8.408644075553388,1.0,79,0,0,0.6833339999429882,6,6,6,UCSD / GILMAN 2-2|2;UCSD / SCHOLARS - 07|2;UCSD / RADY P357 5|2;UCSD / BIRCH AQUARIUM|1;UCSD / SCHOLARS - 01|1;UCSD / SCHOLARS - 08|2
2023-09-04,2023-09,NoForecast,4.737672521604054,896.8405112247258,548.455334921604,543.7176624,38.178,38.178,0.0,16.251330866439197,16.251330866439197,14.431402764691258,14.431402764691258,1.0,21,0,0,0.09445054200477898,6,0,6,UCSD / GILMAN 2-2|2;UCSD / SCHOLARS - 07|2;UCSD / RADY P357 5|2;UCSD / BIRCH AQUARIUM|1;UCSD / SCHOLARS - 01|1;UCSD / SCHOLARS - 08|2
2023-09-04,2023-09,Persistence,4.73767252160394,937.5704443793996,548.455334921604,543.7176624000001,38.178,38.178,0.0,15.987065115124839,15.987065115124839,15.987065115124839,15.987065115124839,1.0,77,0,0,0.8417930830037221,6,10,6,UCSD / GILMAN 2-2|2;UCSD / SCHOLARS - 07|2;UCSD / RADY P357 5|2;UCSD / BIRCH AQUARIUM|1;UCSD / SCHOLARS - 01|1;UCSD / SCHOLARS - 08|2
2023-09-04,2023-09,HistoricalMedian,4.73767252160394,788.9844143660599,548.455334921604,543.7176624000001,38.178,38.178,0.0,18.210496641389746,18.210496641389746,9.25360346508658,9.25360346508658,1.0,72,0,3,0.8057097919518128,6,10,6,UCSD / GILMAN 2-2|2;UCSD / SCHOLARS - 07|2;UCSD / RADY P357 5|2;UCSD / BIRCH AQUARIUM|1;UCSD / SCHOLARS - 01|1;UCSD / SCHOLARS - 08|2
2023-09-04,2023-09,ConformalRobust,4.73767252160394,835.0375715661315,548.455334921604,543.7176624000001,38.178,38.178,0.0,16.80201219888656,16.80201219888656,11.949341220296542,11.949341220296542,1.0,83,0,3,0.9417128330096602,6,10,6,UCSD / GILMAN 2-2|2;UCSD / SCHOLARS - 07|2;UCSD / RADY P357 5|2;UCSD / BIRCH AQUARIUM|1;UCSD / SCHOLARS - 01|1;UCSD / SCHOLARS - 08|2
2023-09-05,2023-09,V0G,9.56505590951383,1131.6060184914616,693.191577509514,683.6265216000002,79.947,79.947,0.0,26.4,26.4,13.2,13.2,1.0,0,0,0,3.245798870921135e-05,6,0,6,UCSD / GILMAN 2-2|2;UCSD / SCHOLARS - 07|2;UCSD / RADY P357 5|2;UCSD / BIRCH AQUARIUM|1;UCSD / SCHOLARS - 01|1;UCSD / SCHOLARS - 08|2
2023-09-05,2023-09,Perfect,9.5658080338535,723.8479014458266,432.23048255728264,422.66467452342914,79.947,79.947,0.0,16.322285714285734,16.322314759505506,8.408644075553388,8.408644075553388,1.0,55,0,0,0.5456970409722999,6,6,6,UCSD / GILMAN 2-2|2;UCSD / SCHOLARS - 07|2;UCSD / RADY P357 5|2;UCSD / BIRCH AQUARIUM|1;UCSD / SCHOLARS - 01|1;UCSD / SCHOLARS - 08|2
2023-09-05,2023-09,NoForecast,9.566008063136223,906.406519287862,430.3933107750508,420.82730271191457,79.947,79.947,0.0,16.251330866439197,16.251367636305247,14.431402764691258,14.431402764691258,1.0,32,0,0,0.19094887503888458,6,0,6,UCSD / GILMAN 2-2|2;UCSD / SCHOLARS - 07|2;UCSD / RADY P357 5|2;UCSD / BIRCH AQUARIUM|1;UCSD / SCHOLARS - 01|1;UCSD / SCHOLARS - 08|2
2023-09-05,2023-09,Persistence,9.566056976371783,947.1365013557714,423.55021285688315,413.98415588051137,79.947,79.947,0.0,15.987065115124839,15.987103773901541,15.987065115124839,15.987065115124839,1.0,72,0,20,0.7700242500286549,6,8,6,UCSD / GILMAN 2-2|2;UCSD / SCHOLARS - 07|2;UCSD / RADY P357 5|2;UCSD / BIRCH AQUARIUM|1;UCSD / SCHOLARS - 01|1;UCSD / SCHOLARS - 08|2
2023-09-05,2023-09,HistoricalMedian,9.565587276065003,798.5500016421249,481.12537801704065,471.55979074097564,79.947,79.947,0.0,18.210496641389746,18.21051716147857,9.25360346508658,9.25360346508658,1.0,62,0,31,0.7231174580520019,6,9,6,UCSD / GILMAN 2-2|2;UCSD / SCHOLARS - 07|2;UCSD / RADY P357 5|2;UCSD / BIRCH AQUARIUM|1;UCSD / SCHOLARS - 01|1;UCSD / SCHOLARS - 08|2
2023-09-05,2023-09,ConformalRobust,9.565861138109199,844.6034327042407,444.65302611559366,435.08716497748446,79.947,79.947,0.0,16.80201219888656,16.80204329486403,11.949341220296542,11.949341220296542,1.0,79,0,29,0.8701858749845996,6,9,6,UCSD / GILMAN 2-2|2;UCSD / SCHOLARS - 07|2;UCSD / RADY P357 5|2;UCSD / BIRCH AQUARIUM|1;UCSD / SCHOLARS - 01|1;UCSD / SCHOLARS - 08|2
2023-09-06,2023-09,V0G,14.45257577574398,1146.0585942672055,930.9812701757442,916.5286944000002,116.675,116.675,0.0,26.4,26.4,13.2,13.2,1.0,0,0,0,4.045804962515831e-05,13,0,6,UCSD / GILMAN 2-2|2;UCSD / SCHOLARS - 07|2;UCSD / RADY P357 5|2;UCSD / BIRCH AQUARIUM|1;UCSD / SCHOLARS - 01|1;UCSD / SCHOLARS - 08|2
2023-09-06,2023-09,Perfect,33.033044996814624,756.8809464426412,712.9321459388245,679.8991009420099,116.67500000000001,116.675,0.0,16.322314759505506,16.322328433831498,8.408644075553388,9.01600458307235,1.0,80,0,0,0.7862847920041531,13,13,6,UCSD / GILMAN 2-2|2;UCSD / SCHOLARS - 07|2;UCSD / RADY P357 5|2;UCSD / BIRCH AQUARIUM|1;UCSD / SCHOLARS - 01|1;UCSD / SCHOLARS - 08|2
2023-09-06,2023-09,NoForecast,14.453267897215824,920.8597871850778,839.0903259627527,824.6370580655368,116.675,116.675,0.0,16.251367636305247,16.25139436435964,14.431402764691258,14.431402764691258,1.0,45,0,0,0.24117341602686793,13,0,6,UCSD / GILMAN 2-2|2;UCSD / SCHOLARS - 07|2;UCSD / RADY P357 5|2;UCSD / BIRCH AQUARIUM|1;UCSD / SCHOLARS - 01|1;UCSD / SCHOLARS - 08|2
2023-09-06,2023-09,Persistence,14.453304449596317,961.5898058053677,832.2472645969655,817.7939601473691,116.67500000000001,116.675,0.0,15.987103773901541,15.987131913520312,15.987065115124839,15.987065115124839,1.0,78,0,3,0.8311661250190809,13,8,6,UCSD / GILMAN 2-2|2;UCSD / SCHOLARS - 07|2;UCSD / RADY P357 5|2;UCSD / BIRCH AQUARIUM|1;UCSD / SCHOLARS - 01|1;UCSD / SCHOLARS - 08|2
2023-09-06,2023-09,HistoricalMedian,14.453030676154413,813.0030323182793,769.0956664597405,754.6426357835861,116.67500000000001,116.675,0.0,18.21051716147857,18.210528887566017,9.25360346508658,9.25360840938996,1.0,79,0,30,0.9269881669897586,13,12,6,UCSD / GILMAN 2-2|2;UCSD / SCHOLARS - 07|2;UCSD / RADY P357 5|2;UCSD / BIRCH AQUARIUM|1;UCSD / SCHOLARS - 01|1;UCSD / SCHOLARS - 08|2
2023-09-06,2023-09,ConformalRobust,130.34411987903013,974.9475525832709,930.9812701757442,800.637150296714,116.67500000000001,116.675,0.0,16.80204329486403,19.799999999999997,11.949341220296542,13.2,1.0,85,0,18,0.9991309579927474,13,12,6,UCSD / GILMAN 2-2|2;UCSD / SCHOLARS - 07|2;UCSD / RADY P357 5|2;UCSD / BIRCH AQUARIUM|1;UCSD / SCHOLARS - 01|1;UCSD / SCHOLARS - 08|2
2023-09-07,2023-09,V0G,280.3119528115276,1426.3705470787331,1367.7472776115278,1087.4353248000002,135.469,135.469,0.0,26.4,30.739999999999995,13.2,18.136000000000003,1.0,0,0,0,3.966700751334429e-05,10,0,6,UCSD / GILMAN 2-2|2;UCSD / SCHOLARS - 07|2;UCSD / RADY P357 5|2;UCSD / BIRCH AQUARIUM|1;UCSD / SCHOLARS - 01|1;UCSD / SCHOLARS - 08|2
2023-09-07,2023-09,Perfect,127.87071263929488,884.751659081936,826.3502828023754,698.4795701630806,135.469,135.469,0.0,16.322328433831498,16.322331609486437,9.01600458307235,12.643518541312867,1.0,89,0,0,1.0575041669653729,10,10,6,UCSD / GILMAN 2-2|2;UCSD / SCHOLARS - 07|2;UCSD / RADY P357 5|2;UCSD / BIRCH AQUARIUM|1;UCSD / SCHOLARS - 01|1;UCSD / SCHOLARS - 08|2
2023-09-07,2023-09,NoForecast,16.900126751462153,937.75991393654,879.2084282011334,862.3083014496713,135.469,135.469,0.0,16.25139436435964,16.25142446425799,14.431402764691258,14.431402764691258,1.0,54,0,0,0.31128149991855025,10,0,6,UCSD / GILMAN 2-2|2;UCSD / SCHOLARS - 07|2;UCSD / RADY P357 5|2;UCSD / BIRCH AQUARIUM|1;UCSD / SCHOLARS - 01|1;UCSD / SCHOLARS - 08|2
2023-09-07,2023-09,Persistence,36.74706568823888,998.3368714936066,939.8024687957505,903.0554031075117,135.469,135.469,0.0,15.987131913520312,16.75360247675287,15.987065115124839,15.987065115124839,1.0,89,0,29,1.0762263329233974,10,10,6,UCSD / GILMAN 2-2|2;UCSD / SCHOLARS - 07|2;UCSD / RADY P357 5|2;UCSD / BIRCH AQUARIUM|1;UCSD / SCHOLARS - 01|1;UCSD / SCHOLARS - 08|2
2023-09-07,2023-09,HistoricalMedian,129.83023916127217,942.8332714795515,884.4733298452687,754.6430906839965,135.469,135.469,0.0,18.210528887566017,18.210528887566017,9.25360840938996,12.9451795100489,1.0,89,0,56,1.021651041926816,10,12,6,UCSD / GILMAN 2-2|2;UCSD / SCHOLARS - 07|2;UCSD / RADY P357 5|2;UCSD / BIRCH AQUARIUM|1;UCSD / SCHOLARS - 01|1;UCSD / SCHOLARS - 08|2
2023-09-07,2023-09,ConformalRobust,106.1048673996471,1081.0524199829179,1022.6335617996472,916.5286944000001,135.46900000000002,135.469,0.0,19.799999999999997,19.800014249642132,13.2,16.116003304328135,1.0,94,0,65,1.0695631250273436,10,12,6,UCSD / GILMAN 2-2|2;UCSD / SCHOLARS - 07|2;UCSD / RADY P357 5|2;UCSD / BIRCH AQUARIUM|1;UCSD / SCHOLARS - 01|1;UCSD / SCHOLARS - 08|2
2023-09-08,2023-09,V0G,13.617163204490225,1439.9877102832234,930.1458576044901,916.5286943999998,110.701,110.701,0.0,30.739999999999995,30.739999999999995,18.136000000000003,18.136000000000003,1.0,0,0,0,3.699993249028921e-05,9,0,6,UCSD / GILMAN 2-2|2;UCSD / SCHOLARS - 07|2;UCSD / RADY P357 5|2;UCSD / BIRCH AQUARIUM|1;UCSD / SCHOLARS - 01|1;UCSD / SCHOLARS - 08|2
2023-09-08,2023-09,Perfect,13.617488983265275,898.3691480652013,823.0685103243281,809.4510213410629,110.70100000000001,110.701,0.0,16.322331609486437,16.32234105457906,12.643518541312867,12.643521195593598,1.0,80,0,0,0.7986683340277523,9,9,6,UCSD / GILMAN 2-2|2;UCSD / SCHOLARS - 07|2;UCSD / RADY P357 5|2;UCSD / BIRCH AQUARIUM|1;UCSD / SCHOLARS - 01|1;UCSD / SCHOLARS - 08|2
2023-09-08,2023-09,NoForecast,13.61733601621097,951.377249952751,838.2558656384017,824.6385296221907,110.701,110.701,0.0,16.25142446425799,16.25143113782797,14.431402764691258,14.431402764691258,1.0,51,0,0,0.24437824997585267,9,0,6,UCSD / GILMAN 2-2|2;UCSD / SCHOLARS - 07|2;UCSD / RADY P357 5|2;UCSD / BIRCH AQUARIUM|1;UCSD / SCHOLARS - 01|1;UCSD / SCHOLARS - 08|2
2023-09-08,2023-09,Persistence,13.617163204489998,1011.9540346980966,851.2595643382671,837.6424011337771,110.70100000000001,110.701,0.0,16.75360247675287,16.75360247675287,15.987065115124839,15.987065115124839,1.0,80,0,20,0.7921039999928325,9,9,6,UCSD / GILMAN 2-2|2;UCSD / SCHOLARS - 07|2;UCSD / RADY P357 5|2;UCSD / BIRCH AQUARIUM|1;UCSD / SCHOLARS - 01|1;UCSD / SCHOLARS - 08|2
2023-09-08,2023-09,HistoricalMedian,13.617163204489998,956.4504346840415,881.1912317736981,867.5740685692081,110.701,110.701,0.0,18.210528887566017,18.210528887566017,12.9451795100489,12.9451795100489,1.0,80,0,24,0.9547677499940619,9,11,6,UCSD / GILMAN 2-2|2;UCSD / SCHOLARS - 07|2;UCSD / RADY P357 5|2;UCSD / BIRCH AQUARIUM|1;UCSD / SCHOLARS - 01|1;UCSD / SCHOLARS - 08|2
2023-09-08,2023-09,ConformalRobust,13.617163204489998,1094.6695831874079,930.1458576044901,916.5286944000001,110.701,110.701,0.0,19.800014249642132,19.800014249642132,16.116003304328135,16.116003304328135,1.0,95,0,30,1.071476750075817,9,11,6,UCSD / GILMAN 2-2|2;UCSD / SCHOLARS - 07|2;UCSD / RADY P357 5|2;UCSD / BIRCH AQUARIUM|1;UCSD / SCHOLARS - 01|1;UCSD / SCHOLARS - 08|2
2023-09-09,2023-09,V0G,5.088933930067924,1445.0766442132913,548.806596330068,543.7176624000001,40.486,40.486,0.0,30.739999999999995,30.739999999999995,18.136000000000003,18.136000000000003,1.0,0,0,0,3.999995533376932e-05,7,0,6,UCSD / GILMAN 2-2|2;UCSD / SCHOLARS - 07|2;UCSD / RADY P357 5|2;UCSD / BIRCH AQUARIUM|1;UCSD / SCHOLARS - 01|1;UCSD / SCHOLARS - 08|2
2023-09-09,2023-09,Perfect,4.966978502347388,903.3361265675487,548.6846409023475,543.7176624000001,40.486000000000004,40.486,0.0,16.32234105457906,16.32234105457906,12.643521195593598,12.643521195593598,1.0,88,0,0,0.7851283330237493,7,7,6,UCSD / GILMAN 2-2|2;UCSD / SCHOLARS - 07|2;UCSD / RADY P357 5|2;UCSD / BIRCH AQUARIUM|1;UCSD / SCHOLARS - 01|1;UCSD / SCHOLARS - 08|2
2023-09-09,2023-09,NoForecast,4.9670102170451855,956.3442601697961,548.6846726170453,543.7176624000001,40.486000000000004,40.486,0.0,16.25143113782797,16.25143113782797,14.431402764691258,14.431402764691258,1.0,30,0,0,0.12494358303956687,7,0,6,UCSD / GILMAN 2-2|2;UCSD / SCHOLARS - 07|2;UCSD / RADY P357 5|2;UCSD / BIRCH AQUARIUM|1;UCSD / SCHOLARS - 01|1;UCSD / SCHOLARS - 08|2
2023-09-09,2023-09,Persistence,4.967046573309403,1016.921081271406,548.6847089733095,543.7176624000001,40.486,40.486,0.0,16.75360247675287,16.75360247675287,15.987065115124839,15.987065115124839,1.0,85,0,3,0.4874134579440579,7,6,6,UCSD / GILMAN 2-2|2;UCSD / SCHOLARS - 07|2;UCSD / RADY P357 5|2;UCSD / BIRCH AQUARIUM|1;UCSD / SCHOLARS - 01|1;UCSD / SCHOLARS - 08|2
2023-09-09,2023-09,HistoricalMedian,4.967013375929696,961.4174480599712,548.6846757759297,543.7176624,40.486000000000004,40.486,0.0,18.210528887566017,18.210528887566017,12.9451795100489,12.9451795100489,1.0,78,0,9,0.784885959001258,7,10,6,UCSD / GILMAN 2-2|2;UCSD / SCHOLARS - 07|2;UCSD / RADY P357 5|2;UCSD / BIRCH AQUARIUM|1;UCSD / SCHOLARS - 01|1;UCSD / SCHOLARS - 08|2
2023-09-09,2023-09,ConformalRobust,4.967096341316392,1099.6366795287242,548.6847587413165,543.7176624000001,40.486000000000004,40.486,0.0,19.800014249642132,19.800014249642132,16.116003304328135,16.116003304328135,1.0,88,0,9,0.8921595420688391,7,10,6,UCSD / GILMAN 2-2|2;UCSD / SCHOLARS - 07|2;UCSD / RADY P357 5|2;UCSD / BIRCH AQUARIUM|1;UCSD / SCHOLARS - 01|1;UCSD / SCHOLARS - 08|2
2023-09-10,2023-09,V0G,10.18510056957416,1455.2617447828654,755.807164569574,745.6220639999998,79.18400000000003,79.184,0.0,30.739999999999995,30.739999999999995,18.136000000000003,18.136000000000003,1.0,0,0,0,3.4208991564810276e-05,7,0,6,UCSD / GILMAN 2-2|2;UCSD / SCHOLARS - 07|2;UCSD / RADY P357 5|2;UCSD / BIRCH AQUARIUM|1;UCSD / SCHOLARS - 01|1;UCSD / SCHOLARS - 08|2
2023-09-10,2023-09,Perfect,10.136669567560716,913.4727961351094,738.7351699301731,728.5985003626124,79.18400000000003,79.184,0.0,16.32234105457906,16.32234105457906,12.643521195593598,12.643521195593598,1.0,90,0,0,0.7556145830312744,7,7,6,UCSD / GILMAN 2-2|2;UCSD / SCHOLARS - 07|2;UCSD / RADY P357 5|2;UCSD / BIRCH AQUARIUM|1;UCSD / SCHOLARS - 01|1;UCSD / SCHOLARS - 08|2
2023-09-10,2023-09,NoForecast,10.136680139138889,966.480940308935,755.758744139139,745.6220640000001,79.18400000000003,79.184,0.0,16.25143113782797,16.25143113782797,14.431402764691258,14.431402764691258,1.0,47,0,0,0.19694470893591642,7,0,6,UCSD / GILMAN 2-2|2;UCSD / SCHOLARS - 07|2;UCSD / RADY P357 5|2;UCSD / BIRCH AQUARIUM|1;UCSD / SCHOLARS - 01|1;UCSD / SCHOLARS - 08|2
2023-09-10,2023-09,Persistence,10.13669225790818,1027.057773529314,755.7587562579082,745.622064,79.18400000000003,79.184,0.0,16.75360247675287,16.75360247675287,15.987065115124839,15.987065115124839,1.0,90,0,5,0.8518507500411943,7,6,6,UCSD / GILMAN 2-2|2;UCSD / SCHOLARS - 07|2;UCSD / RADY P357 5|2;UCSD / BIRCH AQUARIUM|1;UCSD / SCHOLARS - 01|1;UCSD / SCHOLARS - 08|2
2023-09-10,2023-09,HistoricalMedian,10.136681192101719,971.5541292520729,747.9633848074053,737.8267036153036,79.18400000000003,79.184,0.0,18.210528887566017,18.210528887566017,12.9451795100489,12.9451795100489,1.0,90,0,4,0.8323596249101683,7,6,6,UCSD / GILMAN 2-2|2;UCSD / SCHOLARS - 07|2;UCSD / RADY P357 5|2;UCSD / BIRCH AQUARIUM|1;UCSD / SCHOLARS - 01|1;UCSD / SCHOLARS - 08|2
2023-09-10,2023-09,ConformalRobust,10.136708863602053,1109.7733883923263,755.7587728636022,745.6220640000001,79.18400000000003,79.184,0.0,19.800014249642132,19.800014249642132,16.116003304328135,16.116003304328135,1.0,90,0,19,0.9009864999679849,7,6,6,UCSD / GILMAN 2-2|2;UCSD / SCHOLARS - 07|2;UCSD / RADY P357 5|2;UCSD / BIRCH AQUARIUM|1;UCSD / SCHOLARS - 01|1;UCSD / SCHOLARS - 08|2
2023-09-11,2023-09,V0G,4.551555553417984,1459.8133003362834,719.175848353418,714.6242928,37.261,37.261,0.0,30.739999999999995,30.739999999999995,18.136000000000003,18.136000000000003,1.0,0,0,0,2.9959017410874367e-05,8,0,6,UCSD / GILMAN 2-2|2;UCSD / SCHOLARS - 07|2;UCSD / RADY P357 5|2;UCSD / BIRCH AQUARIUM|1;UCSD / SCHOLARS - 01|1;UCSD / SCHOLARS - 08|2
2023-09-11,2023-09,Perfect,4.551717975259521,918.024514110369,629.1222271324851,624.5705091572256,37.261,37.261,0.0,16.32234105457906,16.32234732691707,12.643521195593598,12.643521195593598,1.0,73,0,0,0.6695516660111025,8,8,6,UCSD / GILMAN 2-2|2;UCSD / SCHOLARS - 07|2;UCSD / RADY P357 5|2;UCSD / BIRCH AQUARIUM|1;UCSD / SCHOLARS - 01|1;UCSD / SCHOLARS - 08|2
2023-09-11,2023-09,NoForecast,4.551728196644831,971.0326685055799,627.2860290305565,622.7343008339117,37.261,37.261,0.0,16.25143113782797,16.251437804891125,14.431402764691258,14.431402764691258,1.0,20,0,0,0.093466000049375,8,0,6,UCSD / GILMAN 2-2|2;UCSD / SCHOLARS - 07|2;UCSD / RADY P357 5|2;UCSD / BIRCH AQUARIUM|1;UCSD / SCHOLARS - 01|1;UCSD / SCHOLARS - 08|2
2023-09-11,2023-09,Persistence,4.551741174111498,1031.6095147034257,640.2897407078887,635.7379995337772,37.261,37.261,0.0,16.75360247675287,16.75360964497435,15.987065115124839,15.987065115124839,1.0,77,0,3,0.6718871659832075,8,6,6,UCSD / GILMAN 2-2|2;UCSD / SCHOLARS - 07|2;UCSD / RADY P357 5|2;UCSD / BIRCH AQUARIUM|1;UCSD / SCHOLARS - 01|1;UCSD / SCHOLARS - 08|2
2023-09-11,2023-09,HistoricalMedian,4.551730560635178,976.1058598127081,678.0167579145395,673.4650273539044,37.261,37.261,0.0,18.210528887566017,18.210535645920746,12.9451795100489,12.9451795100489,1.0,69,0,8,0.7818909160559997,8,9,6,UCSD / GILMAN 2-2|2;UCSD / SCHOLARS - 07|2;UCSD / RADY P357 5|2;UCSD / BIRCH AQUARIUM|1;UCSD / SCHOLARS - 01|1;UCSD / SCHOLARS - 08|2
2023-09-11,2023-09,ConformalRobust,4.55155555341787,1114.324943945744,719.175848353418,714.6242928000001,37.261,37.261,0.0,19.800014249642132,19.800014249642132,16.116003304328135,16.116003304328135,1.0,83,0,3,0.9169264580123127,8,9,6,UCSD / GILMAN 2-2|2;UCSD / SCHOLARS - 07|2;UCSD / RADY P357 5|2;UCSD / BIRCH AQUARIUM|1;UCSD / SCHOLARS - 01|1;UCSD / SCHOLARS - 08|2
2023-09-12,2023-09,V0G,8.97167989356808,1468.7849802298515,723.5959726935681,714.6242928,73.33300000000001,73.333,0.0,30.739999999999995,30.739999999999995,18.136000000000003,18.136000000000003,1.0,0,0,0,3.2624928280711174e-05,7,0,6,UCSD / GILMAN 2-2|2;UCSD / SCHOLARS - 07|2;UCSD / RADY P357 5|2;UCSD / BIRCH AQUARIUM|1;UCSD / SCHOLARS - 01|1;UCSD / SCHOLARS - 08|2
2023-09-12,2023-09,Perfect,8.972006101361671,926.9965202117306,633.5426776804289,624.5706715790673,73.33300000000001,73.333,0.0,16.32234732691707,16.322359924271733,12.643521195593598,12.643521195593598,1.0,74,0,0,0.6408430420560762,7,7,6,UCSD / GILMAN 2-2|2;UCSD / SCHOLARS - 07|2;UCSD / RADY P357 5|2;UCSD / BIRCH AQUARIUM|1;UCSD / SCHOLARS - 01|1;UCSD / SCHOLARS - 08|2
2023-09-12,2023-09,NoForecast,8.97202589023459,980.0046943958145,631.7064993673732,622.7344734771386,73.33300000000001,73.333,0.0,16.251437804891125,16.25145116644412,14.431402764691258,14.431402764691258,1.0,35,0,0,0.17313120793551207,7,0,6,UCSD / GILMAN 2-2|2;UCSD / SCHOLARS - 07|2;UCSD / RADY P357 5|2;UCSD / BIRCH AQUARIUM|1;UCSD / SCHOLARS - 01|1;UCSD / SCHOLARS - 08|2
2023-09-12,2023-09,Persistence,8.972050413670786,1040.5815651170965,644.7102355681415,635.7381851544707,73.33300000000003,73.333,0.0,16.75360964497435,16.753623953563032,15.987065115124839,15.987065115124839,1.0,60,0,29,0.5063622500747442,7,6,6,UCSD / GILMAN 2-2|2;UCSD / SCHOLARS - 07|2;UCSD / RADY P357 5|2;UCSD / BIRCH AQUARIUM|1;UCSD / SCHOLARS - 01|1;UCSD / SCHOLARS - 08|2
2023-09-12,2023-09,HistoricalMedian,8.971854796031266,985.0777146087394,682.4370571571529,673.4652023611217,73.33300000000001,73.333,0.0,18.210535645920746,18.210542400230132,12.9451795100489,12.9451795100489,1.0,60,0,26,0.6560650409664959,7,8,6,UCSD / GILMAN 2-2|2;UCSD / SCHOLARS - 07|2;UCSD / RADY P357 5|2;UCSD / BIRCH AQUARIUM|1;UCSD / SCHOLARS - 01|1;UCSD / SCHOLARS - 08|2
2023-09-12,2023-09,ConformalRobust,8.97167989356808,1123.2966238393121,723.5959726935681,714.6242928,73.33300000000001,73.333,0.0,19.800014249642132,19.800014249642132,16.116003304328135,16.116003304328135,1.0,70,0,23,0.8008800829993561,7,8,6,UCSD / GILMAN 2-2|2;UCSD / SCHOLARS - 07|2;UCSD / RADY P357 5|2;UCSD / BIRCH AQUARIUM|1;UCSD / SCHOLARS - 01|1;UCSD / SCHOLARS - 08|2
2023-09-13,2023-09,V0G,15.625865857008193,1484.4108460868597,986.729931841008,971.1040659839998,127.128,127.128,0.0,30.739999999999995,30.739999999999995,18.136000000000003,18.136000000000003,1.0,0,0,0,3.8334052078425884e-05,9,0,6,UCSD / GILMAN 2-2|2;UCSD / SCHOLARS - 07|2;UCSD / RADY P357 5|2;UCSD / BIRCH AQUARIUM|1;UCSD / SCHOLARS - 01|1;UCSD / SCHOLARS - 08|2
2023-09-13,2023-09,Perfect,71.52419779974684,998.5207180114775,880.9760335492201,809.4518357494733,127.12800000000003,127.128,0.0,16.322359924271733,17.82278840242201,12.643521195593598,13.199029232361772,1.0,71,0,0,0.7743300830479711,9,9,6,UCSD / GILMAN 2-2|2;UCSD / SCHOLARS - 07|2;UCSD / RADY P357 5|2;UCSD / BIRCH AQUARIUM|1;UCSD / SCHOLARS - 01|1;UCSD / SCHOLARS - 08|2
2023-09-13,2023-09,NoForecast,37.223076533852804,1017.2277709296673,899.5328488703209,862.3097723364681,127.12800000000003,127.128,0.0,16.25145116644412,17.08277207950799,14.431402764691258,14.431408561855145,1.0,47,0,0,0.2686357500497252,9,0,6,UCSD / GILMAN 2-2|2;UCSD / SCHOLARS - 07|2;UCSD / RADY P357 5|2;UCSD / BIRCH AQUARIUM|1;UCSD / SCHOLARS - 01|1;UCSD / SCHOLARS - 08|2
2023-09-13,2023-09,Persistence,28.152924051373816,1068.7344891684702,951.0565956122375,922.9036715608637,127.12800000000001,127.128,1.4210854715202004e-14,16.753623953563032,16.75390649034542,15.987065115124839,16.393753610486616,1.0,76,0,18,0.8071520410012454,9,13,6,UCSD / GILMAN 2-2|2;UCSD / SCHOLARS - 07|2;UCSD / RADY P357 5|2;UCSD / BIRCH AQUARIUM|1;UCSD / SCHOLARS - 01|1;UCSD / SCHOLARS - 08|2
2023-09-13,2023-09,HistoricalMedian,81.02208585307358,1066.099800461813,948.5965043319623,867.5744184788887,127.12800000000001,127.128,0.0,18.210542400230132,18.210819937699245,12.9451795100489,15.081325711971925,1.0,76,0,10,0.9728702089050785,9,13,6,UCSD / GILMAN 2-2|2;UCSD / SCHOLARS - 07|2;UCSD / RADY P357 5|2;UCSD / BIRCH AQUARIUM|1;UCSD / SCHOLARS - 01|1;UCSD / SCHOLARS - 08|2
2023-09-13,2023-09,ConformalRobust,15.625865857007966,1138.92248969632,986.729931841008,971.104065984,127.12800000000003,127.128,0.0,19.800014249642132,19.800014249642132,16.116003304328135,16.116003304328135,1.0,93,0,59,1.0544709169771522,9,13,6,UCSD / GILMAN 2-2|2;UCSD / SCHOLARS - 07|2;UCSD / RADY P357 5|2;UCSD / BIRCH AQUARIUM|1;UCSD / SCHOLARS - 01|1;UCSD / SCHOLARS - 08|2
2023-09-14,2023-09,V0G,5.184140072503851,1489.5949861593635,377.99517207250403,372.8110320000002,41.833,41.833,0.0,30.739999999999995,30.739999999999995,18.136000000000003,18.136000000000003,1.0,0,0,0,2.7499976567924023e-05,4,0,6,UCSD / GILMAN 2-2|2;UCSD / SCHOLARS - 07|2;UCSD / RADY P357 5|2;UCSD / BIRCH AQUARIUM|1;UCSD / SCHOLARS - 01|1;UCSD / SCHOLARS - 08|2
2023-09-14,2023-09,Perfect,5.184140072503965,1003.7048580839814,377.99517207250403,372.81103200000007,41.833,41.833,0.0,17.82278840242201,17.82278840242201,13.199029232361772,13.199029232361772,1.0,74,0,0,0.41854400001466274,4,4,6,UCSD / GILMAN 2-2|2;UCSD / SCHOLARS - 07|2;UCSD / RADY P357 5|2;UCSD / BIRCH AQUARIUM|1;UCSD / SCHOLARS - 01|1;UCSD / SCHOLARS - 08|2
2023-09-14,2023-09,NoForecast,5.184140072503965,1022.4119110021712,377.99517207250403,372.81103200000007,41.833,41.833,0.0,17.08277207950799,17.08277207950799,14.431408561855145,14.431408561855145,1.0,28,0,0,0.11372858402319252,4,0,6,UCSD / GILMAN 2-2|2;UCSD / SCHOLARS - 07|2;UCSD / RADY P357 5|2;UCSD / BIRCH AQUARIUM|1;UCSD / SCHOLARS - 01|1;UCSD / SCHOLARS - 08|2
2023-09-14,2023-09,Persistence,5.184140072503965,1073.918629240974,377.99517207250403,372.81103200000007,41.833,41.833,0.0,16.75390649034542,16.75390649034542,16.393753610486616,16.393753610486616,1.0,74,0,4,0.9017916669836268,4,10,6,UCSD / GILMAN 2-2|2;UCSD / SCHOLARS - 07|2;UCSD / RADY P357 5|2;UCSD / BIRCH AQUARIUM|1;UCSD / SCHOLARS - 01|1;UCSD / SCHOLARS - 08|2
2023-09-14,2023-09,HistoricalMedian,5.1841400725040785,1071.283940534317,377.99517207250403,372.81103199999995,41.833,41.833,0.0,18.210819937699245,18.210819937699245,15.081325711971925,15.081325711971925,1.0,74,0,6,0.9490264590131119,4,11,6,UCSD / GILMAN 2-2|2;UCSD / SCHOLARS - 07|2;UCSD / RADY P357 5|2;UCSD / BIRCH AQUARIUM|1;UCSD / SCHOLARS - 01|1;UCSD / SCHOLARS - 08|2
2023-09-14,2023-09,ConformalRobust,5.184140072503965,1144.106629768824,377.99517207250403,372.81103200000007,41.833,41.833,0.0,19.800014249642132,19.800014249642132,16.116003304328135,16.116003304328135,1.0,91,0,12,1.0417585000395775,4,11,6,UCSD / GILMAN 2-2|2;UCSD / SCHOLARS - 07|2;UCSD / RADY P357 5|2;UCSD / BIRCH AQUARIUM|1;UCSD / SCHOLARS - 01|1;UCSD / SCHOLARS - 08|2
2023-09-15,2023-09,V0G,10.486967543414039,1500.0819537027776,927.0156619434141,916.5286944000001,84.256,84.256,0.0,30.739999999999995,30.739999999999995,18.136000000000003,18.136000000000003,1.0,0,0,0,3.362505231052637e-05,7,0,6,UCSD / GILMAN 2-2|2;UCSD / SCHOLARS - 07|2;UCSD / RADY P357 5|2;UCSD / BIRCH AQUARIUM|1;UCSD / SCHOLARS - 01|1;UCSD / SCHOLARS - 08|2
2023-09-15,2023-09,Perfect,10.48731511202493,1014.1921731960064,875.7865286046093,865.2992134925844,84.256,84.256,0.0,17.82278840242201,17.82279513268529,13.199029232361772,13.199034896954544,1.0,74,0,0,0.7159279999323189,7,7,6,UCSD / GILMAN 2-2|2;UCSD / SCHOLARS - 07|2;UCSD / RADY P357 5|2;UCSD / BIRCH AQUARIUM|1;UCSD / SCHOLARS - 01|1;UCSD / SCHOLARS - 08|2
2023-09-15,2023-09,NoForecast,10.48732169646496,1032.8992326986363,856.653551260088,846.166229563623,84.256,84.256,0.0,17.08277207950799,17.082785756040792,14.431408561855145,14.431408561855145,1.0,39,0,0,0.1900519171031192,7,0,6,UCSD / GILMAN 2-2|2;UCSD / SCHOLARS - 07|2;UCSD / RADY P357 5|2;UCSD / BIRCH AQUARIUM|1;UCSD / SCHOLARS - 01|1;UCSD / SCHOLARS - 08|2
2023-09-15,2023-09,Persistence,10.48734537121652,1084.4059746121907,848.1376189199478,837.6502735487313,84.256,84.256,0.0,16.75390649034542,16.753921081139765,16.393753610486616,16.393753610486616,1.0,74,0,21,0.7758717499673367,7,9,6,UCSD / GILMAN 2-2|2;UCSD / SCHOLARS - 07|2;UCSD / RADY P357 5|2;UCSD / BIRCH AQUARIUM|1;UCSD / SCHOLARS - 01|1;UCSD / SCHOLARS - 08|2
2023-09-15,2023-09,HistoricalMedian,10.486967543414039,1081.770908077731,885.8639332242195,875.3769656808055,84.256,84.256,0.0,18.210819937699245,18.210819937699245,15.081325711971925,15.081325711971925,1.0,78,0,20,0.9775125830201432,7,12,6,UCSD / GILMAN 2-2|2;UCSD / SCHOLARS - 07|2;UCSD / RADY P357 5|2;UCSD / BIRCH AQUARIUM|1;UCSD / SCHOLARS - 01|1;UCSD / SCHOLARS - 08|2
2023-09-15,2023-09,ConformalRobust,10.486967543414039,1154.593597312238,927.0156619434141,916.5286944000001,84.256,84.256,0.0,19.800014249642132,19.800014249642132,16.116003304328135,16.116003304328135,1.0,95,0,21,1.1072146670194343,7,12,6,UCSD / GILMAN 2-2|2;UCSD / SCHOLARS - 07|2;UCSD / RADY P357 5|2;UCSD / BIRCH AQUARIUM|1;UCSD / SCHOLARS - 01|1;UCSD / SCHOLARS - 08|2
2023-09-16,2023-09,V0G,10.821247597976253,1510.9032013007538,739.923860557976,729.1026129599998,85.612,85.612,0.0,30.739999999999995,30.739999999999995,18.136000000000003,18.136000000000003,1.0,0,0,0,3.362505231052637e-05,8,0,6,UCSD / GILMAN 2-2|2;UCSD / SCHOLARS - 07|2;UCSD / RADY P357 5|2;UCSD / BIRCH AQUARIUM|1;UCSD / SCHOLARS - 01|1;UCSD / SCHOLARS - 08|2
2023-09-16,2023-09,Perfect,10.75264826368732,1024.9448214596937,739.8552612236873,729.10261296,85.61200000000001,85.612,0.0,17.82279513268529,17.82279513268529,13.199034896954544,13.199034896954544,1.0,88,0,0,0.7860133330104873,8,8,6,UCSD / GILMAN 2-2|2;UCSD / SCHOLARS - 07|2;UCSD / RADY P357 5|2;UCSD / BIRCH AQUARIUM|1;UCSD / SCHOLARS - 01|1;UCSD / SCHOLARS - 08|2
2023-09-16,2023-09,NoForecast,10.752653825009475,1043.6518865236458,739.8552667850095,729.10261296,85.612,85.612,0.0,17.082785756040792,17.082785756040792,14.431408561855145,14.431408561855145,1.0,46,0,0,0.20479312492534518,8,0,6,UCSD / GILMAN 2-2|2;UCSD / SCHOLARS - 07|2;UCSD / RADY P357 5|2;UCSD / BIRCH AQUARIUM|1;UCSD / SCHOLARS - 01|1;UCSD / SCHOLARS - 08|2
2023-09-16,2023-09,Persistence,10.752669279588986,1095.1586438917798,739.8552822395891,729.1026129600001,85.612,85.612,0.0,16.753921081139765,16.753921081139765,16.393753610486616,16.393753610486616,1.0,88,0,11,0.8077959169168025,8,7,6,UCSD / GILMAN 2-2|2;UCSD / SCHOLARS - 07|2;UCSD / RADY P357 5|2;UCSD / BIRCH AQUARIUM|1;UCSD / SCHOLARS - 01|1;UCSD / SCHOLARS - 08|2
2023-09-16,2023-09,HistoricalMedian,10.752668552712294,1092.5235766304434,739.8552815127123,729.10261296,85.612,85.612,0.0,18.210819937699245,18.210819937699245,15.081325711971925,15.081325711971925,1.0,88,0,7,0.8340186671121046,8,10,6,UCSD / GILMAN 2-2|2;UCSD / SCHOLARS - 07|2;UCSD / RADY P357 5|2;UCSD / BIRCH AQUARIUM|1;UCSD / SCHOLARS - 01|1;UCSD / SCHOLARS - 08|2
2023-09-16,2023-09,ConformalRobust,10.752690453277523,1165.3462877655156,739.8553034132776,729.1026129600001,85.612,85.612,0.0,19.800014249642132,19.800014249642132,16.116003304328135,16.116003304328135,1.0,92,0,20,0.9132794580655172,8,10,6,UCSD / GILMAN 2-2|2;UCSD / SCHOLARS - 07|2;UCSD / RADY P357 5|2;UCSD / BIRCH AQUARIUM|1;UCSD / SCHOLARS - 01|1;UCSD / SCHOLARS - 08|2
2023-09-17,2023-09,V0G,9.653086014646078,1520.5562873154,755.275150014646,745.6220639999999,75.45500000000001,75.455,0.0,30.739999999999995,30.739999999999995,18.136000000000003,18.136000000000003,1.0,0,0,0,3.216695040464401e-05,7,0,6,UCSD / GILMAN 2-2|2;UCSD / SCHOLARS - 07|2;UCSD / RADY P357 5|2;UCSD / BIRCH AQUARIUM|1;UCSD / SCHOLARS - 01|1;UCSD / SCHOLARS - 08|2
2023-09-17,2023-09,Perfect,9.575518842524048,1034.5203403022178,755.1430675300448,745.5675486875208,75.45500000000001,75.455,0.0,17.82279513268529,17.82279513268529,13.199034896954544,13.199034896954544,1.0,94,0,0,0.81379329203628,7,7,6,UCSD / GILMAN 2-2|2;UCSD / SCHOLARS - 07|2;UCSD / RADY P357 5|2;UCSD / BIRCH AQUARIUM|1;UCSD / SCHOLARS - 01|1;UCSD / SCHOLARS - 08|2
2023-09-17,2023-09,NoForecast,9.575524403846089,1053.2274109274917,755.1975884038461,745.622064,75.45500000000001,75.455,0.0,17.082785756040792,17.082785756040792,14.431408561855145,14.431408561855145,1.0,48,0,0,0.1970742919947952,7,0,6,UCSD / GILMAN 2-2|2;UCSD / SCHOLARS - 07|2;UCSD / RADY P357 5|2;UCSD / BIRCH AQUARIUM|1;UCSD / SCHOLARS - 01|1;UCSD / SCHOLARS - 08|2
2023-09-17,2023-09,Persistence,9.5755398584256,1104.7341837502054,755.1976038584257,745.6220640000001,75.45500000000001,75.455,0.0,16.753921081139765,16.753921081139765,16.393753610486616,16.393753610486616,1.0,94,0,13,0.7455037920735776,7,7,6,UCSD / GILMAN 2-2|2;UCSD / SCHOLARS - 07|2;UCSD / RADY P357 5|2;UCSD / BIRCH AQUARIUM|1;UCSD / SCHOLARS - 01|1;UCSD / SCHOLARS - 08|2
2023-09-17,2023-09,HistoricalMedian,9.575539131548794,1102.0991157619922,755.1976031315489,745.6220640000001,75.45500000000001,75.455,0.0,18.210819937699245,18.210819937699245,15.081325711971925,15.081325711971925,1.0,94,0,5,0.8565505420556292,7,7,6,UCSD / GILMAN 2-2|2;UCSD / SCHOLARS - 07|2;UCSD / RADY P357 5|2;UCSD / BIRCH AQUARIUM|1;UCSD / SCHOLARS - 01|1;UCSD / SCHOLARS - 08|2
2023-09-17,2023-09,ConformalRobust,9.575561055256799,1174.9218488207725,755.1976250552568,745.622064,75.45500000000001,75.455,0.0,19.800014249642132,19.800014249642132,16.116003304328135,16.116003304328135,1.0,94,0,11,0.951791915926151,7,7,6,UCSD / GILMAN 2-2|2;UCSD / SCHOLARS - 07|2;UCSD / RADY P357 5|2;UCSD / BIRCH AQUARIUM|1;UCSD / SCHOLARS - 01|1;UCSD / SCHOLARS - 08|2
2023-09-18,2023-09,V0G,15.27186924702005,1535.82815656242,1045.8418970230202,1030.5700277760002,123.37499999999999,123.375,0.0,30.739999999999995,30.739999999999995,18.136000000000003,18.136000000000003,1.0,0,0,0,3.962509799748659e-05,11,0,6,UCSD / GILMAN 2-2|2;UCSD / SCHOLARS - 07|2;UCSD / RADY P357 5|2;UCSD / BIRCH AQUARIUM|1;UCSD / SCHOLARS - 01|1;UCSD / SCHOLARS - 08|2
2023-09-18,2023-09,Perfect,15.204267678854535,1049.7246079810725,880.5038287400498,865.2995610611953,123.37499999999999,123.375,0.0,17.82279513268529,17.82279513268529,13.199034896954544,13.199034896954544,1.0,90,0,0,0.9057734999805689,11,11,6,UCSD / GILMAN 2-2|2;UCSD / SCHOLARS - 07|2;UCSD / RADY P357 5|2;UCSD / BIRCH AQUARIUM|1;UCSD / SCHOLARS - 01|1;UCSD / SCHOLARS - 08|2
2023-09-18,2023-09,NoForecast,15.205163482063199,1068.432574409555,861.3717471987372,846.166583716674,123.37500000000003,123.375,0.0,17.082785756040792,17.082819995928073,14.431408561855145,14.431408561855145,1.0,51,0,0,0.28282491595018655,11,0,6,UCSD / GILMAN 2-2|2;UCSD / SCHOLARS - 07|2;UCSD / RADY P357 5|2;UCSD / BIRCH AQUARIUM|1;UCSD / SCHOLARS - 01|1;UCSD / SCHOLARS - 08|2
2023-09-18,2023-09,Persistence,15.209244586927753,1119.9434283371331,875.5058246981662,860.2965801112384,123.375,123.375,0.0,16.753921081139765,16.753964585975563,16.393753610486616,16.393753610486616,1.0,84,0,28,0.7904089580988511,11,8,6,UCSD / GILMAN 2-2|2;UCSD / SCHOLARS - 07|2;UCSD / RADY P357 5|2;UCSD / BIRCH AQUARIUM|1;UCSD / SCHOLARS - 01|1;UCSD / SCHOLARS - 08|2
2023-09-18,2023-09,HistoricalMedian,15.20505144020558,1117.3041672021977,890.5820171210112,875.3769656808056,123.375,123.375,0.0,18.210819937699245,18.21084890289093,15.081325711971925,15.081325711971925,1.0,81,0,29,0.8428959590382874,11,9,6,UCSD / GILMAN 2-2|2;UCSD / SCHOLARS - 07|2;UCSD / RADY P357 5|2;UCSD / BIRCH AQUARIUM|1;UCSD / SCHOLARS - 01|1;UCSD / SCHOLARS - 08|2
2023-09-18,2023-09,ConformalRobust,15.204539858920157,1190.1263886796928,931.7336032526053,916.5290633936852,123.375,123.375,0.0,19.800014249642132,19.800022053049233,16.116003304328135,16.116003304328135,1.0,88,0,28,0.9473159170011058,11,9,6,UCSD / GILMAN 2-2|2;UCSD / SCHOLARS - 07|2;UCSD / RADY P357 5|2;UCSD / BIRCH AQUARIUM|1;UCSD / SCHOLARS - 01|1;UCSD / SCHOLARS - 08|2
2023-09-19,2023-09,V0G,23.251156715724164,1559.0793132781441,1110.6864815157242,1087.4353248,187.12199999999999,187.12199999999999,0.0,30.739999999999995,30.739999999999995,18.136000000000003,18.136000000000003,1.0,0,0,0,5.6958990171551704e-05,12,0,6,UCSD / GILMAN 2-2|2;UCSD / SCHOLARS - 07|2;UCSD / RADY P357 5|2;UCSD / BIRCH AQUARIUM|1;UCSD / SCHOLARS - 01|1;UCSD / SCHOLARS - 08|2
2023-09-19,2023-09,Perfect,23.243430817845024,1072.9680387989174,888.5429918790403,865.2995610611953,187.122,187.12199999999999,0.0,17.82279513268529,17.8227951326853,13.199034896954544,13.199034896954544,1.0,86,0,0,1.1390846660360694,12,12,6,UCSD / GILMAN 2-2|2;UCSD / SCHOLARS - 07|2;UCSD / RADY P357 5|2;UCSD / BIRCH AQUARIUM|1;UCSD / SCHOLARS - 01|1;UCSD / SCHOLARS - 08|2
2023-09-19,2023-09,NoForecast,52.638710116700736,1121.0712845262556,899.3507765686171,846.7120664519164,187.12199999999996,187.12199999999999,0.0,17.082819995928073,18.2179705582398,14.431408561855145,14.431408561855145,1.0,57,0,0,0.5006319999229163,12,0,6,UCSD / GILMAN 2-2|2;UCSD / SCHOLARS - 07|2;UCSD / RADY P357 5|2;UCSD / BIRCH AQUARIUM|1;UCSD / SCHOLARS - 01|1;UCSD / SCHOLARS - 08|2
2023-09-19,2023-09,Persistence,68.88970965448391,1188.8331379916171,907.1262737375057,838.2365640830218,187.12199999999999,187.12199999999999,2.842170943040401e-14,16.753964585975563,18.516687665977543,16.393753610486616,16.393753610486616,1.0,86,0,63,0.8748220420675352,12,7,6,UCSD / GILMAN 2-2|2;UCSD / SCHOLARS - 07|2;UCSD / RADY P357 5|2;UCSD / BIRCH AQUARIUM|1;UCSD / SCHOLARS - 01|1;UCSD / SCHOLARS - 08|2
2023-09-19,2023-09,HistoricalMedian,23.245970562609955,1140.5501377648077,899.1797762567957,875.9338056941857,187.12199999999999,187.12199999999999,0.0,18.21084890289093,18.21092511803185,15.081325711971925,15.081325711971925,1.0,85,0,55,0.9078936669975519,12,8,6,UCSD / GILMAN 2-2|2;UCSD / SCHOLARS - 07|2;UCSD / RADY P357 5|2;UCSD / BIRCH AQUARIUM|1;UCSD / SCHOLARS - 01|1;UCSD / SCHOLARS - 08|2
2023-09-19,2023-09,ConformalRobust,23.24455301889941,1213.370941698592,939.7738184813744,916.529265462475,187.12199999999999,187.12199999999999,0.0,19.800022053049233,19.800111867083906,16.116003304328135,16.116003304328135,1.0,85,0,75,0.8626989169279113,12,8,6,UCSD / GILMAN 2-2|2;UCSD / SCHOLARS - 07|2;UCSD / RADY P357 5|2;UCSD / BIRCH AQUARIUM|1;UCSD / SCHOLARS - 01|1;UCSD / SCHOLARS - 08|2
2023-09-20,2023-09,V0G,20.389247338900077,1579.4685606170442,735.0135401389001,714.6242928,165.49400000000003,165.494,0.0,30.739999999999995,30.739999999999995,18.136000000000003,18.136000000000003,1.0,0,0,0,4.39999857917428e-05,11,0,6,UCSD / GILMAN 2-2|2;UCSD / SCHOLARS - 07|2;UCSD / RADY P357 5|2;UCSD / BIRCH AQUARIUM|1;UCSD / SCHOLARS - 01|1;UCSD / SCHOLARS - 08|2
2023-09-20,2023-09,Perfect,20.33870406713288,1093.3067428660502,683.7633875514915,663.4246834843586,165.49400000000003,165.494,0.0,17.8227951326853,17.8227951326853,13.199034896954544,13.199034896954544,1.0,90,0,0,0.98881829099264,11,11,6,UCSD / GILMAN 2-2|2;UCSD / SCHOLARS - 07|2;UCSD / RADY P357 5|2;UCSD / BIRCH AQUARIUM|1;UCSD / SCHOLARS - 01|1;UCSD / SCHOLARS - 08|2
2023-09-20,2023-09,NoForecast,20.339172266494074,1141.4104567927498,693.9969012657626,673.6577289992686,165.49400000000003,165.494,0.0,18.2179705582398,18.217988271212263,14.431408561855145,14.431408561855145,1.0,66,0,0,0.3530294999945909,11,0,6,UCSD / GILMAN 2-2|2;UCSD / SCHOLARS - 07|2;UCSD / RADY P357 5|2;UCSD / BIRCH AQUARIUM|1;UCSD / SCHOLARS - 01|1;UCSD / SCHOLARS - 08|2
2023-09-20,2023-09,Persistence,20.339123470182358,1209.1722614617995,701.7321152461617,681.3929917759793,165.49400000000003,165.494,0.0,18.516687665977543,18.516702971159752,16.393753610486616,16.393753610486616,1.0,90,0,19,0.8629149169428274,11,9,6,UCSD / GILMAN 2-2|2;UCSD / SCHOLARS - 07|2;UCSD / RADY P357 5|2;UCSD / BIRCH AQUARIUM|1;UCSD / SCHOLARS - 01|1;UCSD / SCHOLARS - 08|2
2023-09-20,2023-09,HistoricalMedian,20.339187667155898,1160.8893254319637,693.8144753867841,673.4752877196282,165.49400000000003,165.494,0.0,18.21092511803185,18.21094327359074,15.081325711971925,15.081325711971925,1.0,88,0,59,0.8846937080379575,11,10,6,UCSD / GILMAN 2-2|2;UCSD / SCHOLARS - 07|2;UCSD / RADY P357 5|2;UCSD / BIRCH AQUARIUM|1;UCSD / SCHOLARS - 01|1;UCSD / SCHOLARS - 08|2
2023-09-20,2023-09,ConformalRobust,20.33873209074102,1233.709673789333,734.9630248907412,714.6242928000001,165.49400000000003,165.494,0.0,19.800111867083906,19.800111867083906,16.116003304328135,16.116003304328135,1.0,90,0,47,0.9615650420309976,11,10,6,UCSD / GILMAN 2-2|2;UCSD / SCHOLARS - 07|2;UCSD / RADY P357 5|2;UCSD / BIRCH AQUARIUM|1;UCSD / SCHOLARS - 01|1;UCSD / SCHOLARS - 08|2
2023-09-21,2023-09,V0G,71.54792344974021,1651.0164840667844,1139.0766369857402,1067.528713536,165.141,165.141,0.0,30.739999999999995,30.739999999999995,18.136000000000003,19.799999999999997,1.0,0,0,0,4.587508738040924e-05,15,0,6,UCSD / GILMAN 2-2|2;UCSD / SCHOLARS - 07|2;UCSD / RADY P357 5|2;UCSD / BIRCH AQUARIUM|1;UCSD / SCHOLARS - 01|1;UCSD / SCHOLARS - 08|2
2023-09-21,2023-09,Perfect,20.644323165208107,1113.9510660312583,885.9438842264037,865.2995610611956,165.141,165.141,0.0,17.8227951326853,17.8227951326853,13.199034896954544,13.199060465413915,1.0,82,0,0,0.9868181669153273,15,15,6,UCSD / GILMAN 2-2|2;UCSD / SCHOLARS - 07|2;UCSD / RADY P357 5|2;UCSD / BIRCH AQUARIUM|1;UCSD / SCHOLARS - 01|1;UCSD / SCHOLARS - 08|2
2023-09-21,2023-09,NoForecast,20.644916076705726,1162.0553728694554,933.8782339594466,913.2333178827408,165.141,165.141,0.0,18.217988271212263,18.218027211188993,14.431408561855145,14.431420550202821,1.0,59,0,0,0.3391549999359995,15,0,6,UCSD / GILMAN 2-2|2;UCSD / SCHOLARS - 07|2;UCSD / RADY P357 5|2;UCSD / BIRCH AQUARIUM|1;UCSD / SCHOLARS - 01|1;UCSD / SCHOLARS - 08|2
2023-09-21,2023-09,Persistence,20.644921384465647,1229.817182846265,1001.6446673877568,980.9997460032912,165.141,165.141,0.0,18.516702971159752,18.516741070913735,16.393753610486616,16.393766483564153,1.0,80,0,29,0.5527243749238551,15,4,6,UCSD / GILMAN 2-2|2;UCSD / SCHOLARS - 07|2;UCSD / RADY P357 5|2;UCSD / BIRCH AQUARIUM|1;UCSD / SCHOLARS - 01|1;UCSD / SCHOLARS - 08|2
2023-09-21,2023-09,HistoricalMedian,20.643916530699016,1181.5332419626627,953.5767944860513,932.9328779553523,165.14100000000002,165.141,0.0,18.21094327359074,18.21094327359074,15.081325711971925,15.081337988062542,1.0,80,0,37,0.9900635000085458,15,10,6,UCSD / GILMAN 2-2|2;UCSD / SCHOLARS - 07|2;UCSD / RADY P357 5|2;UCSD / BIRCH AQUARIUM|1;UCSD / SCHOLARS - 01|1;UCSD / SCHOLARS - 08|2
2023-09-21,2023-09,ConformalRobust,20.64394503678352,1254.3536188261164,1026.3777761373888,1005.7338311006052,165.14100000000002,165.141,0.0,19.800111867083906,19.800111867083906,16.116003304328135,16.116016512246663,1.0,91,0,17,1.0516656660474837,15,10,6,UCSD / GILMAN 2-2|2;UCSD / SCHOLARS - 07|2;UCSD / RADY P357 5|2;UCSD / BIRCH AQUARIUM|1;UCSD / SCHOLARS - 01|1;UCSD / SCHOLARS - 08|2
2023-09-22,2023-09,V0G,13.79008409330413,1664.8065681600885,930.3187784933041,916.5286944,112.83300000000003,112.833,0.0,30.739999999999995,30.739999999999995,19.799999999999997,19.799999999999997,1.0,0,0,0,3.975001163780689e-05,12,0,6,UCSD / GILMAN 2-2|2;UCSD / SCHOLARS - 07|2;UCSD / RADY P357 5|2;UCSD / BIRCH AQUARIUM|1;UCSD / SCHOLARS - 01|1;UCSD / SCHOLARS - 08|2
2023-09-22,2023-09,Perfect,13.70298058470803,1127.6540466159663,677.6423703967363,663.9393898120283,112.83300000000003,112.833,0.0,17.8227951326853,17.8227951326853,13.199060465413915,13.199060465413915,1.0,87,0,0,1.0634208340197802,12,12,6,UCSD / GILMAN 2-2|2;UCSD / SCHOLARS - 07|2;UCSD / RADY P357 5|2;UCSD / BIRCH AQUARIUM|1;UCSD / SCHOLARS - 01|1;UCSD / SCHOLARS - 08|2
2023-09-22,2023-09,NoForecast,13.70362481740085,1175.7589976868562,687.9054563918972,674.2018315744964,112.83300000000003,112.833,0.0,18.218027211188993,18.218048436505992,14.431420550202821,14.431420550202821,1.0,56,0,0,0.301467957906425,12,0,6,UCSD / GILMAN 2-2|2;UCSD / SCHOLARS - 07|2;UCSD / RADY P357 5|2;UCSD / BIRCH AQUARIUM|1;UCSD / SCHOLARS - 01|1;UCSD / SCHOLARS - 08|2
2023-09-22,2023-09,Persistence,13.703704949727808,1243.5208877959928,695.6813506893593,681.9776457396315,112.83300000000003,112.833,0.0,18.516741070913735,18.51676013689798,16.393766483564153,16.393766483564153,1.0,87,0,20,0.8032586670015007,12,7,6,UCSD / GILMAN 2-2|2;UCSD / SCHOLARS - 07|2;UCSD / RADY P357 5|2;UCSD / BIRCH AQUARIUM|1;UCSD / SCHOLARS - 01|1;UCSD / SCHOLARS - 08|2
2023-09-22,2023-09,HistoricalMedian,13.703306420662784,1195.2365483833255,687.7358009734105,674.0324945527477,112.83300000000003,112.833,0.0,18.21094327359074,18.21095056468286,15.081337988062542,15.081337988062542,1.0,87,0,22,0.88974216603674,12,10,6,UCSD / GILMAN 2-2|2;UCSD / SCHOLARS - 07|2;UCSD / RADY P357 5|2;UCSD / BIRCH AQUARIUM|1;UCSD / SCHOLARS - 01|1;UCSD / SCHOLARS - 08|2
2023-09-22,2023-09,ConformalRobust,13.703261931641464,1268.0568807577579,728.9256228387322,715.2223609070908,112.83300000000003,112.833,0.0,19.800111867083906,19.800111867083906,16.116016512246663,16.116016512246663,1.0,89,0,7,0.9688055000733584,12,10,6,UCSD / GILMAN 2-2|2;UCSD / SCHOLARS - 07|2;UCSD / RADY P357 5|2;UCSD / BIRCH AQUARIUM|1;UCSD / SCHOLARS - 01|1;UCSD / SCHOLARS - 08|2
2023-09-23,2023-09,V0G,13.072025818245947,1677.8785939783345,1131.505121818246,1118.433096,105.82099999999998,105.821,0.0,30.739999999999995,30.739999999999995,19.799999999999997,19.799999999999997,1.0,0,0,0,3.587501123547554e-05,8,0,6,UCSD / GILMAN 2-2|2;UCSD / SCHOLARS - 07|2;UCSD / RADY P357 5|2;UCSD / BIRCH AQUARIUM|1;UCSD / SCHOLARS - 01|1;UCSD / SCHOLARS - 08|2
2023-09-23,2023-09,Perfect,13.093190202615233,1140.7472368185815,878.393533443279,865.3003432406638,105.821,105.821,0.0,17.8227951326853,17.822811969817476,13.199060465413915,13.19907180897834,1.0,73,0,0,0.7067562500014901,8,8,6,UCSD / GILMAN 2-2|2;UCSD / SCHOLARS - 07|2;UCSD / RADY P357 5|2;UCSD / BIRCH AQUARIUM|1;UCSD / SCHOLARS - 01|1;UCSD / SCHOLARS - 08|2
2023-09-23,2023-09,NoForecast,13.088882825842461,1188.8478805126988,926.3241254279442,913.2352426021017,105.821,105.821,0.0,18.218048436505992,18.218062601649716,14.431420550202821,14.431426538073637,1.0,40,0,0,0.21549520804546773,8,0,6,UCSD / GILMAN 2-2|2;UCSD / SCHOLARS - 07|2;UCSD / RADY P357 5|2;UCSD / BIRCH AQUARIUM|1;UCSD / SCHOLARS - 01|1;UCSD / SCHOLARS - 08|2
2023-09-23,2023-09,Persistence,13.085253789680905,1256.6061415856739,994.086873904292,981.0016201146111,105.821,105.821,0.0,18.51676013689798,18.516760136897982,16.393766483564153,16.39376648356416,1.0,73,0,13,0.707155958050862,8,8,6,UCSD / GILMAN 2-2|2;UCSD / SCHOLARS - 07|2;UCSD / RADY P357 5|2;UCSD / BIRCH AQUARIUM|1;UCSD / SCHOLARS - 01|1;UCSD / SCHOLARS - 08|2
2023-09-23,2023-09,HistoricalMedian,13.088874797956692,1208.325423181282,946.0223171006901,932.9334423027334,105.821,105.821,0.0,18.21095056468286,18.21096505253339,15.081337988062542,15.08134104873048,1.0,75,0,5,0.744046250008978,8,9,6,UCSD / GILMAN 2-2|2;UCSD / SCHOLARS - 07|2;UCSD / RADY P357 5|2;UCSD / BIRCH AQUARIUM|1;UCSD / SCHOLARS - 01|1;UCSD / SCHOLARS - 08|2
2023-09-23,2023-09,ConformalRobust,13.072126737830558,1281.1290074955884,1018.8063618894793,1005.7342351516487,105.821,105.821,0.0,19.800111867083906,19.800111867083906,16.116016512246663,16.116019811180475,1.0,92,0,35,0.8540679579600692,8,9,6,UCSD / GILMAN 2-2|2;UCSD / SCHOLARS - 07|2;UCSD / RADY P357 5|2;UCSD / BIRCH AQUARIUM|1;UCSD / SCHOLARS - 01|1;UCSD / SCHOLARS - 08|2
2023-09-24,2023-09,V0G,9.60679910002591,1687.4853930783604,944.1583745240262,934.5515754240002,75.22699999999999,75.227,0.0,30.739999999999995,30.739999999999995,19.799999999999997,19.799999999999997,1.0,0,0,0,3.39999096468091e-05,9,0,6,UCSD / GILMAN 2-2|2;UCSD / SCHOLARS - 07|2;UCSD / RADY P357 5|2;UCSD / BIRCH AQUARIUM|1;UCSD / SCHOLARS - 01|1;UCSD / SCHOLARS - 08|2
2023-09-24,2023-09,Perfect,9.582764404836098,1150.3300012234176,874.8838906596079,865.3011262547718,75.227,75.227,0.0,17.822811969817476,17.82281196981748,13.19907180897834,13.19907180897834,1.0,89,0,0,0.9196409590076655,9,9,6,UCSD / GILMAN 2-2|2;UCSD / SCHOLARS - 07|2;UCSD / RADY P357 5|2;UCSD / BIRCH AQUARIUM|1;UCSD / SCHOLARS - 01|1;UCSD / SCHOLARS - 08|2
2023-09-24,2023-09,NoForecast,9.583226853048814,1198.4311073657477,885.1477409112625,875.5645140582137,75.22699999999999,75.227,0.0,18.218062601649716,18.21808027516545,14.431426538073637,14.431426538073637,1.0,36,0,0,0.17687554098665714,9,0,6,UCSD / GILMAN 2-2|2;UCSD / SCHOLARS - 07|2;UCSD / RADY P357 5|2;UCSD / BIRCH AQUARIUM|1;UCSD / SCHOLARS - 01|1;UCSD / SCHOLARS - 08|2
2023-09-24,2023-09,Persistence,9.582775974885521,1266.1889175605593,892.8820459812911,883.2992700064055,75.227,75.227,0.0,18.516760136897982,18.516760136897986,16.39376648356416,16.39376648356416,1.0,87,0,1,0.7755765829933807,9,7,6,UCSD / GILMAN 2-2|2;UCSD / SCHOLARS - 07|2;UCSD / RADY P357 5|2;UCSD / BIRCH AQUARIUM|1;UCSD / SCHOLARS - 01|1;UCSD / SCHOLARS - 08|2
2023-09-24,2023-09,HistoricalMedian,44.329322699022896,1252.654745880305,919.7100461203322,875.3807234213093,75.227,75.227,0.0,18.21096505253339,19.55279255585812,15.08134104873048,15.08134104873048,1.0,87,0,0,0.8061079159379005,9,7,6,UCSD / GILMAN 2-2|2;UCSD / SCHOLARS - 07|2;UCSD / RADY P357 5|2;UCSD / BIRCH AQUARIUM|1;UCSD / SCHOLARS - 01|1;UCSD / SCHOLARS - 08|2
2023-09-24,2023-09,ConformalRobust,9.582980434942556,1290.711987930531,926.1145716268161,916.5315911918735,75.22699999999999,75.227,0.0,19.800111867083906,19.80011966654989,16.116019811180475,16.116019811180475,1.0,89,0,4,0.897737874998711,9,7,6,UCSD / GILMAN 2-2|2;UCSD / SCHOLARS - 07|2;UCSD / RADY P357 5|2;UCSD / BIRCH AQUARIUM|1;UCSD / SCHOLARS - 01|1;UCSD / SCHOLARS - 08|2
2023-09-25,2023-09,V0G,13.31813089646198,1700.8035239748224,727.942423696462,714.6242928,109.433,109.433,0.0,30.739999999999995,30.739999999999995,19.799999999999997,19.799999999999997,1.0,0,0,0,3.800005652010441e-05,11,0,6,UCSD / GILMAN 2-2|2;UCSD / SCHOLARS - 07|2;UCSD / RADY P357 5|2;UCSD / BIRCH AQUARIUM|1;UCSD / SCHOLARS - 01|1;UCSD / SCHOLARS - 08|2
2023-09-25,2023-09,Perfect,13.264124355106674,1163.5941255785242,676.6892438360601,663.4251194809534,109.43300000000002,109.433,0.0,17.82281196981748,17.82281196981748,13.19907180897834,13.19907180897834,1.0,96,0,0,0.8256318329367787,11,11,6,UCSD / GILMAN 2-2|2;UCSD / SCHOLARS - 07|2;UCSD / RADY P357 5|2;UCSD / BIRCH AQUARIUM|1;UCSD / SCHOLARS - 01|1;UCSD / SCHOLARS - 08|2
2023-09-25,2023-09,NoForecast,13.264225147780735,1211.6953325135285,686.9247952606947,673.660570112914,109.43300000000002,109.433,0.0,18.21808027516545,18.21808380862117,14.431426538073637,14.431426538073637,1.0,51,0,0,0.24624229199253023,11,0,6,UCSD / GILMAN 2-2|2;UCSD / SCHOLARS - 07|2;UCSD / RADY P357 5|2;UCSD / BIRCH AQUARIUM|1;UCSD / SCHOLARS - 01|1;UCSD / SCHOLARS - 08|2
2023-09-25,2023-09,Persistence,13.264147202194408,1279.4530647627537,694.6590156086002,681.3948684064057,109.43300000000002,109.433,0.0,18.516760136897986,18.516760136897986,16.39376648356416,16.39376648356416,1.0,96,0,20,0.9043747920077294,11,11,6,UCSD / GILMAN 2-2|2;UCSD / SCHOLARS - 07|2;UCSD / RADY P357 5|2;UCSD / BIRCH AQUARIUM|1;UCSD / SCHOLARS - 01|1;UCSD / SCHOLARS - 08|2
2023-09-25,2023-09,HistoricalMedian,13.264241709287262,1265.9189875895922,721.4871115868502,708.222869877563,109.43300000000002,109.433,0.0,19.55279255585812,19.55279630837849,15.08134104873048,15.08134104873048,1.0,86,0,27,0.8547371249878779,11,9,6,UCSD / GILMAN 2-2|2;UCSD / SCHOLARS - 07|2;UCSD / RADY P357 5|2;UCSD / BIRCH AQUARIUM|1;UCSD / SCHOLARS - 01|1;UCSD / SCHOLARS - 08|2
2023-09-25,2023-09,ConformalRobust,13.26415214935605,1303.976140079887,727.8884449493562,714.6242928000001,109.43300000000002,109.433,0.0,19.80011966654989,19.80011966654989,16.116019811180475,16.116019811180475,1.0,96,0,16,0.974136249977164,11,9,6,UCSD / GILMAN 2-2|2;UCSD / SCHOLARS - 07|2;UCSD / RADY P357 5|2;UCSD / BIRCH AQUARIUM|1;UCSD / SCHOLARS - 01|1;UCSD / SCHOLARS - 08|2
2023-09-26,2023-09,V0G,16.754251808631807,1717.5577757834542,700.380773408632,683.6265216000002,140.036,140.036,0.0,30.739999999999995,30.739999999999995,19.799999999999997,19.799999999999997,1.0,0,0,0,4.166702274233103e-05,12,0,6,UCSD / GILMAN 2-2|2;UCSD / SCHOLARS - 07|2;UCSD / RADY P357 5|2;UCSD / BIRCH AQUARIUM|1;UCSD / SCHOLARS - 01|1;UCSD / SCHOLARS - 08|2
2023-09-26,2023-09,Perfect,16.755563294002968,1180.3496888725272,478.2762811749564,461.52071788095344,140.036,140.036,0.0,17.82281196981748,17.822862616205093,13.19907180897834,13.19907180897834,1.0,93,0,0,0.9765516660409048,12,12,6,UCSD / GILMAN 2-2|2;UCSD / SCHOLARS - 07|2;UCSD / RADY P357 5|2;UCSD / BIRCH AQUARIUM|1;UCSD / SCHOLARS - 01|1;UCSD / SCHOLARS - 08|2
2023-09-26,2023-09,NoForecast,16.755536131530675,1228.450868645059,488.51179614308245,471.7562600115518,140.036,140.036,0.0,18.21808380862117,18.218133406059902,14.431426538073637,14.431426538073637,1.0,50,0,0,0.30528729199431837,12,0,6,UCSD / GILMAN 2-2|2;UCSD / SCHOLARS - 07|2;UCSD / RADY P357 5|2;UCSD / BIRCH AQUARIUM|1;UCSD / SCHOLARS - 01|1;UCSD / SCHOLARS - 08|2
2023-09-26,2023-09,Persistence,16.754251808632034,1296.2073165713857,496.2447186150377,479.49046680640566,140.036,140.036,0.0,18.516760136897986,18.516760136897986,16.39376648356416,16.39376648356416,1.0,82,0,29,1.0147227499401197,12,12,6,UCSD / GILMAN 2-2|2;UCSD / SCHOLARS - 07|2;UCSD / RADY P357 5|2;UCSD / BIRCH AQUARIUM|1;UCSD / SCHOLARS - 01|1;UCSD / SCHOLARS - 08|2
2023-09-26,2023-09,HistoricalMedian,16.75513248689481,1282.674120076487,523.0736979357625,506.31856544886773,140.036,140.036,0.0,19.55279630837849,19.552830318039327,15.08134104873048,15.08134104873048,1.0,72,0,16,0.8744408750208095,12,10,6,UCSD / GILMAN 2-2|2;UCSD / SCHOLARS - 07|2;UCSD / RADY P357 5|2;UCSD / BIRCH AQUARIUM|1;UCSD / SCHOLARS - 01|1;UCSD / SCHOLARS - 08|2
2023-09-26,2023-09,ConformalRobust,16.754858880184088,1320.7309989600712,529.4778488387922,512.7229899586081,140.036,140.036,0.0,19.80011966654989,19.80014311018244,16.116019811180475,16.116019811180475,1.0,88,0,54,0.955529166967608,12,10,6,UCSD / GILMAN 2-2|2;UCSD / SCHOLARS - 07|2;UCSD / RADY P357 5|2;UCSD / BIRCH AQUARIUM|1;UCSD / SCHOLARS - 01|1;UCSD / SCHOLARS - 08|2
2023-09-27,2023-09,V0G,221.81689256688833,1939.3746683503425,1573.718803670888,1351.9019111039997,157.027,157.027,0.0,30.739999999999995,30.739999999999995,19.799999999999997,26.4,1.0,0,0,0,4.6958914026618004e-05,18,0,6,UCSD / GILMAN 2-2|2;UCSD / SCHOLARS - 07|2;UCSD / RADY P357 5|2;UCSD / BIRCH AQUARIUM|1;UCSD / SCHOLARS - 01|1;UCSD / SCHOLARS - 08|2
2023-09-27,2023-09,Perfect,61.077004190486946,1241.4266930630142,926.3794419306298,865.3024377401429,157.027,157.027,0.0,17.822862616205093,17.822862616205093,13.19907180897834,14.548023705307406,1.0,86,0,0,1.1569545000093058,18,18,6,UCSD / GILMAN 2-2|2;UCSD / SCHOLARS - 07|2;UCSD / RADY P357 5|2;UCSD / BIRCH AQUARIUM|1;UCSD / SCHOLARS - 01|1;UCSD / SCHOLARS - 08|2
2023-09-27,2023-09,NoForecast,23.37807153363906,1251.828940178698,936.6156975959863,913.2376260623472,157.027,157.027,0.0,18.218133406059902,18.218161694868712,14.431426538073637,14.548023971848869,1.0,51,0,0,0.341781708993949,18,0,6,UCSD / GILMAN 2-2|2;UCSD / SCHOLARS - 07|2;UCSD / RADY P357 5|2;UCSD / BIRCH AQUARIUM|1;UCSD / SCHOLARS - 01|1;UCSD / SCHOLARS - 08|2
2023-09-27,2023-09,Persistence,19.81063560631219,1316.017952177698,1000.8122557209238,981.0016201146116,157.027,157.027,0.0,18.516760136897986,18.516760136897986,16.39376648356416,16.39376648356416,1.0,86,0,24,0.9582399579230696,18,11,6,UCSD / GILMAN 2-2|2;UCSD / SCHOLARS - 07|2;UCSD / RADY P357 5|2;UCSD / BIRCH AQUARIUM|1;UCSD / SCHOLARS - 01|1;UCSD / SCHOLARS - 08|2
2023-09-27,2023-09,HistoricalMedian,19.81121654245476,1302.4853366189418,987.4926535437437,967.6814370012889,157.027,157.027,0.0,19.552830318039327,19.552856597327978,15.08134104873048,15.08134104873048,1.0,86,0,28,0.9380058329552412,18,11,6,UCSD / GILMAN 2-2|2;UCSD / SCHOLARS - 07|2;UCSD / RADY P357 5|2;UCSD / BIRCH AQUARIUM|1;UCSD / SCHOLARS - 01|1;UCSD / SCHOLARS - 08|2
2023-09-27,2023-09,ConformalRobust,19.811246417471125,1340.5422453775423,1025.5492883188645,1005.7380419013933,157.02700000000002,157.027,0.0,19.80014311018244,19.800166507720206,16.116019811180475,16.116019811180475,1.0,88,0,15,1.0195359999779612,18,11,6,UCSD / GILMAN 2-2|2;UCSD / SCHOLARS - 07|2;UCSD / RADY P357 5|2;UCSD / BIRCH AQUARIUM|1;UCSD / SCHOLARS - 01|1;UCSD / SCHOLARS - 08|2
2023-09-28,2023-09,V0G,16.120592215783972,1955.4952605661265,1269.7293578477843,1253.6087656320003,130.159,130.159,0.0,30.739999999999995,30.739999999999995,26.4,26.4,1.0,0,0,0,4.0291924960911274e-05,11,0,6,UCSD / GILMAN 2-2|2;UCSD / SCHOLARS - 07|2;UCSD / RADY P357 5|2;UCSD / BIRCH AQUARIUM|1;UCSD / SCHOLARS - 01|1;UCSD / SCHOLARS - 08|2
2023-09-28,2023-09,Perfect,15.985249100148621,1257.4119421631628,922.5542512971863,906.5690021970377,130.15900000000002,130.159,0.0,17.822862616205093,17.822862616205093,14.548023705307406,14.548023705307408,1.0,88,0,0,1.034933542017825,11,11,6,UCSD / GILMAN 2-2|2;UCSD / SCHOLARS - 07|2;UCSD / RADY P357 5|2;UCSD / BIRCH AQUARIUM|1;UCSD / SCHOLARS - 01|1;UCSD / SCHOLARS - 08|2
2023-09-28,2023-09,NoForecast,15.985809147897271,1267.8147493265953,932.7910670041042,916.8052578562069,130.15900000000002,130.159,0.0,18.218161694868712,18.218183006299952,14.548023971848869,14.548023971848869,1.0,53,0,0,0.2940607500495389,11,0,6,UCSD / GILMAN 2-2|2;UCSD / SCHOLARS - 07|2;UCSD / RADY P357 5|2;UCSD / BIRCH AQUARIUM|1;UCSD / SCHOLARS - 01|1;UCSD / SCHOLARS - 08|2
2023-09-28,2023-09,Persistence,15.98580344809261,1332.0037556257905,996.9874235627042,981.0016201146116,130.159,130.159,0.0,18.516760136897986,18.516779240952452,16.39376648356416,16.39376648356416,1.0,88,0,58,0.9560040840879083,11,15,6,UCSD / GILMAN 2-2|2;UCSD / SCHOLARS - 07|2;UCSD / RADY P357 5|2;UCSD / BIRCH AQUARIUM|1;UCSD / SCHOLARS - 01|1;UCSD / SCHOLARS - 08|2
2023-09-28,2023-09,HistoricalMedian,15.985201103528539,1318.4705377224705,983.6673186055252,967.6821175019967,130.159,130.159,0.0,19.552856597327978,19.552856597327978,15.08134104873048,15.08134104873048,1.0,88,0,42,0.9778348330873996,11,10,6,UCSD / GILMAN 2-2|2;UCSD / SCHOLARS - 07|2;UCSD / RADY P357 5|2;UCSD / BIRCH AQUARIUM|1;UCSD / SCHOLARS - 01|1;UCSD / SCHOLARS - 08|2
2023-09-28,2023-09,ConformalRobust,15.98573361971387,1356.527978997256,1021.7243813990375,1005.7386477793236,130.15900000000002,130.159,0.0,19.800166507720206,19.80018213669125,16.116019811180475,16.116019811180475,1.0,92,0,39,1.052442790940404,11,10,6,UCSD / GILMAN 2-2|2;UCSD / SCHOLARS - 07|2;UCSD / RADY P357 5|2;UCSD / BIRCH AQUARIUM|1;UCSD / SCHOLARS - 01|1;UCSD / SCHOLARS - 08|2
2023-09-29,2023-09,V0G,8.500596925100126,1963.9958574912266,521.2204881250999,512.7198911999998,71.04999999999998,71.05,0.0,30.739999999999995,30.739999999999995,26.4,26.4,1.0,0,0,0,4.008307587355375e-05,8,0,6,UCSD / GILMAN 2-2|2;UCSD / SCHOLARS - 07|2;UCSD / RADY P357 5|2;UCSD / BIRCH AQUARIUM|1;UCSD / SCHOLARS - 01|1;UCSD / SCHOLARS - 08|2
2023-09-29,2023-09,Perfect,8.500778641653483,1265.9127208048162,470.02280800797797,461.5220293663245,71.04999999999998,71.05,0.0,17.822862616205093,17.822869633658136,14.548023705307408,14.548023705307408,1.0,89,0,0,0.812328917090781,8,8,6,UCSD / GILMAN 2-2|2;UCSD / SCHOLARS - 07|2;UCSD / RADY P357 5|2;UCSD / BIRCH AQUARIUM|1;UCSD / SCHOLARS - 01|1;UCSD / SCHOLARS - 08|2
2023-09-29,2023-09,NoForecast,8.500688762651635,1276.315438089247,480.25951749254074,471.7588287298891,71.05,71.05,0.0,18.218183006299952,18.218186552843704,14.548023971848869,14.548023971848869,1.0,32,0,0,0.15637662494555116,8,0,6,UCSD / GILMAN 2-2|2;UCSD / SCHOLARS - 07|2;UCSD / RADY P357 5|2;UCSD / BIRCH AQUARIUM|1;UCSD / SCHOLARS - 01|1;UCSD / SCHOLARS - 08|2
2023-09-29,2023-09,Persistence,8.500596925099899,1340.5043525508904,487.9915584299263,479.4909615048264,71.04999999999998,71.05,0.0,18.516779240952452,18.516779240952452,16.39376648356416,16.39376648356416,1.0,85,0,14,0.9630844999337569,8,12,6,UCSD / GILMAN 2-2|2;UCSD / SCHOLARS - 07|2;UCSD / RADY P357 5|2;UCSD / BIRCH AQUARIUM|1;UCSD / SCHOLARS - 01|1;UCSD / SCHOLARS - 08|2
2023-09-29,2023-09,HistoricalMedian,8.500694201700412,1326.9712319241708,514.8208208295389,506.3201266278385,71.05,71.05,0.0,19.552856597327978,19.552860353914603,15.08134104873048,15.08134104873048,1.0,75,0,18,0.8881116670090705,8,11,6,UCSD / GILMAN 2-2|2;UCSD / SCHOLARS - 07|2;UCSD / RADY P357 5|2;UCSD / BIRCH AQUARIUM|1;UCSD / SCHOLARS - 01|1;UCSD / SCHOLARS - 08|2
2023-09-29,2023-09,ConformalRobust,8.500596925100012,1365.0285759223561,521.2204881250999,512.7198911999999,71.05,71.05,0.0,19.80018213669125,19.80018213669125,16.116019811180475,16.116019811180475,1.0,89,0,11,1.0112810829887167,8,11,6,UCSD / GILMAN 2-2|2;UCSD / SCHOLARS - 07|2;UCSD / RADY P357 5|2;UCSD / BIRCH AQUARIUM|1;UCSD / SCHOLARS - 01|1;UCSD / SCHOLARS - 08|2
2023-09-30,2023-09,V0G,16.67719114467809,1980.6730486359047,1135.110287144678,1118.433096,132.112,132.112,0.0,30.739999999999995,30.739999999999995,26.4,26.4,1.0,0,0,0,4.1958061046898365e-05,14,0,6,UCSD / GILMAN 2-2|2;UCSD / SCHOLARS - 07|2;UCSD / RADY P357 5|2;UCSD / BIRCH AQUARIUM|1;UCSD / SCHOLARS - 01|1;UCSD / SCHOLARS - 08|2
2023-09-30,2023-09,Perfect,16.576698861263253,1282.4894196660794,923.1458827748545,906.5691839135912,132.11200000000002,132.112,0.0,17.822869633658136,17.82287314249913,14.548023705307408,14.548023705307408,1.0,92,0,0,1.012916750041768,14,14,6,UCSD / GILMAN 2-2|2;UCSD / SCHOLARS - 07|2;UCSD / RADY P357 5|2;UCSD / BIRCH AQUARIUM|1;UCSD / SCHOLARS - 01|1;UCSD / SCHOLARS - 08|2
2023-09-30,2023-09,NoForecast,16.57706974971154,1292.8925078389584,933.3829713017889,916.8059015520773,132.11200000000002,132.112,0.0,18.218186552843704,18.21819364419686,14.548023971848869,14.548032977077831,1.0,56,0,0,0.2903241669991985,14,0,6,UCSD / GILMAN 2-2|2;UCSD / SCHOLARS - 07|2;UCSD / RADY P357 5|2;UCSD / BIRCH AQUARIUM|1;UCSD / SCHOLARS - 01|1;UCSD / SCHOLARS - 08|2
2023-09-30,2023-09,Persistence,16.577024028639244,1357.0813765795297,997.5791388416715,981.0021148130322,132.11200000000002,132.112,0.0,18.516779240952452,18.516786872691505,16.39376648356416,16.393772907260015,1.0,92,0,5,0.7939664589939639,14,8,6,UCSD / GILMAN 2-2|2;UCSD / SCHOLARS - 07|2;UCSD / RADY P357 5|2;UCSD / BIRCH AQUARIUM|1;UCSD / SCHOLARS - 01|1;UCSD / SCHOLARS - 08|2
2023-09-30,2023-09,HistoricalMedian,16.576917313134118,1343.5481492373049,965.0745947152924,948.4976774021583,132.11200000000002,132.112,0.0,19.552860353914603,19.552860353914603,15.08134104873048,15.08135057471565,1.0,92,0,11,0.7807224160060287,14,8,6,UCSD / GILMAN 2-2|2;UCSD / SCHOLARS - 07|2;UCSD / RADY P357 5|2;UCSD / BIRCH AQUARIUM|1;UCSD / SCHOLARS - 01|1;UCSD / SCHOLARS - 08|2
2023-09-30,2023-09,ConformalRobust,16.576839051617867,1381.605414973974,996.726970450851,980.1501313992331,132.112,132.112,0.0,19.80018213669125,19.80018213669125,16.116019811180475,16.11602640375165,1.0,92,0,30,0.828354874975048,14,8,6,UCSD / GILMAN 2-2|2;UCSD / SCHOLARS - 07|2;UCSD / RADY P357 5|2;UCSD / BIRCH AQUARIUM|1;UCSD / SCHOLARS - 01|1;UCSD / SCHOLARS - 08|2
