date,task,model,anchor_slot,actual_lower_kwh,actual_upper_kwh,actual_occupied_equivalent,raw_predicted_lower_kwh,raw_predicted_upper_kwh,predicted_lower_kwh,predicted_upper_kwh,predicted_occupied_equivalent,seed
2023-07-01,EV,FeasibleITransformer,32,0.0,0.0,0.0,0.5399673581123352,7.021766662597656,0.5399673581123352,7.021766662597656,0.49784642457962036,20260731
2023-07-01,EV,FeasibleITransformer,48,0.0,0.0,0.0,9.228337287902832,36.937015533447266,9.228337287902832,36.937015533447266,3.2163150310516357,20260731
2023-07-01,EV,FeasibleITransformer,64,0.0,8.269000053405762,0.6875,39.25630187988281,39.765628814697266,39.25630187988281,39.765628814697266,4.178891181945801,20260731
2023-07-01,EV,FeasibleITransformer,80,0.0,8.269000053405762,1.0,56.36159896850586,56.54347610473633,56.36159896850586,56.54347610473633,2.8966591358184814,20260731
2023-07-01,EV,FeasibleITransformer,84,1.6690000295639038,8.269000053405762,1.0,63.52215576171875,63.57307434082031,63.52215576171875,63.57307434082031,1.2027121782302856,20260731
2023-07-01,EV,FeasibleITransformer,96,8.269000053405762,8.269000053405762,0.3333333432674408,77.47450256347656,77.47450256347656,77.47450256347656,77.47450256347656,0.7559820413589478,20260731
2023-07-02,EV,FeasibleITransformer,32,0.0,0.0,0.0,0.865515410900116,5.0373616218566895,0.865515410900116,5.0373616218566895,0.5127760767936707,20260731
2023-07-02,EV,FeasibleITransformer,48,0.0,0.0,0.0,11.838398933410645,38.490360260009766,11.838398933410645,38.490360260009766,3.256267547607422,20260731
2023-07-02,EV,FeasibleITransformer,64,0.0,0.0,0.0,35.19767379760742,40.13069534301758,35.19767379760742,40.13069534301758,3.714778423309326,20260731
2023-07-02,EV,FeasibleITransformer,80,14.317999839782715,18.149999618530273,0.6875,48.12193298339844,48.48221969604492,48.12193298339844,48.48221969604492,2.8241984844207764,20260731
2023-07-02,EV,FeasibleITransformer,84,20.917999267578125,24.75,1.0,55.865089416503906,56.00822448730469,55.865089416503906,56.00822448730469,1.3553317785263062,20260731
2023-07-02,EV,FeasibleITransformer,96,25.868000030517578,25.868000030517578,0.25,70.26000213623047,70.26000213623047,70.26000213623047,70.26000213623047,0.7654463052749634,20260731
2023-07-03,EV,FeasibleITransformer,32,0.0,0.0,0.0,1.245981216430664,3.846674919128418,1.245981216430664,3.846674919128418,0.5544348359107971,20260731
2023-07-03,EV,FeasibleITransformer,48,0.0,8.196000099182129,0.375,20.03696632385254,53.70109558105469,20.03696632385254,53.70109558105469,4.258932113647461,20260731
2023-07-03,EV,FeasibleITransformer,64,21.006000518798828,30.029998779296875,2.0,40.223751068115234,55.44169616699219,40.223751068115234,55.44169616699219,4.294068813323975,20260731
2023-07-03,EV,FeasibleITransformer,80,41.68299865722656,41.68299865722656,1.3125,58.89009094238281,59.61468505859375,58.89009094238281,59.61468505859375,2.729926347732544,20260731
2023-07-03,EV,FeasibleITransformer,84,41.68299865722656,41.68299865722656,0.0,68.10218048095703,68.3325424194336,68.10218048095703,68.3325424194336,1.6145962476730347,20260731
2023-07-03,EV,FeasibleITransformer,96,41.68299865722656,41.68299865722656,0.0,82.51158142089844,82.51158142089844,82.51158142089844,82.51158142089844,0.7722403407096863,20260731
2023-07-04,EV,FeasibleITransformer,32,0.0,0.0,0.0,1.2680448293685913,3.57930326461792,1.2680448293685913,3.57930326461792,0.5833390355110168,20260731
2023-07-04,EV,FeasibleITransformer,48,0.0,0.0,0.0,27.55631446838379,69.03116607666016,27.55631446838379,69.03116607666016,4.543478488922119,20260731
2023-07-04,EV,FeasibleITransformer,64,0.0,0.0,0.0,46.08705139160156,70.49446105957031,46.08705139160156,70.49446105957031,5.6760993003845215,20260731
2023-07-04,EV,FeasibleITransformer,80,0.0,0.0,0.0,72.02510070800781,73.99186706542969,72.02510070800781,73.99186706542969,2.7503740787506104,20260731
2023-07-04,EV,FeasibleITransformer,84,0.0,0.0,0.0,83.77912902832031,83.98290252685547,83.77912902832031,83.98290252685547,2.094914436340332,20260731
2023-07-04,EV,FeasibleITransformer,96,0.0,0.0,0.0,98.29105377197266,98.29105377197266,98.29105377197266,98.29105377197266,0.7513490319252014,20260731
2023-07-05,EV,FeasibleITransformer,32,0.0,9.899999618530273,0.1875,0.9065973162651062,4.504080295562744,0.9065973162651062,4.504080295562744,0.589123547077179,20260731
2023-07-05,EV,FeasibleITransformer,48,0.0,32.875,1.875,25.68678092956543,73.66126251220703,25.68678092956543,73.66126251220703,4.6970601081848145,20260731
2023-07-05,EV,FeasibleITransformer,64,36.58399963378906,46.07500076293945,2.4375,50.78456497192383,75.66988372802734,50.78456497192383,75.66988372802734,6.655860424041748,20260731
2023-07-05,EV,FeasibleITransformer,80,46.48400115966797,46.48400115966797,0.375,84.47596740722656,85.48820495605469,84.47596740722656,85.48820495605469,2.565631628036499,20260731
2023-07-05,EV,FeasibleITransformer,84,46.48400115966797,46.48400115966797,0.0,95.30204010009766,95.57193756103516,95.30204010009766,95.57193756103516,1.8297020196914673,20260731
2023-07-05,EV,FeasibleITransformer,96,46.48400115966797,46.48400115966797,0.0,108.73362731933594,108.73362731933594,108.73362731933594,108.73362731933594,0.7108590006828308,20260731
2023-07-06,EV,FeasibleITransformer,32,0.0,0.0,0.0,0.6190277934074402,6.823642730712891,0.6190277934074402,6.823642730712891,0.5669561624526978,20260731
2023-07-06,EV,FeasibleITransformer,48,0.0,8.276000022888184,0.5,16.96440887451172,61.416744232177734,16.96440887451172,61.416744232177734,3.9822752475738525,20260731
2023-07-06,EV,FeasibleITransformer,64,8.276000022888184,12.000999450683594,1.1875,48.738059997558594,64.6123046875,48.738059997558594,64.6123046875,6.725168228149414,20260731
2023-07-06,EV,FeasibleITransformer,80,16.927000045776367,16.927000045776367,0.5,84.17423248291016,84.83650970458984,84.17423248291016,84.83650970458984,2.5543017387390137,20260731
2023-07-06,EV,FeasibleITransformer,84,16.927000045776367,16.927000045776367,0.0,94.13480377197266,94.32147979736328,94.13480377197266,94.32147979736328,1.6344046592712402,20260731
2023-07-06,EV,FeasibleITransformer,96,16.927000045776367,16.927000045776367,0.0,107.30574798583984,107.30574798583984,107.30574798583984,107.30574798583984,0.669530987739563,20260731
2023-07-07,EV,FeasibleITransformer,32,0.0,0.0,0.0,0.5346574783325195,7.779965400695801,0.5346574783325195,7.779965400695801,0.5347980856895447,20260731
2023-07-07,EV,FeasibleITransformer,48,0.0,16.874000549316406,0.875,10.241336822509766,44.07088851928711,10.241336822509766,44.07088851928711,3.4081249237060547,20260731
2023-07-07,EV,FeasibleITransformer,64,15.632999420166016,28.83300018310547,1.875,44.234493255615234,47.35376739501953,44.234493255615234,47.35376739501953,5.288990497589111,20260731
2023-07-07,EV,FeasibleITransformer,80,28.83300018310547,28.83300018310547,0.5,68.1566162109375,68.68529510498047,68.1566162109375,68.68529510498047,2.7420613765716553,20260731
2023-07-07,EV,FeasibleITransformer,84,28.83300018310547,28.83300018310547,0.0,76.57882690429688,76.70047760009766,76.57882690429688,76.70047760009766,1.3734475374221802,20260731
2023-07-07,EV,FeasibleITransformer,96,28.83300018310547,28.83300018310547,0.0,89.9616470336914,89.9616470336914,89.9616470336914,89.9616470336914,0.6915073990821838,20260731
2023-07-08,EV,FeasibleITransformer,32,0.0,0.0,0.0,0.582789957523346,6.859009742736816,0.582789957523346,6.859009742736816,0.5107576251029968,20260731
2023-07-08,EV,FeasibleITransformer,48,0.0,11.701000213623047,1.0,8.498717308044434,36.134788513183594,8.498717308044434,36.134788513183594,3.0502588748931885,20260731
2023-07-08,EV,FeasibleITransformer,64,11.701000213623047,11.701000213623047,0.625,37.9323844909668,38.70804977416992,37.9323844909668,38.70804977416992,4.116189956665039,20260731
2023-07-08,EV,FeasibleITransformer,80,11.701000213623047,11.701000213623047,0.0,54.896888732910156,55.05155944824219,54.896888732910156,55.05155944824219,2.7251601219177246,20260731
2023-07-08,EV,FeasibleITransformer,84,11.701000213623047,11.701000213623047,0.0,62.08859634399414,62.16331481933594,62.08859634399414,62.16331481933594,1.1910412311553955,20260731
2023-07-08,EV,FeasibleITransformer,96,11.701000213623047,11.701000213623047,0.0,75.92613220214844,75.92613220214844,75.92613220214844,75.92613220214844,0.7330002784729004,20260731
2023-07-09,EV,FeasibleITransformer,32,0.0,0.0,0.0,0.9089163541793823,4.533697128295898,0.9089163541793823,4.533697128295898,0.5077182650566101,20260731
2023-07-09,EV,FeasibleITransformer,48,0.0,0.0,0.0,11.341479301452637,39.05331039428711,11.341479301452637,39.05331039428711,3.2386245727539062,20260731
2023-07-09,EV,FeasibleITransformer,64,0.0,0.0,0.0,36.004398345947266,40.90750503540039,36.004398345947266,40.90750503540039,3.6186885833740234,20260731
2023-07-09,EV,FeasibleITransformer,80,0.0,0.0,0.0,49.730342864990234,50.02073287963867,49.730342864990234,50.02073287963867,2.6323657035827637,20260731
2023-07-09,EV,FeasibleITransformer,84,0.0,0.0,0.0,57.32292175292969,57.432308197021484,57.32292175292969,57.432308197021484,1.3010414838790894,20260731
2023-07-09,EV,FeasibleITransformer,96,0.0,0.0,0.0,71.28899383544922,71.28899383544922,71.28899383544922,71.28899383544922,0.7376318573951721,20260731
2023-07-10,EV,FeasibleITransformer,32,0.0,0.0,0.0,1.267479658126831,3.3456103801727295,1.267479658126831,3.3456103801727295,0.5483644604682922,20260731
2023-07-10,EV,FeasibleITransformer,48,6.285999774932861,6.599999904632568,0.25,18.368515014648438,53.69269561767578,18.368515014648438,53.69269561767578,4.026060581207275,20260731
2023-07-10,EV,FeasibleITransformer,64,11.236000061035156,12.88599967956543,0.25,40.66611099243164,55.536903381347656,40.66611099243164,55.536903381347656,4.2109246253967285,20260731
2023-07-10,EV,FeasibleITransformer,80,36.029998779296875,39.2859992980957,1.0,60.89249038696289,61.48977279663086,60.89249038696289,61.48977279663086,2.606787919998169,20260731
2023-07-10,EV,FeasibleITransformer,84,39.33000183105469,39.33000183105469,0.5,69.87541198730469,70.00241088867188,69.87541198730469,70.00241088867188,1.4729100465774536,20260731
2023-07-10,EV,FeasibleITransformer,96,39.33000183105469,39.33000183105469,0.0,83.49833679199219,83.49833679199219,83.49833679199219,83.49833679199219,0.7151084542274475,20260731
2023-07-11,EV,FeasibleITransformer,32,0.0,4.949999809265137,0.09375,1.3073137998580933,3.1629905700683594,1.3073137998580933,3.1629905700683594,0.5851399302482605,20260731
2023-07-11,EV,FeasibleITransformer,48,2.7079999446868896,31.350000381469727,1.0,25.35211753845215,68.86197662353516,25.35211753845215,68.86197662353516,4.346055507659912,20260731
2023-07-11,EV,FeasibleITransformer,64,29.107999801635742,39.007999420166016,1.0,45.081687927246094,70.20246124267578,45.081687927246094,70.20246124267578,5.205519676208496,20260731
2023-07-11,EV,FeasibleITransformer,80,41.75899887084961,42.30799865722656,0.5,72.05416107177734,73.46720123291016,72.05416107177734,73.46720123291016,2.6642539501190186,20260731
2023-07-11,EV,FeasibleITransformer,84,43.409000396728516,43.409000396728516,0.25,84.03030395507812,84.1583480834961,84.03030395507812,84.1583480834961,1.915224552154541,20260731
2023-07-11,EV,FeasibleITransformer,96,43.409000396728516,43.409000396728516,0.0,97.54611206054688,97.54611206054688,97.54611206054688,97.54611206054688,0.6897318363189697,20260731
2023-07-12,EV,FeasibleITransformer,32,0.0,0.0,0.0,0.9087709784507751,4.05007266998291,0.9087709784507751,4.05007266998291,0.5994394421577454,20260731
2023-07-12,EV,FeasibleITransformer,48,0.0,5.921000003814697,0.875,23.35348892211914,72.38554382324219,23.35348892211914,72.38554382324219,4.304980278015137,20260731
2023-07-12,EV,FeasibleITransformer,64,5.921000003814697,13.889999389648438,1.1875,48.27106475830078,74.1265869140625,48.27106475830078,74.1265869140625,6.165865421295166,20260731
2023-07-12,EV,FeasibleITransformer,80,13.889999389648438,13.889999389648438,0.3125,82.67638397216797,83.49042510986328,82.67638397216797,83.49042510986328,2.4151203632354736,20260731
2023-07-12,EV,FeasibleITransformer,84,13.889999389648438,13.889999389648438,0.0,93.9694595336914,94.04292297363281,93.9694595336914,94.04292297363281,1.7614303827285767,20260731
2023-07-12,EV,FeasibleITransformer,96,13.889999389648438,13.889999389648438,0.0,106.82109832763672,106.82109832763672,106.82109832763672,106.82109832763672,0.6503140330314636,20260731
2023-07-13,EV,FeasibleITransformer,32,0.0,3.299999952316284,0.0625,0.6976880431175232,5.91530179977417,0.6976880431175232,5.91530179977417,0.5709435939788818,20260731
2023-07-13,EV,FeasibleITransformer,48,35.59600067138672,37.24599838256836,1.625,15.662116050720215,58.86014175415039,15.662116050720215,58.86014175415039,3.6516854763031006,20260731
2023-07-13,EV,FeasibleITransformer,64,45.459999084472656,45.459999084472656,1.0625,44.842350006103516,60.9593620300293,44.842350006103516,60.9593620300293,5.882925033569336,20260731
2023-07-13,EV,FeasibleITransformer,80,45.459999084472656,45.459999084472656,0.0,79.72200775146484,79.93951416015625,79.72200775146484,79.93951416015625,2.450777053833008,20260731
2023-07-13,EV,FeasibleITransformer,84,45.459999084472656,45.459999084472656,0.0,89.64806365966797,89.70071411132812,89.64806365966797,89.70071411132812,1.533959150314331,20260731
2023-07-13,EV,FeasibleITransformer,96,45.459999084472656,45.459999084472656,0.0,102.17942810058594,102.17942810058594,102.17942810058594,102.17942810058594,0.635316789150238,20260731
2023-07-14,EV,FeasibleITransformer,32,0.0,0.0,0.0,0.5455729961395264,7.373561382293701,0.5455729961395264,7.373561382293701,0.541573166847229,20260731
2023-07-14,EV,FeasibleITransformer,48,0.0,0.0,0.0,9.80042552947998,44.680850982666016,9.80042552947998,44.680850982666016,3.1744282245635986,20260731
2023-07-14,EV,FeasibleITransformer,64,12.180000305175781,12.180000305175781,0.5,44.78766632080078,48.160980224609375,44.78766632080078,48.160980224609375,4.980190277099609,20260731
2023-07-14,EV,FeasibleITransformer,80,35.163002014160156,38.58000183105469,1.0,72.02544403076172,72.1321029663086,72.02544403076172,72.1321029663086,2.6986382007598877,20260731
2023-07-14,EV,FeasibleITransformer,84,41.76300048828125,41.76300048828125,1.0,79.8293685913086,79.8543472290039,79.8293685913086,79.8543472290039,1.2306770086288452,20260731
2023-07-14,EV,FeasibleITransformer,96,41.76300048828125,41.76300048828125,0.0,92.65057373046875,92.65057373046875,92.65057373046875,92.65057373046875,0.6521199345588684,20260731
2023-07-15,EV,FeasibleITransformer,32,0.0,0.0,0.0,0.5602728128433228,6.034826755523682,0.5602728128433228,6.034826755523682,0.4900226593017578,20260731
2023-07-15,EV,FeasibleITransformer,48,0.0,0.0,0.0,8.000874519348145,35.87947463989258,8.000874519348145,35.87947463989258,2.8765506744384766,20260731
2023-07-15,EV,FeasibleITransformer,64,0.0,0.0,0.0,38.25759506225586,38.75864028930664,38.25759506225586,38.75864028930664,3.8044211864471436,20260731
2023-07-15,EV,FeasibleITransformer,80,0.0,0.0,0.0,56.08115768432617,56.16303634643555,56.08115768432617,56.16303634643555,2.6657042503356934,20260731
2023-07-15,EV,FeasibleITransformer,84,0.0,0.0,0.0,63.718143463134766,63.78351974487305,63.718143463134766,63.78351974487305,1.2432783842086792,20260731
2023-07-15,EV,FeasibleITransformer,96,0.0,0.0,0.0,77.64878845214844,77.64878845214844,77.64878845214844,77.64878845214844,0.7219622731208801,20260731
2023-07-16,EV,FeasibleITransformer,32,0.0,0.0,0.0,0.8564296960830688,4.417745590209961,0.8564296960830688,4.417745590209961,0.5080167055130005,20260731
2023-07-16,EV,FeasibleITransformer,48,0.0,0.0,0.0,10.877021789550781,38.878074645996094,10.877021789550781,38.878074645996094,3.006415605545044,20260731
2023-07-16,EV,FeasibleITransformer,64,0.0,0.0,0.0,35.56669616699219,40.41001510620117,35.56669616699219,40.41001510620117,3.289684295654297,20260731
2023-07-16,EV,FeasibleITransformer,80,0.0,0.0,0.0,50.16426467895508,50.632530212402344,50.16426467895508,50.632530212402344,2.632520914077759,20260731
2023-07-16,EV,FeasibleITransformer,84,0.0,0.0,0.0,58.991065979003906,59.022220611572266,58.991065979003906,59.022220611572266,1.4020280838012695,20260731
2023-07-16,EV,FeasibleITransformer,96,0.0,0.0,0.0,72.6423568725586,72.6423568725586,72.6423568725586,72.6423568725586,0.6953393220901489,20260731
2023-07-17,EV,FeasibleITransformer,32,0.0,3.299999952316284,0.0625,1.2122550010681152,2.994703769683838,1.2122550010681152,2.994703769683838,0.5343161225318909,20260731
2023-07-17,EV,FeasibleITransformer,48,15.423999786376953,28.35300064086914,1.8125,17.623228073120117,52.39672088623047,17.623228073120117,52.39672088623047,3.60491943359375,20260731
2023-07-17,EV,FeasibleITransformer,64,27.84600067138672,32.79600143432617,1.5,38.277828216552734,53.68101119995117,38.277828216552734,53.68101119995117,3.637075662612915,20260731
2023-07-17,EV,FeasibleITransformer,80,32.79600143432617,32.79600143432617,0.1875,58.34950256347656,58.65572738647461,58.34950256347656,58.65572738647461,2.677351713180542,20260731
2023-07-17,EV,FeasibleITransformer,84,32.79600143432617,32.79600143432617,0.0,68.2984390258789,68.40670776367188,68.2984390258789,68.40670776367188,1.564928650856018,20260731
2023-07-17,EV,FeasibleITransformer,96,32.79600143432617,32.79600143432617,0.0,81.82687377929688,81.82687377929688,81.82687377929688,81.82687377929688,0.6884171366691589,20260731
2023-07-18,EV,FeasibleITransformer,32,0.0,1.649999976158142,0.03125,1.176628828048706,2.753831148147583,1.176628828048706,2.753831148147583,0.5696132183074951,20260731
2023-07-18,EV,FeasibleITransformer,48,30.812999725341797,49.5,1.8125,23.177011489868164,65.93209075927734,23.177011489868164,65.93209075927734,3.9451053142547607,20260731
2023-07-18,EV,FeasibleITransformer,64,68.76300048828125,68.76300048828125,1.4375,41.16453170776367,66.6600112915039,41.16453170776367,66.6600112915039,4.860925197601318,20260731
2023-07-18,EV,FeasibleITransformer,80,68.76300048828125,68.76300048828125,0.0,69.42891693115234,69.71888732910156,69.42891693115234,69.71888732910156,2.4876341819763184,20260731
2023-07-18,EV,FeasibleITransformer,84,68.76300048828125,68.76300048828125,0.0,80.70858001708984,80.7776107788086,80.70858001708984,80.7776107788086,1.7555137872695923,20260731
2023-07-18,EV,FeasibleITransformer,96,68.76300048828125,68.76300048828125,0.0,93.50504302978516,93.50504302978516,93.50504302978516,93.50504302978516,0.6462766528129578,20260731
2023-07-19,EV,FeasibleITransformer,32,0.0,25.990999221801758,0.5,0.9022266268730164,4.043900966644287,0.9022266268730164,4.043900966644287,0.6057983040809631,20260731
2023-07-19,EV,FeasibleITransformer,48,25.095001220703125,31.69499969482422,1.5625,23.46270179748535,72.6702880859375,23.46270179748535,72.6702880859375,4.256084442138672,20260731
2023-07-19,EV,FeasibleITransformer,64,40.73999786376953,40.73999786376953,0.875,48.321964263916016,74.64291381835938,48.321964263916016,74.64291381835938,5.958701133728027,20260731
2023-07-19,EV,FeasibleITransformer,80,40.73999786376953,40.73999786376953,0.0,83.32148742675781,83.73273468017578,83.32148742675781,83.73273468017578,2.266885995864868,20260731
2023-07-19,EV,FeasibleITransformer,84,40.73999786376953,40.73999786376953,0.0,94.29876708984375,94.44039154052734,94.29876708984375,94.44039154052734,1.7275723218917847,20260731
2023-07-19,EV,FeasibleITransformer,96,40.73999786376953,40.73999786376953,0.0,106.92835998535156,106.92835998535156,106.92835998535156,106.92835998535156,0.6379303932189941,20260731
2023-07-20,EV,FeasibleITransformer,32,0.0,0.0,0.0,0.642837643623352,6.018054485321045,0.642837643623352,6.018054485321045,0.5922611355781555,20260731
2023-07-20,EV,FeasibleITransformer,48,11.159000396728516,17.759000778198242,0.9375,16.23214340209961,61.77880096435547,16.23214340209961,61.77880096435547,3.9528117179870605,20260731
2023-07-20,EV,FeasibleITransformer,64,17.759000778198242,17.759000778198242,0.25,51.060855865478516,65.90316772460938,51.060855865478516,65.90316772460938,5.897763729095459,20260731
2023-07-20,EV,FeasibleITransformer,80,17.759000778198242,17.759000778198242,0.0,85.17279052734375,85.33539581298828,85.17279052734375,85.33539581298828,2.2578015327453613,20260731
2023-07-20,EV,FeasibleITransformer,84,17.759000778198242,17.759000778198242,0.0,94.85404968261719,94.89781951904297,94.85404968261719,94.89781951904297,1.4942485094070435,20260731
2023-07-20,EV,FeasibleITransformer,96,17.759000778198242,17.759000778198242,0.0,107.19731903076172,107.19731903076172,107.19731903076172,107.19731903076172,0.6257924437522888,20260731
2023-07-21,EV,FeasibleITransformer,32,0.0,0.0,0.0,0.5248223543167114,6.927478313446045,0.5248223543167114,6.927478313446045,0.5298134684562683,20260731
2023-07-21,EV,FeasibleITransformer,48,0.7179999947547913,4.01800012588501,0.1875,9.887917518615723,44.54386901855469,9.887917518615723,44.54386901855469,3.155437707901001,20260731
2023-07-21,EV,FeasibleITransformer,64,4.01800012588501,4.01800012588501,0.125,46.769325256347656,49.0543212890625,46.769325256347656,49.0543212890625,4.898129463195801,20260731
2023-07-21,EV,FeasibleITransformer,80,7.895999908447266,7.895999908447266,0.1875,74.71135711669922,74.7138442993164,74.71135711669922,74.7138442993164,2.577012300491333,20260731
2023-07-21,EV,FeasibleITransformer,84,7.895999908447266,7.895999908447266,0.0,83.10453796386719,83.10453796386719,83.10453796386719,83.10453796386719,1.2788630723953247,20260731
2023-07-21,EV,FeasibleITransformer,96,7.895999908447266,7.895999908447266,0.0,95.48424530029297,95.48424530029297,95.48424530029297,95.48424530029297,0.6255302429199219,20260731
2023-07-22,EV,FeasibleITransformer,32,0.0,1.649999976158142,0.03125,0.5373655557632446,5.225387096405029,0.5373655557632446,5.225387096405029,0.5053307414054871,20260731
2023-07-22,EV,FeasibleITransformer,48,0.0,11.82699966430664,1.0,7.887227535247803,34.75004959106445,7.887227535247803,34.75004959106445,2.874699592590332,20260731
2023-07-22,EV,FeasibleITransformer,64,11.82699966430664,11.82699966430664,0.5,36.96709442138672,37.099334716796875,36.96709442138672,37.099334716796875,3.5098366737365723,20260731
2023-07-22,EV,FeasibleITransformer,80,11.82699966430664,11.82699966430664,0.0,54.56503677368164,54.57982635498047,54.56503677368164,54.57982635498047,2.407952308654785,20260731
2023-07-22,EV,FeasibleITransformer,84,11.82699966430664,11.82699966430664,0.0,61.43662643432617,61.43662643432617,61.43662643432617,61.43662643432617,1.0918928384780884,20260731
2023-07-22,EV,FeasibleITransformer,96,11.82699966430664,11.82699966430664,0.0,74.39647674560547,74.39647674560547,74.39647674560547,74.39647674560547,0.6609111428260803,20260731
2023-07-23,EV,FeasibleITransformer,32,0.0,0.0,0.0,0.8391375541687012,4.108269691467285,0.8391375541687012,4.108269691467285,0.5172786116600037,20260731
2023-07-23,EV,FeasibleITransformer,48,0.0,0.0,0.0,10.494665145874023,38.630218505859375,10.494665145874023,38.630218505859375,3.087010622024536,20260731
2023-07-23,EV,FeasibleITransformer,64,0.0,0.0,0.0,35.6085090637207,40.14298629760742,35.6085090637207,40.14298629760742,3.1014392375946045,20260731
2023-07-23,EV,FeasibleITransformer,80,11.973999977111816,11.973999977111816,1.125,50.31178283691406,50.427406311035156,50.31178283691406,50.427406311035156,2.4539191722869873,20260731
2023-07-23,EV,FeasibleITransformer,84,11.973999977111816,11.973999977111816,0.0,58.12888717651367,58.172977447509766,58.12888717651367,58.172977447509766,1.2258719205856323,20260731
2023-07-23,EV,FeasibleITransformer,96,11.973999977111816,11.973999977111816,0.0,71.33535766601562,71.33535766601562,71.33535766601562,71.33535766601562,0.673142671585083,20260731
2023-07-24,EV,FeasibleITransformer,32,0.0,0.0,0.0,1.2405534982681274,2.7243425846099854,1.2405534982681274,2.7243425846099854,0.5361593961715698,20260731
2023-07-24,EV,FeasibleITransformer,48,32.41499710083008,36.92000198364258,2.4375,17.060104370117188,51.76841735839844,17.060104370117188,51.76841735839844,3.679349899291992,20260731
2023-07-24,EV,FeasibleITransformer,64,57.165000915527344,57.165000915527344,0.9375,37.45695495605469,52.86113357543945,37.45695495605469,52.86113357543945,3.7211875915527344,20260731
2023-07-24,EV,FeasibleITransformer,80,57.165000915527344,57.165000915527344,0.0,58.03459167480469,58.228572845458984,58.03459167480469,58.228572845458984,2.5950870513916016,20260731
2023-07-24,EV,FeasibleITransformer,84,57.165000915527344,57.165000915527344,0.0,67.34125518798828,67.4007339477539,67.34125518798828,67.4007339477539,1.4485417604446411,20260731
2023-07-24,EV,FeasibleITransformer,96,57.165000915527344,57.165000915527344,0.0,80.48042297363281,80.48042297363281,80.48042297363281,80.48042297363281,0.6675392389297485,20260731
2023-07-25,EV,FeasibleITransformer,32,0.0,0.0,0.0,1.2658193111419678,2.625295877456665,1.2658193111419678,2.625295877456665,0.5924315452575684,20260731
2023-07-25,EV,FeasibleITransformer,48,30.4950008392334,30.4950008392334,1.625,24.182485580444336,67.18439483642578,24.182485580444336,67.18439483642578,4.3752946853637695,20260731
2023-07-25,EV,FeasibleITransformer,64,30.4950008392334,30.4950008392334,0.0,43.06616973876953,68.10846710205078,43.06616973876953,68.10846710205078,4.650852203369141,20260731
2023-07-25,EV,FeasibleITransformer,80,39.10100173950195,39.10100173950195,0.375,70.26079559326172,70.93522644042969,70.26079559326172,70.93522644042969,2.3631296157836914,20260731
2023-07-25,EV,FeasibleITransformer,84,39.10100173950195,39.10100173950195,0.0,81.47171783447266,81.57808685302734,81.47171783447266,81.57808685302734,1.760028600692749,20260731
2023-07-25,EV,FeasibleITransformer,96,39.10100173950195,39.10100173950195,0.0,94.48687744140625,94.48687744140625,94.48687744140625,94.48687744140625,0.6577469110488892,20260731
2023-07-26,EV,FeasibleITransformer,32,0.0,0.0,0.0,1.0009082555770874,3.8317325115203857,1.0009082555770874,3.8317325115203857,0.6252450346946716,20260731
2023-07-26,EV,FeasibleITransformer,48,4.068999767303467,15.503999710083008,1.75,23.567033767700195,73.67205810546875,23.567033767700195,73.67205810546875,4.6324543952941895,20260731
2023-07-26,EV,FeasibleITransformer,64,33.71399688720703,33.71399688720703,1.9375,50.118160247802734,75.77735137939453,50.118160247802734,75.77735137939453,5.678031921386719,20260731
2023-07-26,EV,FeasibleITransformer,80,33.71399688720703,33.71399688720703,0.0,86.1529312133789,86.45462799072266,86.1529312133789,86.45462799072266,2.308253288269043,20260731
2023-07-26,EV,FeasibleITransformer,84,33.71399688720703,33.71399688720703,0.0,97.10296630859375,97.11548614501953,97.10296630859375,97.11548614501953,1.6738020181655884,20260731
2023-07-26,EV,FeasibleITransformer,96,33.71399688720703,33.71399688720703,0.0,109.36959075927734,109.36959075927734,109.36959075927734,109.36959075927734,0.6214815378189087,20260731
2023-07-27,EV,FeasibleITransformer,32,0.0,0.0,0.0,0.6940738558769226,5.262957572937012,0.6940738558769226,5.262957572937012,0.5802218317985535,20260731
2023-07-27,EV,FeasibleITransformer,48,3.9719998836517334,13.871999740600586,0.75,16.25716781616211,60.76888656616211,16.25716781616211,60.76888656616211,4.104120254516602,20260731
2023-07-27,EV,FeasibleITransformer,64,13.871999740600586,13.871999740600586,0.375,48.46084976196289,63.47545623779297,48.46084976196289,63.47545623779297,5.777366638183594,20260731
2023-07-27,EV,FeasibleITransformer,80,13.871999740600586,13.871999740600586,0.0,84.84226989746094,85.02452087402344,84.84226989746094,85.02452087402344,2.2883918285369873,20260731
2023-07-27,EV,FeasibleITransformer,84,13.871999740600586,13.871999740600586,0.0,94.11418151855469,94.13705444335938,94.11418151855469,94.13705444335938,1.4227632284164429,20260731
2023-07-27,EV,FeasibleITransformer,96,13.871999740600586,13.871999740600586,0.0,106.24800109863281,106.24800109863281,106.24800109863281,106.24800109863281,0.6141863465309143,20260731
2023-07-28,EV,FeasibleITransformer,32,0.0,0.0,0.0,0.5580641627311707,5.876453876495361,0.5580641627311707,5.876453876495361,0.5215462446212769,20260731
2023-07-28,EV,FeasibleITransformer,48,0.0,0.0,0.0,9.605497360229492,43.269371032714844,9.605497360229492,43.269371032714844,3.2443320751190186,20260731
2023-07-28,EV,FeasibleITransformer,64,0.0,0.0,0.0,44.7346305847168,46.3365592956543,44.7346305847168,46.3365592956543,4.6310811042785645,20260731
2023-07-28,EV,FeasibleITransformer,80,0.0,0.0,0.0,70.5593032836914,70.62654113769531,70.5593032836914,70.62654113769531,2.5677502155303955,20260731
2023-07-28,EV,FeasibleITransformer,84,0.0,0.0,0.0,78.7988510131836,78.7988510131836,78.7988510131836,78.7988510131836,1.2526118755340576,20260731
2023-07-28,EV,FeasibleITransformer,96,0.0,0.0,0.0,91.18689727783203,91.18689727783203,91.18689727783203,91.18689727783203,0.6256791949272156,20260731
2023-07-29,EV,FeasibleITransformer,32,0.0,0.0,0.0,0.5907607674598694,4.979570388793945,0.5907607674598694,4.979570388793945,0.4969373643398285,20260731
2023-07-29,EV,FeasibleITransformer,48,0.0,0.0,0.0,7.7992753982543945,35.93196105957031,7.7992753982543945,35.93196105957031,3.1083388328552246,20260731
2023-07-29,EV,FeasibleITransformer,64,1.225000023841858,1.225000023841858,0.125,38.75731658935547,39.02091598510742,38.75731658935547,39.02091598510742,3.5924479961395264,20260731
2023-07-29,EV,FeasibleITransformer,80,1.225000023841858,1.225000023841858,0.0,57.23112869262695,57.3857307434082,57.23112869262695,57.3857307434082,2.4283852577209473,20260731
2023-07-29,EV,FeasibleITransformer,84,1.225000023841858,1.225000023841858,0.0,64.24775695800781,64.2482681274414,64.24775695800781,64.2482681274414,1.1150554418563843,20260731
2023-07-29,EV,FeasibleITransformer,96,1.225000023841858,1.225000023841858,0.0,77.27567291259766,77.27567291259766,77.27567291259766,77.27567291259766,0.6597859859466553,20260731
2023-07-30,EV,FeasibleITransformer,32,0.0,4.949999809265137,0.09375,0.8900899291038513,3.3010175228118896,0.8900899291038513,3.3010175228118896,0.4942670166492462,20260731
2023-07-30,EV,FeasibleITransformer,48,8.61400032043457,11.913999557495117,1.0,9.8886137008667,38.02055740356445,9.8886137008667,38.02055740356445,3.032810926437378,20260731
2023-07-30,EV,FeasibleITransformer,64,17.972999572753906,17.972999572753906,0.5,35.2677116394043,39.4195671081543,35.2677116394043,39.4195671081543,3.0473618507385254,20260731
2023-07-30,EV,FeasibleITransformer,80,17.972999572753906,17.972999572753906,0.0,50.22087478637695,50.34600067138672,50.22087478637695,50.34600067138672,2.540722131729126,20260731
2023-07-30,EV,FeasibleITransformer,84,17.972999572753906,17.972999572753906,0.0,57.55268096923828,57.59170913696289,57.55268096923828,57.59170913696289,1.187250018119812,20260731
2023-07-30,EV,FeasibleITransformer,96,17.972999572753906,17.972999572753906,0.0,70.4408187866211,70.4408187866211,70.4408187866211,70.4408187866211,0.6617244482040405,20260731
2023-07-31,EV,FeasibleITransformer,32,0.0,0.0,0.0,1.341485619544983,2.5827484130859375,1.341485619544983,2.5827484130859375,0.5494294166564941,20260731
2023-07-31,EV,FeasibleITransformer,48,2.813000202178955,4.564000129699707,0.75,17.965879440307617,54.146697998046875,17.965879440307617,54.146697998046875,4.185104846954346,20260731
2023-07-31,EV,FeasibleITransformer,64,45.78700256347656,48.26000213623047,1.8125,40.229862213134766,55.24382400512695,40.229862213134766,55.24382400512695,3.7036311626434326,20260731
2023-07-31,EV,FeasibleITransformer,80,49.08700180053711,49.08700180053711,0.125,61.16780471801758,61.370086669921875,61.16780471801758,61.370086669921875,2.4430932998657227,20260731
2023-07-31,EV,FeasibleITransformer,84,49.08700180053711,49.08700180053711,0.0,70.10352325439453,70.13532257080078,70.10352325439453,70.13532257080078,1.3841471672058105,20260731
2023-07-31,EV,FeasibleITransformer,96,49.08700180053711,49.08700180053711,0.0,82.9879379272461,82.9879379272461,82.9879379272461,82.9879379272461,0.6509401202201843,20260731
2023-08-01,EV,FeasibleITransformer,32,3.190000057220459,6.489999771118164,0.125,1.3652671575546265,2.3038008213043213,1.3652671575546265,2.3038008213043213,0.5987856388092041,20260731
2023-08-01,EV,FeasibleITransformer,48,16.391000747680664,18.03999900817871,0.5625,23.92585563659668,67.41200256347656,23.92585563659668,67.41200256347656,4.596235275268555,20260731
2023-08-01,EV,FeasibleITransformer,64,36.191001892089844,37.33399963378906,1.0625,44.11048126220703,68.34407806396484,44.11048126220703,68.34407806396484,4.634209156036377,20260731
2023-08-01,EV,FeasibleITransformer,80,37.33399963378906,37.33399963378906,0.125,71.43255615234375,71.84951782226562,71.43255615234375,71.84951782226562,2.2713816165924072,20260731
2023-08-01,EV,FeasibleITransformer,84,42.01899719238281,43.933998107910156,1.0,82.21128845214844,82.22496032714844,82.21128845214844,82.22496032714844,1.6420255899429321,20260731
2023-08-01,EV,FeasibleITransformer,96,48.61899948120117,48.61899948120117,0.3333333432674408,94.67959594726562,94.67959594726562,94.67959594726562,94.67959594726562,0.62971031665802,20260731
2023-08-02,EV,FeasibleITransformer,32,0.0,0.0,0.0,1.1535332202911377,3.429797887802124,1.1535332202911377,3.429797887802124,0.6441247463226318,20260731
2023-08-02,EV,FeasibleITransformer,48,0.0,6.005000114440918,0.9375,23.26169776916504,73.49085235595703,23.26169776916504,73.49085235595703,4.656729698181152,20260731
2023-08-02,EV,FeasibleITransformer,64,27.388999938964844,30.68899917602539,1.6875,49.70334243774414,75.55880737304688,49.70334243774414,75.55880737304688,5.807623386383057,20260731
2023-08-02,EV,FeasibleITransformer,80,30.68899917602539,30.68899917602539,0.125,85.99580383300781,86.24856567382812,85.99580383300781,86.24856567382812,2.205869674682617,20260731
2023-08-02,EV,FeasibleITransformer,84,30.68899917602539,30.68899917602539,0.0,96.77532196044922,96.89464569091797,96.77532196044922,96.89464569091797,1.7335976362228394,20260731
2023-08-02,EV,FeasibleITransformer,96,30.68899917602539,30.68899917602539,0.0,109.00892639160156,109.00892639160156,109.00892639160156,109.00892639160156,0.6309407353401184,20260731
2023-08-03,EV,FeasibleITransformer,32,0.0,0.0,0.0,0.7245712280273438,4.808075904846191,0.7245712280273438,4.808075904846191,0.5819746255874634,20260731
2023-08-03,EV,FeasibleITransformer,48,18.555999755859375,31.756000518798828,2.0625,15.920263290405273,61.710350036621094,15.920263290405273,61.710350036621094,3.9768784046173096,20260731
2023-08-03,EV,FeasibleITransformer,64,45.60099792480469,72.56700134277344,1.75,50.17049789428711,64.91220092773438,50.17049789428711,64.91220092773438,5.758636474609375,20260731
2023-08-03,EV,FeasibleITransformer,80,76.95099639892578,76.95099639892578,1.1875,86.86070251464844,86.95652770996094,86.86070251464844,86.95652770996094,2.2655460834503174,20260731
2023-08-03,EV,FeasibleITransformer,84,76.95099639892578,76.95099639892578,0.0,96.0637435913086,96.09049987792969,96.0637435913086,96.09049987792969,1.4274100065231323,20260731
2023-08-03,EV,FeasibleITransformer,96,76.95099639892578,76.95099639892578,0.0,107.93219757080078,107.93219757080078,107.93219757080078,107.93219757080078,0.6011626124382019,20260731
2023-08-04,EV,FeasibleITransformer,32,0.0,0.0,0.0,0.6173214316368103,5.679094314575195,0.6173214316368103,5.679094314575195,0.5409919619560242,20260731
2023-08-04,EV,FeasibleITransformer,48,0.0,8.25,0.3125,9.335957527160645,44.35647964477539,9.335957527160645,44.35647964477539,3.299633264541626,20260731
2023-08-04,EV,FeasibleITransformer,64,15.270999908447266,18.570999145507812,1.0,46.681968688964844,47.96613311767578,46.681968688964844,47.96613311767578,4.761520862579346,20260731
2023-08-04,EV,FeasibleITransformer,80,22.779998779296875,22.779998779296875,0.625,73.67731475830078,73.67731475830078,73.67731475830078,73.67731475830078,2.4635121822357178,20260731
2023-08-04,EV,FeasibleITransformer,84,22.779998779296875,22.779998779296875,0.0,81.37659454345703,81.37659454345703,81.37659454345703,81.37659454345703,1.2453877925872803,20260731
2023-08-04,EV,FeasibleITransformer,96,22.779998779296875,22.779998779296875,0.0,93.70303344726562,93.70303344726562,93.70303344726562,93.70303344726562,0.6268645524978638,20260731
2023-08-05,EV,FeasibleITransformer,32,0.0,0.0,0.0,0.6791138052940369,4.491580963134766,0.6791138052940369,4.491580963134766,0.5006842017173767,20260731
2023-08-05,EV,FeasibleITransformer,48,11.979999542236328,33.75,1.8125,7.460121154785156,35.92755126953125,7.460121154785156,35.92755126953125,3.004546642303467,20260731
2023-08-05,EV,FeasibleITransformer,64,42.43000030517578,47.73899841308594,1.875,39.748512268066406,39.931556701660156,39.748512268066406,39.931556701660156,3.6092422008514404,20260731
2023-08-05,EV,FeasibleITransformer,80,47.73899841308594,47.73899841308594,0.3125,58.80831527709961,58.84670639038086,58.80831527709961,58.84670639038086,2.5530948638916016,20260731
2023-08-05,EV,FeasibleITransformer,84,47.73899841308594,47.73899841308594,0.0,65.90553283691406,65.90553283691406,65.90553283691406,65.90553283691406,1.113900899887085,20260731
2023-08-05,EV,FeasibleITransformer,96,47.73899841308594,47.73899841308594,0.0,78.56135559082031,78.56135559082031,78.56135559082031,78.56135559082031,0.6425504684448242,20260731
2023-08-06,EV,FeasibleITransformer,32,0.0,0.0,0.0,1.10124671459198,3.5104992389678955,1.10124671459198,3.5104992389678955,0.5265368819236755,20260731
2023-08-06,EV,FeasibleITransformer,48,0.0,0.0,0.0,10.800382614135742,40.184783935546875,10.800382614135742,40.184783935546875,3.321202516555786,20260731
2023-08-06,EV,FeasibleITransformer,64,0.0,4.553999900817871,0.1875,39.03680419921875,43.24956130981445,39.03680419921875,43.24956130981445,3.2797560691833496,20260731
2023-08-06,EV,FeasibleITransformer,80,10.121999740600586,10.121999740600586,1.25,56.40784454345703,56.480220794677734,56.40784454345703,56.480220794677734,2.7686216831207275,20260731
2023-08-06,EV,FeasibleITransformer,84,10.121999740600586,10.121999740600586,0.0,63.80422592163086,63.812744140625,63.80422592163086,63.812744140625,1.1844736337661743,20260731
2023-08-06,EV,FeasibleITransformer,96,10.121999740600586,10.121999740600586,0.0,76.71688842773438,76.71688842773438,76.71688842773438,76.71688842773438,0.6636480093002319,20260731
2023-08-07,EV,FeasibleITransformer,32,0.0,0.0,0.0,1.6443002223968506,2.5395267009735107,1.6443002223968506,2.5395267009735107,0.5565104484558105,20260731
2023-08-07,EV,FeasibleITransformer,48,11.246999740600586,19.496999740600586,1.1875,18.734426498413086,55.312767028808594,18.734426498413086,55.312767028808594,4.277467727661133,20260731
2023-08-07,EV,FeasibleITransformer,64,24.957000732421875,24.957000732421875,1.25,42.138755798339844,57.49565505981445,42.138755798339844,57.49565505981445,3.6708312034606934,20260731
2023-08-07,EV,FeasibleITransformer,80,25.562000274658203,27.21200180053711,0.8125,64.26900482177734,64.54823303222656,64.26900482177734,64.54823303222656,2.7354116439819336,20260731
2023-08-07,EV,FeasibleITransformer,84,27.21200180053711,27.21200180053711,0.25,73.71981048583984,73.79351043701172,73.71981048583984,73.79351043701172,1.4812206029891968,20260731
2023-08-07,EV,FeasibleITransformer,96,27.21200180053711,27.21200180053711,0.0,86.61053466796875,86.61053466796875,86.61053466796875,86.61053466796875,0.657551646232605,20260731
2023-08-08,EV,FeasibleITransformer,32,0.5640000104904175,3.299999952316284,0.0625,1.7224433422088623,2.248128652572632,1.7224433422088623,2.248128652572632,0.6042361855506897,20260731
2023-08-08,EV,FeasibleITransformer,48,20.36400032043457,31.91400146484375,1.1875,24.782196044921875,69.80366516113281,24.782196044921875,69.80366516113281,4.69824743270874,20260731
2023-08-08,EV,FeasibleITransformer,64,39.49199676513672,57.641998291015625,1.75,45.03166198730469,71.7839126586914,45.03166198730469,71.7839126586914,4.819735050201416,20260731
2023-08-08,EV,FeasibleITransformer,80,57.641998291015625,57.641998291015625,0.6875,77.05882263183594,77.4666519165039,77.05882263183594,77.4666519165039,2.6057188510894775,20260731
2023-08-08,EV,FeasibleITransformer,84,57.641998291015625,57.641998291015625,0.0,88.05159759521484,88.13372039794922,88.05159759521484,88.13372039794922,1.7665141820907593,20260731
2023-08-08,EV,FeasibleITransformer,96,57.641998291015625,57.641998291015625,0.0,100.65184783935547,100.65184783935547,100.65184783935547,100.65184783935547,0.6539226770401001,20260731
2023-08-09,EV,FeasibleITransformer,32,0.0,0.0,0.0,1.3203580379486084,3.23160457611084,1.3203580379486084,3.23160457611084,0.6389120221138,20260731
2023-08-09,EV,FeasibleITransformer,48,8.795999526977539,18.696001052856445,1.3125,23.501943588256836,77.44860076904297,23.501943588256836,77.44860076904297,4.8417840003967285,20260731
2023-08-09,EV,FeasibleITransformer,64,18.696001052856445,18.696001052856445,0.375,53.6460075378418,81.34786224365234,53.6460075378418,81.34786224365234,6.1334662437438965,20260731
2023-08-09,EV,FeasibleITransformer,80,18.696001052856445,18.696001052856445,0.0,93.70731353759766,94.05187225341797,93.70731353759766,94.05187225341797,2.458646535873413,20260731
2023-08-09,EV,FeasibleITransformer,84,18.696001052856445,18.696001052856445,0.0,104.52950286865234,104.67220306396484,104.52950286865234,104.67220306396484,1.6955870389938354,20260731
2023-08-09,EV,FeasibleITransformer,96,18.696001052856445,18.696001052856445,0.0,116.73674774169922,116.73674774169922,116.73674774169922,116.73674774169922,0.6179673075675964,20260731
2023-08-10,EV,FeasibleITransformer,32,6.682000160217285,9.071999549865723,0.25,0.8618096113204956,4.563055038452148,0.8618096113204956,4.563055038452148,0.5832082629203796,20260731
2023-08-10,EV,FeasibleITransformer,48,26.48200035095215,46.24100112915039,2.3125,16.194292068481445,63.194583892822266,16.194292068481445,63.194583892822266,4.318634510040283,20260731
2023-08-10,EV,FeasibleITransformer,64,45.5620002746582,53.77100372314453,2.3125,53.523292541503906,68.55227661132812,53.523292541503906,68.55227661132812,5.748461723327637,20260731
2023-08-10,EV,FeasibleITransformer,80,53.77100372314453,53.77100372314453,0.375,91.28292083740234,91.45503234863281,91.28292083740234,91.45503234863281,2.5090205669403076,20260731
2023-08-10,EV,FeasibleITransformer,84,53.77100372314453,53.77100372314453,0.0,100.82051086425781,100.82063293457031,100.82051086425781,100.82063293457031,1.4666658639907837,20260731
2023-08-10,EV,FeasibleITransformer,96,53.77100372314453,53.77100372314453,0.0,112.70735168457031,112.70735168457031,112.70735168457031,112.70735168457031,0.6003384590148926,20260731
2023-08-11,EV,FeasibleITransformer,32,0.0,0.0,0.0,0.8539003729820251,5.858636856079102,0.8539003729820251,5.858636856079102,0.5705651044845581,20260731
2023-08-11,EV,FeasibleITransformer,48,0.0,0.0,0.0,10.25492000579834,46.93634796142578,10.25492000579834,46.93634796142578,3.5669288635253906,20260731
2023-08-11,EV,FeasibleITransformer,64,5.497000217437744,5.497000217437744,1.1875,49.390235900878906,50.92525863647461,49.390235900878906,50.92525863647461,4.793017387390137,20260731
2023-08-11,EV,FeasibleITransformer,80,5.497000217437744,5.497000217437744,0.0,80.33255004882812,80.3476333618164,80.33255004882812,80.3476333618164,2.679191827774048,20260731
2023-08-11,EV,FeasibleITransformer,84,5.497000217437744,5.497000217437744,0.0,88.18851470947266,88.18875885009766,88.18851470947266,88.18875885009766,1.2057045698165894,20260731
2023-08-11,EV,FeasibleITransformer,96,5.497000217437744,5.497000217437744,0.0,100.19136047363281,100.19136047363281,100.19136047363281,100.19136047363281,0.6073917150497437,20260731
2023-08-12,EV,FeasibleITransformer,32,0.0,0.0,0.0,0.7674636840820312,4.4780497550964355,0.7674636840820312,4.4780497550964355,0.5153970718383789,20260731
2023-08-12,EV,FeasibleITransformer,48,0.0,4.296000003814697,0.5,7.579275131225586,35.66868209838867,7.579275131225586,35.66868209838867,3.100299119949341,20260731
2023-08-12,EV,FeasibleITransformer,64,5.421000003814697,9.717000007629395,1.375,37.974788665771484,38.24885559082031,37.974788665771484,38.24885559082031,3.5377793312072754,20260731
2023-08-12,EV,FeasibleITransformer,80,9.717000007629395,9.717000007629395,0.3125,58.53014373779297,58.556236267089844,58.53014373779297,58.556236267089844,2.5661721229553223,20260731
2023-08-12,EV,FeasibleITransformer,84,9.717000007629395,9.717000007629395,0.0,65.42474365234375,65.43586730957031,65.42474365234375,65.43586730957031,1.0917363166809082,20260731
2023-08-12,EV,FeasibleITransformer,96,9.717000007629395,9.717000007629395,0.0,77.81800842285156,77.81800842285156,77.81800842285156,77.81800842285156,0.636160135269165,20260731
2023-08-13,EV,FeasibleITransformer,32,0.0,0.0,0.0,1.4116913080215454,3.631680488586426,1.4116913080215454,3.631680488586426,0.5435253977775574,20260731
2023-08-13,EV,FeasibleITransformer,48,0.0,0.0,0.0,11.235798835754395,41.625404357910156,11.235798835754395,41.625404357910156,3.393798351287842,20260731
2023-08-13,EV,FeasibleITransformer,64,5.197999954223633,8.25,0.3125,39.65506362915039,44.26064682006836,39.65506362915039,44.26064682006836,3.360980272293091,20260731
2023-08-13,EV,FeasibleITransformer,80,25.750999450683594,27.4010009765625,1.25,59.72294616699219,59.76730728149414,59.72294616699219,59.76730728149414,2.885495662689209,20260731
2023-08-13,EV,FeasibleITransformer,84,27.4010009765625,27.4010009765625,0.25,67.12678527832031,67.1360855102539,67.12678527832031,67.1360855102539,1.1710206270217896,20260731
2023-08-13,EV,FeasibleITransformer,96,27.4010009765625,27.4010009765625,0.0,79.71822357177734,79.71822357177734,79.71822357177734,79.71822357177734,0.6497937440872192,20260731
2023-08-14,EV,FeasibleITransformer,32,0.0,1.649999976158142,0.03125,1.798915147781372,2.374439001083374,1.798915147781372,2.374439001083374,0.5577691793441772,20260731
2023-08-14,EV,FeasibleITransformer,48,21.06399917602539,24.10099983215332,1.5,18.708600997924805,56.74066162109375,18.708600997924805,56.74066162109375,4.25071382522583,20260731
2023-08-14,EV,FeasibleITransformer,64,41.26499557495117,41.26499557495117,0.875,43.58892059326172,59.25575256347656,43.58892059326172,59.25575256347656,3.94443416595459,20260731
2023-08-14,EV,FeasibleITransformer,80,41.26499557495117,41.26499557495117,0.0,67.231689453125,67.46041870117188,67.231689453125,67.46041870117188,2.69541335105896,20260731
2023-08-14,EV,FeasibleITransformer,84,41.26499557495117,41.26499557495117,0.0,76.54782104492188,76.56743621826172,76.54782104492188,76.56743621826172,1.4651354551315308,20260731
2023-08-14,EV,FeasibleITransformer,96,41.26499557495117,41.26499557495117,0.0,89.19879913330078,89.19879913330078,89.19879913330078,89.19879913330078,0.6508160829544067,20260731
2023-08-15,EV,FeasibleITransformer,32,1.9529999494552612,3.299999952316284,0.0625,1.8718135356903076,2.2762112617492676,1.8718135356903076,2.2762112617492676,0.6512952446937561,20260731
2023-08-15,EV,FeasibleITransformer,48,27.69700050354004,30.003000259399414,1.0625,24.5335636138916,70.90338134765625,24.5335636138916,70.90338134765625,4.643517971038818,20260731
2023-08-15,EV,FeasibleITransformer,64,54.09700012207031,56.40299987792969,1.0,46.24821472167969,72.43238067626953,46.24821472167969,72.43238067626953,4.780097961425781,20260731
2023-08-15,EV,FeasibleITransformer,80,57.397003173828125,57.397003173828125,0.125,78.12139892578125,78.45262145996094,78.12139892578125,78.45262145996094,2.5281214714050293,20260731
2023-08-15,EV,FeasibleITransformer,84,57.397003173828125,57.397003173828125,0.0,88.86433410644531,89.06209564208984,88.86433410644531,89.06209564208984,1.7629673480987549,20260731
2023-08-15,EV,FeasibleITransformer,96,57.397003173828125,57.397003173828125,0.0,101.3125991821289,101.3125991821289,101.3125991821289,101.3125991821289,0.6507489085197449,20260731
2023-08-16,EV,FeasibleITransformer,32,0.0,1.649999976158142,0.03125,1.5231232643127441,3.1069414615631104,1.5231232643127441,3.1069414615631104,0.6475476026535034,20260731
2023-08-16,EV,FeasibleITransformer,48,32.1609992980957,57.5469970703125,3.125,23.89258575439453,77.8662338256836,23.89258575439453,77.8662338256836,4.769114017486572,20260731
2023-08-16,EV,FeasibleITransformer,64,83.65299987792969,93.55299377441406,2.75,54.55305480957031,81.38623809814453,54.55305480957031,81.38623809814453,6.014303207397461,20260731
2023-08-16,EV,FeasibleITransformer,80,94.55500793457031,94.55500793457031,0.5625,94.89339447021484,95.06948852539062,94.89339447021484,95.06948852539062,2.511570930480957,20260731
2023-08-16,EV,FeasibleITransformer,84,94.55500793457031,94.55500793457031,0.0,105.8919906616211,105.96085357666016,105.8919906616211,105.96085357666016,1.7096349000930786,20260731
2023-08-16,EV,FeasibleITransformer,96,94.55500793457031,94.55500793457031,0.0,117.75732421875,117.75732421875,117.75732421875,117.75732421875,0.6020172834396362,20260731
2023-08-17,EV,FeasibleITransformer,32,0.0,0.0,0.0,1.2072921991348267,4.890411376953125,1.2072921991348267,4.890411376953125,0.6269482970237732,20260731
2023-08-17,EV,FeasibleITransformer,48,5.326000213623047,33.375999450683594,1.875,17.135900497436523,65.849853515625,17.135900497436523,65.849853515625,4.499566078186035,20260731
2023-08-17,EV,FeasibleITransformer,64,36.37699890136719,62.777000427246094,2.0,54.0073127746582,70.02234649658203,54.0073127746582,70.02234649658203,5.844529151916504,20260731
2023-08-17,EV,FeasibleITransformer,80,62.777000427246094,62.777000427246094,1.0,96.54390716552734,96.67448425292969,96.54390716552734,96.67448425292969,2.7007827758789062,20260731
2023-08-17,EV,FeasibleITransformer,84,62.777000427246094,62.777000427246094,0.0,105.83441925048828,105.88885498046875,105.83441925048828,105.88885498046875,1.4469541311264038,20260731
2023-08-17,EV,FeasibleITransformer,96,62.777000427246094,62.777000427246094,0.0,117.46543884277344,117.46543884277344,117.46543884277344,117.46543884277344,0.5910640954971313,20260731
2023-08-18,EV,FeasibleITransformer,32,0.0,0.0,0.0,0.9892430901527405,5.503260612487793,0.9892430901527405,5.503260612487793,0.5618903636932373,20260731
2023-08-18,EV,FeasibleITransformer,48,4.329999923706055,10.930000305175781,1.125,10.089323043823242,46.78713607788086,10.089323043823242,46.78713607788086,3.684112071990967,20260731
2023-08-18,EV,FeasibleITransformer,64,11.901000022888184,11.901000022888184,0.5625,49.519256591796875,51.0307731628418,49.519256591796875,51.0307731628418,4.819564342498779,20260731
2023-08-18,EV,FeasibleITransformer,80,11.901000022888184,11.901000022888184,0.0,81.3561019897461,81.36744689941406,81.3561019897461,81.36744689941406,2.8591301441192627,20260731
2023-08-18,EV,FeasibleITransformer,84,11.901000022888184,11.901000022888184,0.0,89.16552734375,89.16552734375,89.16552734375,89.16552734375,1.1993701457977295,20260731
2023-08-18,EV,FeasibleITransformer,96,11.901000022888184,11.901000022888184,0.0,101.0808334350586,101.0808334350586,101.0808334350586,101.0808334350586,0.6043204665184021,20260731
2023-08-19,EV,FeasibleITransformer,32,0.0,0.0,0.0,0.9758502840995789,4.5997724533081055,0.9758502840995789,4.5997724533081055,0.5148309469223022,20260731
2023-08-19,EV,FeasibleITransformer,48,0.0,0.0,0.0,8.376415252685547,38.904563903808594,8.376415252685547,38.904563903808594,3.4485719203948975,20260731
2023-08-19,EV,FeasibleITransformer,64,0.0,1.649999976158142,0.0625,43.75200271606445,44.01555633544922,43.75200271606445,44.01555633544922,3.9267265796661377,20260731
2023-08-19,EV,FeasibleITransformer,80,24.80900001525879,28.049999237060547,1.0,67.61157989501953,67.6362075805664,67.61157989501953,67.6362075805664,2.8547751903533936,20260731
2023-08-19,EV,FeasibleITransformer,84,31.409000396728516,33.058998107910156,1.0,74.62309265136719,74.62535095214844,74.62309265136719,74.62535095214844,1.11014986038208,20260731
2023-08-19,EV,FeasibleITransformer,96,33.058998107910156,33.058998107910156,0.0833333358168602,86.98868560791016,86.98868560791016,86.98868560791016,86.98868560791016,0.6367266178131104,20260731
2023-08-20,EV,FeasibleITransformer,32,0.0,0.0,0.0,1.5470614433288574,3.255016565322876,1.5470614433288574,3.255016565322876,0.5217202305793762,20260731
2023-08-20,EV,FeasibleITransformer,48,0.0,0.0,0.0,11.409714698791504,42.043636322021484,11.409714698791504,42.043636322021484,3.4331398010253906,20260731
2023-08-20,EV,FeasibleITransformer,64,0.0,0.0,0.0,40.20958709716797,45.10197830200195,40.20958709716797,45.10197830200195,3.1910665035247803,20260731
2023-08-20,EV,FeasibleITransformer,80,0.0,0.0,0.0,61.196319580078125,61.2878303527832,61.196319580078125,61.2878303527832,3.222435235977173,20260731
2023-08-20,EV,FeasibleITransformer,84,0.0,0.0,0.0,69.25753021240234,69.2784652709961,69.25753021240234,69.2784652709961,1.2726978063583374,20260731
2023-08-20,EV,FeasibleITransformer,96,0.0,0.0,0.0,81.88893127441406,81.88893127441406,81.88893127441406,81.88893127441406,0.6533198952674866,20260731
2023-08-21,EV,FeasibleITransformer,32,0.0,4.949999809265137,0.09375,1.8329812288284302,2.0861403942108154,1.8329812288284302,2.0861403942108154,0.5540383458137512,20260731
2023-08-21,EV,FeasibleITransformer,48,14.255000114440918,17.55500030517578,1.0,18.261703491210938,55.64313507080078,18.261703491210938,55.64313507080078,4.287521839141846,20260731
2023-08-21,EV,FeasibleITransformer,64,17.55500030517578,17.55500030517578,0.125,41.60096740722656,57.466461181640625,41.60096740722656,57.466461181640625,3.6372365951538086,20260731
2023-08-21,EV,FeasibleITransformer,80,17.55500030517578,17.55500030517578,0.0,65.20855712890625,65.44757843017578,65.20855712890625,65.44757843017578,2.736114740371704,20260731
2023-08-21,EV,FeasibleITransformer,84,17.55500030517578,17.55500030517578,0.0,74.65046691894531,74.70681762695312,74.65046691894531,74.70681762695312,1.462561011314392,20260731
2023-08-21,EV,FeasibleITransformer,96,17.55500030517578,17.55500030517578,0.0,87.1518783569336,87.1518783569336,87.1518783569336,87.1518783569336,0.6361123919487,20260731
2023-08-22,EV,FeasibleITransformer,32,0.0,0.0,0.0,1.945998191833496,2.0918123722076416,1.945998191833496,2.0918123722076416,0.6364576816558838,20260731
2023-08-22,EV,FeasibleITransformer,48,3.1579999923706055,3.1579999923706055,0.4375,24.071386337280273,70.1532974243164,24.071386337280273,70.1532974243164,4.575692653656006,20260731
2023-08-22,EV,FeasibleITransformer,64,3.1579999923706055,3.1579999923706055,0.0,45.16998291015625,71.51828002929688,45.16998291015625,71.51828002929688,4.431369304656982,20260731
2023-08-22,EV,FeasibleITransformer,80,3.1579999923706055,3.1579999923706055,0.0,76.73063659667969,77.17881774902344,76.73063659667969,77.17881774902344,2.635923385620117,20260731
2023-08-22,EV,FeasibleITransformer,84,3.1579999923706055,3.1579999923706055,0.0,87.97587585449219,88.13325500488281,87.97587585449219,88.13325500488281,1.8057141304016113,20260731
2023-08-22,EV,FeasibleITransformer,96,3.1579999923706055,3.1579999923706055,0.0,100.29358673095703,100.29358673095703,100.29358673095703,100.29358673095703,0.6340115666389465,20260731
2023-08-23,EV,FeasibleITransformer,32,0.0,0.0,0.0,1.5449429750442505,2.7497754096984863,1.5449429750442505,2.7497754096984863,0.6202318072319031,20260731
2023-08-23,EV,FeasibleITransformer,48,2.822000026702881,10.457000732421875,1.5,23.428180694580078,79.92823028564453,23.428180694580078,79.92823028564453,5.042040824890137,20260731
2023-08-23,EV,FeasibleITransformer,64,10.457000732421875,15.045000076293945,0.9375,55.10981750488281,82.77005767822266,55.10981750488281,82.77005767822266,5.840643882751465,20260731
2023-08-23,EV,FeasibleITransformer,80,26.45600128173828,26.45600128173828,1.0625,96.93122863769531,97.2240219116211,96.93122863769531,97.2240219116211,2.4618542194366455,20260731
2023-08-23,EV,FeasibleITransformer,84,26.45600128173828,26.45600128173828,0.0,107.96902465820312,108.02854919433594,107.96902465820312,108.02854919433594,1.7230839729309082,20260731
2023-08-23,EV,FeasibleITransformer,96,26.45600128173828,26.45600128173828,0.0,119.66203308105469,119.66203308105469,119.66203308105469,119.66203308105469,0.5947859883308411,20260731
2023-08-24,EV,FeasibleITransformer,32,0.0,3.299999952316284,0.0625,1.200308918952942,4.059619426727295,1.200308918952942,4.059619426727295,0.6226062178611755,20260731
2023-08-24,EV,FeasibleITransformer,48,11.46399974822998,27.964000701904297,1.0,15.603504180908203,64.88121795654297,15.603504180908203,64.88121795654297,4.2605180740356445,20260731
2023-08-24,EV,FeasibleITransformer,64,27.964000701904297,34.374000549316406,1.3125,51.62939453125,67.93655395507812,51.62939453125,67.93655395507812,5.537425994873047,20260731
2023-08-24,EV,FeasibleITransformer,80,34.374000549316406,34.374000549316406,0.3125,93.45808410644531,93.58611297607422,93.45808410644531,93.58611297607422,2.6777563095092773,20260731
2023-08-24,EV,FeasibleITransformer,84,36.345001220703125,37.67399978637695,0.5,102.89348602294922,102.90786743164062,102.89348602294922,102.90786743164062,1.4842090606689453,20260731
2023-08-24,EV,FeasibleITransformer,96,46.24500274658203,46.24500274658203,0.5,114.37261199951172,114.37261199951172,114.37261199951172,114.37261199951172,0.5864666104316711,20260731
2023-08-25,EV,FeasibleITransformer,32,0.0,0.0,0.0,0.8163888454437256,4.539988994598389,0.8163888454437256,4.539988994598389,0.5432844161987305,20260731
2023-08-25,EV,FeasibleITransformer,48,4.1020002365112305,12.452000617980957,1.6875,9.019124031066895,44.07426452636719,9.019124031066895,44.07426452636719,3.2419445514678955,20260731
2023-08-25,EV,FeasibleITransformer,64,12.097000122070312,25.652000427246094,1.875,45.85490798950195,46.82260513305664,45.85490798950195,46.82260513305664,4.447632789611816,20260731
2023-08-25,EV,FeasibleITransformer,80,48.99199676513672,50.641998291015625,2.0625,74.63472747802734,74.70984649658203,74.63472747802734,74.70984649658203,2.7160162925720215,20260731
2023-08-25,EV,FeasibleITransformer,84,50.641998291015625,50.641998291015625,0.25,82.41272735595703,82.41375732421875,82.41272735595703,82.41375732421875,1.2692736387252808,20260731
2023-08-25,EV,FeasibleITransformer,96,50.641998291015625,50.641998291015625,0.0,94.36748504638672,94.36748504638672,94.36748504638672,94.36748504638672,0.6349222660064697,20260731
2023-08-26,EV,FeasibleITransformer,32,0.0,0.0,0.0,0.973091721534729,3.9191064834594727,0.973091721534729,3.9191064834594727,0.5106295943260193,20260731
2023-08-26,EV,FeasibleITransformer,48,0.0,0.0,0.0,8.165186882019043,38.722328186035156,8.165186882019043,38.722328186035156,3.2772934436798096,20260731
2023-08-26,EV,FeasibleITransformer,64,8.35200023651123,8.35200023651123,0.5,41.61920928955078,42.02058792114258,41.61920928955078,42.02058792114258,3.535008430480957,20260731
2023-08-26,EV,FeasibleITransformer,80,8.35200023651123,8.35200023651123,0.0,66.44500732421875,66.50638580322266,66.44500732421875,66.50638580322266,3.0118930339813232,20260731
2023-08-26,EV,FeasibleITransformer,84,8.35200023651123,8.35200023651123,0.0,73.6039047241211,73.60636901855469,73.6039047241211,73.60636901855469,1.163236141204834,20260731
2023-08-26,EV,FeasibleITransformer,96,8.35200023651123,8.35200023651123,0.0,85.90618896484375,85.90618896484375,85.90618896484375,85.90618896484375,0.6316075325012207,20260731
2023-08-27,EV,FeasibleITransformer,32,0.0,0.0,0.0,1.4152731895446777,2.9478464126586914,1.4152731895446777,2.9478464126586914,0.5252089500427246,20260731
2023-08-27,EV,FeasibleITransformer,48,15.612000465393066,19.799999237060547,0.75,10.877900123596191,41.973358154296875,10.877900123596191,41.973358154296875,3.313812494277954,20260731
2023-08-27,EV,FeasibleITransformer,64,39.31399917602539,39.31399917602539,0.9375,39.75069046020508,44.432682037353516,39.75069046020508,44.432682037353516,3.0730342864990234,20260731
2023-08-27,EV,FeasibleITransformer,80,44.54800033569336,44.54800033569336,0.6875,60.80644607543945,60.87668228149414,60.80644607543945,60.87668228149414,3.072577953338623,20260731
2023-08-27,EV,FeasibleITransformer,84,44.54800033569336,44.54800033569336,0.0,68.36939239501953,68.37665557861328,68.36939239501953,68.37665557861328,1.2496038675308228,20260731
2023-08-27,EV,FeasibleITransformer,96,44.54800033569336,44.54800033569336,0.0,80.94429016113281,80.94429016113281,80.94429016113281,80.94429016113281,0.6641990542411804,20260731
2023-08-28,EV,FeasibleITransformer,32,0.0,0.0,0.0,1.977277159690857,2.1260688304901123,1.977277159690857,2.1260688304901123,0.570772111415863,20260731
2023-08-28,EV,FeasibleITransformer,48,42.83799743652344,55.73099899291992,2.4375,18.94733428955078,57.99828338623047,18.94733428955078,57.99828338623047,4.241069316864014,20260731
2023-08-28,EV,FeasibleITransformer,64,97.28800201416016,97.28800201416016,2.0625,43.584510803222656,60.3358154296875,43.584510803222656,60.3358154296875,3.6365959644317627,20260731
2023-08-28,EV,FeasibleITransformer,80,105.98500061035156,105.98500061035156,0.375,68.941162109375,69.2940673828125,68.941162109375,69.2940673828125,2.941054582595825,20260731
2023-08-28,EV,FeasibleITransformer,84,105.98500061035156,105.98500061035156,0.0,78.3713607788086,78.46542358398438,78.3713607788086,78.46542358398438,1.50749933719635,20260731
2023-08-28,EV,FeasibleITransformer,96,105.98500061035156,105.98500061035156,0.0,90.94239807128906,90.94239807128906,90.94239807128906,90.94239807128906,0.6472038626670837,20260731
2023-08-29,EV,FeasibleITransformer,32,2.5190000534057617,4.949999809265137,0.09375,1.9870781898498535,2.043544292449951,1.9870781898498535,2.043544292449951,0.625367283821106,20260731
2023-08-29,EV,FeasibleITransformer,48,22.319000244140625,22.319000244140625,0.75,25.028959274291992,72.18083190917969,25.028959274291992,72.18083190917969,4.691929340362549,20260731
2023-08-29,EV,FeasibleITransformer,64,22.319000244140625,22.319000244140625,0.0,46.687984466552734,73.59224700927734,46.687984466552734,73.59224700927734,4.590864658355713,20260731
2023-08-29,EV,FeasibleITransformer,80,22.319000244140625,22.319000244140625,0.0,80.31060791015625,80.82550811767578,80.31060791015625,80.82550811767578,2.6818764209747314,20260731
2023-08-29,EV,FeasibleITransformer,84,22.319000244140625,22.319000244140625,0.0,91.14532470703125,91.38601684570312,91.14532470703125,91.38601684570312,1.7873786687850952,20260731
2023-08-29,EV,FeasibleITransformer,96,22.319000244140625,22.319000244140625,0.0,103.6011734008789,103.6011734008789,103.6011734008789,103.6011734008789,0.637104332447052,20260731
2023-08-30,EV,FeasibleITransformer,32,0.0,0.0,0.0,1.840683102607727,2.67626953125,1.840683102607727,2.67626953125,0.6182876229286194,20260731
2023-08-30,EV,FeasibleITransformer,48,0.0,4.2179999351501465,0.625,26.06334686279297,85.06900024414062,26.06334686279297,85.06900024414062,5.153523921966553,20260731
2023-08-30,EV,FeasibleITransformer,64,4.2179999351501465,5.711999893188477,1.6875,61.62100601196289,90.27359008789062,61.62100601196289,90.27359008789062,5.988574028015137,20260731
2023-08-30,EV,FeasibleITransformer,80,25.583999633789062,25.583999633789062,1.0625,106.44905853271484,106.81674194335938,106.44905853271484,106.81674194335938,2.8226797580718994,20260731
2023-08-30,EV,FeasibleITransformer,84,25.583999633789062,25.583999633789062,0.0,117.65823364257812,117.75875854492188,117.65823364257812,117.75875854492188,1.749862551689148,20260731
2023-08-30,EV,FeasibleITransformer,96,25.583999633789062,25.583999633789062,0.0,129.44915771484375,129.44915771484375,129.44915771484375,129.44915771484375,0.5984030365943909,20260731
2023-08-31,EV,FeasibleITransformer,32,2.924999952316284,4.949999809265137,0.09375,1.533603310585022,4.244917392730713,1.533603310585022,4.244917392730713,0.6111960411071777,20260731
2023-08-31,EV,FeasibleITransformer,48,19.424999237060547,19.424999237060547,0.625,17.07563018798828,67.55908203125,17.07563018798828,67.55908203125,4.481996059417725,20260731
2023-08-31,EV,FeasibleITransformer,64,19.424999237060547,24.875999450683594,0.5,53.347625732421875,70.86742401123047,53.347625732421875,70.86742401123047,5.654157638549805,20260731
2023-08-31,EV,FeasibleITransformer,80,30.01799964904785,30.01799964904785,0.8125,98.26469421386719,98.43828582763672,98.26469421386719,98.43828582763672,2.9741859436035156,20260731
2023-08-31,EV,FeasibleITransformer,84,30.01799964904785,30.01799964904785,0.0,107.91149139404297,107.99510192871094,107.91149139404297,107.99510192871094,1.529773235321045,20260731
2023-08-31,EV,FeasibleITransformer,96,30.01799964904785,30.01799964904785,0.0,119.94820404052734,119.94820404052734,119.94820404052734,119.94820404052734,0.6129639148712158,20260731
2023-09-01,EV,FeasibleITransformer,32,0.0,0.0,0.0,1.3771554231643677,5.264225006103516,1.3771554231643677,5.264225006103516,0.5760365128517151,20260731
2023-09-01,EV,FeasibleITransformer,48,17.350000381469727,19.799999237060547,0.75,10.737332344055176,48.38901901245117,10.737332344055176,48.38901901245117,3.6894783973693848,20260731
2023-09-01,EV,FeasibleITransformer,64,25.600000381469727,25.600000381469727,0.3125,50.7753791809082,52.56622314453125,50.7753791809082,52.56622314453125,4.618266582489014,20260731
2023-09-01,EV,FeasibleITransformer,80,25.600000381469727,25.600000381469727,0.0,85.70364379882812,85.72334289550781,85.70364379882812,85.72334289550781,3.0773701667785645,20260731
2023-09-01,EV,FeasibleITransformer,84,25.600000381469727,25.600000381469727,0.0,93.73885345458984,93.75045013427734,93.73885345458984,93.75045013427734,1.2529815435409546,20260731
2023-09-01,EV,FeasibleITransformer,96,25.600000381469727,25.600000381469727,0.0,105.62761688232422,105.62761688232422,105.62761688232422,105.62761688232422,0.6006373763084412,20260731
2023-09-02,EV,FeasibleITransformer,32,0.0,0.0,0.0,1.1796356439590454,3.8430051803588867,1.1796356439590454,3.8430051803588867,0.5254212021827698,20260731
2023-09-02,EV,FeasibleITransformer,48,0.0,0.0,0.0,7.969565391540527,36.94211196899414,7.969565391540527,36.94211196899414,3.0814785957336426,20260731
2023-09-02,EV,FeasibleITransformer,64,0.0,0.0,0.0,39.42469787597656,39.72968292236328,39.42469787597656,39.72968292236328,3.3628990650177,20260731
2023-09-02,EV,FeasibleITransformer,80,0.0,0.0,0.0,63.789703369140625,63.82498550415039,63.789703369140625,63.82498550415039,2.963623285293579,20260731
2023-09-02,EV,FeasibleITransformer,84,0.0,0.0,0.0,71.14555358886719,71.14555358886719,71.14555358886719,71.14555358886719,1.1724199056625366,20260731
2023-09-02,EV,FeasibleITransformer,96,0.0,0.0,0.0,83.33654022216797,83.33654022216797,83.33654022216797,83.33654022216797,0.6209676861763,20260731
2023-09-03,EV,FeasibleITransformer,32,0.0,0.0,0.0,1.8319575786590576,2.8654561042785645,1.8319575786590576,2.8654561042785645,0.5413760542869568,20260731
2023-09-03,EV,FeasibleITransformer,48,0.0,0.0,0.0,11.066701889038086,42.044227600097656,11.066701889038086,42.044227600097656,3.2117223739624023,20260731
2023-09-03,EV,FeasibleITransformer,64,0.0,0.0,0.0,40.242210388183594,44.832603454589844,40.242210388183594,44.832603454589844,2.988006353378296,20260731
2023-09-03,EV,FeasibleITransformer,80,5.257999897003174,5.257999897003174,0.6875,63.01032257080078,63.09778594970703,63.01032257080078,63.09778594970703,3.204951524734497,20260731
2023-09-03,EV,FeasibleITransformer,84,5.257999897003174,5.257999897003174,0.0,70.6105728149414,70.627197265625,70.6105728149414,70.627197265625,1.2281028032302856,20260731
2023-09-03,EV,FeasibleITransformer,96,5.257999897003174,5.257999897003174,0.0,83.03643035888672,83.03643035888672,83.03643035888672,83.03643035888672,0.635610044002533,20260731
2023-09-04,EV,FeasibleITransformer,32,0.0,0.0,0.0,1.8646351099014282,1.9662617444992065,1.8646351099014282,1.9662617444992065,0.5743997097015381,20260731
2023-09-04,EV,FeasibleITransformer,48,0.0,0.0,0.0,17.68675994873047,55.902469635009766,17.68675994873047,55.902469635009766,4.042233943939209,20260731
2023-09-04,EV,FeasibleITransformer,64,0.0,0.0,0.0,40.93671417236328,57.68362045288086,40.93671417236328,57.68362045288086,3.2807066440582275,20260731
2023-09-04,EV,FeasibleITransformer,80,5.604000091552734,5.604000091552734,0.25,66.88800811767578,67.13019561767578,66.88800811767578,67.13019561767578,2.9006292819976807,20260731
2023-09-04,EV,FeasibleITransformer,84,5.604000091552734,5.604000091552734,0.0,76.28292846679688,76.38524627685547,76.28292846679688,76.38524627685547,1.4846792221069336,20260731
2023-09-04,EV,FeasibleITransformer,96,5.604000091552734,5.604000091552734,0.0,88.80477905273438,88.80477905273438,88.80477905273438,88.80477905273438,0.6358564496040344,20260731
2023-09-05,EV,FeasibleITransformer,32,0.9459999799728394,3.299999952316284,0.0625,1.5259829759597778,1.5389809608459473,1.5259829759597778,1.5389809608459473,0.6076861023902893,20260731
2023-09-05,EV,FeasibleITransformer,48,19.09600067138672,32.05500030517578,1.3125,22.570602416992188,69.19523620605469,22.570602416992188,69.19523620605469,4.221689224243164,20260731
2023-09-05,EV,FeasibleITransformer,64,28.755001068115234,34.91699981689453,1.375,42.51854705810547,69.88847351074219,42.51854705810547,69.88847351074219,3.9661824703216553,20260731
2023-09-05,EV,FeasibleITransformer,80,34.91699981689453,34.91699981689453,0.25,75.95659637451172,76.27574157714844,75.95659637451172,76.27574157714844,2.627711057662964,20260731
2023-09-05,EV,FeasibleITransformer,84,34.91699981689453,34.91699981689453,0.0,86.65650939941406,86.76307678222656,86.65650939941406,86.76307678222656,1.6930426359176636,20260731
2023-09-05,EV,FeasibleITransformer,96,34.91699981689453,34.91699981689453,0.0,98.41566467285156,98.41566467285156,98.41566467285156,98.41566467285156,0.6008350253105164,20260731
2023-09-06,EV,FeasibleITransformer,32,0.0,0.0,0.0,1.7722071409225464,2.3033149242401123,1.7722071409225464,2.3033149242401123,0.6206731200218201,20260731
2023-09-06,EV,FeasibleITransformer,48,11.413000106811523,19.345001220703125,1.5,22.57384490966797,78.769775390625,22.57384490966797,78.769775390625,4.535102844238281,20260731
2023-09-06,EV,FeasibleITransformer,64,27.45800018310547,27.45800018310547,0.75,51.2560920715332,81.5135498046875,51.2560920715332,81.5135498046875,5.149038791656494,20260731
2023-09-06,EV,FeasibleITransformer,80,45.625,45.625,0.75,96.99824523925781,97.3177261352539,96.99824523925781,97.3177261352539,2.8789491653442383,20260731
2023-09-06,EV,FeasibleITransformer,84,45.625,45.625,0.0,107.9659423828125,108.05684661865234,107.9659423828125,108.05684661865234,1.734122633934021,20260731
2023-09-06,EV,FeasibleITransformer,96,45.625,45.625,0.0,119.40653991699219,119.40653991699219,119.40653991699219,119.40653991699219,0.5830106735229492,20260731
2023-09-07,EV,FeasibleITransformer,32,0.0,0.0,0.0,1.4070053100585938,3.685931921005249,1.4070053100585938,3.685931921005249,0.6093197464942932,20260731
2023-09-07,EV,FeasibleITransformer,48,32.8129997253418,40.49800109863281,2.0625,14.839523315429688,63.07795715332031,14.839523315429688,63.07795715332031,3.8585093021392822,20260731
2023-09-07,EV,FeasibleITransformer,64,38.847999572753906,46.33100128173828,1.875,48.906124114990234,65.59259033203125,48.906124114990234,65.59259033203125,5.03879976272583,20260731
2023-09-07,EV,FeasibleITransformer,80,52.5150032043457,52.5150032043457,1.1875,92.64920806884766,92.81937408447266,92.64920806884766,92.81937408447266,2.8453691005706787,20260731
2023-09-07,EV,FeasibleITransformer,84,52.5150032043457,52.5150032043457,0.0,102.03764343261719,102.13801574707031,102.03764343261719,102.13801574707031,1.5040061473846436,20260731
2023-09-07,EV,FeasibleITransformer,96,52.5150032043457,52.5150032043457,0.0,113.41618347167969,113.41618347167969,113.41618347167969,113.41618347167969,0.602539598941803,20260731
2023-09-08,EV,FeasibleITransformer,32,0.0,0.0,0.0,1.1417690515518188,4.347157001495361,1.1417690515518188,4.347157001495361,0.5533612966537476,20260731
2023-09-08,EV,FeasibleITransformer,48,0.0,6.215000152587891,0.375,9.926379203796387,48.1439323425293,9.926379203796387,48.1439323425293,3.588338613510132,20260731
2023-09-08,EV,FeasibleITransformer,64,6.215000152587891,6.215000152587891,0.3125,51.45307159423828,53.23108673095703,51.45307159423828,53.23108673095703,4.255948066711426,20260731
2023-09-08,EV,FeasibleITransformer,80,6.215000152587891,6.215000152587891,0.0,86.0234146118164,86.0284652709961,86.0234146118164,86.0284652709961,3.0455400943756104,20260731
2023-09-08,EV,FeasibleITransformer,84,6.215000152587891,6.215000152587891,0.0,93.79618835449219,93.79635620117188,93.79618835449219,93.79635620117188,1.2065101861953735,20260731
2023-09-08,EV,FeasibleITransformer,96,6.215000152587891,6.215000152587891,0.0,105.15687561035156,105.15687561035156,105.15687561035156,105.15687561035156,0.5833631753921509,20260731
2023-09-09,EV,FeasibleITransformer,32,0.0,0.0,0.0,1.0601146221160889,3.317248582839966,1.0601146221160889,3.317248582839966,0.5005881190299988,20260731
2023-09-09,EV,FeasibleITransformer,48,2.940000057220459,2.940000057220459,0.375,7.664328098297119,37.650291442871094,7.664328098297119,37.650291442871094,3.0425565242767334,20260731
2023-09-09,EV,FeasibleITransformer,64,10.229000091552734,11.878999710083008,0.375,40.63129425048828,40.83353805541992,40.63129425048828,40.83353805541992,3.1990432739257812,20260731
2023-09-09,EV,FeasibleITransformer,80,14.732999801635742,14.732999801635742,0.1875,66.5114517211914,66.51329040527344,66.5114517211914,66.51329040527344,2.931445360183716,20260731
2023-09-09,EV,FeasibleITransformer,84,14.732999801635742,14.732999801635742,0.0,73.65203857421875,73.65203857421875,73.65203857421875,73.65203857421875,1.130721926689148,20260731
2023-09-09,EV,FeasibleITransformer,96,14.732999801635742,14.732999801635742,0.0,85.41812133789062,85.41812133789062,85.41812133789062,85.41812133789062,0.6078125834465027,20260731
2023-09-10,EV,FeasibleITransformer,32,3.1419999599456787,3.1419999599456787,0.125,1.561566710472107,2.3231759071350098,1.561566710472107,2.3231759071350098,0.5044978260993958,20260731
2023-09-10,EV,FeasibleITransformer,48,3.1419999599456787,3.1419999599456787,0.0,10.829264640808105,42.50739288330078,10.829264640808105,42.50739288330078,3.3017194271087646,20260731
2023-09-10,EV,FeasibleITransformer,64,3.1419999599456787,3.1419999599456787,0.0,40.897891998291016,45.49852752685547,40.897891998291016,45.49852752685547,2.8053903579711914,20260731
2023-09-10,EV,FeasibleITransformer,80,8.602999687194824,8.602999687194824,0.625,65.15152740478516,65.19349670410156,65.15152740478516,65.19349670410156,3.2350316047668457,20260731
2023-09-10,EV,FeasibleITransformer,84,8.602999687194824,8.602999687194824,0.0,72.72521209716797,72.72612762451172,72.72521209716797,72.72612762451172,1.1938409805297852,20260731
2023-09-10,EV,FeasibleITransformer,96,8.602999687194824,8.602999687194824,0.0,84.79560089111328,84.79560089111328,84.79560089111328,84.79560089111328,0.6149915456771851,20260731
2023-09-11,EV,FeasibleITransformer,32,0.5879999995231628,1.649999976158142,0.03125,1.6590211391448975,1.6851868629455566,1.6590211391448975,1.6851868629455566,0.5647173523902893,20260731
2023-09-11,EV,FeasibleITransformer,48,15.145000457763672,23.39900016784668,2.0,17.909963607788086,57.49445724487305,17.909963607788086,57.49445724487305,3.942643642425537,20260731
2023-09-11,EV,FeasibleITransformer,64,24.174999237060547,29.128999710083008,1.875,41.84981155395508,59.122169494628906,41.84981155395508,59.122169494628906,3.1402411460876465,20260731
2023-09-11,EV,FeasibleITransformer,80,33.66699981689453,33.66699981689453,0.875,68.85758972167969,69.0461196899414,68.85758972167969,69.0461196899414,2.8380796909332275,20260731
2023-09-11,EV,FeasibleITransformer,84,33.66699981689453,33.66699981689453,0.0,78.02204895019531,78.14070129394531,78.02204895019531,78.14070129394531,1.4666471481323242,20260731
2023-09-11,EV,FeasibleITransformer,96,33.66699981689453,33.66699981689453,0.0,90.23505401611328,90.23505401611328,90.23505401611328,90.23505401611328,0.6284482479095459,20260731
2023-09-12,EV,FeasibleITransformer,32,0.0,4.949999809265137,0.09375,1.7553297281265259,1.7581534385681152,1.7553297281265259,1.7581534385681152,0.6258174777030945,20260731
2023-09-12,EV,FeasibleITransformer,48,0.0,12.61299991607666,2.0,26.60024642944336,75.8375473022461,26.60024642944336,75.8375473022461,4.715091228485107,20260731
2023-09-12,EV,FeasibleITransformer,64,8.376999855041504,18.39099884033203,1.875,49.224769592285156,77.50621032714844,49.224769592285156,77.50621032714844,3.9919211864471436,20260731
2023-09-12,EV,FeasibleITransformer,80,27.99199867248535,27.99199867248535,1.875,86.18144226074219,86.53926849365234,86.18144226074219,86.53926849365234,2.8083977699279785,20260731
2023-09-12,EV,FeasibleITransformer,84,27.99199867248535,27.99199867248535,0.0,97.11656951904297,97.20198822021484,97.11656951904297,97.20198822021484,1.732120394706726,20260731
2023-09-12,EV,FeasibleITransformer,96,27.99199867248535,27.99199867248535,0.0,108.86132049560547,108.86132049560547,108.86132049560547,108.86132049560547,0.6007954478263855,20260731
2023-09-13,EV,FeasibleITransformer,32,0.0,0.0,0.0,2.1085305213928223,2.6227290630340576,2.1085305213928223,2.6227290630340576,0.6237793564796448,20260731
2023-09-13,EV,FeasibleITransformer,48,6.0289998054504395,9.81399917602539,0.875,23.591175079345703,83.6232681274414,23.591175079345703,83.6232681274414,4.712761402130127,20260731
2023-09-13,EV,FeasibleITransformer,64,10.979000091552734,10.979000091552734,0.1875,55.42695236206055,86.60011291503906,55.42695236206055,86.60011291503906,5.2660698890686035,20260731
2023-09-13,EV,FeasibleITransformer,80,12.177999496459961,12.177999496459961,0.125,105.44119262695312,105.61299896240234,105.44119262695312,105.61299896240234,3.074422836303711,20260731
2023-09-13,EV,FeasibleITransformer,84,12.177999496459961,12.177999496459961,0.0,116.30973052978516,116.36901092529297,116.30973052978516,116.36901092529297,1.6856558322906494,20260731
2023-09-13,EV,FeasibleITransformer,96,12.177999496459961,12.177999496459961,0.0,127.50348663330078,127.50348663330078,127.50348663330078,127.50348663330078,0.5677273869514465,20260731
2023-09-14,EV,FeasibleITransformer,32,0.0,0.0,0.0,1.3574563264846802,3.413821220397949,1.3574563264846802,3.413821220397949,0.5787615776062012,20260731
2023-09-14,EV,FeasibleITransformer,48,0.0,0.0,0.0,15.289185523986816,64.32732391357422,15.289185523986816,64.32732391357422,4.027423858642578,20260731
2023-09-14,EV,FeasibleITransformer,64,2.309999942779541,2.309999942779541,0.125,51.597347259521484,68.80567169189453,51.597347259521484,68.80567169189453,5.0439887046813965,20260731
2023-09-14,EV,FeasibleITransformer,80,2.309999942779541,2.309999942779541,0.0,99.79371643066406,99.90667724609375,99.79371643066406,99.90667724609375,3.0906572341918945,20260731
2023-09-14,EV,FeasibleITransformer,84,2.309999942779541,2.309999942779541,0.0,109.13557434082031,109.18468475341797,109.13557434082031,109.18468475341797,1.4680944681167603,20260731
2023-09-14,EV,FeasibleITransformer,96,2.309999942779541,2.309999942779541,0.0,120.21659088134766,120.21659088134766,120.21659088134766,120.21659088134766,0.5784345865249634,20260731
2023-09-15,EV,FeasibleITransformer,32,0.0,0.0,0.0,0.9298139810562134,3.7658350467681885,0.9298139810562134,3.7658350467681885,0.526297390460968,20260731
2023-09-15,EV,FeasibleITransformer,48,0.0,5.942999839782715,0.625,9.435336112976074,47.8954963684082,9.435336112976074,47.8954963684082,3.4592995643615723,20260731
2023-09-15,EV,FeasibleITransformer,64,5.942999839782715,5.942999839782715,0.4375,52.476051330566406,53.45755386352539,52.476051330566406,53.45755386352539,4.016412734985352,20260731
2023-09-15,EV,FeasibleITransformer,80,5.942999839782715,5.942999839782715,0.0,85.2618408203125,85.27568817138672,85.2618408203125,85.27568817138672,2.9520905017852783,20260731
2023-09-15,EV,FeasibleITransformer,84,5.942999839782715,5.942999839782715,0.0,93.07069396972656,93.07069396972656,93.07069396972656,93.07069396972656,1.2107614278793335,20260731
2023-09-15,EV,FeasibleITransformer,96,5.942999839782715,5.942999839782715,0.0,104.38179779052734,104.38179779052734,104.38179779052734,104.38179779052734,0.5735921859741211,20260731
2023-09-16,EV,FeasibleITransformer,32,0.0,0.0,0.0,0.9888655543327332,2.963494062423706,0.9888655543327332,2.963494062423706,0.4953533709049225,20260731
2023-09-16,EV,FeasibleITransformer,48,0.0,0.0,0.0,7.383767127990723,36.70193862915039,7.383767127990723,36.70193862915039,2.846851348876953,20260731
2023-09-16,EV,FeasibleITransformer,64,0.0,0.0,0.0,39.034461975097656,39.137977600097656,39.034461975097656,39.137977600097656,2.8407182693481445,20260731
2023-09-16,EV,FeasibleITransformer,80,0.0,0.0,0.0,64.78099060058594,64.78424072265625,64.78099060058594,64.78424072265625,2.8769845962524414,20260731
2023-09-16,EV,FeasibleITransformer,84,0.0,0.0,0.0,71.75621795654297,71.75638580322266,71.75621795654297,71.75638580322266,1.1207393407821655,20260731
2023-09-16,EV,FeasibleITransformer,96,0.0,0.0,0.0,83.32649993896484,83.32649993896484,83.32649993896484,83.32649993896484,0.598864734172821,20260731
2023-09-17,EV,FeasibleITransformer,32,0.0,0.0,0.0,1.5263241529464722,2.1649298667907715,1.5263241529464722,2.1649298667907715,0.5108991861343384,20260731
2023-09-17,EV,FeasibleITransformer,48,0.0,0.0,0.0,9.922279357910156,40.83633041381836,9.922279357910156,40.83633041381836,2.8556082248687744,20260731
2023-09-17,EV,FeasibleITransformer,64,0.0,0.0,0.0,37.87680435180664,42.679073333740234,37.87680435180664,42.679073333740234,2.4992973804473877,20260731
2023-09-17,EV,FeasibleITransformer,80,19.96299934387207,23.738000869750977,0.9375,60.085201263427734,60.09520721435547,60.085201263427734,60.09520721435547,3.015989303588867,20260731
2023-09-17,EV,FeasibleITransformer,84,26.562999725341797,30.33799934387207,1.0,67.54070281982422,67.54074096679688,67.54070281982422,67.54074096679688,1.1732090711593628,20260731
2023-09-17,EV,FeasibleITransformer,96,43.06300354003906,43.06300354003906,0.8333333134651184,79.24188232421875,79.24188232421875,79.24188232421875,79.24188232421875,0.6139792203903198,20260731
2023-09-18,EV,FeasibleITransformer,32,0.0,0.0,0.0,1.5628206729888916,1.603011965751648,1.5628206729888916,1.603011965751648,0.5522022247314453,20260731
2023-09-18,EV,FeasibleITransformer,48,0.0,4.401000022888184,0.625,17.408849716186523,58.249916076660156,17.408849716186523,58.249916076660156,3.8834521770477295,20260731
2023-09-18,EV,FeasibleITransformer,64,4.401000022888184,4.401000022888184,0.4375,41.814178466796875,59.79550552368164,41.814178466796875,59.79550552368164,2.976044178009033,20260731
2023-09-18,EV,FeasibleITransformer,80,6.171000003814697,14.300999641418457,0.375,69.56819152832031,69.74302673339844,69.56819152832031,69.74302673339844,2.9461376667022705,20260731
2023-09-18,EV,FeasibleITransformer,84,12.770999908447266,16.070999145507812,1.0,78.76713562011719,78.82808685302734,78.76713562011719,78.82808685302734,1.4571293592453003,20260731
2023-09-18,EV,FeasibleITransformer,96,17.8439998626709,17.8439998626709,0.4166666865348816,90.88780975341797,90.88780975341797,90.88780975341797,90.88780975341797,0.6329081654548645,20260731
2023-09-19,EV,FeasibleITransformer,32,0.0,0.0,0.0,1.5223627090454102,1.6066151857376099,1.5223627090454102,1.6066151857376099,0.6072840690612793,20260731
2023-09-19,EV,FeasibleITransformer,48,18.121000289916992,22.28999900817871,1.0625,23.17677116394043,74.38915252685547,23.17677116394043,74.38915252685547,4.354620933532715,20260731
2023-09-19,EV,FeasibleITransformer,64,39.57099914550781,39.57099914550781,0.8125,47.718101501464844,76.91848754882812,47.718101501464844,76.91848754882812,3.75539231300354,20260731
2023-09-19,EV,FeasibleITransformer,80,39.57099914550781,39.57099914550781,0.0,85.4222412109375,86.21226501464844,85.4222412109375,86.21226501464844,2.873934507369995,20260731
2023-09-19,EV,FeasibleITransformer,84,39.57099914550781,39.57099914550781,0.0,96.2090072631836,96.51292419433594,96.2090072631836,96.51292419433594,1.752744197845459,20260731
2023-09-19,EV,FeasibleITransformer,96,39.57099914550781,39.57099914550781,0.0,108.39136505126953,108.39136505126953,108.39136505126953,108.39136505126953,0.6183995008468628,20260731
2023-09-20,EV,FeasibleITransformer,32,0.0,0.0,0.0,1.6523375511169434,1.8935248851776123,1.6523375511169434,1.8935248851776123,0.5883278250694275,20260731
2023-09-20,EV,FeasibleITransformer,48,8.416999816894531,10.910999298095703,0.625,22.158517837524414,80.57284545898438,22.158517837524414,80.57284545898438,4.463572025299072,20260731
2023-09-20,EV,FeasibleITransformer,64,34.91600036621094,34.91600036621094,1.3125,51.456077575683594,82.59659576416016,51.456077575683594,82.59659576416016,4.638304233551025,20260731
2023-09-20,EV,FeasibleITransformer,80,34.91600036621094,34.91600036621094,0.0,98.5166015625,99.19171905517578,98.5166015625,99.19171905517578,2.8918778896331787,20260731
2023-09-20,EV,FeasibleITransformer,84,34.91600036621094,34.91600036621094,0.0,110.06608581542969,110.16841125488281,110.06608581542969,110.16841125488281,1.7804062366485596,20260731
2023-09-20,EV,FeasibleITransformer,96,34.91600036621094,34.91600036621094,0.0,122.1501693725586,122.1501693725586,122.1501693725586,122.1501693725586,0.6114653944969177,20260731
2023-09-21,EV,FeasibleITransformer,32,1.4249999523162842,4.949999809265137,0.09375,1.250876784324646,2.795964241027832,1.250876784324646,2.795964241027832,0.5667296051979065,20260731
2023-09-21,EV,FeasibleITransformer,48,24.524999618530273,24.524999618530273,0.875,14.893142700195312,65.38839721679688,14.893142700195312,65.38839721679688,3.836998462677002,20260731
2023-09-21,EV,FeasibleITransformer,64,25.850000381469727,25.850000381469727,0.0625,52.11967468261719,69.34474182128906,52.11967468261719,69.34474182128906,4.675111770629883,20260731
2023-09-21,EV,FeasibleITransformer,80,32.018001556396484,32.018001556396484,0.4375,97.40689086914062,97.82687377929688,97.40689086914062,97.82687377929688,2.809006929397583,20260731
2023-09-21,EV,FeasibleITransformer,84,32.018001556396484,32.018001556396484,0.0,107.16738891601562,107.2529296875,107.16738891601562,107.2529296875,1.548403024673462,20260731
2023-09-21,EV,FeasibleITransformer,96,32.018001556396484,32.018001556396484,0.0,119.16788482666016,119.16788482666016,119.16788482666016,119.16788482666016,0.6072629690170288,20260731
2023-09-22,EV,FeasibleITransformer,32,0.2199999988079071,3.299999952316284,0.0625,0.9617506861686707,3.2413489818573,0.9617506861686707,3.2413489818573,0.5220862030982971,20260731
2023-09-22,EV,FeasibleITransformer,48,23.31999969482422,23.31999969482422,0.875,8.915874481201172,45.78445816040039,8.915874481201172,45.78445816040039,3.1778500080108643,20260731
2023-09-22,EV,FeasibleITransformer,64,23.31999969482422,23.31999969482422,0.0,48.93854522705078,50.10523986816406,48.93854522705078,50.10523986816406,3.6249544620513916,20260731
2023-09-22,EV,FeasibleITransformer,80,24.124000549316406,24.124000549316406,0.0625,82.81656646728516,82.84618377685547,82.81656646728516,82.84618377685547,2.8543667793273926,20260731
2023-09-22,EV,FeasibleITransformer,84,24.124000549316406,24.124000549316406,0.0,90.71966552734375,90.71966552734375,90.71966552734375,90.71966552734375,1.2183741331100464,20260731
2023-09-22,EV,FeasibleITransformer,96,24.124000549316406,24.124000549316406,0.0,102.00721740722656,102.00721740722656,102.00721740722656,102.00721740722656,0.5799114108085632,20260731
2023-09-23,EV,FeasibleITransformer,32,0.0,0.0,0.0,1.1831415891647339,2.9855785369873047,1.1831415891647339,2.9855785369873047,0.5092174410820007,20260731
2023-09-23,EV,FeasibleITransformer,48,0.0,0.0,0.0,7.630667686462402,36.97620391845703,7.630667686462402,36.97620391845703,2.726083278656006,20260731
2023-09-23,EV,FeasibleITransformer,64,0.0,0.0,0.0,39.61225128173828,39.712825775146484,39.61225128173828,39.712825775146484,2.734436511993408,20260731
2023-09-23,EV,FeasibleITransformer,80,0.0,0.0,0.0,66.36446380615234,66.39048767089844,66.36446380615234,66.39048767089844,2.836376190185547,20260731
2023-09-23,EV,FeasibleITransformer,84,0.0,0.0,0.0,73.32313537597656,73.32313537597656,73.32313537597656,73.32313537597656,1.1123895645141602,20260731
2023-09-23,EV,FeasibleITransformer,96,0.0,0.0,0.0,85.1468734741211,85.1468734741211,85.1468734741211,85.1468734741211,0.6075406074523926,20260731
2023-09-24,EV,FeasibleITransformer,32,0.0,0.0,0.0,1.9500187635421753,2.3476247787475586,1.9500187635421753,2.3476247787475586,0.5304787158966064,20260731
2023-09-24,EV,FeasibleITransformer,48,0.0,0.0,0.0,11.269400596618652,42.86860275268555,11.269400596618652,42.86860275268555,2.944390058517456,20260731
2023-09-24,EV,FeasibleITransformer,64,11.263999938964844,11.263999938964844,0.5,40.593379974365234,45.43727493286133,40.593379974365234,45.43727493286133,2.4148123264312744,20260731
2023-09-24,EV,FeasibleITransformer,80,30.326000213623047,30.326000213623047,0.75,65.84628295898438,65.88407897949219,65.84628295898438,65.88407897949219,3.1817121505737305,20260731
2023-09-24,EV,FeasibleITransformer,84,30.326000213623047,30.326000213623047,0.0,73.60708618164062,73.60708618164062,73.60708618164062,73.60708618164062,1.2211438417434692,20260731
2023-09-24,EV,FeasibleITransformer,96,30.326000213623047,30.326000213623047,0.0,85.95451354980469,85.95451354980469,85.95451354980469,85.95451354980469,0.6422436237335205,20260731
2023-09-25,EV,FeasibleITransformer,32,0.0,0.0,0.0,1.5625934600830078,1.5819170475006104,1.5625934600830078,1.5819170475006104,0.5538163185119629,20260731
2023-09-25,EV,FeasibleITransformer,48,0.0,4.949999809265137,0.1875,18.41556739807129,59.17354202270508,18.41556739807129,59.17354202270508,3.829453706741333,20260731
2023-09-25,EV,FeasibleITransformer,64,27.452999114990234,30.588998794555664,2.1875,42.57678985595703,61.382781982421875,42.57678985595703,61.382781982421875,2.8493261337280273,20260731
2023-09-25,EV,FeasibleITransformer,80,38.21699905395508,38.21699905395508,0.6875,72.94245147705078,73.17849731445312,72.94245147705078,73.17849731445312,2.9914753437042236,20260731
2023-09-25,EV,FeasibleITransformer,84,38.21699905395508,38.21699905395508,0.0,82.18927001953125,82.31173706054688,82.18927001953125,82.31173706054688,1.5217458009719849,20260731
2023-09-25,EV,FeasibleITransformer,96,38.21699905395508,38.21699905395508,0.0,94.6220474243164,94.6220474243164,94.6220474243164,94.6220474243164,0.644878625869751,20260731
2023-09-26,EV,FeasibleITransformer,32,0.7059999704360962,0.7059999704360962,0.3125,1.3743512630462646,1.4627416133880615,1.3743512630462646,1.4627416133880615,0.599525511264801,20260731
2023-09-26,EV,FeasibleITransformer,48,0.7059999704360962,15.610000610351562,0.875,22.971128463745117,74.24652862548828,22.971128463745117,74.24652862548828,4.062547206878662,20260731
2023-09-26,EV,FeasibleITransformer,64,25.2239990234375,35.124000549316406,1.875,45.6407356262207,76.25559997558594,45.6407356262207,76.25559997558594,3.6703696250915527,20260731
2023-09-26,EV,FeasibleITransformer,80,35.124000549316406,35.124000549316406,0.375,85.25119018554688,85.73866271972656,85.25119018554688,85.73866271972656,2.853339672088623,20260731
2023-09-26,EV,FeasibleITransformer,84,35.124000549316406,35.124000549316406,0.0,96.46627807617188,96.46627807617188,96.46627807617188,96.46627807617188,1.7024331092834473,20260731
2023-09-26,EV,FeasibleITransformer,96,35.124000549316406,35.124000549316406,0.0,108.29000091552734,108.29000091552734,108.29000091552734,108.29000091552734,0.597149670124054,20260731
2023-09-27,EV,FeasibleITransformer,32,0.0,1.649999976158142,0.03125,1.710903525352478,1.803023338317871,1.710903525352478,1.803023338317871,0.6241053342819214,20260731
2023-09-27,EV,FeasibleITransformer,48,33.77899932861328,40.93899917602539,2.4375,21.9095458984375,80.00064849853516,21.9095458984375,80.00064849853516,4.00183629989624,20260731
2023-09-27,EV,FeasibleITransformer,64,81.39800262451172,81.39800262451172,2.0625,51.963565826416016,82.86474609375,51.963565826416016,82.86474609375,4.703770160675049,20260731
2023-09-27,EV,FeasibleITransformer,80,95.2760009765625,95.2760009765625,0.5625,100.93498229980469,101.02163696289062,100.93498229980469,101.02163696289062,2.768494129180908,20260731
2023-09-27,EV,FeasibleITransformer,84,95.2760009765625,95.2760009765625,0.0,111.96833038330078,112.02606201171875,111.96833038330078,112.02606201171875,1.7081743478775024,20260731
2023-09-27,EV,FeasibleITransformer,96,95.2760009765625,95.2760009765625,0.0,123.1415023803711,123.1415023803711,123.1415023803711,123.1415023803711,0.5703573822975159,20260731
2023-09-28,EV,FeasibleITransformer,32,2.5880000591278076,4.949999809265137,0.09375,1.3792448043823242,2.8472988605499268,1.3792448043823242,2.8472988605499268,0.6028422713279724,20260731
2023-09-28,EV,FeasibleITransformer,48,11.854000091552734,13.503999710083008,1.0625,14.582406044006348,63.73592758178711,14.582406044006348,63.73592758178711,3.4798266887664795,20260731
2023-09-28,EV,FeasibleITransformer,64,24.446998596191406,24.446998596191406,0.5,49.96384048461914,67.55899810791016,49.96384048461914,67.55899810791016,4.616039752960205,20260731
2023-09-28,EV,FeasibleITransformer,80,24.446998596191406,24.446998596191406,0.0,98.32083892822266,98.3997573852539,98.32083892822266,98.3997573852539,2.904592752456665,20260731
2023-09-28,EV,FeasibleITransformer,84,24.446998596191406,24.446998596191406,0.0,107.84620666503906,107.8858413696289,107.84620666503906,107.8858413696289,1.473433256149292,20260731
2023-09-28,EV,FeasibleITransformer,96,24.446998596191406,24.446998596191406,0.0,119.01087188720703,119.01087188720703,119.01087188720703,119.01087188720703,0.5681869387626648,20260731
2023-09-29,EV,FeasibleITransformer,32,0.0,0.0,0.0,0.9569706916809082,3.125884532928467,0.9569706916809082,3.125884532928467,0.546907901763916,20260731
2023-09-29,EV,FeasibleITransformer,48,0.0,9.854999542236328,1.5625,8.873714447021484,45.831748962402344,8.873714447021484,45.831748962402344,3.0257229804992676,20260731
2023-09-29,EV,FeasibleITransformer,64,3.5899999141693115,12.672999382019043,2.5,49.446083068847656,50.76643371582031,49.446083068847656,50.76643371582031,3.7378640174865723,20260731
2023-09-29,EV,FeasibleITransformer,80,12.672999382019043,12.672999382019043,0.625,83.56519317626953,83.57086181640625,83.56519317626953,83.57086181640625,2.7104239463806152,20260731
2023-09-29,EV,FeasibleITransformer,84,12.672999382019043,12.672999382019043,0.0,91.44296264648438,91.44296264648438,91.44296264648438,91.44296264648438,1.2078970670700073,20260731
2023-09-29,EV,FeasibleITransformer,96,12.672999382019043,12.672999382019043,0.0,102.61891174316406,102.61891174316406,102.61891174316406,102.61891174316406,0.5720769166946411,20260731
2023-09-30,EV,FeasibleITransformer,32,0.0,0.0,0.0,1.2035362720489502,2.9966249465942383,1.2035362720489502,2.9966249465942383,0.5093413591384888,20260731
2023-09-30,EV,FeasibleITransformer,48,14.746000289916992,16.889999389648438,1.0625,8.073793411254883,39.42460632324219,8.073793411254883,39.42460632324219,2.880173444747925,20260731
2023-09-30,EV,FeasibleITransformer,64,26.32699966430664,37.84600067138672,0.875,43.72526168823242,43.8441047668457,43.72526168823242,43.8441047668457,3.023561954498291,20260731
2023-09-30,EV,FeasibleITransformer,80,42.82699966430664,42.82699966430664,0.625,73.85558319091797,73.85558319091797,73.85558319091797,73.85558319091797,2.9734017848968506,20260731
2023-09-30,EV,FeasibleITransformer,84,42.82699966430664,42.82699966430664,0.0,80.95063781738281,80.95063781738281,80.95063781738281,80.95063781738281,1.0976990461349487,20260731
2023-09-30,EV,FeasibleITransformer,96,47.4640007019043,47.4640007019043,0.3333333432674408,92.51537322998047,92.51537322998047,92.51537322998047,92.51537322998047,0.5948777198791504,20260731
2023-07-01,ChargerMatched,FeasibleITransformer,32,0.0,0.0,0.0,1.9082717895507812,6.7463788986206055,1.9082717895507812,6.7463788986206055,0.2135157585144043,20260731
2023-07-01,ChargerMatched,FeasibleITransformer,48,0.0,0.0,0.0,7.929847717285156,16.050331115722656,7.929847717285156,16.050331115722656,1.9725754261016846,20260731
2023-07-01,ChargerMatched,FeasibleITransformer,64,0.0,8.269000053405762,0.6875,16.43756866455078,20.395313262939453,16.43756866455078,20.395313262939453,1.2023299932479858,20260731
2023-07-01,ChargerMatched,FeasibleITransformer,80,0.0,8.269000053405762,1.0,19.12409782409668,24.093311309814453,19.12409782409668,24.093311309814453,1.7002718448638916,20260731
2023-07-01,ChargerMatched,FeasibleITransformer,84,1.6690000295639038,8.269000053405762,1.0,24.844566345214844,25.78706169128418,24.844566345214844,25.78706169128418,0.6085728406906128,20260731
2023-07-01,ChargerMatched,FeasibleITransformer,96,8.269000053405762,8.269000053405762,0.3333333432674408,28.98360824584961,28.98360824584961,28.98360824584961,28.98360824584961,0.5814254879951477,20260731
2023-07-02,ChargerMatched,FeasibleITransformer,32,0.0,0.0,0.0,2.065340995788574,4.192461013793945,2.065340995788574,4.192461013793945,0.21798951923847198,20260731
2023-07-02,ChargerMatched,FeasibleITransformer,48,0.0,0.0,0.0,7.025292873382568,12.857461929321289,7.025292873382568,12.857461929321289,1.8149555921554565,20260731
2023-07-02,ChargerMatched,FeasibleITransformer,64,0.0,0.0,0.0,13.0882568359375,15.97288703918457,13.0882568359375,15.97288703918457,0.9702233076095581,20260731
2023-07-02,ChargerMatched,FeasibleITransformer,80,14.317999839782715,18.149999618530273,0.6875,15.274089813232422,18.095521926879883,15.274089813232422,18.095521926879883,1.6050784587860107,20260731
2023-07-02,ChargerMatched,FeasibleITransformer,84,20.917999267578125,24.75,1.0,18.931371688842773,19.483097076416016,18.931371688842773,19.483097076416016,0.7989867329597473,20260731
2023-07-02,ChargerMatched,FeasibleITransformer,96,25.868000030517578,25.868000030517578,0.25,21.287904739379883,21.287904739379883,21.287904739379883,21.287904739379883,0.5491325855255127,20260731
2023-07-03,ChargerMatched,FeasibleITransformer,32,0.0,0.0,0.0,2.308687448501587,2.7473230361938477,2.308687448501587,2.7473230361938477,0.29075852036476135,20260731
2023-07-03,ChargerMatched,FeasibleITransformer,48,0.0,8.196000099182129,0.375,7.241714954376221,12.24882984161377,7.241714954376221,12.24882984161377,1.5251030921936035,20260731
2023-07-03,ChargerMatched,FeasibleITransformer,64,21.006000518798828,30.029998779296875,2.0,10.769771575927734,14.143275260925293,10.769771575927734,14.143275260925293,1.0058619976043701,20260731
2023-07-03,ChargerMatched,FeasibleITransformer,80,41.68299865722656,41.68299865722656,1.3125,12.80906867980957,15.6912841796875,12.80906867980957,15.6912841796875,1.536942481994629,20260731
2023-07-03,ChargerMatched,FeasibleITransformer,84,41.68299865722656,41.68299865722656,0.0,16.13176727294922,16.688982009887695,16.13176727294922,16.688982009887695,1.0542199611663818,20260731
2023-07-03,ChargerMatched,FeasibleITransformer,96,41.68299865722656,41.68299865722656,0.0,17.770437240600586,17.770437240600586,17.770437240600586,17.770437240600586,0.4143272042274475,20260731
2023-07-04,ChargerMatched,FeasibleITransformer,32,0.0,0.0,0.0,1.4747041463851929,1.6935358047485352,1.4747041463851929,1.6935358047485352,0.376881867647171,20260731
2023-07-04,ChargerMatched,FeasibleITransformer,48,0.0,0.0,0.0,5.357945442199707,10.628376960754395,5.357945442199707,10.628376960754395,1.2743456363677979,20260731
2023-07-04,ChargerMatched,FeasibleITransformer,64,0.0,0.0,0.0,7.993458271026611,11.945138931274414,7.993458271026611,11.945138931274414,1.4290897846221924,20260731
2023-07-04,ChargerMatched,FeasibleITransformer,80,0.0,0.0,0.0,9.74776840209961,13.797517776489258,9.74776840209961,13.797517776489258,1.1616802215576172,20260731
2023-07-04,ChargerMatched,FeasibleITransformer,84,0.0,0.0,0.0,13.971116065979004,14.56588363647461,13.971116065979004,14.56588363647461,1.1492797136306763,20260731
2023-07-04,ChargerMatched,FeasibleITransformer,96,0.0,0.0,0.0,15.47497844696045,15.47497844696045,15.47497844696045,15.47497844696045,0.2951042950153351,20260731
2023-07-05,ChargerMatched,FeasibleITransformer,32,0.0,9.899999618530273,0.1875,1.439131498336792,2.187194585800171,1.439131498336792,2.187194585800171,0.41793954372406006,20260731
2023-07-05,ChargerMatched,FeasibleITransformer,48,0.0,32.875,1.875,5.393065452575684,11.757556915283203,5.393065452575684,11.757556915283203,1.471235990524292,20260731
2023-07-05,ChargerMatched,FeasibleITransformer,64,36.58399963378906,46.07500076293945,2.4375,8.723649978637695,13.08681869506836,8.723649978637695,13.08681869506836,1.7601324319839478,20260731
2023-07-05,ChargerMatched,FeasibleITransformer,80,46.48400115966797,46.48400115966797,0.375,10.16242790222168,15.595132827758789,10.16242790222168,15.595132827758789,0.9595202207565308,20260731
2023-07-05,ChargerMatched,FeasibleITransformer,84,46.48400115966797,46.48400115966797,0.0,15.38454818725586,16.261232376098633,15.38454818725586,16.261232376098633,1.095170021057129,20260731
2023-07-05,ChargerMatched,FeasibleITransformer,96,46.48400115966797,46.48400115966797,0.0,17.410282135009766,17.410282135009766,17.410282135009766,17.410282135009766,0.3219384253025055,20260731
2023-07-06,ChargerMatched,FeasibleITransformer,32,0.0,0.0,0.0,1.0323864221572876,3.657683849334717,1.0323864221572876,3.657683849334717,0.3684914708137512,20260731
2023-07-06,ChargerMatched,FeasibleITransformer,48,0.0,8.276000022888184,0.5,5.039954662322998,11.740816116333008,5.039954662322998,11.740816116333008,1.425605058670044,20260731
2023-07-06,ChargerMatched,FeasibleITransformer,64,8.276000022888184,12.000999450683594,1.1875,9.384294509887695,13.230594635009766,9.384294509887695,13.230594635009766,1.5401942729949951,20260731
2023-07-06,ChargerMatched,FeasibleITransformer,80,16.927000045776367,16.927000045776367,0.5,10.621084213256836,16.441600799560547,10.621084213256836,16.441600799560547,0.8784194588661194,20260731
2023-07-06,ChargerMatched,FeasibleITransformer,84,16.927000045776367,16.927000045776367,0.0,16.196414947509766,17.184457778930664,16.196414947509766,17.184457778930664,0.8534850478172302,20260731
2023-07-06,ChargerMatched,FeasibleITransformer,96,16.927000045776367,16.927000045776367,0.0,18.866973876953125,18.866973876953125,18.866973876953125,18.866973876953125,0.3486146330833435,20260731
2023-07-07,ChargerMatched,FeasibleITransformer,32,0.0,0.0,0.0,1.691267967224121,7.6576104164123535,1.691267967224121,7.6576104164123535,0.27995580434799194,20260731
2023-07-07,ChargerMatched,FeasibleITransformer,48,0.0,16.874000549316406,0.875,6.700928688049316,17.333213806152344,6.700928688049316,17.333213806152344,1.7469829320907593,20260731
2023-07-07,ChargerMatched,FeasibleITransformer,64,15.632999420166016,28.83300018310547,1.875,15.018750190734863,20.92269515991211,15.018750190734863,20.92269515991211,1.7583868503570557,20260731
2023-07-07,ChargerMatched,FeasibleITransformer,80,28.83300018310547,28.83300018310547,0.5,18.014894485473633,26.28277587890625,18.014894485473633,26.28277587890625,1.7361822128295898,20260731
2023-07-07,ChargerMatched,FeasibleITransformer,84,28.83300018310547,28.83300018310547,0.0,26.096284866333008,27.68991470336914,26.096284866333008,27.68991470336914,0.8384754657745361,20260731
2023-07-07,ChargerMatched,FeasibleITransformer,96,28.83300018310547,28.83300018310547,0.0,31.452451705932617,31.452451705932617,31.452451705932617,31.452451705932617,0.5415277481079102,20260731
2023-07-08,ChargerMatched,FeasibleITransformer,32,0.0,0.0,0.0,1.6683964729309082,5.731295585632324,1.6683964729309082,5.731295585632324,0.19786673784255981,20260731
2023-07-08,ChargerMatched,FeasibleITransformer,48,0.0,11.701000213623047,1.0,6.882321357727051,14.766242980957031,6.882321357727051,14.766242980957031,1.825291395187378,20260731
2023-07-08,ChargerMatched,FeasibleITransformer,64,11.701000213623047,11.701000213623047,0.625,14.072952270507812,18.227773666381836,14.072952270507812,18.227773666381836,1.0660324096679688,20260731
2023-07-08,ChargerMatched,FeasibleITransformer,80,11.701000213623047,11.701000213623047,0.0,16.231430053710938,21.598581314086914,16.231430053710938,21.598581314086914,1.6938105821609497,20260731
2023-07-08,ChargerMatched,FeasibleITransformer,84,11.701000213623047,11.701000213623047,0.0,21.75720977783203,23.115402221679688,21.75720977783203,23.115402221679688,0.7526655197143555,20260731
2023-07-08,ChargerMatched,FeasibleITransformer,96,11.701000213623047,11.701000213623047,0.0,26.052352905273438,26.052352905273438,26.052352905273438,26.052352905273438,0.6061152219772339,20260731
2023-07-09,ChargerMatched,FeasibleITransformer,32,0.0,0.0,0.0,2.5916168689727783,4.0802717208862305,2.5916168689727783,4.0802717208862305,0.23917806148529053,20260731
2023-07-09,ChargerMatched,FeasibleITransformer,48,0.0,0.0,0.0,7.243521213531494,13.094511985778809,7.243521213531494,13.094511985778809,1.8664675951004028,20260731
2023-07-09,ChargerMatched,FeasibleITransformer,64,0.0,0.0,0.0,12.36114501953125,15.553342819213867,12.36114501953125,15.553342819213867,0.942127525806427,20260731
2023-07-09,ChargerMatched,FeasibleITransformer,80,0.0,0.0,0.0,14.458483695983887,17.52690315246582,14.458483695983887,17.52690315246582,1.576440453529358,20260731
2023-07-09,ChargerMatched,FeasibleITransformer,84,0.0,0.0,0.0,18.16722869873047,18.857112884521484,18.16722869873047,18.857112884521484,0.844346821308136,20260731
2023-07-09,ChargerMatched,FeasibleITransformer,96,0.0,0.0,0.0,20.668445587158203,20.668445587158203,20.668445587158203,20.668445587158203,0.543378472328186,20260731
2023-07-10,ChargerMatched,FeasibleITransformer,32,0.0,0.0,0.0,2.113349437713623,2.2791850566864014,2.113349437713623,2.2791850566864014,0.2952650487422943,20260731
2023-07-10,ChargerMatched,FeasibleITransformer,48,6.285999774932861,6.599999904632568,0.25,6.723081111907959,12.962386131286621,6.723081111907959,12.962386131286621,1.6617566347122192,20260731
2023-07-10,ChargerMatched,FeasibleITransformer,64,11.236000061035156,12.88599967956543,0.25,10.570021629333496,14.797908782958984,10.570021629333496,14.797908782958984,1.1093162298202515,20260731
2023-07-10,ChargerMatched,FeasibleITransformer,80,36.029998779296875,39.2859992980957,1.0,12.725030899047852,16.432830810546875,12.725030899047852,16.432830810546875,1.532745361328125,20260731
2023-07-10,ChargerMatched,FeasibleITransformer,84,39.33000183105469,39.33000183105469,0.5,16.703519821166992,17.434097290039062,16.703519821166992,17.434097290039062,0.9169264435768127,20260731
2023-07-10,ChargerMatched,FeasibleITransformer,96,39.33000183105469,39.33000183105469,0.0,18.55332374572754,18.55332374572754,18.55332374572754,18.55332374572754,0.3925755023956299,20260731
2023-07-11,ChargerMatched,FeasibleITransformer,32,0.0,4.949999809265137,0.09375,1.903923749923706,2.194288730621338,1.903923749923706,2.194288730621338,0.43277230858802795,20260731
2023-07-11,ChargerMatched,FeasibleITransformer,48,2.7079999446868896,31.350000381469727,1.0,6.727355480194092,14.439096450805664,6.727355480194092,14.439096450805664,1.529439091682434,20260731
2023-07-11,ChargerMatched,FeasibleITransformer,64,29.107999801635742,39.007999420166016,1.0,9.974600791931152,15.794780731201172,9.974600791931152,15.794780731201172,1.5262597799301147,20260731
2023-07-11,ChargerMatched,FeasibleITransformer,80,41.75899887084961,42.30799865722656,0.5,12.919832229614258,17.734664916992188,12.919832229614258,17.734664916992188,1.19711434841156,20260731
2023-07-11,ChargerMatched,FeasibleITransformer,84,43.409000396728516,43.409000396728516,0.25,17.47216033935547,18.50275421142578,17.47216033935547,18.50275421142578,1.244030475616455,20260731
2023-07-11,ChargerMatched,FeasibleITransformer,96,43.409000396728516,43.409000396728516,0.0,19.50151252746582,19.50151252746582,19.50151252746582,19.50151252746582,0.3154812753200531,20260731
2023-07-12,ChargerMatched,FeasibleITransformer,32,0.0,0.0,0.0,1.774707317352295,2.848236560821533,1.774707317352295,2.848236560821533,0.4584362804889679,20260731
2023-07-12,ChargerMatched,FeasibleITransformer,48,0.0,5.921000003814697,0.875,6.043335914611816,15.658181190490723,6.043335914611816,15.658181190490723,1.6001554727554321,20260731
2023-07-12,ChargerMatched,FeasibleITransformer,64,5.921000003814697,13.889999389648438,1.1875,10.077409744262695,16.952848434448242,10.077409744262695,16.952848434448242,1.72432541847229,20260731
2023-07-12,ChargerMatched,FeasibleITransformer,80,13.889999389648438,13.889999389648438,0.3125,13.980546951293945,19.720691680908203,13.980546951293945,19.720691680908203,0.9590358734130859,20260731
2023-07-12,ChargerMatched,FeasibleITransformer,84,13.889999389648438,13.889999389648438,0.0,19.302410125732422,20.45429039001465,19.302410125732422,20.45429039001465,1.050904393196106,20260731
2023-07-12,ChargerMatched,FeasibleITransformer,96,13.889999389648438,13.889999389648438,0.0,21.685380935668945,21.685380935668945,21.685380935668945,21.685380935668945,0.28399142622947693,20260731
2023-07-13,ChargerMatched,FeasibleITransformer,32,0.0,3.299999952316284,0.0625,1.4070607423782349,4.203171730041504,1.4070607423782349,4.203171730041504,0.35826218128204346,20260731
2023-07-13,ChargerMatched,FeasibleITransformer,48,35.59600067138672,37.246002197265625,1.625,6.2902727127075195,18.637163162231445,6.2902727127075195,18.637163162231445,1.7912861108779907,20260731
2023-07-13,ChargerMatched,FeasibleITransformer,64,45.45999526977539,45.45999526977539,1.0625,12.507158279418945,20.844459533691406,12.507158279418945,20.844459533691406,2.025176525115967,20260731
2023-07-13,ChargerMatched,FeasibleITransformer,80,45.45999526977539,45.45999526977539,0.0,18.248624801635742,25.731042861938477,18.248624801635742,25.731042861938477,1.1117857694625854,20260731
2023-07-13,ChargerMatched,FeasibleITransformer,84,45.45999526977539,45.45999526977539,0.0,25.146942138671875,26.767026901245117,25.146942138671875,26.767026901245117,0.8753089308738708,20260731
2023-07-13,ChargerMatched,FeasibleITransformer,96,45.45999526977539,45.45999526977539,0.0,29.334680557250977,29.334680557250977,29.334680557250977,29.334680557250977,0.3785225450992584,20260731
2023-07-14,ChargerMatched,FeasibleITransformer,32,0.0,0.0,0.0,1.5892562866210938,6.325716972351074,1.5892562866210938,6.325716972351074,0.2639907896518707,20260731
2023-07-14,ChargerMatched,FeasibleITransformer,48,0.0,0.0,0.0,7.8463029861450195,20.2819881439209,7.8463029861450195,20.2819881439209,1.956313967704773,20260731
2023-07-14,ChargerMatched,FeasibleITransformer,64,12.180000305175781,12.180000305175781,0.5,18.15338706970215,24.198516845703125,18.15338706970215,24.198516845703125,1.6836175918579102,20260731
2023-07-14,ChargerMatched,FeasibleITransformer,80,35.163002014160156,38.58000183105469,1.0,22.72603988647461,30.13809585571289,22.72603988647461,30.13809585571289,1.6005127429962158,20260731
2023-07-14,ChargerMatched,FeasibleITransformer,84,41.76300048828125,41.76300048828125,1.0,30.000316619873047,31.614286422729492,30.000316619873047,31.614286422729492,0.798978328704834,20260731
2023-07-14,ChargerMatched,FeasibleITransformer,96,41.76300048828125,41.76300048828125,0.0,35.663822174072266,35.663822174072266,35.663822174072266,35.663822174072266,0.46671736240386963,20260731
2023-07-15,ChargerMatched,FeasibleITransformer,32,0.0,0.0,0.0,1.8422938585281372,6.3753252029418945,1.8422938585281372,6.3753252029418945,0.20189666748046875,20260731
2023-07-15,ChargerMatched,FeasibleITransformer,48,0.0,0.0,0.0,8.6056547164917,19.091259002685547,8.6056547164917,19.091259002685547,2.318330764770508,20260731
2023-07-15,ChargerMatched,FeasibleITransformer,64,0.0,0.0,0.0,18.22187614440918,23.3514347076416,18.22187614440918,23.3514347076416,1.1541383266448975,20260731
2023-07-15,ChargerMatched,FeasibleITransformer,80,0.0,0.0,0.0,21.84210205078125,27.774810791015625,21.84210205078125,27.774810791015625,1.7252695560455322,20260731
2023-07-15,ChargerMatched,FeasibleITransformer,84,0.0,0.0,0.0,28.524526596069336,29.666370391845703,28.524526596069336,29.666370391845703,0.8101009726524353,20260731
2023-07-15,ChargerMatched,FeasibleITransformer,96,0.0,0.0,0.0,33.54553985595703,33.54553985595703,33.54553985595703,33.54553985595703,0.5830119252204895,20260731
2023-07-16,ChargerMatched,FeasibleITransformer,32,0.0,0.0,0.0,2.766026496887207,4.313205718994141,2.766026496887207,4.313205718994141,0.21473215520381927,20260731
2023-07-16,ChargerMatched,FeasibleITransformer,48,0.0,0.0,0.0,9.128232955932617,17.008852005004883,9.128232955932617,17.008852005004883,1.9628204107284546,20260731
2023-07-16,ChargerMatched,FeasibleITransformer,64,0.0,0.0,0.0,15.04149341583252,20.112890243530273,15.04149341583252,20.112890243530273,0.8922090530395508,20260731
2023-07-16,ChargerMatched,FeasibleITransformer,80,0.0,0.0,0.0,19.910694122314453,23.559022903442383,19.910694122314453,23.559022903442383,2.039367914199829,20260731
2023-07-16,ChargerMatched,FeasibleITransformer,84,0.0,0.0,0.0,25.248035430908203,25.76800537109375,25.248035430908203,25.76800537109375,1.0167429447174072,20260731
2023-07-16,ChargerMatched,FeasibleITransformer,96,0.0,0.0,0.0,28.882972717285156,28.882972717285156,28.882972717285156,28.882972717285156,0.5036879181861877,20260731
2023-07-17,ChargerMatched,FeasibleITransformer,32,0.0,3.299999952316284,0.0625,1.9008793830871582,2.436131238937378,1.9008793830871582,2.436131238937378,0.2833656966686249,20260731
2023-07-17,ChargerMatched,FeasibleITransformer,48,15.423999786376953,28.35300064086914,1.8125,8.753482818603516,16.720436096191406,8.753482818603516,16.720436096191406,1.7973116636276245,20260731
2023-07-17,ChargerMatched,FeasibleITransformer,64,27.84600067138672,32.79600143432617,1.5,13.667013168334961,19.211641311645508,13.667013168334961,19.211641311645508,0.9406152367591858,20260731
2023-07-17,ChargerMatched,FeasibleITransformer,80,32.79600143432617,32.79600143432617,0.1875,19.45092010498047,22.647462844848633,19.45092010498047,22.647462844848633,1.6475452184677124,20260731
2023-07-17,ChargerMatched,FeasibleITransformer,84,32.79600143432617,32.79600143432617,0.0,24.213611602783203,24.566638946533203,24.213611602783203,24.566638946533203,1.06464684009552,20260731
2023-07-17,ChargerMatched,FeasibleITransformer,96,32.79600143432617,32.79600143432617,0.0,26.665740966796875,26.665740966796875,26.665740966796875,26.665740966796875,0.34757158160209656,20260731
2023-07-18,ChargerMatched,FeasibleITransformer,32,0.0,1.649999976158142,0.03125,1.7695379257202148,2.465576171875,1.7695379257202148,2.465576171875,0.4114757478237152,20260731
2023-07-18,ChargerMatched,FeasibleITransformer,48,30.812999725341797,49.5,1.8125,8.083919525146484,20.086910247802734,8.083919525146484,20.086910247802734,1.7993727922439575,20260731
2023-07-18,ChargerMatched,FeasibleITransformer,64,68.76300048828125,68.76300048828125,1.4375,12.638683319091797,21.82247543334961,12.638683319091797,21.82247543334961,1.6059668064117432,20260731
2023-07-18,ChargerMatched,FeasibleITransformer,80,68.76300048828125,68.76300048828125,0.0,19.474958419799805,24.578651428222656,19.474958419799805,24.578651428222656,1.2432056665420532,20260731
2023-07-18,ChargerMatched,FeasibleITransformer,84,68.76300048828125,68.76300048828125,0.0,24.90204429626465,25.57329559326172,24.90204429626465,25.57329559326172,1.1612298488616943,20260731
2023-07-18,ChargerMatched,FeasibleITransformer,96,68.76300048828125,68.76300048828125,0.0,27.001577377319336,27.001577377319336,27.001577377319336,27.001577377319336,0.28242745995521545,20260731
2023-07-19,ChargerMatched,FeasibleITransformer,32,0.0,25.990999221801758,0.5,1.6386076211929321,2.4926974773406982,1.6386076211929321,2.4926974773406982,0.4456261992454529,20260731
2023-07-19,ChargerMatched,FeasibleITransformer,48,25.095001220703125,31.69499969482422,1.5625,8.292685508728027,18.494171142578125,8.292685508728027,18.494171142578125,1.7804090976715088,20260731
2023-07-19,ChargerMatched,FeasibleITransformer,64,40.73999786376953,40.73999786376953,0.875,12.846158981323242,19.923982620239258,12.846158981323242,19.923982620239258,1.744472861289978,20260731
2023-07-19,ChargerMatched,FeasibleITransformer,80,40.73999786376953,40.73999786376953,0.0,15.640893936157227,22.921619415283203,15.640893936157227,22.921619415283203,0.946906328201294,20260731
2023-07-19,ChargerMatched,FeasibleITransformer,84,40.73999786376953,40.73999786376953,0.0,22.466232299804688,23.629396438598633,22.466232299804688,23.629396438598633,1.151607632637024,20260731
2023-07-19,ChargerMatched,FeasibleITransformer,96,40.73999786376953,40.73999786376953,0.0,25.04477310180664,25.04477310180664,25.04477310180664,25.04477310180664,0.2768855690956116,20260731
2023-07-20,ChargerMatched,FeasibleITransformer,32,0.0,0.0,0.0,1.1720913648605347,5.500053405761719,1.1720913648605347,5.500053405761719,0.4446636438369751,20260731
2023-07-20,ChargerMatched,FeasibleITransformer,48,11.159000396728516,17.759000778198242,0.9375,9.55522346496582,23.69558334350586,9.55522346496582,23.69558334350586,2.0128650665283203,20260731
2023-07-20,ChargerMatched,FeasibleITransformer,64,17.759000778198242,17.759000778198242,0.25,17.230344772338867,26.113075256347656,17.230344772338867,26.113075256347656,1.9044634103775024,20260731
2023-07-20,ChargerMatched,FeasibleITransformer,80,17.759000778198242,17.759000778198242,0.0,25.056758880615234,31.64202880859375,25.056758880615234,31.64202880859375,1.065567970275879,20260731
2023-07-20,ChargerMatched,FeasibleITransformer,84,17.759000778198242,17.759000778198242,0.0,31.82254981994629,32.8282470703125,31.82254981994629,32.8282470703125,0.8955339193344116,20260731
2023-07-20,ChargerMatched,FeasibleITransformer,96,17.759000778198242,17.759000778198242,0.0,35.49232482910156,35.49232482910156,35.49232482910156,35.49232482910156,0.31574442982673645,20260731
2023-07-21,ChargerMatched,FeasibleITransformer,32,0.0,0.0,0.0,1.470564842224121,7.357349872589111,1.470564842224121,7.357349872589111,0.3028174936771393,20260731
2023-07-21,ChargerMatched,FeasibleITransformer,48,0.7179999947547913,4.01800012588501,0.1875,8.95812702178955,21.632408142089844,8.95812702178955,21.632408142089844,2.1201629638671875,20260731
2023-07-21,ChargerMatched,FeasibleITransformer,64,4.01800012588501,4.01800012588501,0.125,18.21954917907715,25.461275100708008,18.21954917907715,25.461275100708008,1.4700489044189453,20260731
2023-07-21,ChargerMatched,FeasibleITransformer,80,7.895999908447266,7.895999908447266,0.1875,25.804222106933594,32.14726257324219,25.804222106933594,32.14726257324219,1.521056890487671,20260731
2023-07-21,ChargerMatched,FeasibleITransformer,84,7.895999908447266,7.895999908447266,0.0,33.18560791015625,34.13196563720703,33.18560791015625,34.13196563720703,0.8410965204238892,20260731
2023-07-21,ChargerMatched,FeasibleITransformer,96,7.895999908447266,7.895999908447266,0.0,38.454490661621094,38.454490661621094,38.454490661621094,38.454490661621094,0.4376537799835205,20260731
2023-07-22,ChargerMatched,FeasibleITransformer,32,0.0,1.649999976158142,0.03125,1.6818444728851318,5.000523090362549,1.6818444728851318,5.000523090362549,0.2528170943260193,20260731
2023-07-22,ChargerMatched,FeasibleITransformer,48,0.0,11.82699966430664,1.0,7.468077659606934,15.69103717803955,7.468077659606934,15.69103717803955,2.1839277744293213,20260731
2023-07-22,ChargerMatched,FeasibleITransformer,64,11.82699966430664,11.82699966430664,0.5,15.402530670166016,19.10369873046875,15.402530670166016,19.10369873046875,0.9060514569282532,20260731
2023-07-22,ChargerMatched,FeasibleITransformer,80,11.82699966430664,11.82699966430664,0.0,17.461727142333984,22.289220809936523,17.461727142333984,22.289220809936523,1.5322484970092773,20260731
2023-07-22,ChargerMatched,FeasibleITransformer,84,11.82699966430664,11.82699966430664,0.0,22.699134826660156,23.607397079467773,22.699134826660156,23.607397079467773,0.685378909111023,20260731
2023-07-22,ChargerMatched,FeasibleITransformer,96,11.82699966430664,11.82699966430664,0.0,26.472049713134766,26.472049713134766,26.472049713134766,26.472049713134766,0.49544644355773926,20260731
2023-07-23,ChargerMatched,FeasibleITransformer,32,0.0,0.0,0.0,2.3117411136627197,3.6997628211975098,2.3117411136627197,3.6997628211975098,0.26361513137817383,20260731
2023-07-23,ChargerMatched,FeasibleITransformer,48,0.0,0.0,0.0,8.75635051727295,15.770193099975586,8.75635051727295,15.770193099975586,2.1785926818847656,20260731
2023-07-23,ChargerMatched,FeasibleITransformer,64,0.0,0.0,0.0,14.709668159484863,18.64293670654297,14.709668159484863,18.64293670654297,0.770066499710083,20260731
2023-07-23,ChargerMatched,FeasibleITransformer,80,11.973999977111816,11.973999977111816,1.125,17.086727142333984,20.749305725097656,17.086727142333984,20.749305725097656,1.6432255506515503,20260731
2023-07-23,ChargerMatched,FeasibleITransformer,84,11.973999977111816,11.973999977111816,0.0,21.349977493286133,21.985689163208008,21.349977493286133,21.985689163208008,0.8392446041107178,20260731
2023-07-23,ChargerMatched,FeasibleITransformer,96,11.973999977111816,11.973999977111816,0.0,23.9517765045166,23.9517765045166,23.9517765045166,23.9517765045166,0.4581916332244873,20260731
2023-07-24,ChargerMatched,FeasibleITransformer,32,0.0,0.0,0.0,2.1376850605010986,2.647099733352661,2.1376850605010986,2.647099733352661,0.3691364526748657,20260731
2023-07-24,ChargerMatched,FeasibleITransformer,48,32.415000915527344,36.92000198364258,2.4375,11.339962005615234,22.247737884521484,11.339962005615234,22.247737884521484,2.2376973628997803,20260731
2023-07-24,ChargerMatched,FeasibleITransformer,64,57.165000915527344,57.165000915527344,0.9375,17.881343841552734,24.959976196289062,17.881343841552734,24.959976196289062,1.0254278182983398,20260731
2023-07-24,ChargerMatched,FeasibleITransformer,80,57.165000915527344,57.165000915527344,0.0,22.627891540527344,27.639881134033203,22.627891540527344,27.639881134033203,1.590878963470459,20260731
2023-07-24,ChargerMatched,FeasibleITransformer,84,57.165000915527344,57.165000915527344,0.0,28.152997970581055,29.063251495361328,28.152997970581055,29.063251495361328,1.0575003623962402,20260731
2023-07-24,ChargerMatched,FeasibleITransformer,96,57.165000915527344,57.165000915527344,0.0,30.946048736572266,30.946048736572266,30.946048736572266,30.946048736572266,0.3801504373550415,20260731
2023-07-25,ChargerMatched,FeasibleITransformer,32,0.0,0.0,0.0,1.4893057346343994,2.7336478233337402,1.4893057346343994,2.7336478233337402,0.5249894261360168,20260731
2023-07-25,ChargerMatched,FeasibleITransformer,48,30.4950008392334,30.4950008392334,1.625,10.461483001708984,22.16529083251953,10.461483001708984,22.16529083251953,1.8575477600097656,20260731
2023-07-25,ChargerMatched,FeasibleITransformer,64,30.4950008392334,30.4950008392334,0.0,15.877752304077148,23.916629791259766,15.877752304077148,23.916629791259766,1.200439214706421,20260731
2023-07-25,ChargerMatched,FeasibleITransformer,80,39.10100173950195,39.10100173950195,0.375,21.363433837890625,26.8543701171875,21.363433837890625,26.8543701171875,1.190887212753296,20260731
2023-07-25,ChargerMatched,FeasibleITransformer,84,39.10100173950195,39.10100173950195,0.0,27.052753448486328,27.905174255371094,27.052753448486328,27.905174255371094,1.212349534034729,20260731
2023-07-25,ChargerMatched,FeasibleITransformer,96,39.10100173950195,39.10100173950195,0.0,29.40570831298828,29.40570831298828,29.40570831298828,29.40570831298828,0.281831294298172,20260731
2023-07-26,ChargerMatched,FeasibleITransformer,32,0.0,0.0,0.0,1.6682255268096924,3.1408767700195312,1.6682255268096924,3.1408767700195312,0.6016114354133606,20260731
2023-07-26,ChargerMatched,FeasibleITransformer,48,4.068999767303467,15.503999710083008,1.75,9.342292785644531,21.037986755371094,9.342292785644531,21.037986755371094,2.032853364944458,20260731
2023-07-26,ChargerMatched,FeasibleITransformer,64,33.7140007019043,33.7140007019043,1.9375,14.922821044921875,22.662776947021484,14.922821044921875,22.662776947021484,1.5849285125732422,20260731
2023-07-26,ChargerMatched,FeasibleITransformer,80,33.7140007019043,33.7140007019043,0.0,18.606586456298828,25.74708366394043,18.606586456298828,25.74708366394043,0.8785280585289001,20260731
2023-07-26,ChargerMatched,FeasibleITransformer,84,33.7140007019043,33.7140007019043,0.0,25.193309783935547,26.45314598083496,25.193309783935547,26.45314598083496,1.0003646612167358,20260731
2023-07-26,ChargerMatched,FeasibleITransformer,96,33.7140007019043,33.7140007019043,0.0,27.90544891357422,27.90544891357422,27.90544891357422,27.90544891357422,0.25849705934524536,20260731
2023-07-27,ChargerMatched,FeasibleITransformer,32,0.0,0.0,0.0,1.359607219696045,3.336071252822876,1.359607219696045,3.336071252822876,0.3963940143585205,20260731
2023-07-27,ChargerMatched,FeasibleITransformer,48,3.9719998836517334,13.871999740600586,0.75,8.029134750366211,18.337976455688477,8.029134750366211,18.337976455688477,1.9923009872436523,20260731
2023-07-27,ChargerMatched,FeasibleITransformer,64,13.871999740600586,13.871999740600586,0.375,13.968887329101562,20.15086555480957,13.968887329101562,20.15086555480957,1.468884825706482,20260731
2023-07-27,ChargerMatched,FeasibleITransformer,80,13.871999740600586,13.871999740600586,0.0,16.25208854675293,24.122703552246094,16.25208854675293,24.122703552246094,1.1086605787277222,20260731
2023-07-27,ChargerMatched,FeasibleITransformer,84,13.871999740600586,13.871999740600586,0.0,23.59122085571289,24.870765686035156,23.59122085571289,24.870765686035156,0.9370941519737244,20260731
2023-07-27,ChargerMatched,FeasibleITransformer,96,13.871999740600586,13.871999740600586,0.0,26.981243133544922,26.981243133544922,26.981243133544922,26.981243133544922,0.33000317215919495,20260731
2023-07-28,ChargerMatched,FeasibleITransformer,32,0.0,0.0,0.0,1.3917255401611328,5.069242000579834,1.3917255401611328,5.069242000579834,0.2839336395263672,20260731
2023-07-28,ChargerMatched,FeasibleITransformer,48,0.0,0.0,0.0,7.7350993156433105,19.703922271728516,7.7350993156433105,19.703922271728516,2.3077635765075684,20260731
2023-07-28,ChargerMatched,FeasibleITransformer,64,0.0,0.0,0.0,16.824159622192383,23.098987579345703,16.824159622192383,23.098987579345703,1.2611207962036133,20260731
2023-07-28,ChargerMatched,FeasibleITransformer,80,0.0,0.0,0.0,22.42279052734375,28.531570434570312,22.42279052734375,28.531570434570312,1.3055778741836548,20260731
2023-07-28,ChargerMatched,FeasibleITransformer,84,0.0,0.0,0.0,28.762916564941406,29.747386932373047,28.762916564941406,29.747386932373047,0.7448770403862,20260731
2023-07-28,ChargerMatched,FeasibleITransformer,96,0.0,0.0,0.0,33.58921813964844,33.58921813964844,33.58921813964844,33.58921813964844,0.39885783195495605,20260731
2023-07-29,ChargerMatched,FeasibleITransformer,32,0.0,0.0,0.0,2.168477773666382,4.991139888763428,2.168477773666382,4.991139888763428,0.23695337772369385,20260731
2023-07-29,ChargerMatched,FeasibleITransformer,48,0.0,0.0,0.0,7.8818769454956055,16.735939025878906,7.8818769454956055,16.735939025878906,2.2739272117614746,20260731
2023-07-29,ChargerMatched,FeasibleITransformer,64,1.225000023841858,1.225000023841858,0.125,15.778858184814453,20.322538375854492,15.778858184814453,20.322538375854492,0.8506063222885132,20260731
2023-07-29,ChargerMatched,FeasibleITransformer,80,1.225000023841858,1.225000023841858,0.0,18.224720001220703,23.90096664428711,18.224720001220703,23.90096664428711,1.8647379875183105,20260731
2023-07-29,ChargerMatched,FeasibleITransformer,84,1.225000023841858,1.225000023841858,0.0,24.493789672851562,25.336698532104492,24.493789672851562,25.336698532104492,0.6946016550064087,20260731
2023-07-29,ChargerMatched,FeasibleITransformer,96,1.225000023841858,1.225000023841858,0.0,28.671489715576172,28.671489715576172,28.671489715576172,28.671489715576172,0.4759705066680908,20260731
2023-07-30,ChargerMatched,FeasibleITransformer,32,0.0,4.949999809265137,0.09375,2.619450092315674,3.6418638229370117,2.619450092315674,3.6418638229370117,0.2574424147605896,20260731
2023-07-30,ChargerMatched,FeasibleITransformer,48,8.61400032043457,11.913999557495117,1.0,9.888373374938965,16.688621520996094,9.888373374938965,16.688621520996094,2.3523669242858887,20260731
2023-07-30,ChargerMatched,FeasibleITransformer,64,17.972999572753906,17.972999572753906,0.5,16.381046295166016,19.796764373779297,16.381046295166016,19.796764373779297,0.6870386600494385,20260731
2023-07-30,ChargerMatched,FeasibleITransformer,80,17.972999572753906,17.972999572753906,0.0,18.73997688293457,22.121082305908203,18.73997688293457,22.121082305908203,1.8063150644302368,20260731
2023-07-30,ChargerMatched,FeasibleITransformer,84,17.972999572753906,17.972999572753906,0.0,23.168851852416992,23.4465389251709,23.168851852416992,23.4465389251709,0.8004023432731628,20260731
2023-07-30,ChargerMatched,FeasibleITransformer,96,17.972999572753906,17.972999572753906,0.0,25.693340301513672,25.693340301513672,25.693340301513672,25.693340301513672,0.46522456407546997,20260731
2023-07-31,ChargerMatched,FeasibleITransformer,32,0.0,0.0,0.0,1.9653918743133545,2.114778518676758,1.9653918743133545,2.114778518676758,0.30388277769088745,20260731
2023-07-31,ChargerMatched,FeasibleITransformer,48,2.813000202178955,4.564000129699707,0.75,11.182368278503418,20.774282455444336,11.182368278503418,20.774282455444336,2.3453121185302734,20260731
2023-07-31,ChargerMatched,FeasibleITransformer,64,45.78700256347656,48.26000213623047,1.8125,17.218666076660156,23.380130767822266,17.218666076660156,23.380130767822266,0.9466533064842224,20260731
2023-07-31,ChargerMatched,FeasibleITransformer,80,49.086997985839844,49.086997985839844,0.125,20.45951271057129,25.691181182861328,20.45951271057129,25.691181182861328,1.5249279737472534,20260731
2023-07-31,ChargerMatched,FeasibleITransformer,84,49.086997985839844,49.086997985839844,0.0,26.212081909179688,26.96209716796875,26.212081909179688,26.96209716796875,1.015901803970337,20260731
2023-07-31,ChargerMatched,FeasibleITransformer,96,49.086997985839844,49.086997985839844,0.0,28.671361923217773,28.671361923217773,28.671361923217773,28.671361923217773,0.3389968276023865,20260731
2023-08-01,ChargerMatched,FeasibleITransformer,32,3.190000057220459,6.489999771118164,0.125,1.6968672275543213,1.7992719411849976,1.6968672275543213,1.7992719411849976,0.45388922095298767,20260731
2023-08-01,ChargerMatched,FeasibleITransformer,48,16.391000747680664,18.03999900817871,0.5625,10.856061935424805,21.063695907592773,10.856061935424805,21.063695907592773,2.089763879776001,20260731
2023-08-01,ChargerMatched,FeasibleITransformer,64,36.191001892089844,37.33399963378906,1.0625,15.812729835510254,22.75621795654297,15.812729835510254,22.75621795654297,1.2636288404464722,20260731
2023-08-01,ChargerMatched,FeasibleITransformer,80,37.33399963378906,37.33399963378906,0.125,18.457542419433594,25.049179077148438,18.457542419433594,25.049179077148438,1.0985771417617798,20260731
2023-08-01,ChargerMatched,FeasibleITransformer,84,42.01899719238281,43.933998107910156,1.0,24.844074249267578,25.824277877807617,24.844074249267578,25.824277877807617,1.2066951990127563,20260731
2023-08-01,ChargerMatched,FeasibleITransformer,96,48.61899948120117,48.61899948120117,0.3333333432674408,27.088722229003906,27.088722229003906,27.088722229003906,27.088722229003906,0.2778826057910919,20260731
2023-08-02,ChargerMatched,FeasibleITransformer,32,0.0,0.0,0.0,1.78323233127594,3.2369022369384766,1.78323233127594,3.2369022369384766,0.5455874800682068,20260731
2023-08-02,ChargerMatched,FeasibleITransformer,48,0.0,6.005000114440918,0.9375,7.658149242401123,19.40764808654785,7.658149242401123,19.40764808654785,1.651329755783081,20260731
2023-08-02,ChargerMatched,FeasibleITransformer,64,27.388999938964844,30.68899917602539,1.6875,13.315448760986328,20.956378936767578,13.315448760986328,20.956378936767578,1.6193606853485107,20260731
2023-08-02,ChargerMatched,FeasibleITransformer,80,30.68899917602539,30.68899917602539,0.125,16.890914916992188,24.16564178466797,16.890914916992188,24.16564178466797,0.9354352355003357,20260731
2023-08-02,ChargerMatched,FeasibleITransformer,84,30.68899917602539,30.68899917602539,0.0,23.7536563873291,24.86827278137207,23.7536563873291,24.86827278137207,1.1743781566619873,20260731
2023-08-02,ChargerMatched,FeasibleITransformer,96,30.68899917602539,30.68899917602539,0.0,26.46889877319336,26.46889877319336,26.46889877319336,26.46889877319336,0.2628345787525177,20260731
2023-08-03,ChargerMatched,FeasibleITransformer,32,0.0,0.0,0.0,1.4936277866363525,3.599896192550659,1.4936277866363525,3.599896192550659,0.4158517122268677,20260731
2023-08-03,ChargerMatched,FeasibleITransformer,48,18.555999755859375,31.756000518798828,2.0625,6.798213481903076,16.458843231201172,6.798213481903076,16.458843231201172,1.7797285318374634,20260731
2023-08-03,ChargerMatched,FeasibleITransformer,64,45.60099792480469,72.56700134277344,1.75,11.959623336791992,17.992145538330078,11.959623336791992,17.992145538330078,1.3294020891189575,20260731
2023-08-03,ChargerMatched,FeasibleITransformer,80,76.95099639892578,76.95099639892578,1.1875,13.385231018066406,21.247055053710938,13.385231018066406,21.247055053710938,1.0131099224090576,20260731
2023-08-03,ChargerMatched,FeasibleITransformer,84,76.95099639892578,76.95099639892578,0.0,20.69104766845703,21.85112762451172,20.69104766845703,21.85112762451172,0.9625087380409241,20260731
2023-08-03,ChargerMatched,FeasibleITransformer,96,76.95099639892578,76.95099639892578,0.0,23.719274520874023,23.719274520874023,23.719274520874023,23.719274520874023,0.3281727135181427,20260731
2023-08-04,ChargerMatched,FeasibleITransformer,32,0.0,0.0,0.0,1.5891363620758057,4.528326034545898,1.5891363620758057,4.528326034545898,0.25990670919418335,20260731
2023-08-04,ChargerMatched,FeasibleITransformer,48,0.0,8.25,0.3125,6.734078407287598,16.0650634765625,6.734078407287598,16.0650634765625,1.9858826398849487,20260731
2023-08-04,ChargerMatched,FeasibleITransformer,64,15.270999908447266,18.570999145507812,1.0,14.570408821105957,19.247602462768555,14.570408821105957,19.247602462768555,1.2043622732162476,20260731
2023-08-04,ChargerMatched,FeasibleITransformer,80,22.779998779296875,22.779998779296875,0.625,17.351062774658203,23.812137603759766,17.351062774658203,23.812137603759766,1.366769790649414,20260731
2023-08-04,ChargerMatched,FeasibleITransformer,84,22.779998779296875,22.779998779296875,0.0,24.068525314331055,24.91177749633789,24.068525314331055,24.91177749633789,0.7652252912521362,20260731
2023-08-04,ChargerMatched,FeasibleITransformer,96,22.779998779296875,22.779998779296875,0.0,28.449337005615234,28.449337005615234,28.449337005615234,28.449337005615234,0.3845292627811432,20260731
2023-08-05,ChargerMatched,FeasibleITransformer,32,0.0,0.0,0.0,2.4813809394836426,6.476965427398682,2.4813809394836426,6.476965427398682,0.22551089525222778,20260731
2023-08-05,ChargerMatched,FeasibleITransformer,48,11.979999542236328,33.75,1.8125,8.25229263305664,18.23306655883789,8.25229263305664,18.23306655883789,2.2357680797576904,20260731
2023-08-05,ChargerMatched,FeasibleITransformer,64,42.43000030517578,47.73899841308594,1.875,17.162736892700195,22.322612762451172,17.162736892700195,22.322612762451172,0.9243887066841125,20260731
2023-08-05,ChargerMatched,FeasibleITransformer,80,47.73899841308594,47.73899841308594,0.3125,20.641223907470703,26.08162498474121,20.641223907470703,26.08162498474121,1.9430359601974487,20260731
2023-08-05,ChargerMatched,FeasibleITransformer,84,47.73899841308594,47.73899841308594,0.0,26.7967529296875,27.51779556274414,26.7967529296875,27.51779556274414,0.7416260242462158,20260731
2023-08-05,ChargerMatched,FeasibleITransformer,96,47.73899841308594,47.73899841308594,0.0,31.325162887573242,31.325162887573242,31.325162887573242,31.325162887573242,0.4762677848339081,20260731
2023-08-06,ChargerMatched,FeasibleITransformer,32,0.0,0.0,0.0,2.9023869037628174,3.6682090759277344,2.9023869037628174,3.6682090759277344,0.22662779688835144,20260731
2023-08-06,ChargerMatched,FeasibleITransformer,48,0.0,0.0,0.0,9.33265209197998,18.824731826782227,9.33265209197998,18.824731826782227,2.503124475479126,20260731
2023-08-06,ChargerMatched,FeasibleITransformer,64,0.0,4.553999900817871,0.1875,18.148347854614258,23.20213508605957,18.148347854614258,23.20213508605957,0.9644242525100708,20260731
2023-08-06,ChargerMatched,FeasibleITransformer,80,10.121999740600586,10.121999740600586,1.25,21.195999145507812,25.964773178100586,21.195999145507812,25.964773178100586,1.8331536054611206,20260731
2023-08-06,ChargerMatched,FeasibleITransformer,84,10.121999740600586,10.121999740600586,0.0,27.010704040527344,27.4078369140625,27.010704040527344,27.4078369140625,0.8317029476165771,20260731
2023-08-06,ChargerMatched,FeasibleITransformer,96,10.121999740600586,10.121999740600586,0.0,30.203113555908203,30.203113555908203,30.203113555908203,30.203113555908203,0.4439316689968109,20260731
2023-08-07,ChargerMatched,FeasibleITransformer,32,0.0,0.0,0.0,2.2899155616760254,2.5076394081115723,2.2899155616760254,2.5076394081115723,0.30066096782684326,20260731
2023-08-07,ChargerMatched,FeasibleITransformer,48,11.246999740600586,19.496999740600586,1.1875,11.141548156738281,22.22905921936035,11.141548156738281,22.22905921936035,2.2640042304992676,20260731
2023-08-07,ChargerMatched,FeasibleITransformer,64,24.957000732421875,24.957000732421875,1.25,19.683212280273438,26.616161346435547,19.683212280273438,26.616161346435547,1.1537539958953857,20260731
2023-08-07,ChargerMatched,FeasibleITransformer,80,25.562000274658203,27.21200180053711,0.8125,26.015228271484375,30.2843017578125,26.015228271484375,30.2843017578125,1.8279259204864502,20260731
2023-08-07,ChargerMatched,FeasibleITransformer,84,27.21200180053711,27.21200180053711,0.25,31.670974731445312,32.113990783691406,31.670974731445312,32.113990783691406,1.1037864685058594,20260731
2023-08-07,ChargerMatched,FeasibleITransformer,96,27.21200180053711,27.21200180053711,0.0,34.786033630371094,34.786033630371094,34.786033630371094,34.786033630371094,0.36498579382896423,20260731
2023-08-08,ChargerMatched,FeasibleITransformer,32,0.5640000104904175,3.299999952316284,0.0625,1.646989107131958,1.7558529376983643,1.646989107131958,1.7558529376983643,0.41420236229896545,20260731
2023-08-08,ChargerMatched,FeasibleITransformer,48,20.36400032043457,31.91400146484375,1.1875,10.627424240112305,24.04324722290039,10.627424240112305,24.04324722290039,2.140394449234009,20260731
2023-08-08,ChargerMatched,FeasibleITransformer,64,39.49199676513672,57.641998291015625,1.75,17.367794036865234,26.37765121459961,17.367794036865234,26.37765121459961,1.3573963642120361,20260731
2023-08-08,ChargerMatched,FeasibleITransformer,80,57.641998291015625,57.641998291015625,0.6875,23.97310447692871,29.388118743896484,23.97310447692871,29.388118743896484,1.227460265159607,20260731
2023-08-08,ChargerMatched,FeasibleITransformer,84,57.641998291015625,57.641998291015625,0.0,29.606266021728516,30.36039924621582,29.606266021728516,30.36039924621582,1.2843024730682373,20260731
2023-08-08,ChargerMatched,FeasibleITransformer,96,57.641998291015625,57.641998291015625,0.0,32.07611846923828,32.07611846923828,32.07611846923828,32.07611846923828,0.2750876545906067,20260731
2023-08-09,ChargerMatched,FeasibleITransformer,32,0.0,0.0,0.0,1.9033170938491821,2.767777919769287,1.9033170938491821,2.767777919769287,0.47799721360206604,20260731
2023-08-09,ChargerMatched,FeasibleITransformer,48,8.795999526977539,18.696001052856445,1.3125,7.564398765563965,21.541215896606445,7.564398765563965,21.541215896606445,1.8209086656570435,20260731
2023-08-09,ChargerMatched,FeasibleITransformer,64,18.696001052856445,18.696001052856445,0.375,13.95187759399414,23.682477951049805,13.95187759399414,23.682477951049805,1.7297780513763428,20260731
2023-08-09,ChargerMatched,FeasibleITransformer,80,18.696001052856445,18.696001052856445,0.0,20.85824966430664,28.11907196044922,20.85824966430664,28.11907196044922,1.264580488204956,20260731
2023-08-09,ChargerMatched,FeasibleITransformer,84,18.696001052856445,18.696001052856445,0.0,28.010772705078125,28.97775650024414,28.010772705078125,28.97775650024414,1.2158600091934204,20260731
2023-08-09,ChargerMatched,FeasibleITransformer,96,18.696001052856445,18.696001052856445,0.0,31.071239471435547,31.071239471435547,31.071239471435547,31.071239471435547,0.24593275785446167,20260731
2023-08-10,ChargerMatched,FeasibleITransformer,32,6.682000160217285,9.071999549865723,0.25,1.693981409072876,3.2762928009033203,1.693981409072876,3.2762928009033203,0.3703378438949585,20260731
2023-08-10,ChargerMatched,FeasibleITransformer,48,26.48200035095215,46.24100112915039,2.3125,7.237985134124756,19.633684158325195,7.237985134124756,19.633684158325195,2.0234904289245605,20260731
2023-08-10,ChargerMatched,FeasibleITransformer,64,45.5620002746582,53.770999908447266,2.3125,13.80262279510498,22.060400009155273,13.80262279510498,22.060400009155273,1.5709697008132935,20260731
2023-08-10,ChargerMatched,FeasibleITransformer,80,53.770999908447266,53.770999908447266,0.375,20.760154724121094,26.99159049987793,20.760154724121094,26.99159049987793,1.2806243896484375,20260731
2023-08-10,ChargerMatched,FeasibleITransformer,84,53.770999908447266,53.770999908447266,0.0,26.523998260498047,27.839231491088867,26.523998260498047,27.839231491088867,0.8759447932243347,20260731
2023-08-10,ChargerMatched,FeasibleITransformer,96,53.770999908447266,53.770999908447266,0.0,30.580852508544922,30.580852508544922,30.580852508544922,30.580852508544922,0.284017950296402,20260731
2023-08-11,ChargerMatched,FeasibleITransformer,32,0.0,0.0,0.0,2.1661224365234375,4.876256942749023,2.1661224365234375,4.876256942749023,0.27459511160850525,20260731
2023-08-11,ChargerMatched,FeasibleITransformer,48,0.0,0.0,0.0,7.675864219665527,18.196775436401367,7.675864219665527,18.196775436401367,1.948375940322876,20260731
2023-08-11,ChargerMatched,FeasibleITransformer,64,5.497000217437744,5.497000217437744,1.1875,15.971456527709961,21.349945068359375,15.971456527709961,21.349945068359375,1.2702962160110474,20260731
2023-08-11,ChargerMatched,FeasibleITransformer,80,5.497000217437744,5.497000217437744,0.0,19.640470504760742,26.043243408203125,19.640470504760742,26.043243408203125,1.597572684288025,20260731
2023-08-11,ChargerMatched,FeasibleITransformer,84,5.497000217437744,5.497000217437744,0.0,25.99139404296875,27.094844818115234,25.99139404296875,27.094844818115234,0.7675884366035461,20260731
2023-08-11,ChargerMatched,FeasibleITransformer,96,5.497000217437744,5.497000217437744,0.0,30.71978759765625,30.71978759765625,30.71978759765625,30.71978759765625,0.372426837682724,20260731
2023-08-12,ChargerMatched,FeasibleITransformer,32,0.0,0.0,0.0,3.0046908855438232,5.491543292999268,3.0046908855438232,5.491543292999268,0.22840148210525513,20260731
2023-08-12,ChargerMatched,FeasibleITransformer,48,0.0,4.296000003814697,0.5,9.426340103149414,20.15049934387207,9.426340103149414,20.15049934387207,2.4225311279296875,20260731
2023-08-12,ChargerMatched,FeasibleITransformer,64,5.421000003814697,9.717000007629395,1.375,19.776763916015625,24.557809829711914,19.776763916015625,24.557809829711914,1.0581045150756836,20260731
2023-08-12,ChargerMatched,FeasibleITransformer,80,9.717000007629395,9.717000007629395,0.3125,22.819351196289062,28.545576095581055,22.819351196289062,28.545576095581055,1.9477589130401611,20260731
2023-08-12,ChargerMatched,FeasibleITransformer,84,9.717000007629395,9.717000007629395,0.0,29.284038543701172,29.925737380981445,29.284038543701172,29.925737380981445,0.7181979417800903,20260731
2023-08-12,ChargerMatched,FeasibleITransformer,96,9.717000007629395,9.717000007629395,0.0,33.80852127075195,33.80852127075195,33.80852127075195,33.80852127075195,0.4522203207015991,20260731
2023-08-13,ChargerMatched,FeasibleITransformer,32,0.0,0.0,0.0,3.172498941421509,3.502884864807129,3.172498941421509,3.502884864807129,0.20866872370243073,20260731
2023-08-13,ChargerMatched,FeasibleITransformer,48,0.0,0.0,0.0,9.36953353881836,17.50916290283203,9.36953353881836,17.50916290283203,2.1827354431152344,20260731
2023-08-13,ChargerMatched,FeasibleITransformer,64,5.197999954223633,8.25,0.3125,16.701316833496094,21.272104263305664,16.701316833496094,21.272104263305664,0.8142110109329224,20260731
2023-08-13,ChargerMatched,FeasibleITransformer,80,25.750999450683594,27.4010009765625,1.25,19.452735900878906,24.00204849243164,19.452735900878906,24.00204849243164,2.148460865020752,20260731
2023-08-13,ChargerMatched,FeasibleITransformer,84,27.4010009765625,27.4010009765625,0.25,24.948041915893555,25.423240661621094,24.948041915893555,25.423240661621094,0.843896746635437,20260731
2023-08-13,ChargerMatched,FeasibleITransformer,96,27.4010009765625,27.4010009765625,0.0,28.128448486328125,28.128448486328125,28.128448486328125,28.128448486328125,0.40631693601608276,20260731
2023-08-14,ChargerMatched,FeasibleITransformer,32,0.0,1.649999976158142,0.03125,2.650738000869751,2.7811455726623535,2.650738000869751,2.7811455726623535,0.32665175199508667,20260731
2023-08-14,ChargerMatched,FeasibleITransformer,48,21.06399917602539,24.10099983215332,1.5,11.54498291015625,22.406803131103516,11.54498291015625,22.406803131103516,2.3403401374816895,20260731
2023-08-14,ChargerMatched,FeasibleITransformer,64,41.26499938964844,41.26499938964844,0.875,17.960376739501953,25.80276107788086,17.960376739501953,25.80276107788086,1.1369575262069702,20260731
2023-08-14,ChargerMatched,FeasibleITransformer,80,41.26499938964844,41.26499938964844,0.0,24.01546859741211,28.738006591796875,24.01546859741211,28.738006591796875,1.8625125885009766,20260731
2023-08-14,ChargerMatched,FeasibleITransformer,84,41.26499938964844,41.26499938964844,0.0,29.350948333740234,30.113609313964844,29.350948333740234,30.113609313964844,1.165463924407959,20260731
2023-08-14,ChargerMatched,FeasibleITransformer,96,41.26499938964844,41.26499938964844,0.0,32.31180953979492,32.31180953979492,32.31180953979492,32.31180953979492,0.33544865250587463,20260731
2023-08-15,ChargerMatched,FeasibleITransformer,32,1.9529999494552612,3.299999952316284,0.0625,1.719386100769043,1.719386100769043,1.719386100769043,1.719386100769043,0.41387149691581726,20260731
2023-08-15,ChargerMatched,FeasibleITransformer,48,27.69700050354004,30.003000259399414,1.0625,10.799980163574219,23.777389526367188,10.799980163574219,23.777389526367188,1.9116144180297852,20260731
2023-08-15,ChargerMatched,FeasibleITransformer,64,54.09700012207031,56.40299987792969,1.0,16.440305709838867,26.103248596191406,16.440305709838867,26.103248596191406,1.3975591659545898,20260731
2023-08-15,ChargerMatched,FeasibleITransformer,80,57.397003173828125,57.397003173828125,0.125,22.581512451171875,29.488563537597656,22.581512451171875,29.488563537597656,1.3837229013442993,20260731
2023-08-15,ChargerMatched,FeasibleITransformer,84,57.397003173828125,57.397003173828125,0.0,29.48436737060547,30.46871566772461,29.48436737060547,30.46871566772461,1.3721376657485962,20260731
2023-08-15,ChargerMatched,FeasibleITransformer,96,57.397003173828125,57.397003173828125,0.0,32.269771575927734,32.269771575927734,32.269771575927734,32.269771575927734,0.2675331234931946,20260731
2023-08-16,ChargerMatched,FeasibleITransformer,32,0.0,1.649999976158142,0.03125,2.435814142227173,2.9067211151123047,2.435814142227173,2.9067211151123047,0.5013171434402466,20260731
2023-08-16,ChargerMatched,FeasibleITransformer,48,32.1609992980957,57.547000885009766,3.125,9.57341194152832,24.24746322631836,9.57341194152832,24.24746322631836,1.9908699989318848,20260731
2023-08-16,ChargerMatched,FeasibleITransformer,64,83.65299987792969,93.55299377441406,2.75,15.717034339904785,26.334980010986328,15.717034339904785,26.334980010986328,1.6454962491989136,20260731
2023-08-16,ChargerMatched,FeasibleITransformer,80,94.55500030517578,94.55500030517578,0.5625,23.798799514770508,30.595212936401367,23.798799514770508,30.595212936401367,1.135138988494873,20260731
2023-08-16,ChargerMatched,FeasibleITransformer,84,94.55500030517578,94.55500030517578,0.0,30.46226692199707,31.411964416503906,30.46226692199707,31.411964416503906,1.2081613540649414,20260731
2023-08-16,ChargerMatched,FeasibleITransformer,96,94.55500030517578,94.55500030517578,0.0,33.516815185546875,33.516815185546875,33.516815185546875,33.516815185546875,0.24033409357070923,20260731
2023-08-17,ChargerMatched,FeasibleITransformer,32,0.0,0.0,0.0,2.5397417545318604,3.244493007659912,2.5397417545318604,3.244493007659912,0.32365137338638306,20260731
2023-08-17,ChargerMatched,FeasibleITransformer,48,5.326000213623047,33.375999450683594,1.875,8.3386869430542,23.247087478637695,8.3386869430542,23.247087478637695,2.129678964614868,20260731
2023-08-17,ChargerMatched,FeasibleITransformer,64,36.37699890136719,62.777000427246094,2.0,16.21573829650879,26.052278518676758,16.21573829650879,26.052278518676758,1.7989273071289062,20260731
2023-08-17,ChargerMatched,FeasibleITransformer,80,62.777000427246094,62.777000427246094,1.0,25.976089477539062,32.100982666015625,25.976089477539062,32.100982666015625,1.3931173086166382,20260731
2023-08-17,ChargerMatched,FeasibleITransformer,84,62.777000427246094,62.777000427246094,0.0,32.18546676635742,33.06209182739258,32.18546676635742,33.06209182739258,0.8858320116996765,20260731
2023-08-17,ChargerMatched,FeasibleITransformer,96,62.777000427246094,62.777000427246094,0.0,36.40995788574219,36.40995788574219,36.40995788574219,36.40995788574219,0.26359960436820984,20260731
2023-08-18,ChargerMatched,FeasibleITransformer,32,0.0,0.0,0.0,2.3025527000427246,4.624865531921387,2.3025527000427246,4.624865531921387,0.23464466631412506,20260731
2023-08-18,ChargerMatched,FeasibleITransformer,48,4.329999923706055,10.930000305175781,1.125,8.768431663513184,22.413625717163086,8.768431663513184,22.413625717163086,2.2018046379089355,20260731
2023-08-18,ChargerMatched,FeasibleITransformer,64,11.901000022888184,11.901000022888184,0.5625,19.090925216674805,26.845226287841797,19.090925216674805,26.845226287841797,1.5185530185699463,20260731
2023-08-18,ChargerMatched,FeasibleITransformer,80,11.901000022888184,11.901000022888184,0.0,27.540802001953125,33.27901840209961,27.540802001953125,33.27901840209961,1.7949495315551758,20260731
2023-08-18,ChargerMatched,FeasibleITransformer,84,11.901000022888184,11.901000022888184,0.0,33.990379333496094,34.809791564941406,33.990379333496094,34.809791564941406,0.7871498465538025,20260731
2023-08-18,ChargerMatched,FeasibleITransformer,96,11.901000022888184,11.901000022888184,0.0,39.66871643066406,39.66871643066406,39.66871643066406,39.66871643066406,0.36953863501548767,20260731
2023-08-19,ChargerMatched,FeasibleITransformer,32,0.0,0.0,0.0,2.5179131031036377,3.5457088947296143,2.5179131031036377,3.5457088947296143,0.17804309725761414,20260731
2023-08-19,ChargerMatched,FeasibleITransformer,48,0.0,0.0,0.0,7.8273701667785645,17.06790542602539,7.8273701667785645,17.06790542602539,2.22078275680542,20260731
2023-08-19,ChargerMatched,FeasibleITransformer,64,0.0,1.649999976158142,0.0625,16.886653900146484,21.181568145751953,16.886653900146484,21.181568145751953,0.9636245369911194,20260731
2023-08-19,ChargerMatched,FeasibleITransformer,80,24.80900001525879,28.049999237060547,1.0,20.358301162719727,25.000072479248047,20.358301162719727,25.000072479248047,1.9401286840438843,20260731
2023-08-19,ChargerMatched,FeasibleITransformer,84,31.409000396728516,33.058998107910156,1.0,25.836624145507812,26.334617614746094,25.836624145507812,26.334617614746094,0.6964130997657776,20260731
2023-08-19,ChargerMatched,FeasibleITransformer,96,33.058998107910156,33.058998107910156,0.0833333358168602,30.071170806884766,30.071170806884766,30.071170806884766,30.071170806884766,0.40853607654571533,20260731
2023-08-20,ChargerMatched,FeasibleITransformer,32,0.0,0.0,0.0,2.972162961959839,3.018157482147217,2.972162961959839,3.018157482147217,0.19964370131492615,20260731
2023-08-20,ChargerMatched,FeasibleITransformer,48,0.0,0.0,0.0,11.168015480041504,20.81516456604004,11.168015480041504,20.81516456604004,2.3764114379882812,20260731
2023-08-20,ChargerMatched,FeasibleITransformer,64,0.0,0.0,0.0,19.132328033447266,25.195955276489258,19.132328033447266,25.195955276489258,0.7129906415939331,20260731
2023-08-20,ChargerMatched,FeasibleITransformer,80,0.0,0.0,0.0,24.085586547851562,28.670063018798828,24.085586547851562,28.670063018798828,2.4147379398345947,20260731
2023-08-20,ChargerMatched,FeasibleITransformer,84,0.0,0.0,0.0,29.901166915893555,30.35042381286621,29.901166915893555,30.35042381286621,0.9103461503982544,20260731
2023-08-20,ChargerMatched,FeasibleITransformer,96,0.0,0.0,0.0,33.85089874267578,33.85089874267578,33.85089874267578,33.85089874267578,0.37392914295196533,20260731
2023-08-21,ChargerMatched,FeasibleITransformer,32,0.0,4.949999809265137,0.09375,2.087662935256958,2.087663173675537,2.087662935256958,2.087663173675537,0.27595874667167664,20260731
2023-08-21,ChargerMatched,FeasibleITransformer,48,14.255000114440918,17.55500030517578,1.0,11.326940536499023,21.609254837036133,11.326940536499023,21.609254837036133,2.097649335861206,20260731
2023-08-21,ChargerMatched,FeasibleITransformer,64,17.55500030517578,17.55500030517578,0.125,18.40817642211914,25.106281280517578,18.40817642211914,25.106281280517578,1.0699994564056396,20260731
2023-08-21,ChargerMatched,FeasibleITransformer,80,17.55500030517578,17.55500030517578,0.0,22.515483856201172,27.992494583129883,22.515483856201172,27.992494583129883,1.829877495765686,20260731
2023-08-21,ChargerMatched,FeasibleITransformer,84,17.55500030517578,17.55500030517578,0.0,28.956432342529297,29.40792465209961,28.956432342529297,29.40792465209961,1.1568111181259155,20260731
2023-08-21,ChargerMatched,FeasibleITransformer,96,17.55500030517578,17.55500030517578,0.0,31.719606399536133,31.719606399536133,31.719606399536133,31.719606399536133,0.3156834542751312,20260731
2023-08-22,ChargerMatched,FeasibleITransformer,32,0.0,0.0,0.0,1.2069027423858643,1.2069027423858643,1.2069027423858643,1.2069027423858643,0.3411557972431183,20260731
2023-08-22,ChargerMatched,FeasibleITransformer,48,3.1579999923706055,3.1579999923706055,0.4375,9.931078910827637,21.461688995361328,9.931078910827637,21.461688995361328,2.016096830368042,20260731
2023-08-22,ChargerMatched,FeasibleITransformer,64,3.1579999923706055,3.1579999923706055,0.0,15.67220401763916,23.275623321533203,15.67220401763916,23.275623321533203,1.2008531093597412,20260731
2023-08-22,ChargerMatched,FeasibleITransformer,80,3.1579999923706055,3.1579999923706055,0.0,18.340059280395508,25.530887603759766,18.340059280395508,25.530887603759766,1.1969741582870483,20260731
2023-08-22,ChargerMatched,FeasibleITransformer,84,3.1579999923706055,3.1579999923706055,0.0,25.06363868713379,26.190250396728516,25.06363868713379,26.190250396728516,1.3044630289077759,20260731
2023-08-22,ChargerMatched,FeasibleITransformer,96,3.1579999923706055,3.1579999923706055,0.0,27.517845153808594,27.517845153808594,27.517845153808594,27.517845153808594,0.2381625473499298,20260731
2023-08-23,ChargerMatched,FeasibleITransformer,32,0.0,0.0,0.0,1.652077078819275,1.6668082475662231,1.652077078819275,1.6668082475662231,0.3956596851348877,20260731
2023-08-23,ChargerMatched,FeasibleITransformer,48,2.822000026702881,10.457000732421875,1.5,9.922348976135254,22.987995147705078,9.922348976135254,22.987995147705078,2.100532293319702,20260731
2023-08-23,ChargerMatched,FeasibleITransformer,64,10.457000732421875,15.045000076293945,0.9375,15.789680480957031,24.85036849975586,15.789680480957031,24.85036849975586,1.5465792417526245,20260731
2023-08-23,ChargerMatched,FeasibleITransformer,80,26.45600128173828,26.45600128173828,1.0625,20.66203498840332,28.555166244506836,20.66203498840332,28.555166244506836,1.2272311449050903,20260731
2023-08-23,ChargerMatched,FeasibleITransformer,84,26.45600128173828,26.45600128173828,0.0,28.03075408935547,29.275012969970703,28.03075408935547,29.275012969970703,1.2434958219528198,20260731
2023-08-23,ChargerMatched,FeasibleITransformer,96,26.45600128173828,26.45600128173828,0.0,31.17906951904297,31.17906951904297,31.17906951904297,31.17906951904297,0.2274114340543747,20260731
2023-08-24,ChargerMatched,FeasibleITransformer,32,0.0,3.299999952316284,0.0625,2.3507654666900635,2.655221939086914,2.3507654666900635,2.655221939086914,0.32020795345306396,20260731
2023-08-24,ChargerMatched,FeasibleITransformer,48,11.46399974822998,27.964000701904297,1.0,8.217060089111328,22.353900909423828,8.217060089111328,22.353900909423828,2.2527730464935303,20260731
2023-08-24,ChargerMatched,FeasibleITransformer,64,27.964000701904297,34.374000549316406,1.3125,15.604132652282715,24.663677215576172,15.604132652282715,24.663677215576172,1.4855198860168457,20260731
2023-08-24,ChargerMatched,FeasibleITransformer,80,34.374000549316406,34.374000549316406,0.3125,22.943389892578125,29.629905700683594,22.943389892578125,29.629905700683594,1.4219086170196533,20260731
2023-08-24,ChargerMatched,FeasibleITransformer,84,36.345001220703125,37.67399978637695,0.5,29.501094818115234,30.506311416625977,29.501094818115234,30.506311416625977,1.0542856454849243,20260731
2023-08-24,ChargerMatched,FeasibleITransformer,96,46.24500274658203,46.24500274658203,0.5,33.210323333740234,33.210323333740234,33.210323333740234,33.210323333740234,0.2876473367214203,20260731
2023-08-25,ChargerMatched,FeasibleITransformer,32,0.0,0.0,0.0,2.1532344818115234,3.698185443878174,2.1532344818115234,3.698185443878174,0.22425439953804016,20260731
2023-08-25,ChargerMatched,FeasibleITransformer,48,4.1020002365112305,12.452000617980957,1.6875,7.479853630065918,16.487995147705078,7.479853630065918,16.487995147705078,2.0487098693847656,20260731
2023-08-25,ChargerMatched,FeasibleITransformer,64,12.097000122070312,25.652000427246094,1.875,14.423910140991211,19.08114242553711,14.423910140991211,19.08114242553711,0.9639846086502075,20260731
2023-08-25,ChargerMatched,FeasibleITransformer,80,48.992000579833984,50.641998291015625,2.0625,18.77166748046875,23.495018005371094,18.77166748046875,23.495018005371094,1.5522302389144897,20260731
2023-08-25,ChargerMatched,FeasibleITransformer,84,50.641998291015625,50.641998291015625,0.25,24.034717559814453,24.75910186767578,24.034717559814453,24.75910186767578,0.8641831874847412,20260731
2023-08-25,ChargerMatched,FeasibleITransformer,96,50.641998291015625,50.641998291015625,0.0,28.103452682495117,28.103452682495117,28.103452682495117,28.103452682495117,0.38195812702178955,20260731
2023-08-26,ChargerMatched,FeasibleITransformer,32,0.0,0.0,0.0,2.802908420562744,4.011916160583496,2.802908420562744,4.011916160583496,0.17237649857997894,20260731
2023-08-26,ChargerMatched,FeasibleITransformer,48,0.0,0.0,0.0,8.203831672668457,17.111791610717773,8.203831672668457,17.111791610717773,2.0181987285614014,20260731
2023-08-26,ChargerMatched,FeasibleITransformer,64,8.35200023651123,8.35200023651123,0.5,15.982868194580078,20.959537506103516,15.982868194580078,20.959537506103516,0.7662093043327332,20260731
2023-08-26,ChargerMatched,FeasibleITransformer,80,8.35200023651123,8.35200023651123,0.0,19.25601577758789,25.003707885742188,19.25601577758789,25.003707885742188,2.2963991165161133,20260731
2023-08-26,ChargerMatched,FeasibleITransformer,84,8.35200023651123,8.35200023651123,0.0,25.814619064331055,26.432594299316406,25.814619064331055,26.432594299316406,0.8679607510566711,20260731
2023-08-26,ChargerMatched,FeasibleITransformer,96,8.35200023651123,8.35200023651123,0.0,30.79833984375,30.79833984375,30.79833984375,30.79833984375,0.48527225852012634,20260731
2023-08-27,ChargerMatched,FeasibleITransformer,32,0.0,0.0,0.0,2.801544666290283,3.070003032684326,2.801544666290283,3.070003032684326,0.1881442368030548,20260731
2023-08-27,ChargerMatched,FeasibleITransformer,48,15.612000465393066,19.799999237060547,0.75,10.250797271728516,17.385025024414062,10.250797271728516,17.385025024414062,2.2334847450256348,20260731
2023-08-27,ChargerMatched,FeasibleITransformer,64,39.31399917602539,39.31399917602539,0.9375,16.5395450592041,20.552661895751953,16.5395450592041,20.552661895751953,0.5909720659255981,20260731
2023-08-27,ChargerMatched,FeasibleITransformer,80,44.54800033569336,44.54800033569336,0.6875,19.046998977661133,22.846328735351562,19.046998977661133,22.846328735351562,2.3485286235809326,20260731
2023-08-27,ChargerMatched,FeasibleITransformer,84,44.54800033569336,44.54800033569336,0.0,23.626697540283203,23.941165924072266,23.626697540283203,23.941165924072266,0.9538034796714783,20260731
2023-08-27,ChargerMatched,FeasibleITransformer,96,44.54800033569336,44.54800033569336,0.0,26.380523681640625,26.380523681640625,26.380523681640625,26.380523681640625,0.4097439646720886,20260731
2023-08-28,ChargerMatched,FeasibleITransformer,32,0.0,0.0,0.0,1.5186008214950562,1.5186008214950562,1.5186008214950562,1.5186008214950562,0.24648675322532654,20260731
2023-08-28,ChargerMatched,FeasibleITransformer,48,42.83799743652344,55.73099899291992,2.4375,8.817595481872559,15.023725509643555,8.817595481872559,15.023725509643555,1.9843595027923584,20260731
2023-08-28,ChargerMatched,FeasibleITransformer,64,97.28800201416016,97.28800201416016,2.0625,12.766639709472656,16.845806121826172,12.766639709472656,16.845806121826172,0.6354703307151794,20260731
2023-08-28,ChargerMatched,FeasibleITransformer,80,105.98500061035156,105.98500061035156,0.375,14.940170288085938,18.382965087890625,14.940170288085938,18.382965087890625,1.6510523557662964,20260731
2023-08-28,ChargerMatched,FeasibleITransformer,84,105.98500061035156,105.98500061035156,0.0,18.692459106445312,19.086252212524414,18.692459106445312,19.086252212524414,1.150991439819336,20260731
2023-08-28,ChargerMatched,FeasibleITransformer,96,105.98500061035156,105.98500061035156,0.0,20.37763214111328,20.37763214111328,20.37763214111328,20.37763214111328,0.3426242768764496,20260731
2023-08-29,ChargerMatched,FeasibleITransformer,32,2.5190000534057617,4.949999809265137,0.09375,1.3540211915969849,1.3540210723876953,1.3540211915969849,1.3540210723876953,0.34083810448646545,20260731
2023-08-29,ChargerMatched,FeasibleITransformer,48,22.319000244140625,22.319000244140625,0.75,11.446832656860352,23.01669692993164,11.446832656860352,23.01669692993164,2.1942334175109863,20260731
2023-08-29,ChargerMatched,FeasibleITransformer,64,22.319000244140625,22.319000244140625,0.0,16.36599349975586,24.973987579345703,16.36599349975586,24.973987579345703,1.1020786762237549,20260731
2023-08-29,ChargerMatched,FeasibleITransformer,80,22.319000244140625,22.319000244140625,0.0,21.05409049987793,27.91166877746582,21.05409049987793,27.91166877746582,1.5084275007247925,20260731
2023-08-29,ChargerMatched,FeasibleITransformer,84,22.319000244140625,22.319000244140625,0.0,27.868608474731445,28.78696060180664,27.868608474731445,28.78696060180664,1.335390567779541,20260731
2023-08-29,ChargerMatched,FeasibleITransformer,96,22.319000244140625,22.319000244140625,0.0,30.528005599975586,30.528005599975586,30.528005599975586,30.528005599975586,0.2650436758995056,20260731
2023-08-30,ChargerMatched,FeasibleITransformer,32,0.0,0.0,0.0,1.8791385889053345,1.879138708114624,1.8791385889053345,1.879138708114624,0.38802993297576904,20260731
2023-08-30,ChargerMatched,FeasibleITransformer,48,0.0,4.2179999351501465,0.625,10.671302795410156,24.63783073425293,10.671302795410156,24.63783073425293,2.056809186935425,20260731
2023-08-30,ChargerMatched,FeasibleITransformer,64,4.2179999351501465,5.711999893188477,1.6875,16.817636489868164,26.58269500732422,16.817636489868164,26.58269500732422,1.465887427330017,20260731
2023-08-30,ChargerMatched,FeasibleITransformer,80,25.583999633789062,25.583999633789062,1.0625,23.502063751220703,30.99563980102539,23.502063751220703,30.99563980102539,1.4384368658065796,20260731
2023-08-30,ChargerMatched,FeasibleITransformer,84,25.583999633789062,25.583999633789062,0.0,31.22250747680664,32.10296630859375,31.22250747680664,32.10296630859375,1.3506797552108765,20260731
2023-08-30,ChargerMatched,FeasibleITransformer,96,25.583999633789062,25.583999633789062,0.0,34.18476867675781,34.18476867675781,34.18476867675781,34.18476867675781,0.28194016218185425,20260731
2023-08-31,ChargerMatched,FeasibleITransformer,32,2.924999952316284,4.949999809265137,0.09375,2.61299991607666,3.1548924446105957,2.61299991607666,3.1548924446105957,0.31026554107666016,20260731
2023-08-31,ChargerMatched,FeasibleITransformer,48,19.424999237060547,19.424999237060547,0.625,9.446223258972168,27.227169036865234,9.446223258972168,27.227169036865234,2.4371440410614014,20260731
2023-08-31,ChargerMatched,FeasibleITransformer,64,19.424999237060547,24.875999450683594,0.5,18.270275115966797,31.008359909057617,18.270275115966797,31.008359909057617,1.7486917972564697,20260731
2023-08-31,ChargerMatched,FeasibleITransformer,80,30.01799964904785,30.01799964904785,0.8125,33.76695251464844,39.177757263183594,33.76695251464844,39.177757263183594,1.5003421306610107,20260731
2023-08-31,ChargerMatched,FeasibleITransformer,84,30.01799964904785,30.01799964904785,0.0,40.76417541503906,41.67700958251953,40.76417541503906,41.67700958251953,1.0331497192382812,20260731
2023-08-31,ChargerMatched,FeasibleITransformer,96,30.01799964904785,30.01799964904785,0.0,44.8388786315918,44.8388786315918,44.8388786315918,44.8388786315918,0.3186667561531067,20260731
2023-09-01,ChargerMatched,FeasibleITransformer,32,0.0,0.0,0.0,2.7213051319122314,3.9623570442199707,2.7213051319122314,3.9623570442199707,0.22594629228115082,20260731
2023-09-01,ChargerMatched,FeasibleITransformer,48,17.350000381469727,19.799999237060547,0.75,8.566822052001953,18.22295570373535,8.566822052001953,18.22295570373535,2.0854392051696777,20260731
2023-09-01,ChargerMatched,FeasibleITransformer,64,25.600000381469727,25.600000381469727,0.3125,16.53624725341797,21.95536231994629,16.53624725341797,21.95536231994629,1.0493731498718262,20260731
2023-09-01,ChargerMatched,FeasibleITransformer,80,25.600000381469727,25.600000381469727,0.0,24.563199996948242,28.873519897460938,24.563199996948242,28.873519897460938,2.085113048553467,20260731
2023-09-01,ChargerMatched,FeasibleITransformer,84,25.600000381469727,25.600000381469727,0.0,30.408145904541016,30.744447708129883,30.408145904541016,30.744447708129883,0.8500858545303345,20260731
2023-09-01,ChargerMatched,FeasibleITransformer,96,25.600000381469727,25.600000381469727,0.0,34.70872116088867,34.70872116088867,34.70872116088867,34.70872116088867,0.3693855106830597,20260731
2023-09-02,ChargerMatched,FeasibleITransformer,32,0.0,0.0,0.0,2.8690271377563477,3.182554006576538,2.8690271377563477,3.182554006576538,0.17391528189182281,20260731
2023-09-02,ChargerMatched,FeasibleITransformer,48,0.0,0.0,0.0,8.608121871948242,15.434905052185059,8.608121871948242,15.434905052185059,2.0734291076660156,20260731
2023-09-02,ChargerMatched,FeasibleITransformer,64,0.0,0.0,0.0,16.509593963623047,19.061588287353516,16.509593963623047,19.061588287353516,0.6473751664161682,20260731
2023-09-02,ChargerMatched,FeasibleITransformer,80,0.0,0.0,0.0,18.720613479614258,22.713394165039062,18.720613479614258,22.713394165039062,1.9913922548294067,20260731
2023-09-02,ChargerMatched,FeasibleITransformer,84,0.0,0.0,0.0,23.94046401977539,24.055419921875,23.94046401977539,24.055419921875,0.7706891894340515,20260731
2023-09-02,ChargerMatched,FeasibleITransformer,96,0.0,0.0,0.0,28.065704345703125,28.065704345703125,28.065704345703125,28.065704345703125,0.39504384994506836,20260731
2023-09-03,ChargerMatched,FeasibleITransformer,32,0.0,0.0,0.0,2.1196322441101074,2.1196322441101074,2.1196322441101074,2.1196322441101074,0.17510443925857544,20260731
2023-09-03,ChargerMatched,FeasibleITransformer,48,0.0,0.0,0.0,9.840266227722168,15.598377227783203,9.840266227722168,15.598377227783203,1.973257303237915,20260731
2023-09-03,ChargerMatched,FeasibleITransformer,64,0.0,0.0,0.0,16.55401039123535,19.193716049194336,16.55401039123535,19.193716049194336,0.5072461366653442,20260731
2023-09-03,ChargerMatched,FeasibleITransformer,80,5.257999897003174,5.257999897003174,0.6875,19.007614135742188,21.831418991088867,19.007614135742188,21.831418991088867,2.0407230854034424,20260731
2023-09-03,ChargerMatched,FeasibleITransformer,84,5.257999897003174,5.257999897003174,0.0,23.100841522216797,23.17160415649414,23.100841522216797,23.17160415649414,0.8383498191833496,20260731
2023-09-03,ChargerMatched,FeasibleITransformer,96,5.257999897003174,5.257999897003174,0.0,26.048276901245117,26.048276901245117,26.048276901245117,26.048276901245117,0.3691520690917969,20260731
2023-09-04,ChargerMatched,FeasibleITransformer,32,0.0,0.0,0.0,1.2652013301849365,1.2652013301849365,1.2652013301849365,1.2652013301849365,0.23555448651313782,20260731
2023-09-04,ChargerMatched,FeasibleITransformer,48,0.0,0.0,0.0,9.891350746154785,17.41013526916504,9.891350746154785,17.41013526916504,2.131378650665283,20260731
2023-09-04,ChargerMatched,FeasibleITransformer,64,0.0,0.0,0.0,15.48130989074707,19.555950164794922,15.48130989074707,19.555950164794922,0.6022558212280273,20260731
2023-09-04,ChargerMatched,FeasibleITransformer,80,5.604000091552734,5.604000091552734,0.25,17.63294219970703,21.323688507080078,17.63294219970703,21.323688507080078,1.7606463432312012,20260731
2023-09-04,ChargerMatched,FeasibleITransformer,84,5.604000091552734,5.604000091552734,0.0,21.65296173095703,22.076520919799805,21.65296173095703,22.076520919799805,1.0702828168869019,20260731
2023-09-04,ChargerMatched,FeasibleITransformer,96,5.604000091552734,5.604000091552734,0.0,23.530139923095703,23.530139923095703,23.530139923095703,23.530139923095703,0.30387282371520996,20260731
2023-09-05,ChargerMatched,FeasibleITransformer,32,0.9459999799728394,3.299999952316284,0.0625,1.0412826538085938,1.0412825345993042,1.0412826538085938,1.0412825345993042,0.3289724588394165,20260731
2023-09-05,ChargerMatched,FeasibleITransformer,48,19.09600067138672,32.05500030517578,1.3125,8.694419860839844,14.429913520812988,8.694419860839844,14.429913520812988,1.6719768047332764,20260731
2023-09-05,ChargerMatched,FeasibleITransformer,64,28.755001068115234,34.91699981689453,1.375,11.487678527832031,15.563177108764648,11.487678527832031,15.563177108764648,0.7692650556564331,20260731
2023-09-05,ChargerMatched,FeasibleITransformer,80,34.91699981689453,34.91699981689453,0.25,13.158872604370117,17.24319839477539,13.158872604370117,17.24319839477539,1.5257784128189087,20260731
2023-09-05,ChargerMatched,FeasibleITransformer,84,34.91699981689453,34.91699981689453,0.0,17.247732162475586,17.788400650024414,17.247732162475586,17.788400650024414,1.220829963684082,20260731
2023-09-05,ChargerMatched,FeasibleITransformer,96,34.91699981689453,34.91699981689453,0.0,18.83599090576172,18.83599090576172,18.83599090576172,18.83599090576172,0.21976745128631592,20260731
2023-09-06,ChargerMatched,FeasibleITransformer,32,0.0,0.0,0.0,1.4983563423156738,1.4983563423156738,1.4983563423156738,1.4983563423156738,0.35132500529289246,20260731
2023-09-06,ChargerMatched,FeasibleITransformer,48,11.413000106811523,19.345001220703125,1.5,7.2891130447387695,15.573141098022461,7.2891130447387695,15.573141098022461,1.5107967853546143,20260731
2023-09-06,ChargerMatched,FeasibleITransformer,64,27.45800018310547,27.45800018310547,0.75,10.659355163574219,16.718441009521484,10.659355163574219,16.718441009521484,1.1148325204849243,20260731
2023-09-06,ChargerMatched,FeasibleITransformer,80,45.624996185302734,45.624996185302734,0.75,13.750408172607422,19.312999725341797,13.750408172607422,19.312999725341797,1.312786340713501,20260731
2023-09-06,ChargerMatched,FeasibleITransformer,84,45.624996185302734,45.624996185302734,0.0,19.026798248291016,19.807817459106445,19.026798248291016,19.807817459106445,1.2366540431976318,20260731
2023-09-06,ChargerMatched,FeasibleITransformer,96,45.624996185302734,45.624996185302734,0.0,21.201316833496094,21.201316833496094,21.201316833496094,21.201316833496094,0.24257829785346985,20260731
2023-09-07,ChargerMatched,FeasibleITransformer,32,0.0,0.0,0.0,3.026444435119629,3.5193674564361572,3.026444435119629,3.5193674564361572,0.30389145016670227,20260731
2023-09-07,ChargerMatched,FeasibleITransformer,48,32.8129997253418,40.49800109863281,2.0625,11.180065155029297,25.894672393798828,11.180065155029297,25.894672393798828,2.156010627746582,20260731
2023-09-07,ChargerMatched,FeasibleITransformer,64,38.847999572753906,46.33100128173828,1.875,18.98839569091797,29.05542755126953,18.98839569091797,29.05542755126953,1.369929313659668,20260731
2023-09-07,ChargerMatched,FeasibleITransformer,80,52.51499938964844,52.51499938964844,1.1875,31.962915420532227,36.694252014160156,31.962915420532227,36.694252014160156,1.7682790756225586,20260731
2023-09-07,ChargerMatched,FeasibleITransformer,84,52.51499938964844,52.51499938964844,0.0,38.08671951293945,38.570186614990234,38.08671951293945,38.570186614990234,1.0496760606765747,20260731
2023-09-07,ChargerMatched,FeasibleITransformer,96,52.51499938964844,52.51499938964844,0.0,42.098506927490234,42.098506927490234,42.098506927490234,42.098506927490234,0.2987557649612427,20260731
2023-09-08,ChargerMatched,FeasibleITransformer,32,0.0,0.0,0.0,2.88287091255188,3.94513201713562,2.88287091255188,3.94513201713562,0.2218862920999527,20260731
2023-09-08,ChargerMatched,FeasibleITransformer,48,0.0,6.215000152587891,0.375,10.893375396728516,21.741867065429688,10.893375396728516,21.741867065429688,2.2238354682922363,20260731
2023-09-08,ChargerMatched,FeasibleITransformer,64,6.215000152587891,6.215000152587891,0.3125,19.649396896362305,25.6463623046875,19.649396896362305,25.6463623046875,0.9183228015899658,20260731
2023-09-08,ChargerMatched,FeasibleITransformer,80,6.215000152587891,6.215000152587891,0.0,25.23471450805664,31.625144958496094,25.23471450805664,31.625144958496094,2.0597572326660156,20260731
2023-09-08,ChargerMatched,FeasibleITransformer,84,6.215000152587891,6.215000152587891,0.0,32.06917953491211,32.83558654785156,32.06917953491211,32.83558654785156,0.9114105105400085,20260731
2023-09-08,ChargerMatched,FeasibleITransformer,96,6.215000152587891,6.215000152587891,0.0,37.986183166503906,37.986183166503906,37.986183166503906,37.986183166503906,0.3961760103702545,20260731
2023-09-09,ChargerMatched,FeasibleITransformer,32,0.0,0.0,0.0,3.130709171295166,3.229534387588501,3.130709171295166,3.229534387588501,0.16331660747528076,20260731
2023-09-09,ChargerMatched,FeasibleITransformer,48,2.940000057220459,2.940000057220459,0.375,8.903130531311035,15.794560432434082,8.903130531311035,15.794560432434082,2.1962006092071533,20260731
2023-09-09,ChargerMatched,FeasibleITransformer,64,10.229000091552734,11.878999710083008,0.375,16.059444427490234,19.09489631652832,16.059444427490234,19.09489631652832,0.6401727199554443,20260731
2023-09-09,ChargerMatched,FeasibleITransformer,80,14.732999801635742,14.732999801635742,0.1875,18.343082427978516,22.360095977783203,18.343082427978516,22.360095977783203,2.2201788425445557,20260731
2023-09-09,ChargerMatched,FeasibleITransformer,84,14.732999801635742,14.732999801635742,0.0,23.20048713684082,23.501331329345703,23.20048713684082,23.501331329345703,0.7848474383354187,20260731
2023-09-09,ChargerMatched,FeasibleITransformer,96,14.732999801635742,14.732999801635742,0.0,26.955570220947266,26.955570220947266,26.955570220947266,26.955570220947266,0.39671260118484497,20260731
2023-09-10,ChargerMatched,FeasibleITransformer,32,3.1419999599456787,3.1419999599456787,0.125,2.173058032989502,2.173058032989502,2.173058032989502,2.173058032989502,0.16993728280067444,20260731
2023-09-10,ChargerMatched,FeasibleITransformer,48,3.1419999599456787,3.1419999599456787,0.0,9.5792875289917,15.082839012145996,9.5792875289917,15.082839012145996,1.8760477304458618,20260731
2023-09-10,ChargerMatched,FeasibleITransformer,64,3.1419999599456787,3.1419999599456787,0.0,15.085684776306152,18.08893394470215,15.085684776306152,18.08893394470215,0.5045608878135681,20260731
2023-09-10,ChargerMatched,FeasibleITransformer,80,8.602999687194824,8.602999687194824,0.625,17.42813491821289,20.426475524902344,17.42813491821289,20.426475524902344,2.234748363494873,20260731
2023-09-10,ChargerMatched,FeasibleITransformer,84,8.602999687194824,8.602999687194824,0.0,21.51116180419922,21.60226821899414,21.51116180419922,21.60226821899414,0.9265307784080505,20260731
2023-09-10,ChargerMatched,FeasibleITransformer,96,8.602999687194824,8.602999687194824,0.0,24.099628448486328,24.099628448486328,24.099628448486328,24.099628448486328,0.3966658115386963,20260731
2023-09-11,ChargerMatched,FeasibleITransformer,32,0.5879999995231628,1.649999976158142,0.03125,1.4742594957351685,1.4742594957351685,1.4742594957351685,1.4742594957351685,0.2324933260679245,20260731
2023-09-11,ChargerMatched,FeasibleITransformer,48,15.145000457763672,23.39900016784668,2.0,12.738492012023926,21.500226974487305,12.738492012023926,21.500226974487305,2.2816085815429688,20260731
2023-09-11,ChargerMatched,FeasibleITransformer,64,24.174999237060547,29.128999710083008,1.875,19.080032348632812,24.175052642822266,19.080032348632812,24.175052642822266,0.6849408149719238,20260731
2023-09-11,ChargerMatched,FeasibleITransformer,80,33.66699981689453,33.66699981689453,0.875,22.036697387695312,26.482650756835938,22.036697387695312,26.482650756835938,2.0376527309417725,20260731
2023-09-11,ChargerMatched,FeasibleITransformer,84,33.66699981689453,33.66699981689453,0.0,27.087203979492188,27.485397338867188,27.087203979492188,27.485397338867188,1.1358197927474976,20260731
2023-09-11,ChargerMatched,FeasibleITransformer,96,33.66699981689453,33.66699981689453,0.0,29.45372772216797,29.45372772216797,29.45372772216797,29.45372772216797,0.2944796681404114,20260731
2023-09-12,ChargerMatched,FeasibleITransformer,32,0.0,4.949999809265137,0.09375,1.1995646953582764,1.1995646953582764,1.1995646953582764,1.1995646953582764,0.33318984508514404,20260731
2023-09-12,ChargerMatched,FeasibleITransformer,48,0.0,12.61299991607666,2.0,10.746540069580078,19.97652816772461,10.746540069580078,19.97652816772461,1.9025992155075073,20260731
2023-09-12,ChargerMatched,FeasibleITransformer,64,8.376999855041504,18.39099884033203,1.875,14.805160522460938,21.439523696899414,14.805160522460938,21.439523696899414,0.9069305062294006,20260731
2023-09-12,ChargerMatched,FeasibleITransformer,80,27.992000579833984,27.992000579833984,1.875,20.008861541748047,23.76409912109375,20.008861541748047,23.76409912109375,1.53389573097229,20260731
2023-09-12,ChargerMatched,FeasibleITransformer,84,27.992000579833984,27.992000579833984,0.0,24.098533630371094,24.52557373046875,24.098533630371094,24.52557373046875,1.2878942489624023,20260731
2023-09-12,ChargerMatched,FeasibleITransformer,96,27.992000579833984,27.992000579833984,0.0,25.861343383789062,25.861343383789062,25.861343383789062,25.861343383789062,0.2292514443397522,20260731
2023-09-13,ChargerMatched,FeasibleITransformer,32,0.0,0.0,0.0,1.5912671089172363,1.5912671089172363,1.5912671089172363,1.5912671089172363,0.3401719331741333,20260731
2023-09-13,ChargerMatched,FeasibleITransformer,48,6.0289998054504395,9.81399917602539,0.875,10.368303298950195,20.636951446533203,10.368303298950195,20.636951446533203,1.8727604150772095,20260731
2023-09-13,ChargerMatched,FeasibleITransformer,64,10.979000091552734,10.979000091552734,0.1875,14.341056823730469,21.855674743652344,14.341056823730469,21.855674743652344,1.2071805000305176,20260731
2023-09-13,ChargerMatched,FeasibleITransformer,80,12.177999496459961,12.177999496459961,0.125,19.44335174560547,24.856571197509766,19.44335174560547,24.856571197509766,1.7103177309036255,20260731
2023-09-13,ChargerMatched,FeasibleITransformer,84,12.177999496459961,12.177999496459961,0.0,24.66276741027832,25.427722930908203,24.66276741027832,25.427722930908203,1.1633974313735962,20260731
2023-09-13,ChargerMatched,FeasibleITransformer,96,12.177999496459961,12.177999496459961,0.0,27.076358795166016,27.076358795166016,27.076358795166016,27.076358795166016,0.21655423939228058,20260731
2023-09-14,ChargerMatched,FeasibleITransformer,32,0.0,0.0,0.0,2.3964133262634277,2.3964133262634277,2.3964133262634277,2.3964133262634277,0.2884194552898407,20260731
2023-09-14,ChargerMatched,FeasibleITransformer,48,0.0,0.0,0.0,9.428704261779785,20.869028091430664,9.428704261779785,20.869028091430664,1.9784061908721924,20260731
2023-09-14,ChargerMatched,FeasibleITransformer,64,2.309999942779541,2.309999942779541,0.125,15.837638854980469,23.13092613220215,15.837638854980469,23.13092613220215,1.1518770456314087,20260731
2023-09-14,ChargerMatched,FeasibleITransformer,80,2.309999942779541,2.309999942779541,0.0,22.225933074951172,27.994844436645508,22.225933074951172,27.994844436645508,1.7680350542068481,20260731
2023-09-14,ChargerMatched,FeasibleITransformer,84,2.309999942779541,2.309999942779541,0.0,28.337678909301758,28.855976104736328,28.337678909301758,28.855976104736328,1.0196210145950317,20260731
2023-09-14,ChargerMatched,FeasibleITransformer,96,2.309999942779541,2.309999942779541,0.0,31.806358337402344,31.806358337402344,31.806358337402344,31.806358337402344,0.26427698135375977,20260731
2023-09-15,ChargerMatched,FeasibleITransformer,32,0.0,0.0,0.0,2.5449392795562744,2.95220685005188,2.5449392795562744,2.95220685005188,0.19797392189502716,20260731
2023-09-15,ChargerMatched,FeasibleITransformer,48,0.0,5.942999839782715,0.625,7.845707893371582,15.772880554199219,7.845707893371582,15.772880554199219,2.0725443363189697,20260731
2023-09-15,ChargerMatched,FeasibleITransformer,64,5.942999839782715,5.942999839782715,0.4375,14.750328063964844,18.621124267578125,14.750328063964844,18.621124267578125,0.8157559037208557,20260731
2023-09-15,ChargerMatched,FeasibleITransformer,80,5.942999839782715,5.942999839782715,0.0,16.926254272460938,22.59958839416504,16.926254272460938,22.59958839416504,1.6803336143493652,20260731
2023-09-15,ChargerMatched,FeasibleITransformer,84,5.942999839782715,5.942999839782715,0.0,22.630481719970703,23.414600372314453,22.630481719970703,23.414600372314453,0.8175132274627686,20260731
2023-09-15,ChargerMatched,FeasibleITransformer,96,5.942999839782715,5.942999839782715,0.0,26.87533187866211,26.87533187866211,26.87533187866211,26.87533187866211,0.3406168222427368,20260731
2023-09-16,ChargerMatched,FeasibleITransformer,32,0.0,0.0,0.0,3.254000663757324,3.299682140350342,3.254000663757324,3.299682140350342,0.16800379753112793,20260731
2023-09-16,ChargerMatched,FeasibleITransformer,48,0.0,0.0,0.0,8.627737998962402,15.202434539794922,8.627737998962402,15.202434539794922,2.1939876079559326,20260731
2023-09-16,ChargerMatched,FeasibleITransformer,64,0.0,0.0,0.0,16.087997436523438,19.018321990966797,16.087997436523438,19.018321990966797,0.6077446937561035,20260731
2023-09-16,ChargerMatched,FeasibleITransformer,80,0.0,0.0,0.0,18.326391220092773,22.506742477416992,18.326391220092773,22.506742477416992,2.1602745056152344,20260731
2023-09-16,ChargerMatched,FeasibleITransformer,84,0.0,0.0,0.0,23.430397033691406,23.718849182128906,23.430397033691406,23.718849182128906,0.7626067399978638,20260731
2023-09-16,ChargerMatched,FeasibleITransformer,96,0.0,0.0,0.0,27.491313934326172,27.491313934326172,27.491313934326172,27.491313934326172,0.40337419509887695,20260731
2023-09-17,ChargerMatched,FeasibleITransformer,32,0.0,0.0,0.0,2.6802854537963867,2.6802854537963867,2.6802854537963867,2.6802854537963867,0.17040137946605682,20260731
2023-09-17,ChargerMatched,FeasibleITransformer,48,0.0,0.0,0.0,11.89227294921875,17.705476760864258,11.89227294921875,17.705476760864258,2.2709708213806152,20260731
2023-09-17,ChargerMatched,FeasibleITransformer,64,0.0,0.0,0.0,17.999649047851562,21.205013275146484,17.999649047851562,21.205013275146484,0.5405290126800537,20260731
2023-09-17,ChargerMatched,FeasibleITransformer,80,19.96299934387207,23.738000869750977,0.9375,20.631309509277344,23.76715087890625,20.631309509277344,23.76715087890625,2.5247929096221924,20260731
2023-09-17,ChargerMatched,FeasibleITransformer,84,26.562999725341797,30.33799934387207,1.0,24.782081604003906,24.96209716796875,24.782081604003906,24.96209716796875,0.8877904415130615,20260731
2023-09-17,ChargerMatched,FeasibleITransformer,96,43.06300354003906,43.06300354003906,0.8333333134651184,27.83606719970703,27.83606719970703,27.83606719970703,27.83606719970703,0.3709535598754883,20260731
2023-09-18,ChargerMatched,FeasibleITransformer,32,0.0,0.0,0.0,1.5100955963134766,1.5100955963134766,1.5100955963134766,1.5100955963134766,0.23628723621368408,20260731
2023-09-18,ChargerMatched,FeasibleITransformer,48,0.0,4.401000022888184,0.625,12.846174240112305,20.88493537902832,12.846174240112305,20.88493537902832,2.2587780952453613,20260731
2023-09-18,ChargerMatched,FeasibleITransformer,64,4.401000022888184,4.401000022888184,0.4375,17.963363647460938,23.335474014282227,17.963363647460938,23.335474014282227,0.7079837918281555,20260731
2023-09-18,ChargerMatched,FeasibleITransformer,80,6.171000003814697,14.300999641418457,0.375,21.08916473388672,25.498395919799805,21.08916473388672,25.498395919799805,2.2903292179107666,20260731
2023-09-18,ChargerMatched,FeasibleITransformer,84,12.770999908447266,16.070999145507812,1.0,25.750835418701172,26.42603874206543,25.750835418701172,26.42603874206543,1.1971094608306885,20260731
2023-09-18,ChargerMatched,FeasibleITransformer,96,17.8439998626709,17.8439998626709,0.4166666865348816,28.354515075683594,28.354515075683594,28.354515075683594,28.354515075683594,0.34016481041908264,20260731
2023-09-19,ChargerMatched,FeasibleITransformer,32,0.0,0.0,0.0,1.2256592512130737,1.2256592512130737,1.2256592512130737,1.2256592512130737,0.2991437315940857,20260731
2023-09-19,ChargerMatched,FeasibleITransformer,48,18.121000289916992,22.28999900817871,1.0625,9.763446807861328,16.974912643432617,9.763446807861328,16.974912643432617,1.8027803897857666,20260731
2023-09-19,ChargerMatched,FeasibleITransformer,64,39.57099914550781,39.57099914550781,0.8125,13.197848320007324,18.30436897277832,13.197848320007324,18.30436897277832,0.801888644695282,20260731
2023-09-19,ChargerMatched,FeasibleITransformer,80,39.57099914550781,39.57099914550781,0.0,15.235191345214844,20.200912475585938,15.235191345214844,20.200912475585938,1.665116310119629,20260731
2023-09-19,ChargerMatched,FeasibleITransformer,84,39.57099914550781,39.57099914550781,0.0,19.97518539428711,20.804424285888672,19.97518539428711,20.804424285888672,1.5571608543395996,20260731
2023-09-19,ChargerMatched,FeasibleITransformer,96,39.57099914550781,39.57099914550781,0.0,22.191471099853516,22.191471099853516,22.191471099853516,22.191471099853516,0.32698532938957214,20260731
2023-09-20,ChargerMatched,FeasibleITransformer,32,0.0,0.0,0.0,1.1249289512634277,1.1249289512634277,1.1249289512634277,1.1249289512634277,0.3166140913963318,20260731
2023-09-20,ChargerMatched,FeasibleITransformer,48,8.416999816894531,10.910999298095703,0.625,8.103290557861328,16.343730926513672,8.103290557861328,16.343730926513672,1.6979894638061523,20260731
2023-09-20,ChargerMatched,FeasibleITransformer,64,34.91600036621094,34.91600036621094,1.3125,11.616854667663574,17.50733757019043,11.616854667663574,17.50733757019043,0.9527255892753601,20260731
2023-09-20,ChargerMatched,FeasibleITransformer,80,34.91600036621094,34.91600036621094,0.0,13.407581329345703,20.108835220336914,13.407581329345703,20.108835220336914,1.4674134254455566,20260731
2023-09-20,ChargerMatched,FeasibleITransformer,84,34.91600036621094,34.91600036621094,0.0,19.577070236206055,20.60593032836914,19.577070236206055,20.60593032836914,1.3655600547790527,20260731
2023-09-20,ChargerMatched,FeasibleITransformer,96,34.91600036621094,34.91600036621094,0.0,22.118640899658203,22.118640899658203,22.118640899658203,22.118640899658203,0.257236510515213,20260731
2023-09-21,ChargerMatched,FeasibleITransformer,32,1.4249999523162842,4.949999809265137,0.09375,1.877350091934204,1.877350091934204,1.877350091934204,1.877350091934204,0.2709740698337555,20260731
2023-09-21,ChargerMatched,FeasibleITransformer,48,24.524999618530273,24.524999618530273,0.875,7.62382173538208,15.662840843200684,7.62382173538208,15.662840843200684,1.699951410293579,20260731
2023-09-21,ChargerMatched,FeasibleITransformer,64,25.850000381469727,25.850000381469727,0.0625,12.605134010314941,17.291671752929688,12.605134010314941,17.291671752929688,0.945032000541687,20260731
2023-09-21,ChargerMatched,FeasibleITransformer,80,32.01799774169922,32.01799774169922,0.4375,14.09300422668457,20.708349227905273,14.09300422668457,20.708349227905273,1.3566675186157227,20260731
2023-09-21,ChargerMatched,FeasibleITransformer,84,32.01799774169922,32.01799774169922,0.0,20.227455139160156,21.25136947631836,20.227455139160156,21.25136947631836,1.2268757820129395,20260731
2023-09-21,ChargerMatched,FeasibleITransformer,96,32.01799774169922,32.01799774169922,0.0,23.5351619720459,23.5351619720459,23.5351619720459,23.5351619720459,0.35977184772491455,20260731
2023-09-22,ChargerMatched,FeasibleITransformer,32,0.2199999988079071,3.299999952316284,0.0625,2.7989323139190674,3.499711513519287,2.7989323139190674,3.499711513519287,0.19908416271209717,20260731
2023-09-22,ChargerMatched,FeasibleITransformer,48,23.31999969482422,23.31999969482422,0.875,8.73824405670166,18.150171279907227,8.73824405670166,18.150171279907227,2.0846316814422607,20260731
2023-09-22,ChargerMatched,FeasibleITransformer,64,23.31999969482422,23.31999969482422,0.0,16.57682228088379,21.439376831054688,16.57682228088379,21.439376831054688,0.8210253119468689,20260731
2023-09-22,ChargerMatched,FeasibleITransformer,80,24.124000549316406,24.124000549316406,0.0625,20.818744659423828,26.234214782714844,20.818744659423828,26.234214782714844,1.9063830375671387,20260731
2023-09-22,ChargerMatched,FeasibleITransformer,84,24.124000549316406,24.124000549316406,0.0,26.684123992919922,27.305376052856445,26.684123992919922,27.305376052856445,1.0327619314193726,20260731
2023-09-22,ChargerMatched,FeasibleITransformer,96,24.124000549316406,24.124000549316406,0.0,31.314678192138672,31.314678192138672,31.314678192138672,31.314678192138672,0.45104628801345825,20260731
2023-09-23,ChargerMatched,FeasibleITransformer,32,0.0,0.0,0.0,3.2147929668426514,3.512777090072632,3.2147929668426514,3.512777090072632,0.15643933415412903,20260731
2023-09-23,ChargerMatched,FeasibleITransformer,48,0.0,0.0,0.0,10.376432418823242,17.784393310546875,10.376432418823242,17.784393310546875,2.1078639030456543,20260731
2023-09-23,ChargerMatched,FeasibleITransformer,64,0.0,0.0,0.0,19.36722755432129,22.337520599365234,19.36722755432129,22.337520599365234,0.494900107383728,20260731
2023-09-23,ChargerMatched,FeasibleITransformer,80,0.0,0.0,0.0,22.011310577392578,26.651145935058594,22.011310577392578,26.651145935058594,2.265545129776001,20260731
2023-09-23,ChargerMatched,FeasibleITransformer,84,0.0,0.0,0.0,27.843387603759766,28.084320068359375,27.843387603759766,28.084320068359375,0.9829909801483154,20260731
2023-09-23,ChargerMatched,FeasibleITransformer,96,0.0,0.0,0.0,33.09642791748047,33.09642791748047,33.09642791748047,33.09642791748047,0.5561996698379517,20260731
2023-09-24,ChargerMatched,FeasibleITransformer,32,0.0,0.0,0.0,2.7859511375427246,2.7859511375427246,2.7859511375427246,2.7859511375427246,0.1699415147304535,20260731
2023-09-24,ChargerMatched,FeasibleITransformer,48,0.0,0.0,0.0,12.829710006713867,18.623397827148438,12.829710006713867,18.623397827148438,2.0699644088745117,20260731
2023-09-24,ChargerMatched,FeasibleITransformer,64,11.263999938964844,11.263999938964844,0.5,18.848037719726562,22.252965927124023,18.848037719726562,22.252965927124023,0.44565504789352417,20260731
2023-09-24,ChargerMatched,FeasibleITransformer,80,30.326000213623047,30.326000213623047,0.75,21.699302673339844,25.229028701782227,21.699302673339844,25.229028701782227,2.4507384300231934,20260731
2023-09-24,ChargerMatched,FeasibleITransformer,84,30.326000213623047,30.326000213623047,0.0,26.452322006225586,26.714935302734375,26.452322006225586,26.714935302734375,1.2270716428756714,20260731
2023-09-24,ChargerMatched,FeasibleITransformer,96,30.326000213623047,30.326000213623047,0.0,30.398569107055664,30.398569107055664,30.398569107055664,30.398569107055664,0.5760695934295654,20260731
2023-09-25,ChargerMatched,FeasibleITransformer,32,0.0,0.0,0.0,1.4463231563568115,1.446323037147522,1.4463231563568115,1.446323037147522,0.20690001547336578,20260731
2023-09-25,ChargerMatched,FeasibleITransformer,48,0.0,4.949999809265137,0.1875,12.533916473388672,20.0961971282959,12.533916473388672,20.0961971282959,2.084084987640381,20260731
2023-09-25,ChargerMatched,FeasibleITransformer,64,27.452999114990234,30.588998794555664,2.1875,17.588905334472656,22.63345718383789,17.588905334472656,22.63345718383789,0.6628409028053284,20260731
2023-09-25,ChargerMatched,FeasibleITransformer,80,38.21699905395508,38.21699905395508,0.6875,20.640565872192383,24.994359970092773,20.640565872192383,24.994359970092773,2.3008296489715576,20260731
2023-09-25,ChargerMatched,FeasibleITransformer,84,38.21699905395508,38.21699905395508,0.0,25.376319885253906,26.031185150146484,25.376319885253906,26.031185150146484,1.3868327140808105,20260731
2023-09-25,ChargerMatched,FeasibleITransformer,96,38.21699905395508,38.21699905395508,0.0,28.113197326660156,28.113197326660156,28.113197326660156,28.113197326660156,0.36440014839172363,20260731
2023-09-26,ChargerMatched,FeasibleITransformer,32,0.7059999704360962,0.7059999704360962,0.3125,1.2260000705718994,1.2260000705718994,1.2260000705718994,1.2260000705718994,0.29617398977279663,20260731
2023-09-26,ChargerMatched,FeasibleITransformer,48,0.7059999704360962,15.610000610351562,0.875,11.260115623474121,21.12370491027832,11.260115623474121,21.12370491027832,2.051417827606201,20260731
2023-09-26,ChargerMatched,FeasibleITransformer,64,25.224000930786133,35.124000549316406,1.875,16.416759490966797,23.04172134399414,16.416759490966797,23.04172134399414,0.9078271985054016,20260731
2023-09-26,ChargerMatched,FeasibleITransformer,80,35.124000549316406,35.124000549316406,0.375,20.679597854614258,25.629413604736328,20.679597854614258,25.629413604736328,1.7545448541641235,20260731
2023-09-26,ChargerMatched,FeasibleITransformer,84,35.124000549316406,35.124000549316406,0.0,25.760555267333984,26.377601623535156,25.760555267333984,26.377601623535156,1.3674845695495605,20260731
2023-09-26,ChargerMatched,FeasibleITransformer,96,35.124000549316406,35.124000549316406,0.0,28.026458740234375,28.026458740234375,28.026458740234375,28.026458740234375,0.24355176091194153,20260731
2023-09-27,ChargerMatched,FeasibleITransformer,32,0.0,1.649999976158142,0.03125,1.3162100315093994,1.3162100315093994,1.3162100315093994,1.3162100315093994,0.37244534492492676,20260731
2023-09-27,ChargerMatched,FeasibleITransformer,48,33.77899932861328,40.93899917602539,2.4375,8.871864318847656,18.733823776245117,8.871864318847656,18.733823776245117,1.6301264762878418,20260731
2023-09-27,ChargerMatched,FeasibleITransformer,64,81.39800262451172,81.39800262451172,2.0625,13.794962882995605,20.469711303710938,13.794962882995605,20.469711303710938,1.0677473545074463,20260731
2023-09-27,ChargerMatched,FeasibleITransformer,80,95.2760009765625,95.2760009765625,0.5625,18.42409896850586,24.080007553100586,18.42409896850586,24.080007553100586,1.3653115034103394,20260731
2023-09-27,ChargerMatched,FeasibleITransformer,84,95.2760009765625,95.2760009765625,0.0,24.038602828979492,24.793132781982422,24.038602828979492,24.793132781982422,1.301835298538208,20260731
2023-09-27,ChargerMatched,FeasibleITransformer,96,95.2760009765625,95.2760009765625,0.0,26.692276000976562,26.692276000976562,26.692276000976562,26.692276000976562,0.2338358461856842,20260731
2023-09-28,ChargerMatched,FeasibleITransformer,32,2.5880000591278076,4.949999809265137,0.09375,2.237403392791748,2.373886823654175,2.237403392791748,2.373886823654175,0.3002496063709259,20260731
2023-09-28,ChargerMatched,FeasibleITransformer,48,11.854000091552734,13.503999710083008,1.0625,9.058762550354004,19.210887908935547,9.058762550354004,19.210887908935547,1.8355497121810913,20260731
2023-09-28,ChargerMatched,FeasibleITransformer,64,24.44700050354004,24.44700050354004,0.5,15.94233512878418,21.529958724975586,15.94233512878418,21.529958724975586,1.0027008056640625,20260731
2023-09-28,ChargerMatched,FeasibleITransformer,80,24.44700050354004,24.44700050354004,0.0,19.87369155883789,26.52081871032715,19.87369155883789,26.52081871032715,1.4414403438568115,20260731
2023-09-28,ChargerMatched,FeasibleITransformer,84,24.44700050354004,24.44700050354004,0.0,26.40719223022461,27.252750396728516,26.40719223022461,27.252750396728516,1.0928535461425781,20260731
2023-09-28,ChargerMatched,FeasibleITransformer,96,24.44700050354004,24.44700050354004,0.0,30.386730194091797,30.386730194091797,30.386730194091797,30.386730194091797,0.28623783588409424,20260731
2023-09-29,ChargerMatched,FeasibleITransformer,32,0.0,0.0,0.0,2.8102853298187256,3.469160556793213,2.8102853298187256,3.469160556793213,0.21120673418045044,20260731
2023-09-29,ChargerMatched,FeasibleITransformer,48,0.0,9.854999542236328,1.5625,9.155572891235352,18.001604080200195,9.155572891235352,18.001604080200195,2.1119308471679688,20260731
2023-09-29,ChargerMatched,FeasibleITransformer,64,3.5899999141693115,12.67300033569336,2.5,18.594127655029297,22.00147247314453,18.594127655029297,22.00147247314453,0.8344700932502747,20260731
2023-09-29,ChargerMatched,FeasibleITransformer,80,12.67300033569336,12.67300033569336,0.625,22.75586700439453,27.738319396972656,22.75586700439453,27.738319396972656,1.7833163738250732,20260731
2023-09-29,ChargerMatched,FeasibleITransformer,84,12.67300033569336,12.67300033569336,0.0,28.69137954711914,29.184537887573242,28.69137954711914,29.184537887573242,0.8615941405296326,20260731
2023-09-29,ChargerMatched,FeasibleITransformer,96,12.67300033569336,12.67300033569336,0.0,33.687042236328125,33.687042236328125,33.687042236328125,33.687042236328125,0.34876999258995056,20260731
2023-09-30,ChargerMatched,FeasibleITransformer,32,0.0,0.0,0.0,3.6533663272857666,3.662742853164673,3.6533663272857666,3.662742853164673,0.1760733425617218,20260731
2023-09-30,ChargerMatched,FeasibleITransformer,48,14.746000289916992,16.889999389648438,1.0625,10.130541801452637,17.263227462768555,10.130541801452637,17.263227462768555,2.2282750606536865,20260731
2023-09-30,ChargerMatched,FeasibleITransformer,64,26.32699966430664,37.84600067138672,0.875,19.495080947875977,22.482059478759766,19.495080947875977,22.482059478759766,0.661042332649231,20260731
2023-09-30,ChargerMatched,FeasibleITransformer,80,42.82699966430664,42.82699966430664,0.625,23.262205123901367,27.306795120239258,23.262205123901367,27.306795120239258,2.209754705429077,20260731
2023-09-30,ChargerMatched,FeasibleITransformer,84,42.82699966430664,42.82699966430664,0.0,28.660945892333984,28.928939819335938,28.660945892333984,28.928939819335938,0.8764476776123047,20260731
2023-09-30,ChargerMatched,FeasibleITransformer,96,47.46399688720703,47.46399688720703,0.3333333432674408,34.56541061401367,34.56541061401367,34.56541061401367,34.56541061401367,0.4666047692298889,20260731
2023-07-01,ChargerFull,FeasibleITransformer,32,0.8399999737739563,4.949999809265137,0.09375,3.04469895362854,11.852540969848633,3.04469895362854,11.852540969848633,0.3866403102874756,20260731
2023-07-01,ChargerFull,FeasibleITransformer,48,16.05299949645996,19.35300064086914,0.8125,15.757024765014648,30.395431518554688,15.757024765014648,30.395431518554688,2.6243066787719727,20260731
2023-07-01,ChargerFull,FeasibleITransformer,64,27.618999481201172,35.88800048828125,1.5,35.71683120727539,40.70842361450195,35.71683120727539,40.70842361450195,1.8986289501190186,20260731
2023-07-01,ChargerFull,FeasibleITransformer,80,31.71500015258789,39.98400115966797,1.1875,45.56517791748047,49.47410583496094,45.56517791748047,49.47410583496094,1.8380266427993774,20260731
2023-07-01,ChargerFull,FeasibleITransformer,84,33.384002685546875,39.98400115966797,1.0,52.88066864013672,53.53013229370117,52.88066864013672,53.53013229370117,0.7216302156448364,20260731
2023-07-01,ChargerFull,FeasibleITransformer,96,39.98400115966797,39.98400115966797,0.3333333432674408,60.7440299987793,60.7440299987793,60.7440299987793,60.7440299987793,0.7167224287986755,20260731
2023-07-02,ChargerFull,FeasibleITransformer,32,0.0,0.0,0.0,4.286837100982666,7.328925132751465,4.286837100982666,7.328925132751465,0.39437174797058105,20260731
2023-07-02,ChargerFull,FeasibleITransformer,48,28.857999801635742,28.857999801635742,1.375,13.344503402709961,22.247201919555664,13.344503402709961,22.247201919555664,1.8913414478302002,20260731
2023-07-02,ChargerFull,FeasibleITransformer,64,47.73699951171875,47.73699951171875,1.3125,27.858173370361328,30.914772033691406,27.858173370361328,30.914772033691406,1.4634965658187866,20260731
2023-07-02,ChargerFull,FeasibleITransformer,80,62.05500030517578,77.2030029296875,1.1875,33.184303283691406,36.64897918701172,33.184303283691406,36.64897918701172,2.002171516418457,20260731
2023-07-02,ChargerFull,FeasibleITransformer,84,73.37100219726562,83.8030014038086,2.0,40.07572555541992,40.53993225097656,40.07572555541992,40.53993225097656,1.049709677696228,20260731
2023-07-02,ChargerFull,FeasibleITransformer,96,84.92100524902344,84.92100524902344,0.5833333730697632,45.25163650512695,45.25163650512695,45.25163650512695,45.25163650512695,0.6604238748550415,20260731
2023-07-03,ChargerFull,FeasibleITransformer,32,0.0,14.850000381469727,0.28125,4.417665004730225,6.635926723480225,4.417665004730225,6.635926723480225,0.5571916699409485,20260731
2023-07-03,ChargerFull,FeasibleITransformer,48,23.78799819946289,57.961997985839844,3.375,17.36679458618164,32.02058029174805,17.36679458618164,32.02058029174805,2.256781816482544,20260731
2023-07-03,ChargerFull,FeasibleITransformer,64,92.65199279785156,104.97600555419922,4.6875,29.60023307800293,38.398399353027344,29.60023307800293,38.398399353027344,1.8281474113464355,20260731
2023-07-03,ChargerFull,FeasibleITransformer,80,121.43299865722656,121.43299865722656,1.8125,37.19711685180664,43.65978240966797,37.19711685180664,43.65978240966797,1.7456560134887695,20260731
2023-07-03,ChargerFull,FeasibleITransformer,84,121.43299865722656,121.43299865722656,0.0,45.50194549560547,46.90426254272461,45.50194549560547,46.90426254272461,1.30501127243042,20260731
2023-07-03,ChargerFull,FeasibleITransformer,96,121.43299865722656,121.43299865722656,0.0,50.3791618347168,50.3791618347168,50.3791618347168,50.3791618347168,0.5648947954177856,20260731
2023-07-04,ChargerFull,FeasibleITransformer,32,0.0,0.0,0.0,4.839666843414307,7.882104396820068,4.839666843414307,7.882104396820068,0.8565340042114258,20260731
2023-07-04,ChargerFull,FeasibleITransformer,48,0.656000018119812,4.949999809265137,0.1875,17.13807487487793,40.289573669433594,17.13807487487793,40.289573669433594,2.3869268894195557,20260731
2023-07-04,ChargerFull,FeasibleITransformer,64,13.41200065612793,13.41200065612793,0.5625,34.13471221923828,44.84724426269531,34.13471221923828,44.84724426269531,2.4568893909454346,20260731
2023-07-04,ChargerFull,FeasibleITransformer,80,16.437999725341797,16.437999725341797,0.3125,42.479759216308594,50.7322998046875,42.479759216308594,50.7322998046875,1.2778767347335815,20260731
2023-07-04,ChargerFull,FeasibleITransformer,84,16.437999725341797,16.437999725341797,0.0,51.67292785644531,53.186031341552734,51.67292785644531,53.186031341552734,1.4349409341812134,20260731
2023-07-04,ChargerFull,FeasibleITransformer,96,16.437999725341797,16.437999725341797,0.0,56.12489700317383,56.12489700317383,56.12489700317383,56.12489700317383,0.4182731509208679,20260731
2023-07-05,ChargerFull,FeasibleITransformer,32,0.0,26.399999618530273,0.5,4.457103729248047,8.811992645263672,4.457103729248047,8.811992645263672,0.8750097155570984,20260731
2023-07-05,ChargerFull,FeasibleITransformer,48,36.979000091552734,83.26399993896484,3.6875,16.426631927490234,35.00505065917969,16.426631927490234,35.00505065917969,2.0687973499298096,20260731
2023-07-05,ChargerFull,FeasibleITransformer,64,99.51699829101562,112.14399719238281,4.125,29.927696228027344,38.89717102050781,29.927696228027344,38.89717102050781,2.596346139907837,20260731
2023-07-05,ChargerFull,FeasibleITransformer,80,112.5530014038086,112.5530014038086,0.5,37.76546859741211,46.44436264038086,37.76546859741211,46.44436264038086,1.1263667345046997,20260731
2023-07-05,ChargerFull,FeasibleITransformer,84,112.5530014038086,112.5530014038086,0.0,47.52745819091797,48.78265380859375,47.52745819091797,48.78265380859375,1.4503288269042969,20260731
2023-07-05,ChargerFull,FeasibleITransformer,96,112.5530014038086,112.5530014038086,0.0,51.809844970703125,51.809844970703125,51.809844970703125,51.809844970703125,0.42739957571029663,20260731
2023-07-06,ChargerFull,FeasibleITransformer,32,2.1019999980926514,14.850000381469727,0.28125,4.441239356994629,13.835081100463867,4.441239356994629,13.835081100463867,0.8481013178825378,20260731
2023-07-06,ChargerFull,FeasibleITransformer,48,42.125,63.60099792480469,2.4375,17.66837501525879,40.962196350097656,17.66837501525879,40.962196350097656,2.3250930309295654,20260731
2023-07-06,ChargerFull,FeasibleITransformer,64,77.25,86.08599853515625,3.125,36.666038513183594,47.21173858642578,36.666038513183594,47.21173858642578,2.7785680294036865,20260731
2023-07-06,ChargerFull,FeasibleITransformer,80,133.0570068359375,133.0570068359375,2.9375,53.72686004638672,59.574432373046875,53.72686004638672,59.574432373046875,1.136762022972107,20260731
2023-07-06,ChargerFull,FeasibleITransformer,84,133.0570068359375,133.0570068359375,0.0,61.49403381347656,62.684906005859375,61.49403381347656,62.684906005859375,1.1296254396438599,20260731
2023-07-06,ChargerFull,FeasibleITransformer,96,133.0570068359375,133.0570068359375,0.0,68.28112030029297,68.28112030029297,68.28112030029297,68.28112030029297,0.4286058843135834,20260731
2023-07-07,ChargerFull,FeasibleITransformer,32,0.0,19.799999237060547,0.375,3.74534273147583,19.311866760253906,3.74534273147583,19.311866760253906,0.5848448276519775,20260731
2023-07-07,ChargerFull,FeasibleITransformer,48,18.961999893188477,53.98600387573242,2.125,16.054885864257812,43.56031036376953,16.054885864257812,43.56031036376953,2.6070404052734375,20260731
2023-07-07,ChargerFull,FeasibleITransformer,64,81.76899719238281,94.96900177001953,4.0625,41.17730712890625,53.53876876831055,41.17730712890625,53.53876876831055,2.624971389770508,20260731
2023-07-07,ChargerFull,FeasibleITransformer,80,94.96900177001953,94.96900177001953,0.5,67.14444732666016,70.96824645996094,67.14444732666016,70.96824645996094,2.2034077644348145,20260731
2023-07-07,ChargerFull,FeasibleITransformer,84,94.96900177001953,94.96900177001953,0.0,74.71138000488281,75.69233703613281,74.71138000488281,75.69233703613281,1.051102876663208,20260731
2023-07-07,ChargerFull,FeasibleITransformer,96,94.96900177001953,94.96900177001953,0.0,85.83041381835938,85.83041381835938,85.83041381835938,85.83041381835938,0.6697449684143066,20260731
2023-07-08,ChargerFull,FeasibleITransformer,32,0.0,0.0,0.0,2.5404560565948486,12.012078285217285,2.5404560565948486,12.012078285217285,0.4246442914009094,20260731
2023-07-08,ChargerFull,FeasibleITransformer,48,9.368000984191895,23.7810001373291,1.8125,13.025189399719238,30.80787467956543,13.025189399719238,30.80787467956543,2.5893681049346924,20260731
2023-07-08,ChargerFull,FeasibleITransformer,64,48.98400115966797,48.98400115966797,1.9375,34.68837356567383,41.2368278503418,34.68837356567383,41.2368278503418,1.9091167449951172,20260731
2023-07-08,ChargerFull,FeasibleITransformer,80,50.14600372314453,50.14600372314453,0.125,45.92996597290039,50.35357666015625,45.92996597290039,50.35357666015625,1.9823836088180542,20260731
2023-07-08,ChargerFull,FeasibleITransformer,84,50.14600372314453,50.14600372314453,0.0,53.42925262451172,54.28017044067383,53.42925262451172,54.28017044067383,0.866197407245636,20260731
2023-07-08,ChargerFull,FeasibleITransformer,96,50.14600372314453,50.14600372314453,0.0,62.19280242919922,62.19280242919922,62.19280242919922,62.19280242919922,0.7233657240867615,20260731
2023-07-09,ChargerFull,FeasibleITransformer,32,0.0,0.0,0.0,3.7059433460235596,6.924454689025879,3.7059433460235596,6.924454689025879,0.39390552043914795,20260731
2023-07-09,ChargerFull,FeasibleITransformer,48,10.38700008392334,10.38700008392334,0.625,13.874824523925781,28.8145751953125,13.874824523925781,28.8145751953125,2.592231035232544,20260731
2023-07-09,ChargerFull,FeasibleITransformer,64,14.985000610351562,21.58500099182129,0.625,30.366504669189453,37.302398681640625,30.366504669189453,37.302398681640625,1.6442745923995972,20260731
2023-07-09,ChargerFull,FeasibleITransformer,80,22.229000091552734,22.229000091552734,0.4375,39.152801513671875,44.040157318115234,39.152801513671875,44.040157318115234,2.0443081855773926,20260731
2023-07-09,ChargerFull,FeasibleITransformer,84,22.229000091552734,22.229000091552734,0.0,46.762237548828125,47.91804504394531,46.762237548828125,47.91804504394531,0.966484010219574,20260731
2023-07-09,ChargerFull,FeasibleITransformer,96,22.229000091552734,22.229000091552734,0.0,53.158809661865234,53.158809661865234,53.158809661865234,53.158809661865234,0.5739207863807678,20260731
2023-07-10,ChargerFull,FeasibleITransformer,32,0.0,16.5,0.3125,3.355064630508423,4.101696014404297,3.355064630508423,4.101696014404297,0.5156556963920593,20260731
2023-07-10,ChargerFull,FeasibleITransformer,48,26.132999420166016,31.397001266479492,1.25,13.105127334594727,28.751163482666016,13.105127334594727,28.751163482666016,2.21673846244812,20260731
2023-07-10,ChargerFull,FeasibleITransformer,64,36.03300094604492,41.0260009765625,1.125,24.49741554260254,34.0552978515625,24.49741554260254,34.0552978515625,1.8514004945755005,20260731
2023-07-10,ChargerFull,FeasibleITransformer,80,75.00599670410156,78.26200103759766,1.75,31.049503326416016,38.33219909667969,31.049503326416016,38.33219909667969,1.7635014057159424,20260731
2023-07-10,ChargerFull,FeasibleITransformer,84,78.30599975585938,78.30599975585938,0.5,38.73412322998047,40.55644226074219,38.73412322998047,40.55644226074219,1.0016134977340698,20260731
2023-07-10,ChargerFull,FeasibleITransformer,96,78.30599975585938,78.30599975585938,0.0,43.210906982421875,43.210906982421875,43.210906982421875,43.210906982421875,0.4492536783218384,20260731
2023-07-11,ChargerFull,FeasibleITransformer,32,0.0,21.450000762939453,0.40625,4.327225685119629,6.616029262542725,4.327225685119629,6.616029262542725,0.8972346782684326,20260731
2023-07-11,ChargerFull,FeasibleITransformer,48,25.659000396728516,95.90799713134766,3.8125,14.532171249389648,32.702239990234375,14.532171249389648,32.702239990234375,2.1098039150238037,20260731
2023-07-11,ChargerFull,FeasibleITransformer,64,108.74501037597656,138.4449920654297,4.875,24.6485652923584,35.55064010620117,24.6485652923584,35.55064010620117,2.132305145263672,20260731
2023-07-11,ChargerFull,FeasibleITransformer,80,148.20599365234375,148.75498962402344,1.625,32.71416473388672,39.48316955566406,32.71416473388672,39.48316955566406,1.340460181236267,20260731
2023-07-11,ChargerFull,FeasibleITransformer,84,149.8560028076172,149.8560028076172,0.25,39.70410919189453,41.103355407714844,39.70410919189453,41.103355407714844,1.2105445861816406,20260731
2023-07-11,ChargerFull,FeasibleITransformer,96,149.8560028076172,149.8560028076172,0.0,43.136756896972656,43.136756896972656,43.136756896972656,43.136756896972656,0.31415635347366333,20260731
2023-07-12,ChargerFull,FeasibleITransformer,32,0.0,18.149999618530273,0.34375,3.6116116046905518,8.562129020690918,3.6116116046905518,8.562129020690918,0.9099634289741516,20260731
2023-07-12,ChargerFull,FeasibleITransformer,48,1.6430000066757202,39.4379997253418,2.0625,15.9810791015625,42.83841323852539,15.9810791015625,42.83841323852539,2.3696935176849365,20260731
2023-07-12,ChargerFull,FeasibleITransformer,64,59.23099899291992,80.35700225830078,3.5,34.38188552856445,46.766929626464844,34.38188552856445,46.766929626464844,2.8545589447021484,20260731
2023-07-12,ChargerFull,FeasibleITransformer,80,82.0,88.57099914550781,1.5625,49.27531433105469,55.30059051513672,49.27531433105469,55.30059051513672,1.2707631587982178,20260731
2023-07-12,ChargerFull,FeasibleITransformer,84,86.92100524902344,88.57099914550781,1.0,56.08774185180664,57.746307373046875,56.08774185180664,57.746307373046875,1.0438886880874634,20260731
2023-07-12,ChargerFull,FeasibleITransformer,96,88.57099914550781,88.57099914550781,0.0833333358168602,60.689422607421875,60.689422607421875,60.689422607421875,60.689422607421875,0.32771390676498413,20260731
2023-07-13,ChargerFull,FeasibleITransformer,32,0.0,4.949999809265137,0.09375,4.389078140258789,15.97603988647461,4.389078140258789,15.97603988647461,0.8483172059059143,20260731
2023-07-13,ChargerFull,FeasibleITransformer,48,72.54100036621094,84.06300354003906,3.8125,20.096271514892578,55.58082962036133,20.096271514892578,55.58082962036133,2.6515073776245117,20260731
2023-07-13,ChargerFull,FeasibleITransformer,64,111.79200744628906,114.5050048828125,2.3125,48.546138763427734,63.498077392578125,48.546138763427734,63.498077392578125,3.1889047622680664,20260731
2023-07-13,ChargerFull,FeasibleITransformer,80,159.3000030517578,159.3000030517578,2.5,79.38526916503906,83.83766174316406,79.38526916503906,83.83766174316406,1.7317652702331543,20260731
2023-07-13,ChargerFull,FeasibleITransformer,84,159.3000030517578,159.3000030517578,0.0,87.74801635742188,88.45159912109375,87.74801635742188,88.45159912109375,1.208969235420227,20260731
2023-07-13,ChargerFull,FeasibleITransformer,96,159.3000030517578,159.3000030517578,0.0,95.25926208496094,95.25926208496094,95.25926208496094,95.25926208496094,0.3987269401550293,20260731
2023-07-14,ChargerFull,FeasibleITransformer,32,0.9089999794960022,14.850000381469727,0.28125,2.7154974937438965,12.802833557128906,2.7154974937438965,12.802833557128906,0.4925944209098816,20260731
2023-07-14,ChargerFull,FeasibleITransformer,48,30.94499969482422,32.595001220703125,1.5,15.933975219726562,42.25410079956055,15.933975219726562,42.25410079956055,2.675875663757324,20260731
2023-07-14,ChargerFull,FeasibleITransformer,64,58.197998046875,63.14799880981445,1.875,38.872169494628906,52.51426696777344,38.872169494628906,52.51426696777344,2.410123825073242,20260731
2023-07-14,ChargerFull,FeasibleITransformer,80,90.84500122070312,94.26199340820312,1.625,67.75614929199219,70.8735122680664,67.75614929199219,70.8735122680664,2.160069227218628,20260731
2023-07-14,ChargerFull,FeasibleITransformer,84,97.44499206542969,97.44499206542969,1.0,74.2889404296875,75.171875,74.2889404296875,75.171875,0.9898178577423096,20260731
2023-07-14,ChargerFull,FeasibleITransformer,96,97.44499206542969,97.44499206542969,0.0,83.55970764160156,83.55970764160156,83.55970764160156,83.55970764160156,0.4682205021381378,20260731
2023-07-15,ChargerFull,FeasibleITransformer,32,0.0,0.0,0.0,2.3065237998962402,8.329387664794922,2.3065237998962402,8.329387664794922,0.3335078954696655,20260731
2023-07-15,ChargerFull,FeasibleITransformer,48,0.0,0.0,0.0,12.864424705505371,28.848901748657227,12.864424705505371,28.848901748657227,2.6615190505981445,20260731
2023-07-15,ChargerFull,FeasibleITransformer,64,10.382999420166016,10.382999420166016,0.75,31.37913703918457,37.10197067260742,31.37913703918457,37.10197067260742,1.5853443145751953,20260731
2023-07-15,ChargerFull,FeasibleITransformer,80,15.918998718261719,15.918998718261719,0.4375,42.68404006958008,47.096290588378906,42.68404006958008,47.096290588378906,2.074147939682007,20260731
2023-07-15,ChargerFull,FeasibleITransformer,84,15.918998718261719,15.918998718261719,0.0,49.15617752075195,50.17246627807617,49.15617752075195,50.17246627807617,0.7894171476364136,20260731
2023-07-15,ChargerFull,FeasibleITransformer,96,15.918998718261719,15.918998718261719,0.0,56.662147521972656,56.662147521972656,56.662147521972656,56.662147521972656,0.5619817972183228,20260731
2023-07-16,ChargerFull,FeasibleITransformer,32,0.0,0.0,0.0,2.8199105262756348,4.989995002746582,2.8199105262756348,4.989995002746582,0.32170581817626953,20260731
2023-07-16,ChargerFull,FeasibleITransformer,48,0.0,0.0,0.0,13.946648597717285,29.627811431884766,13.946648597717285,29.627811431884766,2.364248275756836,20260731
2023-07-16,ChargerFull,FeasibleITransformer,64,17.957000732421875,21.191999435424805,0.9375,26.082313537597656,36.20454406738281,26.082313537597656,36.20454406738281,1.2675743103027344,20260731
2023-07-16,ChargerFull,FeasibleITransformer,80,47.46900177001953,52.60700225830078,1.3125,39.91069030761719,44.05462646484375,39.91069030761719,44.05462646484375,2.373520612716675,20260731
2023-07-16,ChargerFull,FeasibleITransformer,84,54.069000244140625,59.207000732421875,1.0,46.24419403076172,47.05974578857422,46.24419403076172,47.05974578857422,1.0105171203613281,20260731
2023-07-16,ChargerFull,FeasibleITransformer,96,68.91900634765625,68.91900634765625,0.75,51.63401412963867,51.63401412963867,51.63401412963867,51.63401412963867,0.4760490953922272,20260731
2023-07-17,ChargerFull,FeasibleITransformer,32,0.0,3.299999952316284,0.0625,3.850224494934082,5.505071640014648,3.850224494934082,5.505071640014648,0.5429608225822449,20260731
2023-07-17,ChargerFull,FeasibleITransformer,48,50.70399856567383,69.35600280761719,3.4375,16.180606842041016,35.02957534790039,16.180606842041016,35.02957534790039,2.388566493988037,20260731
2023-07-17,ChargerFull,FeasibleITransformer,64,85.68800354003906,90.63800048828125,2.875,29.3294620513916,41.35874938964844,29.3294620513916,41.35874938964844,1.6423574686050415,20260731
2023-07-17,ChargerFull,FeasibleITransformer,80,98.52300262451172,98.52300262451172,0.875,43.857940673828125,49.80586624145508,43.857940673828125,49.80586624145508,2.288878917694092,20260731
2023-07-17,ChargerFull,FeasibleITransformer,84,98.52300262451172,98.52300262451172,0.0,53.055030822753906,54.26671600341797,53.055030822753906,54.26671600341797,1.2773919105529785,20260731
2023-07-17,ChargerFull,FeasibleITransformer,96,98.52300262451172,98.52300262451172,0.0,60.331146240234375,60.331146240234375,60.331146240234375,60.331146240234375,0.4544913172721863,20260731
2023-07-18,ChargerFull,FeasibleITransformer,32,0.0,1.649999976158142,0.03125,2.6212081909179688,4.710210800170898,2.6212081909179688,4.710210800170898,0.708775520324707,20260731
2023-07-18,ChargerFull,FeasibleITransformer,48,35.07099914550781,68.60800170898438,2.75,16.32140350341797,45.32665252685547,16.32140350341797,45.32665252685547,2.5918493270874023,20260731
2023-07-18,ChargerFull,FeasibleITransformer,64,100.8219985961914,100.8219985961914,2.9375,30.04216766357422,49.44485855102539,30.04216766357422,49.44485855102539,2.4419384002685547,20260731
2023-07-18,ChargerFull,FeasibleITransformer,80,133.8730010986328,133.8730010986328,1.8125,46.59084701538086,55.473968505859375,46.59084701538086,55.473968505859375,1.6344804763793945,20260731
2023-07-18,ChargerFull,FeasibleITransformer,84,140.23199462890625,140.23199462890625,1.0,55.514808654785156,57.450584411621094,55.514808654785156,57.450584411621094,1.246529221534729,20260731
2023-07-18,ChargerFull,FeasibleITransformer,96,140.23199462890625,140.23199462890625,0.0,60.545127868652344,60.545127868652344,60.545127868652344,60.545127868652344,0.3095548748970032,20260731
2023-07-19,ChargerFull,FeasibleITransformer,32,0.0,25.990999221801758,0.5,2.722933530807495,5.841039180755615,2.722933530807495,5.841039180755615,0.7750667333602905,20260731
2023-07-19,ChargerFull,FeasibleITransformer,48,33.64099884033203,60.04100036621094,2.8125,18.203651428222656,44.72275924682617,18.203651428222656,44.72275924682617,2.239785671234131,20260731
2023-07-19,ChargerFull,FeasibleITransformer,64,80.72799682617188,80.72799682617188,2.375,31.75830078125,48.66633605957031,31.75830078125,48.66633605957031,2.4399757385253906,20260731
2023-07-19,ChargerFull,FeasibleITransformer,80,90.96199798583984,90.96199798583984,0.9375,47.870094299316406,57.94451904296875,47.870094299316406,57.94451904296875,1.6098495721817017,20260731
2023-07-19,ChargerFull,FeasibleITransformer,84,90.96199798583984,90.96199798583984,0.0,58.08763885498047,60.05419158935547,58.08763885498047,60.05419158935547,1.4352235794067383,20260731
2023-07-19,ChargerFull,FeasibleITransformer,96,90.96199798583984,90.96199798583984,0.0,64.01432800292969,64.01432800292969,64.01432800292969,64.01432800292969,0.33695748448371887,20260731
2023-07-20,ChargerFull,FeasibleITransformer,32,0.0,0.0,0.0,2.4579944610595703,11.911020278930664,2.4579944610595703,11.911020278930664,0.8041751980781555,20260731
2023-07-20,ChargerFull,FeasibleITransformer,48,50.82600021362305,71.7550048828125,3.375,19.502822875976562,50.143104553222656,19.502822875976562,50.143104553222656,2.6257271766662598,20260731
2023-07-20,ChargerFull,FeasibleITransformer,64,118.61499786376953,118.89299774169922,2.625,41.136749267578125,57.272640228271484,41.136749267578125,57.272640228271484,2.6465940475463867,20260731
2023-07-20,ChargerFull,FeasibleITransformer,80,129.17300415039062,129.17300415039062,0.9375,73.92585754394531,76.67066192626953,73.92585754394531,76.67066192626953,1.9566583633422852,20260731
2023-07-20,ChargerFull,FeasibleITransformer,84,129.17300415039062,129.17300415039062,0.0,80.88802337646484,81.2004165649414,80.88802337646484,81.2004165649414,1.0425792932510376,20260731
2023-07-20,ChargerFull,FeasibleITransformer,96,129.17300415039062,129.17300415039062,0.0,88.20008850097656,88.20008850097656,88.20008850097656,88.20008850097656,0.37339434027671814,20260731
2023-07-21,ChargerFull,FeasibleITransformer,32,0.0,0.0,0.0,2.0024940967559814,10.838788986206055,2.0024940967559814,10.838788986206055,0.516389787197113,20260731
2023-07-21,ChargerFull,FeasibleITransformer,48,12.330999374389648,15.631000518798828,1.125,18.045804977416992,42.92722702026367,18.045804977416992,42.92722702026367,2.749088764190674,20260731
2023-07-21,ChargerFull,FeasibleITransformer,64,60.209999084472656,65.81900024414062,2.125,41.3979377746582,53.824981689453125,41.3979377746582,53.824981689453125,2.027127981185913,20260731
2023-07-21,ChargerFull,FeasibleITransformer,80,94.1760025024414,94.1760025024414,1.375,75.34558868408203,76.76483917236328,75.34558868408203,76.76483917236328,2.016566753387451,20260731
2023-07-21,ChargerFull,FeasibleITransformer,84,94.1760025024414,94.1760025024414,0.0,81.08027648925781,81.5931167602539,81.08027648925781,81.5931167602539,0.9075360894203186,20260731
2023-07-21,ChargerFull,FeasibleITransformer,96,94.1760025024414,94.1760025024414,0.0,89.6888656616211,89.6888656616211,89.6888656616211,89.6888656616211,0.4663342833518982,20260731
2023-07-22,ChargerFull,FeasibleITransformer,32,0.0,1.649999976158142,0.03125,1.6606286764144897,6.677969455718994,1.6606286764144897,6.677969455718994,0.3515128791332245,20260731
2023-07-22,ChargerFull,FeasibleITransformer,48,9.642999649047852,22.983999252319336,1.5625,10.439471244812012,26.077219009399414,10.439471244812012,26.077219009399414,2.443448305130005,20260731
2023-07-22,ChargerFull,FeasibleITransformer,64,42.54199981689453,47.492000579833984,2.125,29.35950469970703,34.69561767578125,29.35950469970703,34.69561767578125,1.4738801717758179,20260731
2023-07-22,ChargerFull,FeasibleITransformer,80,49.152000427246094,49.152000427246094,0.3125,45.383460998535156,48.21745300292969,45.383460998535156,48.21745300292969,1.829824686050415,20260731
2023-07-22,ChargerFull,FeasibleITransformer,84,49.152000427246094,49.152000427246094,0.0,50.92897415161133,51.38346862792969,50.92897415161133,51.38346862792969,0.8267878293991089,20260731
2023-07-22,ChargerFull,FeasibleITransformer,96,49.152000427246094,49.152000427246094,0.0,58.86206817626953,58.86206817626953,58.86206817626953,58.86206817626953,0.5601481795310974,20260731
2023-07-23,ChargerFull,FeasibleITransformer,32,0.0,0.0,0.0,2.334815502166748,4.103848457336426,2.334815502166748,4.103848457336426,0.3022456765174866,20260731
2023-07-23,ChargerFull,FeasibleITransformer,48,5.4029998779296875,5.4029998779296875,0.5,15.785219192504883,31.481775283813477,15.785219192504883,31.481775283813477,2.567939043045044,20260731
2023-07-23,ChargerFull,FeasibleITransformer,64,5.4029998779296875,5.4029998779296875,0.0,30.001049041748047,40.004371643066406,30.001049041748047,40.004371643066406,1.1858645677566528,20260731
2023-07-23,ChargerFull,FeasibleITransformer,80,26.038000106811523,28.927000045776367,1.5625,47.274017333984375,49.58663558959961,47.274017333984375,49.58663558959961,2.330885410308838,20260731
2023-07-23,ChargerFull,FeasibleITransformer,84,29.33799934387207,29.33799934387207,0.5,52.194541931152344,52.935001373291016,52.194541931152344,52.935001373291016,0.8997675776481628,20260731
2023-07-23,ChargerFull,FeasibleITransformer,96,29.33799934387207,29.33799934387207,0.0,59.75959777832031,59.75959777832031,59.75959777832031,59.75959777832031,0.5585459470748901,20260731
2023-07-24,ChargerFull,FeasibleITransformer,32,0.0,0.0,0.0,2.910519599914551,3.6598641872406006,2.910519599914551,3.6598641872406006,0.5363160371780396,20260731
2023-07-24,ChargerFull,FeasibleITransformer,48,32.415000915527344,36.92000198364258,2.4375,16.74234962463379,36.347469329833984,16.74234962463379,36.347469329833984,2.7702441215515137,20260731
2023-07-24,ChargerFull,FeasibleITransformer,64,79.33300018310547,95.83299255371094,2.875,28.905685424804688,41.16596221923828,28.905685424804688,41.16596221923828,1.329744577407837,20260731
2023-07-24,ChargerFull,FeasibleITransformer,80,133.98899841308594,135.6389923095703,2.3125,43.32129669189453,48.22865676879883,43.32129669189453,48.22865676879883,2.07781982421875,20260731
2023-07-24,ChargerFull,FeasibleITransformer,84,135.6389923095703,135.6389923095703,0.25,50.62871170043945,51.47276306152344,50.62871170043945,51.47276306152344,1.2001185417175293,20260731
2023-07-24,ChargerFull,FeasibleITransformer,96,135.6389923095703,135.6389923095703,0.0,55.441566467285156,55.441566467285156,55.441566467285156,55.441566467285156,0.39147889614105225,20260731
2023-07-25,ChargerFull,FeasibleITransformer,32,0.0,0.0,0.0,2.801870346069336,4.201704502105713,2.801870346069336,4.201704502105713,0.7399475574493408,20260731
2023-07-25,ChargerFull,FeasibleITransformer,48,30.4950008392334,41.2239990234375,2.125,19.362049102783203,46.71796417236328,19.362049102783203,46.71796417236328,2.4407496452331543,20260731
2023-07-25,ChargerFull,FeasibleITransformer,64,50.641998291015625,61.371002197265625,2.25,32.339683532714844,51.796348571777344,32.339683532714844,51.796348571777344,2.1923413276672363,20260731
2023-07-25,ChargerFull,FeasibleITransformer,80,69.97699737548828,69.97699737548828,0.8125,56.33123016357422,62.063228607177734,56.33123016357422,62.063228607177734,1.897097110748291,20260731
2023-07-25,ChargerFull,FeasibleITransformer,84,69.97699737548828,69.97699737548828,0.0,64.79690551757812,65.56304931640625,64.79690551757812,65.56304931640625,1.4134950637817383,20260731
2023-07-25,ChargerFull,FeasibleITransformer,96,69.97699737548828,69.97699737548828,0.0,69.42488098144531,69.42488098144531,69.42488098144531,69.42488098144531,0.31619125604629517,20260731
2023-07-26,ChargerFull,FeasibleITransformer,32,0.0,0.0,0.0,2.557055950164795,4.571878910064697,2.557055950164795,4.571878910064697,0.7934467196464539,20260731
2023-07-26,ChargerFull,FeasibleITransformer,48,13.441999435424805,38.915000915527344,3.4375,15.531664848327637,43.704124450683594,15.531664848327637,43.704124450683594,2.50299072265625,20260731
2023-07-26,ChargerFull,FeasibleITransformer,64,71.8010025024414,73.0979995727539,3.625,30.424720764160156,48.38862228393555,30.424720764160156,48.38862228393555,2.3114254474639893,20260731
2023-07-26,ChargerFull,FeasibleITransformer,80,99.8080062866211,99.8080062866211,1.5,53.008888244628906,59.52804183959961,53.008888244628906,59.52804183959961,1.6625614166259766,20260731
2023-07-26,ChargerFull,FeasibleITransformer,84,99.8080062866211,99.8080062866211,0.0,61.601356506347656,62.918846130371094,61.601356506347656,62.918846130371094,1.2125792503356934,20260731
2023-07-26,ChargerFull,FeasibleITransformer,96,99.8080062866211,99.8080062866211,0.0,66.96633911132812,66.96633911132812,66.96633911132812,66.96633911132812,0.3048747181892395,20260731
2023-07-27,ChargerFull,FeasibleITransformer,32,0.0,0.0,0.0,1.9400410652160645,6.078920364379883,1.9400410652160645,6.078920364379883,0.5577186346054077,20260731
2023-07-27,ChargerFull,FeasibleITransformer,48,3.9719998836517334,15.52199935913086,0.8125,16.200523376464844,42.54279708862305,16.200523376464844,42.54279708862305,2.747877597808838,20260731
2023-07-27,ChargerFull,FeasibleITransformer,64,42.35799789428711,55.55799865722656,3.1875,34.46908950805664,49.042198181152344,34.46908950805664,49.042198181152344,2.3839120864868164,20260731
2023-07-27,ChargerFull,FeasibleITransformer,80,64.79100036621094,73.04100036621094,1.6875,64.67652130126953,69.56385803222656,64.67652130126953,69.56385803222656,1.900122880935669,20260731
2023-07-27,ChargerFull,FeasibleITransformer,84,71.39099884033203,73.04100036621094,1.0,72.23928833007812,73.12468719482422,72.23928833007812,73.12468719482422,1.0745298862457275,20260731
2023-07-27,ChargerFull,FeasibleITransformer,96,73.04100036621094,73.04100036621094,0.0833333358168602,79.12228393554688,79.12228393554688,79.12228393554688,79.12228393554688,0.3897603750228882,20260731
2023-07-28,ChargerFull,FeasibleITransformer,32,0.0,16.5,0.3125,1.8919157981872559,7.733829975128174,1.8919157981872559,7.733829975128174,0.3943901062011719,20260731
2023-07-28,ChargerFull,FeasibleITransformer,48,3.2219998836517334,52.99800109863281,2.3125,13.748661041259766,29.852611541748047,13.748661041259766,29.852611541748047,2.584193706512451,20260731
2023-07-28,ChargerFull,FeasibleITransformer,64,45.29800033569336,53.49100112915039,2.875,34.26020812988281,40.11246109008789,34.26020812988281,40.11246109008789,1.9834891557693481,20260731
2023-07-28,ChargerFull,FeasibleITransformer,80,60.334999084472656,60.334999084472656,0.9375,65.75756072998047,69.42539978027344,65.75756072998047,69.42539978027344,2.1669774055480957,20260731
2023-07-28,ChargerFull,FeasibleITransformer,84,60.334999084472656,60.334999084472656,0.0,72.60133361816406,73.25947570800781,72.60133361816406,73.25947570800781,0.865547776222229,20260731
2023-07-28,ChargerFull,FeasibleITransformer,96,60.334999084472656,60.334999084472656,0.0,79.40467071533203,79.40467071533203,79.40467071533203,79.40467071533203,0.42285382747650146,20260731
2023-07-29,ChargerFull,FeasibleITransformer,32,0.0,0.0,0.0,1.7374341487884521,4.719709873199463,1.7374341487884521,4.719709873199463,0.29862576723098755,20260731
2023-07-29,ChargerFull,FeasibleITransformer,48,20.29599952697754,24.634998321533203,1.25,7.710370063781738,18.189697265625,7.710370063781738,18.189697265625,2.1038999557495117,20260731
2023-07-29,ChargerFull,FeasibleITransformer,64,44.28199768066406,48.24700164794922,1.5625,19.254745483398438,24.650074005126953,19.254745483398438,24.650074005126953,1.2783082723617554,20260731
2023-07-29,ChargerFull,FeasibleITransformer,80,59.3489990234375,59.3489990234375,0.625,34.62615966796875,36.844398498535156,34.62615966796875,36.844398498535156,1.9849190711975098,20260731
2023-07-29,ChargerFull,FeasibleITransformer,84,59.3489990234375,59.3489990234375,0.0,38.615386962890625,39.166114807128906,38.615386962890625,39.166114807128906,0.6818152666091919,20260731
2023-07-29,ChargerFull,FeasibleITransformer,96,59.3489990234375,59.3489990234375,0.0,43.902095794677734,43.902095794677734,43.902095794677734,43.902095794677734,0.46127477288246155,20260731
2023-07-30,ChargerFull,FeasibleITransformer,32,0.0,4.949999809265137,0.09375,2.092876434326172,3.147357225418091,2.092876434326172,3.147357225418091,0.26567763090133667,20260731
2023-07-30,ChargerFull,FeasibleITransformer,48,16.78499984741211,30.46099853515625,1.875,16.374441146850586,26.98662757873535,16.374441146850586,26.98662757873535,2.49894380569458,20260731
2023-07-30,ChargerFull,FeasibleITransformer,64,42.78900146484375,47.73899841308594,1.6875,28.115266799926758,33.19132995605469,28.115266799926758,33.19132995605469,0.9574363231658936,20260731
2023-07-30,ChargerFull,FeasibleITransformer,80,68.73099517822266,68.73099517822266,1.125,37.665916442871094,40.6336669921875,37.665916442871094,40.6336669921875,2.28690242767334,20260731
2023-07-30,ChargerFull,FeasibleITransformer,84,68.73099517822266,68.73099517822266,0.0,43.661136627197266,43.94443893432617,43.661136627197266,43.94443893432617,0.9435204267501831,20260731
2023-07-30,ChargerFull,FeasibleITransformer,96,68.73099517822266,68.73099517822266,0.0,48.87804412841797,48.87804412841797,48.87804412841797,48.87804412841797,0.5087652802467346,20260731
2023-07-31,ChargerFull,FeasibleITransformer,32,0.0,16.5,0.3125,2.3716282844543457,3.6015326976776123,2.3716282844543457,3.6015326976776123,0.4783018231391907,20260731
2023-07-31,ChargerFull,FeasibleITransformer,48,13.979999542236328,47.62399673461914,3.0,17.6827392578125,40.75300598144531,17.6827392578125,40.75300598144531,2.7573935985565186,20260731
2023-07-31,ChargerFull,FeasibleITransformer,64,101.18400573730469,106.95700073242188,3.625,30.375032424926758,47.41755676269531,30.375032424926758,47.41755676269531,1.7983120679855347,20260731
2023-07-31,ChargerFull,FeasibleITransformer,80,135.43299865722656,137.43600463867188,1.6875,51.03920364379883,55.12800598144531,51.03920364379883,55.12800598144531,2.3953545093536377,20260731
2023-07-31,ChargerFull,FeasibleITransformer,84,138.73300170898438,138.73300170898438,0.5,59.0107307434082,59.589141845703125,59.0107307434082,59.589141845703125,1.1691840887069702,20260731
2023-07-31,ChargerFull,FeasibleITransformer,96,138.73300170898438,138.73300170898438,0.0,64.43696594238281,64.43696594238281,64.43696594238281,64.43696594238281,0.3625120520591736,20260731
2023-08-01,ChargerFull,FeasibleITransformer,32,3.190000057220459,24.639999389648438,0.46875,2.893996238708496,3.877854108810425,2.893996238708496,3.877854108810425,0.6246902942657471,20260731
2023-08-01,ChargerFull,FeasibleITransformer,48,20.444000244140625,43.09099578857422,1.9375,20.831378936767578,52.271728515625,20.831378936767578,52.271728515625,2.9464781284332275,20260731
2023-08-01,ChargerFull,FeasibleITransformer,64,76.63499450683594,77.77799987792969,2.75,33.69078063964844,57.40147399902344,33.69078063964844,57.40147399902344,2.5314033031463623,20260731
2023-08-01,ChargerFull,FeasibleITransformer,80,93.25898742675781,93.25898742675781,1.4375,58.65159606933594,66.4289779663086,58.65159606933594,66.4289779663086,2.072646379470825,20260731
2023-08-01,ChargerFull,FeasibleITransformer,84,97.9439926147461,99.85899353027344,1.0,68.22486877441406,69.71063232421875,68.22486877441406,69.71063232421875,1.4896728992462158,20260731
2023-08-01,ChargerFull,FeasibleITransformer,96,104.54399108886719,104.54399108886719,0.3333333432674408,73.4215087890625,73.4215087890625,73.4215087890625,73.4215087890625,0.30560871958732605,20260731
2023-08-02,ChargerFull,FeasibleITransformer,32,0.0,0.0,0.0,2.537482261657715,5.825199127197266,2.537482261657715,5.825199127197266,0.821265459060669,20260731
2023-08-02,ChargerFull,FeasibleITransformer,48,19.55900001525879,27.214000701904297,2.4375,13.398445129394531,46.01911163330078,13.398445129394531,46.01911163330078,2.507476806640625,20260731
2023-08-02,ChargerFull,FeasibleITransformer,64,56.435997009277344,59.736000061035156,2.125,29.233293533325195,50.62962341308594,29.233293533325195,50.62962341308594,2.5979857444763184,20260731
2023-08-02,ChargerFull,FeasibleITransformer,80,71.86599731445312,81.68399810791016,1.9375,53.02894592285156,61.29214096069336,53.02894592285156,61.29214096069336,1.657319188117981,20260731
2023-08-02,ChargerFull,FeasibleITransformer,84,80.65299987792969,88.28399658203125,2.0,63.10987854003906,64.39551544189453,63.10987854003906,64.39551544189453,1.462166428565979,20260731
2023-08-02,ChargerFull,FeasibleITransformer,96,88.90299224853516,88.90299224853516,0.4166666567325592,68.51840209960938,68.51840209960938,68.51840209960938,68.51840209960938,0.30053627490997314,20260731
2023-08-03,ChargerFull,FeasibleITransformer,32,0.0,18.149999618530273,0.34375,2.2654623985290527,8.096311569213867,2.2654623985290527,8.096311569213867,0.5647686719894409,20260731
2023-08-03,ChargerFull,FeasibleITransformer,48,36.13800048828125,62.538002014160156,3.1875,14.13510799407959,45.28779983520508,14.13510799407959,45.28779983520508,2.7244575023651123,20260731
2023-08-03,ChargerFull,FeasibleITransformer,64,87.19200134277344,114.15799713134766,3.25,32.53031539916992,51.9222297668457,32.53031539916992,51.9222297668457,2.4543445110321045,20260731
2023-08-03,ChargerFull,FeasibleITransformer,80,131.718994140625,133.85598754882812,2.0625,63.80027770996094,70.5983657836914,63.80027770996094,70.5983657836914,2.119493007659912,20260731
2023-08-03,ChargerFull,FeasibleITransformer,84,141.6580047607422,146.56900024414062,2.0,73.3702163696289,74.15006256103516,73.3702163696289,74.15006256103516,1.3337900638580322,20260731
2023-08-03,ChargerFull,FeasibleITransformer,96,146.60800170898438,146.60800170898438,0.25,80.46754455566406,80.46754455566406,80.46754455566406,80.46754455566406,0.400687575340271,20260731
2023-08-04,ChargerFull,FeasibleITransformer,32,0.0,18.149999618530273,0.34375,1.8960964679718018,13.793933868408203,1.8960964679718018,13.793933868408203,0.5480412244796753,20260731
2023-08-04,ChargerFull,FeasibleITransformer,48,42.2239990234375,58.03200149536133,2.5625,14.305569648742676,42.20851135253906,14.305569648742676,42.20851135253906,2.734724998474121,20260731
2023-08-04,ChargerFull,FeasibleITransformer,64,91.26699829101562,106.1969985961914,3.0625,38.406585693359375,52.23950958251953,38.406585693359375,52.23950958251953,2.138712167739868,20260731
2023-08-04,ChargerFull,FeasibleITransformer,80,118.57599639892578,118.57599639892578,1.375,68.43257141113281,70.7188491821289,68.43257141113281,70.7188491821289,2.20568585395813,20260731
2023-08-04,ChargerFull,FeasibleITransformer,84,118.57599639892578,118.57599639892578,0.0,76.09015655517578,76.30694580078125,76.09015655517578,76.30694580078125,1.0904649496078491,20260731
2023-08-04,ChargerFull,FeasibleITransformer,96,118.57599639892578,118.57599639892578,0.0,84.07737731933594,84.07737731933594,84.07737731933594,84.07737731933594,0.4507490396499634,20260731
2023-08-05,ChargerFull,FeasibleITransformer,32,0.0,0.0,0.0,2.2780489921569824,12.224939346313477,2.2780489921569824,12.224939346313477,0.34762874245643616,20260731
2023-08-05,ChargerFull,FeasibleITransformer,48,23.649999618530273,45.41999816894531,2.375,11.505931854248047,33.772422790527344,11.505931854248047,33.772422790527344,2.6874654293060303,20260731
2023-08-05,ChargerFull,FeasibleITransformer,64,62.85099792480469,68.15999603271484,2.4375,31.957714080810547,42.32604217529297,31.957714080810547,42.32604217529297,1.4688117504119873,20260731
2023-08-05,ChargerFull,FeasibleITransformer,80,70.99700164794922,79.20600128173828,0.8125,52.668277740478516,56.05352783203125,52.668277740478516,56.05352783203125,2.297919988632202,20260731
2023-08-05,ChargerFull,FeasibleITransformer,84,77.5560073852539,79.20600128173828,1.0,58.77988052368164,59.15353012084961,58.77988052368164,59.15353012084961,0.9280010461807251,20260731
2023-08-05,ChargerFull,FeasibleITransformer,96,79.20600128173828,79.20600128173828,0.0833333358168602,65.42110443115234,65.42110443115234,65.42110443115234,65.42110443115234,0.4995356500148773,20260731
2023-08-06,ChargerFull,FeasibleITransformer,32,0.0,0.0,0.0,3.2892165184020996,6.7944488525390625,3.2892165184020996,6.7944488525390625,0.3286743462085724,20260731
2023-08-06,ChargerFull,FeasibleITransformer,48,16.119998931884766,17.975000381469727,0.9375,14.207935333251953,33.52091979980469,14.207935333251953,33.52091979980469,3.0253891944885254,20260731
2023-08-06,ChargerFull,FeasibleITransformer,64,39.68600082397461,44.2400016784668,1.25,31.407913208007812,42.109710693359375,31.407913208007812,42.109710693359375,1.297302007675171,20260731
2023-08-06,ChargerFull,FeasibleITransformer,80,58.13300323486328,58.13300323486328,1.625,46.46458053588867,51.672447204589844,46.46458053588867,51.672447204589844,2.55462384223938,20260731
2023-08-06,ChargerFull,FeasibleITransformer,84,58.13300323486328,58.13300323486328,0.0,54.173316955566406,54.86011505126953,54.173316955566406,54.86011505126953,1.0755953788757324,20260731
2023-08-06,ChargerFull,FeasibleITransformer,96,58.13300323486328,58.13300323486328,0.0,60.847938537597656,60.847938537597656,60.847938537597656,60.847938537597656,0.4720709025859833,20260731
2023-08-07,ChargerFull,FeasibleITransformer,32,0.0,0.0,0.0,3.208482265472412,6.277095794677734,3.208482265472412,6.277095794677734,0.4947648346424103,20260731
2023-08-07,ChargerFull,FeasibleITransformer,48,17.618999481201172,40.60099792480469,2.3125,20.480152130126953,49.450408935546875,20.480152130126953,49.450408935546875,2.80922269821167,20260731
2023-08-07,ChargerFull,FeasibleITransformer,64,74.9739990234375,75.68099975585938,2.9375,38.19094467163086,57.635860443115234,38.19094467163086,57.635860443115234,1.6179758310317993,20260731
2023-08-07,ChargerFull,FeasibleITransformer,80,90.42900085449219,92.07901000976562,1.375,61.259483337402344,67.42960357666016,61.259483337402344,67.42960357666016,2.9281365871429443,20260731
2023-08-07,ChargerFull,FeasibleITransformer,84,92.07901000976562,92.07901000976562,0.25,71.48004913330078,72.39131164550781,71.48004913330078,72.39131164550781,1.6905786991119385,20260731
2023-08-07,ChargerFull,FeasibleITransformer,96,92.07901000976562,92.07901000976562,0.0,78.29957580566406,78.29957580566406,78.29957580566406,78.29957580566406,0.4113032817840576,20260731
2023-08-08,ChargerFull,FeasibleITransformer,32,7.624000072479248,21.44999885559082,0.40625,2.408566474914551,3.7857556343078613,2.408566474914551,3.7857556343078613,0.5590770840644836,20260731
2023-08-08,ChargerFull,FeasibleITransformer,48,83.0199966430664,101.74400329589844,4.0,20.72643280029297,52.61042785644531,20.72643280029297,52.61042785644531,2.9652724266052246,20260731
2023-08-08,ChargerFull,FeasibleITransformer,64,121.11900329589844,140.20401000976562,2.5625,37.74486541748047,57.853092193603516,37.74486541748047,57.853092193603516,2.3055427074432373,20260731
2023-08-08,ChargerFull,FeasibleITransformer,80,152.3249969482422,152.3249969482422,1.25,56.020164489746094,65.4703598022461,56.020164489746094,65.4703598022461,1.9301856756210327,20260731
2023-08-08,ChargerFull,FeasibleITransformer,84,152.3249969482422,152.3249969482422,0.0,66.81354522705078,68.52320098876953,66.81354522705078,68.52320098876953,1.685339093208313,20260731
2023-08-08,ChargerFull,FeasibleITransformer,96,152.3249969482422,152.3249969482422,0.0,72.14893341064453,72.14893341064453,72.14893341064453,72.14893341064453,0.31622424721717834,20260731
2023-08-09,ChargerFull,FeasibleITransformer,32,5.883999824523926,18.149999618530273,0.34375,3.5831618309020996,5.288209915161133,3.5831618309020996,5.288209915161133,0.7099945545196533,20260731
2023-08-09,ChargerFull,FeasibleITransformer,48,41.08000183105469,75.7300033569336,3.1875,15.327309608459473,40.105010986328125,15.327309608459473,40.105010986328125,2.4968197345733643,20260731
2023-08-09,ChargerFull,FeasibleITransformer,64,129.97799682617188,149.7779998779297,4.5,26.91202735900879,44.31222915649414,26.91202735900879,44.31222915649414,2.228086233139038,20260731
2023-08-09,ChargerFull,FeasibleITransformer,80,167.00201416015625,167.00201416015625,1.4375,41.72773742675781,53.27906036376953,41.72773742675781,53.27906036376953,1.7886569499969482,20260731
2023-08-09,ChargerFull,FeasibleITransformer,84,167.00201416015625,167.00201416015625,0.0,53.82130432128906,55.582603454589844,53.82130432128906,55.582603454589844,1.9255831241607666,20260731
2023-08-09,ChargerFull,FeasibleITransformer,96,167.00201416015625,167.00201416015625,0.0,59.44264221191406,59.44264221191406,59.44264221191406,59.44264221191406,0.31867510080337524,20260731
2023-08-10,ChargerFull,FeasibleITransformer,32,6.682000160217285,27.22199821472168,0.59375,3.5999720096588135,9.78409194946289,3.5999720096588135,9.78409194946289,0.6378906965255737,20260731
2023-08-10,ChargerFull,FeasibleITransformer,48,48.6870002746582,75.04600524902344,3.5,19.29362678527832,51.82822036743164,19.29362678527832,51.82822036743164,2.8317511081695557,20260731
2023-08-10,ChargerFull,FeasibleITransformer,64,86.98699951171875,96.52400207519531,3.5,41.75765609741211,60.44325256347656,41.75765609741211,60.44325256347656,2.713785171508789,20260731
2023-08-10,ChargerFull,FeasibleITransformer,80,122.79999542236328,129.13299560546875,2.0625,79.99116516113281,82.41547393798828,79.99116516113281,82.41547393798828,1.9434573650360107,20260731
2023-08-10,ChargerFull,FeasibleITransformer,84,129.40000915527344,134.35000610351562,1.0,88.81735229492188,89.10113525390625,88.81735229492188,89.10113525390625,1.3373007774353027,20260731
2023-08-10,ChargerFull,FeasibleITransformer,96,134.35000610351562,134.35000610351562,0.25,95.56399536132812,95.56399536132812,95.56399536132812,95.56399536132812,0.34073907136917114,20260731
2023-08-11,ChargerFull,FeasibleITransformer,32,0.0,18.149999618530273,0.34375,4.015128135681152,12.070283889770508,4.015128135681152,12.070283889770508,0.5450001955032349,20260731
2023-08-11,ChargerFull,FeasibleITransformer,48,45.78300094604492,53.755001068115234,1.9375,18.841848373413086,45.79929733276367,18.841848373413086,45.79929733276367,2.800952196121216,20260731
2023-08-11,ChargerFull,FeasibleITransformer,64,62.154998779296875,62.154998779296875,1.625,41.72440719604492,56.196041107177734,41.72440719604492,56.196041107177734,2.2638535499572754,20260731
2023-08-11,ChargerFull,FeasibleITransformer,80,62.154998779296875,62.154998779296875,0.0,73.20458221435547,75.41622161865234,73.20458221435547,75.41622161865234,2.2292189598083496,20260731
2023-08-11,ChargerFull,FeasibleITransformer,84,62.154998779296875,62.154998779296875,0.0,80.29608917236328,80.4074935913086,80.29608917236328,80.4074935913086,1.074471116065979,20260731
2023-08-11,ChargerFull,FeasibleITransformer,96,62.154998779296875,62.154998779296875,0.0,89.18457794189453,89.18457794189453,89.18457794189453,89.18457794189453,0.44891393184661865,20260731
2023-08-12,ChargerFull,FeasibleITransformer,32,0.0,0.0,0.0,3.850496768951416,9.438441276550293,3.850496768951416,9.438441276550293,0.41439980268478394,20260731
2023-08-12,ChargerFull,FeasibleITransformer,48,5.170000076293945,9.465999603271484,0.75,17.970624923706055,36.043373107910156,17.970624923706055,36.043373107910156,3.272113561630249,20260731
2023-08-12,ChargerFull,FeasibleITransformer,64,31.78299903869629,36.58000183105469,2.75,36.85689163208008,44.41651916503906,36.85689163208008,44.41651916503906,1.3213255405426025,20260731
2023-08-12,ChargerFull,FeasibleITransformer,80,41.02900314331055,41.02900314331055,0.5,49.250030517578125,54.003990173339844,49.250030517578125,54.003990173339844,2.098869800567627,20260731
2023-08-12,ChargerFull,FeasibleITransformer,84,41.02900314331055,41.02900314331055,0.0,55.66640853881836,56.452178955078125,55.66640853881836,56.452178955078125,0.8970563411712646,20260731
2023-08-12,ChargerFull,FeasibleITransformer,96,41.02900314331055,41.02900314331055,0.0,62.67155456542969,62.67155456542969,62.67155456542969,62.67155456542969,0.46243804693222046,20260731
2023-08-13,ChargerFull,FeasibleITransformer,32,0.0,0.0,0.0,4.251632213592529,5.599077224731445,4.251632213592529,5.599077224731445,0.330297589302063,20260731
2023-08-13,ChargerFull,FeasibleITransformer,48,4.267000198364258,10.866999626159668,0.4375,15.17086124420166,31.348079681396484,15.17086124420166,31.348079681396484,2.638777494430542,20260731
2023-08-13,ChargerFull,FeasibleITransformer,64,29.85700035095215,34.08300018310547,1.4375,30.426895141601562,39.567298889160156,30.426895141601562,39.567298889160156,1.1381357908248901,20260731
2023-08-13,ChargerFull,FeasibleITransformer,80,57.689998626708984,65.48699951171875,2.0625,43.14450454711914,46.70975875854492,43.14450454711914,46.70975875854492,2.4859461784362793,20260731
2023-08-13,ChargerFull,FeasibleITransformer,84,63.83700180053711,65.48699951171875,1.25,49.6356086730957,50.033935546875,49.6356086730957,50.033935546875,0.9470054507255554,20260731
2023-08-13,ChargerFull,FeasibleITransformer,96,65.48699951171875,65.48699951171875,0.0833333358168602,56.47335433959961,56.47335433959961,56.47335433959961,56.47335433959961,0.40113529562950134,20260731
2023-08-14,ChargerFull,FeasibleITransformer,32,0.0,16.732999801635742,0.375,5.912486553192139,5.997867584228516,5.912486553192139,5.997867584228516,0.5490683317184448,20260731
2023-08-14,ChargerFull,FeasibleITransformer,48,26.76799964904785,44.88800048828125,3.0,22.779743194580078,52.120933532714844,22.779743194580078,52.120933532714844,3.1405508518218994,20260731
2023-08-14,ChargerFull,FeasibleITransformer,64,94.40699768066406,102.1709976196289,3.5,39.69570541381836,59.85116958618164,39.69570541381836,59.85116958618164,1.6755640506744385,20260731
2023-08-14,ChargerFull,FeasibleITransformer,80,130.99200439453125,130.99200439453125,1.5,63.738922119140625,68.2236099243164,63.738922119140625,68.2236099243164,2.531947374343872,20260731
2023-08-14,ChargerFull,FeasibleITransformer,84,130.99200439453125,130.99200439453125,0.0,71.81582641601562,72.3087158203125,71.81582641601562,72.3087158203125,1.3510065078735352,20260731
2023-08-14,ChargerFull,FeasibleITransformer,96,130.99200439453125,130.99200439453125,0.0,77.21260833740234,77.21260833740234,77.21260833740234,77.21260833740234,0.3339524567127228,20260731
2023-08-15,ChargerFull,FeasibleITransformer,32,1.9529999494552612,21.44999885559082,0.40625,5.181668281555176,5.181668281555176,5.181668281555176,5.181668281555176,0.7865291833877563,20260731
2023-08-15,ChargerFull,FeasibleITransformer,48,53.152000427246094,82.21600341796875,3.3125,26.108537673950195,56.9004020690918,26.108537673950195,56.9004020690918,2.8717074394226074,20260731
2023-08-15,ChargerFull,FeasibleITransformer,64,119.2239990234375,121.52999877929688,2.625,41.59303665161133,62.74095916748047,41.59303665161133,62.74095916748047,2.2097349166870117,20260731
2023-08-15,ChargerFull,FeasibleITransformer,80,123.75299835205078,123.75299835205078,0.4375,63.846595764160156,71.80351257324219,63.846595764160156,71.80351257324219,1.8979015350341797,20260731
2023-08-15,ChargerFull,FeasibleITransformer,84,123.75299835205078,123.75299835205078,0.0,74.08106994628906,74.88252258300781,74.08106994628906,74.88252258300781,1.5506765842437744,20260731
2023-08-15,ChargerFull,FeasibleITransformer,96,123.75299835205078,123.75299835205078,0.0,79.45001983642578,79.45001983642578,79.45001983642578,79.45001983642578,0.27115967869758606,20260731
2023-08-16,ChargerFull,FeasibleITransformer,32,13.8100004196167,15.460000038146973,0.46875,4.187383651733398,6.7525224685668945,4.187383651733398,6.7525224685668945,0.8493867516517639,20260731
2023-08-16,ChargerFull,FeasibleITransformer,48,45.97100067138672,71.35700225830078,3.125,19.71755599975586,56.482391357421875,19.71755599975586,56.482391357421875,2.708495616912842,20260731
2023-08-16,ChargerFull,FeasibleITransformer,64,108.3030014038086,120.66899871826172,3.5,37.067752838134766,61.20250701904297,37.067752838134766,61.20250701904297,2.3566160202026367,20260731
2023-08-16,ChargerFull,FeasibleITransformer,80,135.4550018310547,135.4550018310547,1.25,63.76050567626953,72.06089782714844,63.76050567626953,72.06089782714844,1.8303534984588623,20260731
2023-08-16,ChargerFull,FeasibleITransformer,84,135.4550018310547,136.17799377441406,0.25,74.0418472290039,74.58102416992188,74.0418472290039,74.58102416992188,1.5577789545059204,20260731
2023-08-16,ChargerFull,FeasibleITransformer,96,136.17799377441406,136.17799377441406,0.0833333358168602,79.34396362304688,79.34396362304688,79.34396362304688,79.34396362304688,0.267783522605896,20260731
2023-08-17,ChargerFull,FeasibleITransformer,32,6.690999984741211,6.690999984741211,0.25,4.6892409324646,8.671700477600098,4.6892409324646,8.671700477600098,0.6806565523147583,20260731
2023-08-17,ChargerFull,FeasibleITransformer,48,19.243999481201172,57.63199996948242,3.0625,16.86273193359375,45.52516174316406,16.86273193359375,45.52516174316406,2.6802799701690674,20260731
2023-08-17,ChargerFull,FeasibleITransformer,64,79.36100006103516,113.31700134277344,3.4375,34.02439880371094,51.48711395263672,34.02439880371094,51.48711395263672,2.3672890663146973,20260731
2023-08-17,ChargerFull,FeasibleITransformer,80,135.1510009765625,136.80101013183594,2.5,61.955570220947266,66.72728729248047,61.955570220947266,66.72728729248047,1.6743295192718506,20260731
2023-08-17,ChargerFull,FeasibleITransformer,84,136.80101013183594,136.80101013183594,0.25,70.39522552490234,70.8207015991211,70.39522552490234,70.8207015991211,1.2653136253356934,20260731
2023-08-17,ChargerFull,FeasibleITransformer,96,136.80101013183594,136.80101013183594,0.0,76.05927276611328,76.05927276611328,76.05927276611328,76.05927276611328,0.2905368208885193,20260731
2023-08-18,ChargerFull,FeasibleITransformer,32,6.9039998054504395,6.9039998054504395,0.25,3.807677984237671,10.225601196289062,3.807677984237671,10.225601196289062,0.5061153769493103,20260731
2023-08-18,ChargerFull,FeasibleITransformer,48,19.98999786376953,26.59000015258789,1.625,16.69601058959961,41.439632415771484,16.69601058959961,41.439632415771484,2.72082781791687,20260731
2023-08-18,ChargerFull,FeasibleITransformer,64,43.295997619628906,43.77799987792969,1.1875,37.282169342041016,51.67157745361328,37.282169342041016,51.67157745361328,1.9727821350097656,20260731
2023-08-18,ChargerFull,FeasibleITransformer,80,61.01499938964844,64.60999298095703,0.875,67.78742218017578,69.88492584228516,67.78742218017578,69.88492584228516,1.9751530885696411,20260731
2023-08-18,ChargerFull,FeasibleITransformer,84,70.21800231933594,74.02799987792969,1.75,73.7802734375,73.93281555175781,73.7802734375,73.93281555175781,0.8863695859909058,20260731
2023-08-18,ChargerFull,FeasibleITransformer,96,86.53099822998047,86.53099822998047,0.8333333134651184,80.32817840576172,80.32817840576172,80.32817840576172,80.32817840576172,0.33791473507881165,20260731
2023-08-19,ChargerFull,FeasibleITransformer,32,0.0,4.949999809265137,0.09375,4.492403030395508,6.017221450805664,4.492403030395508,6.017221450805664,0.3252049386501312,20260731
2023-08-19,ChargerFull,FeasibleITransformer,48,15.104999542236328,21.14099884033203,1.6875,13.605475425720215,28.809858322143555,13.605475425720215,28.809858322143555,2.763268232345581,20260731
2023-08-19,ChargerFull,FeasibleITransformer,64,42.19000244140625,47.00699996948242,1.5625,30.205577850341797,36.695762634277344,30.205577850341797,36.695762634277344,1.1698176860809326,20260731
2023-08-19,ChargerFull,FeasibleITransformer,80,80.19900512695312,83.44000244140625,1.5,39.87384796142578,45.05889892578125,39.87384796142578,45.05889892578125,2.063201904296875,20260731
2023-08-19,ChargerFull,FeasibleITransformer,84,86.79900360107422,88.4489974975586,1.0,46.87873458862305,47.42698287963867,46.87873458862305,47.42698287963867,0.8759996294975281,20260731
2023-08-19,ChargerFull,FeasibleITransformer,96,88.4489974975586,88.4489974975586,0.0833333358168602,53.680580139160156,53.680580139160156,53.680580139160156,53.680580139160156,0.4380495250225067,20260731
2023-08-20,ChargerFull,FeasibleITransformer,32,0.0,0.0,0.0,5.622946739196777,6.043814659118652,5.622946739196777,6.043814659118652,0.3813595473766327,20260731
2023-08-20,ChargerFull,FeasibleITransformer,48,0.0,0.0,0.0,17.631772994995117,35.744014739990234,17.631772994995117,35.744014739990234,2.8823564052581787,20260731
2023-08-20,ChargerFull,FeasibleITransformer,64,0.0,0.0,0.0,34.06923294067383,44.0338134765625,34.06923294067383,44.0338134765625,1.0238900184631348,20260731
2023-08-20,ChargerFull,FeasibleITransformer,80,0.0,0.0,0.0,49.987125396728516,52.60773849487305,49.987125396728516,52.60773849487305,2.7875916957855225,20260731
2023-08-20,ChargerFull,FeasibleITransformer,84,0.0,0.0,0.0,57.37925720214844,57.68251037597656,57.37925720214844,57.68251037597656,1.1181330680847168,20260731
2023-08-20,ChargerFull,FeasibleITransformer,96,0.0,0.0,0.0,63.43971252441406,63.43971252441406,63.43971252441406,63.43971252441406,0.4111429750919342,20260731
2023-08-21,ChargerFull,FeasibleITransformer,32,7.275000095367432,12.225000381469727,0.25,5.217809200286865,5.217809200286865,5.217809200286865,5.217809200286865,0.6037143468856812,20260731
2023-08-21,ChargerFull,FeasibleITransformer,48,28.7810001373291,35.38100051879883,1.5625,18.48624038696289,38.288082122802734,18.48624038696289,38.288082122802734,2.7009053230285645,20260731
2023-08-21,ChargerFull,FeasibleITransformer,64,56.59800338745117,58.24800109863281,1.75,31.213542938232422,43.679588317871094,31.213542938232422,43.679588317871094,1.2072314023971558,20260731
2023-08-21,ChargerFull,FeasibleITransformer,80,66.0,66.0,0.375,42.35112762451172,48.75616455078125,42.35112762451172,48.75616455078125,2.107912063598633,20260731
2023-08-21,ChargerFull,FeasibleITransformer,84,66.0,66.0,0.0,50.21839904785156,51.033409118652344,50.21839904785156,51.033409118652344,1.16044020652771,20260731
2023-08-21,ChargerFull,FeasibleITransformer,96,66.0,66.0,0.0,55.181243896484375,55.181243896484375,55.181243896484375,55.181243896484375,0.31474769115448,20260731
2023-08-22,ChargerFull,FeasibleITransformer,32,13.371000289916992,18.149999618530273,0.34375,4.618136405944824,4.618136405944824,4.618136405944824,4.618136405944824,0.7989890575408936,20260731
2023-08-22,ChargerFull,FeasibleITransformer,48,36.1359977722168,54.727996826171875,2.0,24.19913101196289,49.48635482788086,24.19913101196289,49.48635482788086,2.5717649459838867,20260731
2023-08-22,ChargerFull,FeasibleITransformer,64,61.7819938659668,71.68199157714844,2.3125,36.70844268798828,54.20911407470703,36.70844268798828,54.20911407470703,1.8085124492645264,20260731
2023-08-22,ChargerFull,FeasibleITransformer,80,85.68598937988281,85.68598937988281,1.0625,50.98520278930664,60.498687744140625,50.98520278930664,60.498687744140625,1.477078914642334,20260731
2023-08-22,ChargerFull,FeasibleITransformer,84,85.68598937988281,85.68598937988281,0.0,60.866966247558594,62.25825500488281,60.866966247558594,62.25825500488281,1.508365511894226,20260731
2023-08-22,ChargerFull,FeasibleITransformer,96,85.68598937988281,85.68598937988281,0.0,66.049560546875,66.049560546875,66.049560546875,66.049560546875,0.27057361602783203,20260731
2023-08-23,ChargerFull,FeasibleITransformer,32,0.0,16.5,0.3125,6.297417163848877,6.297417163848877,6.297417163848877,6.297417163848877,0.8419768810272217,20260731
2023-08-23,ChargerFull,FeasibleITransformer,48,10.91200065612793,43.86699676513672,3.0,22.938865661621094,50.663570404052734,22.938865661621094,50.663570404052734,2.601794719696045,20260731
2023-08-23,ChargerFull,FeasibleITransformer,64,63.14699935913086,74.33500671386719,4.125,38.2086067199707,54.80193328857422,38.2086067199707,54.80193328857422,1.9856390953063965,20260731
2023-08-23,ChargerFull,FeasibleITransformer,80,97.12699890136719,97.12699890136719,1.8125,55.966796875,64.23987579345703,55.966796875,64.23987579345703,1.7808825969696045,20260731
2023-08-23,ChargerFull,FeasibleITransformer,84,97.12699890136719,97.12699890136719,0.0,65.82727813720703,66.73485565185547,65.82727813720703,66.73485565185547,1.4940128326416016,20260731
2023-08-23,ChargerFull,FeasibleITransformer,96,97.12699890136719,97.12699890136719,0.0,71.01066589355469,71.01066589355469,71.01066589355469,71.01066589355469,0.2617867588996887,20260731
2023-08-24,ChargerFull,FeasibleITransformer,32,0.0,4.949999809265137,0.09375,6.346185207366943,9.079802513122559,6.346185207366943,9.079802513122559,0.742702841758728,20260731
2023-08-24,ChargerFull,FeasibleITransformer,48,43.7660026550293,85.01600646972656,3.375,19.17694854736328,49.67757034301758,19.17694854736328,49.67757034301758,2.649567127227783,20260731
2023-08-24,ChargerFull,FeasibleITransformer,64,97.50900268554688,105.56900787353516,3.1875,38.83012390136719,56.62995147705078,38.83012390136719,56.62995147705078,2.274717330932617,20260731
2023-08-24,ChargerFull,FeasibleITransformer,80,114.12001037597656,123.65000915527344,1.0625,69.7925033569336,74.08187103271484,69.7925033569336,74.08187103271484,2.081688404083252,20260731
2023-08-24,ChargerFull,FeasibleITransformer,84,127.57199096679688,132.20098876953125,2.5,79.5339126586914,79.9940414428711,79.5339126586914,79.9940414428711,1.4170429706573486,20260731
2023-08-24,ChargerFull,FeasibleITransformer,96,140.77200317382812,140.77200317382812,0.6666666865348816,86.48468780517578,86.48468780517578,86.48468780517578,86.48468780517578,0.37069207429885864,20260731
2023-08-25,ChargerFull,FeasibleITransformer,32,7.175000190734863,7.175000190734863,0.25,4.501880645751953,9.563802719116211,4.501880645751953,9.563802719116211,0.46489217877388,20260731
2023-08-25,ChargerFull,FeasibleITransformer,48,29.63800048828125,39.99800109863281,2.5,14.070711135864258,34.133140563964844,14.070711135864258,34.133140563964844,2.5425233840942383,20260731
2023-08-25,ChargerFull,FeasibleITransformer,64,42.58300018310547,56.13800048828125,2.0625,29.702869415283203,39.872657775878906,29.702869415283203,39.872657775878906,1.4701361656188965,20260731
2023-08-25,ChargerFull,FeasibleITransformer,80,82.62300109863281,84.27300262451172,2.1875,43.09920120239258,49.13773727416992,43.09920120239258,49.13773727416992,1.7749383449554443,20260731
2023-08-25,ChargerFull,FeasibleITransformer,84,84.27300262451172,84.27300262451172,0.25,51.437644958496094,52.1543083190918,51.437644958496094,52.1543083190918,1.2387316226959229,20260731
2023-08-25,ChargerFull,FeasibleITransformer,96,84.27300262451172,84.27300262451172,0.0,59.05068588256836,59.05068588256836,59.05068588256836,59.05068588256836,0.4819125831127167,20260731
2023-08-26,ChargerFull,FeasibleITransformer,32,0.0,0.0,0.0,3.9432945251464844,4.7841715812683105,3.9432945251464844,4.7841715812683105,0.2847973704338074,20260731
2023-08-26,ChargerFull,FeasibleITransformer,48,23.3489990234375,28.298999786376953,1.375,11.350431442260742,20.89596939086914,11.350431442260742,20.89596939086914,2.3804128170013428,20260731
2023-08-26,ChargerFull,FeasibleITransformer,64,75.39300537109375,75.39300537109375,3.1875,22.418949127197266,26.415178298950195,22.418949127197266,26.415178298950195,0.8613998889923096,20260731
2023-08-26,ChargerFull,FeasibleITransformer,80,87.02400207519531,95.27400207519531,1.0625,26.121353149414062,31.8931884765625,26.121353149414062,31.8931884765625,2.1523704528808594,20260731
2023-08-26,ChargerFull,FeasibleITransformer,84,93.6240005493164,95.27400207519531,1.0,33.329105377197266,33.695526123046875,33.329105377197266,33.695526123046875,0.9462077617645264,20260731
2023-08-26,ChargerFull,FeasibleITransformer,96,95.27400207519531,95.27400207519531,0.0833333358168602,39.31375503540039,39.31375503540039,39.31375503540039,39.31375503540039,0.4679345190525055,20260731
2023-08-27,ChargerFull,FeasibleITransformer,32,0.0,0.0,0.0,3.8199620246887207,3.8199620246887207,3.8199620246887207,3.8199620246887207,0.26186659932136536,20260731
2023-08-27,ChargerFull,FeasibleITransformer,48,15.612000465393066,19.799999237060547,0.75,12.189262390136719,21.88735580444336,12.189262390136719,21.88735580444336,2.270618438720703,20260731
2023-08-27,ChargerFull,FeasibleITransformer,64,47.83599853515625,48.98200225830078,1.375,21.96967315673828,27.01847267150879,21.96967315673828,27.01847267150879,0.8637188673019409,20260731
2023-08-27,ChargerFull,FeasibleITransformer,80,66.48400115966797,67.72899627685547,1.3125,26.31940269470215,31.02130126953125,26.31940269470215,31.02130126953125,2.44010853767395,20260731
2023-08-27,ChargerFull,FeasibleITransformer,84,71.43399810791016,71.43399810791016,0.75,32.72907257080078,32.868080139160156,32.72907257080078,32.868080139160156,1.1451510190963745,20260731
2023-08-27,ChargerFull,FeasibleITransformer,96,71.43399810791016,71.43399810791016,0.0,37.177581787109375,37.177581787109375,37.177581787109375,37.177581787109375,0.4115194082260132,20260731
2023-08-28,ChargerFull,FeasibleITransformer,32,11.70199966430664,11.70199966430664,0.28125,3.478955030441284,3.478955030441284,3.478955030441284,3.478955030441284,0.473837673664093,20260731
2023-08-28,ChargerFull,FeasibleITransformer,48,62.960994720458984,77.33299255371094,2.8125,19.185096740722656,34.5993766784668,19.185096740722656,34.5993766784668,2.5339174270629883,20260731
2023-08-28,ChargerFull,FeasibleITransformer,64,132.14999389648438,132.14999389648438,2.625,29.534761428833008,40.15830612182617,29.534761428833008,40.15830612182617,1.1276484727859497,20260731
2023-08-28,ChargerFull,FeasibleITransformer,80,156.41000366210938,156.41000366210938,1.0625,39.02511215209961,45.58392333984375,39.02511215209961,45.58392333984375,2.1563992500305176,20260731
2023-08-28,ChargerFull,FeasibleITransformer,84,156.41000366210938,156.41000366210938,0.0,47.765132904052734,48.21372604370117,47.765132904052734,48.21372604370117,1.4986860752105713,20260731
2023-08-28,ChargerFull,FeasibleITransformer,96,156.41000366210938,156.41000366210938,0.0,52.27820587158203,52.27820587158203,52.27820587158203,52.27820587158203,0.34988078474998474,20260731
2023-08-29,ChargerFull,FeasibleITransformer,32,2.5190000534057617,4.949999809265137,0.09375,4.412182331085205,4.412182331085205,4.412182331085205,4.412182331085205,0.7816579341888428,20260731
2023-08-29,ChargerFull,FeasibleITransformer,48,43.7239990234375,56.45800018310547,2.5,28.40631103515625,57.58344650268555,28.40631103515625,57.58344650268555,2.8080599308013916,20260731
2023-08-29,ChargerFull,FeasibleITransformer,64,68.66000366210938,78.3740005493164,1.3125,41.58141326904297,63.048011779785156,41.58141326904297,63.048011779785156,1.9773294925689697,20260731
2023-08-29,ChargerFull,FeasibleITransformer,80,114.79100036621094,116.3790054321289,2.0,64.26870727539062,72.01356506347656,64.26870727539062,72.01356506347656,1.8273661136627197,20260731
2023-08-29,ChargerFull,FeasibleITransformer,84,118.09100341796875,118.09100341796875,0.5,74.57669067382812,75.1845932006836,74.57669067382812,75.1845932006836,1.6645251512527466,20260731
2023-08-29,ChargerFull,FeasibleITransformer,96,118.09100341796875,118.09100341796875,0.0,79.4564208984375,79.4564208984375,79.4564208984375,79.4564208984375,0.2803712487220764,20260731
2023-08-30,ChargerFull,FeasibleITransformer,32,0.0,15.878000259399414,0.3125,4.665225982666016,4.665225982666016,4.665225982666016,4.665225982666016,0.7873011827468872,20260731
2023-08-30,ChargerFull,FeasibleITransformer,48,13.398000717163086,35.14400100708008,2.625,24.372661590576172,58.87477111816406,24.372661590576172,58.87477111816406,2.8370044231414795,20260731
2023-08-30,ChargerFull,FeasibleITransformer,64,45.14500045776367,58.0880012512207,3.5625,39.0860595703125,63.671791076660156,39.0860595703125,63.671791076660156,2.143742799758911,20260731
2023-08-30,ChargerFull,FeasibleITransformer,80,83.01100158691406,83.01100158691406,1.6875,64.76490020751953,75.44562530517578,64.76490020751953,75.44562530517578,1.978097915649414,20260731
2023-08-30,ChargerFull,FeasibleITransformer,84,83.01100158691406,83.01100158691406,0.0,77.46382141113281,78.57856750488281,77.46382141113281,78.57856750488281,1.8969526290893555,20260731
2023-08-30,ChargerFull,FeasibleITransformer,96,83.01100158691406,83.01100158691406,0.0,83.18209075927734,83.18209075927734,83.18209075927734,83.18209075927734,0.30684036016464233,20260731
2023-08-31,ChargerFull,FeasibleITransformer,32,2.924999952316284,21.450000762939453,0.40625,5.775622367858887,6.408515930175781,5.775622367858887,6.408515930175781,0.5980677604675293,20260731
2023-08-31,ChargerFull,FeasibleITransformer,48,31.292999267578125,62.04899597167969,2.5,18.00811767578125,48.16013717651367,18.00811767578125,48.16013717651367,2.7930686473846436,20260731
2023-08-31,ChargerFull,FeasibleITransformer,64,75.56700134277344,82.66799926757812,2.5,35.599945068359375,55.309326171875,35.599945068359375,55.309326171875,2.0627593994140625,20260731
2023-08-31,ChargerFull,FeasibleITransformer,80,134.45199584960938,143.8509979248047,3.3125,67.6483154296875,73.96861267089844,67.6483154296875,73.96861267089844,2.121699333190918,20260731
2023-08-31,ChargerFull,FeasibleITransformer,84,150.95199584960938,158.60400390625,2.5,78.51272583007812,78.93910217285156,78.51272583007812,78.93910217285156,1.6412755250930786,20260731
2023-08-31,ChargerFull,FeasibleITransformer,96,162.50201416015625,162.50201416015625,0.5833333730697632,85.41085815429688,85.41085815429688,85.41085815429688,85.41085815429688,0.3500065803527832,20260731
2023-09-01,ChargerFull,FeasibleITransformer,32,0.0,15.67300033569336,0.34375,6.196384429931641,9.402077674865723,6.196384429931641,9.402077674865723,0.4979887306690216,20260731
2023-09-01,ChargerFull,FeasibleITransformer,48,47.16800308227539,53.62300109863281,2.3125,16.700653076171875,38.61953353881836,16.700653076171875,38.61953353881836,2.558661460876465,20260731
2023-09-01,ChargerFull,FeasibleITransformer,64,95.47699737548828,105.66300201416016,2.3125,34.52619934082031,46.4443244934082,34.52619934082031,46.4443244934082,1.222379446029663,20260731
2023-09-01,ChargerFull,FeasibleITransformer,80,133.5260009765625,137.7639923095703,2.0,63.337623596191406,65.28152465820312,63.337623596191406,65.28152465820312,2.5752146244049072,20260731
2023-09-01,ChargerFull,FeasibleITransformer,84,138.87399291992188,148.37600708007812,1.75,71.59978485107422,71.59978485107422,71.59978485107422,71.59978485107422,1.2518419027328491,20260731
2023-09-01,ChargerFull,FeasibleITransformer,96,148.7740020751953,148.7740020751953,0.5,79.7986068725586,79.7986068725586,79.7986068725586,79.7986068725586,0.41408225893974304,20260731
2023-09-02,ChargerFull,FeasibleITransformer,32,0.0,0.0,0.0,4.927061080932617,7.202986717224121,4.927061080932617,7.202986717224121,0.3297538161277771,20260731
2023-09-02,ChargerFull,FeasibleITransformer,48,17.689998626708984,22.639999389648438,1.3125,14.835049629211426,29.789478302001953,14.835049629211426,29.789478302001953,2.4293746948242188,20260731
2023-09-02,ChargerFull,FeasibleITransformer,64,29.70599937438965,29.70599937438965,0.75,33.959964752197266,39.02752685546875,33.959964752197266,39.02752685546875,0.9797218441963196,20260731
2023-09-02,ChargerFull,FeasibleITransformer,80,36.35599899291992,36.35599899291992,0.4375,49.360347747802734,51.63353729248047,49.360347747802734,51.63353729248047,2.6914989948272705,20260731
2023-09-02,ChargerFull,FeasibleITransformer,84,36.35599899291992,36.35599899291992,0.0,56.931396484375,57.25420379638672,56.931396484375,57.25420379638672,1.1722933053970337,20260731
2023-09-02,ChargerFull,FeasibleITransformer,96,36.35599899291992,36.35599899291992,0.0,66.09027099609375,66.09027099609375,66.09027099609375,66.09027099609375,0.4872848689556122,20260731
2023-09-03,ChargerFull,FeasibleITransformer,32,0.0,0.0,0.0,4.234771728515625,4.30367374420166,4.234771728515625,4.30367374420166,0.3315337598323822,20260731
2023-09-03,ChargerFull,FeasibleITransformer,48,4.216000080108643,5.866000175476074,0.3125,14.29202651977539,27.1921443939209,14.29202651977539,27.1921443939209,2.402177333831787,20260731
2023-09-03,ChargerFull,FeasibleITransformer,64,16.232999801635742,16.232999801635742,0.75,28.147022247314453,34.05032730102539,28.147022247314453,34.05032730102539,0.7160446047782898,20260731
2023-09-03,ChargerFull,FeasibleITransformer,80,33.777000427246094,44.474998474121094,1.6875,37.893672943115234,41.736114501953125,37.893672943115234,41.736114501953125,2.5263516902923584,20260731
2023-09-03,ChargerFull,FeasibleITransformer,84,46.861000061035156,50.1609992980957,2.0,45.00847244262695,45.00847244262695,45.00847244262695,45.00847244262695,1.1060864925384521,20260731
2023-09-03,ChargerFull,FeasibleITransformer,96,50.1609992980957,50.1609992980957,0.1666666716337204,50.57209777832031,50.57209777832031,50.57209777832031,50.57209777832031,0.36423757672309875,20260731
2023-09-04,ChargerFull,FeasibleITransformer,32,0.0,0.0,0.0,3.239703893661499,3.239703893661499,3.239703893661499,3.239703893661499,0.4921205937862396,20260731
2023-09-04,ChargerFull,FeasibleITransformer,48,3.6500000953674316,3.6500000953674316,0.3125,19.537715911865234,39.6590461730957,19.537715911865234,39.6590461730957,2.5652427673339844,20260731
2023-09-04,ChargerFull,FeasibleITransformer,64,27.916000366210938,29.93400001525879,1.25,31.381025314331055,44.49763107299805,31.381025314331055,44.49763107299805,0.8639174699783325,20260731
2023-09-04,ChargerFull,FeasibleITransformer,80,38.178001403808594,38.178001403808594,0.5625,42.343570709228516,49.88960647583008,42.343570709228516,49.88960647583008,2.385908842086792,20260731
2023-09-04,ChargerFull,FeasibleITransformer,84,38.178001403808594,38.178001403808594,0.0,51.82863235473633,52.429237365722656,51.82863235473633,52.429237365722656,1.5997909307479858,20260731
2023-09-04,ChargerFull,FeasibleITransformer,96,38.178001403808594,38.178001403808594,0.0,56.72951126098633,56.72951126098633,56.72951126098633,56.72951126098633,0.3437917232513428,20260731
2023-09-05,ChargerFull,FeasibleITransformer,32,11.805000305175781,14.159000396728516,0.3125,3.523926019668579,3.523926019668579,3.523926019668579,3.523926019668579,0.6185275316238403,20260731
2023-09-05,ChargerFull,FeasibleITransformer,48,31.944000244140625,66.84600067138672,2.5,21.150081634521484,46.37395477294922,21.150081634521484,46.37395477294922,2.5360822677612305,20260731
2023-09-05,ChargerFull,FeasibleITransformer,64,65.53500366210938,79.94700622558594,3.25,33.54170227050781,50.268741607666016,33.54170227050781,50.268741607666016,1.3479204177856445,20260731
2023-09-05,ChargerFull,FeasibleITransformer,80,79.94700622558594,79.94700622558594,0.5625,47.32665252685547,56.80179977416992,47.32665252685547,56.80179977416992,2.165163040161133,20260731
2023-09-05,ChargerFull,FeasibleITransformer,84,79.94700622558594,79.94700622558594,0.0,57.664405822753906,58.40813446044922,57.664405822753906,58.40813446044922,1.713909387588501,20260731
2023-09-05,ChargerFull,FeasibleITransformer,96,79.94700622558594,79.94700622558594,0.0,62.15225601196289,62.15225601196289,62.15225601196289,62.15225601196289,0.26167890429496765,20260731
2023-09-06,ChargerFull,FeasibleITransformer,32,0.0,0.0,0.0,4.544409275054932,4.544409275054932,4.544409275054932,4.544409275054932,0.7575497627258301,20260731
2023-09-06,ChargerFull,FeasibleITransformer,48,34.91699981689453,44.499000549316406,2.875,19.74544906616211,48.89849090576172,19.74544906616211,48.89849090576172,2.3692002296447754,20260731
2023-09-06,ChargerFull,FeasibleITransformer,64,74.45499420166016,92.74800109863281,3.1875,31.7421875,52.439239501953125,31.7421875,52.439239501953125,1.9434640407562256,20260731
2023-09-06,ChargerFull,FeasibleITransformer,80,116.67499542236328,116.67499542236328,1.6875,48.77315139770508,60.56146240234375,48.77315139770508,60.56146240234375,2.0727970600128174,20260731
2023-09-06,ChargerFull,FeasibleITransformer,84,116.67499542236328,116.67499542236328,0.0,60.965087890625,62.3116455078125,60.965087890625,62.3116455078125,1.9441368579864502,20260731
2023-09-06,ChargerFull,FeasibleITransformer,96,116.67499542236328,116.67499542236328,0.0,66.35868072509766,66.35868072509766,66.35868072509766,66.35868072509766,0.2880653738975525,20260731
2023-09-07,ChargerFull,FeasibleITransformer,32,0.0,18.149999618530273,0.34375,5.887561798095703,8.249430656433105,5.887561798095703,8.249430656433105,0.5679162740707397,20260731
2023-09-07,ChargerFull,FeasibleITransformer,48,32.8129997253418,69.11100769042969,3.375,20.133596420288086,57.731910705566406,20.133596420288086,57.731910705566406,2.795963764190674,20260731
2023-09-07,ChargerFull,FeasibleITransformer,64,57.56100082397461,93.6820068359375,3.875,40.60438537597656,65.03491973876953,40.60438537597656,65.03491973876953,1.9974479675292969,20260731
2023-09-07,ChargerFull,FeasibleITransformer,80,104.11900329589844,122.00700378417969,3.125,81.8822250366211,86.99419403076172,81.8822250366211,86.99419403076172,2.7945516109466553,20260731
2023-09-07,ChargerFull,FeasibleITransformer,84,117.31900787353516,128.6070098876953,2.0,94.01359558105469,94.07637023925781,94.01359558105469,94.07637023925781,1.8380848169326782,20260731
2023-09-07,ChargerFull,FeasibleITransformer,96,135.46900939941406,135.46900939941406,0.9166666269302368,101.753173828125,101.753173828125,101.753173828125,101.753173828125,0.39088815450668335,20260731
2023-09-08,ChargerFull,FeasibleITransformer,32,0.5619999766349792,18.149999618530273,0.34375,4.727890968322754,8.247252464294434,4.727890968322754,8.247252464294434,0.39971134066581726,20260731
2023-09-08,ChargerFull,FeasibleITransformer,48,31.808000564575195,51.222999572753906,2.0,20.750497817993164,46.56351852416992,20.750497817993164,46.56351852416992,2.8903744220733643,20260731
2023-09-08,ChargerFull,FeasibleITransformer,64,83.07499694824219,92.62699890136719,3.4375,42.516536712646484,56.29441452026367,42.516536712646484,56.29441452026367,1.4160290956497192,20260731
2023-09-08,ChargerFull,FeasibleITransformer,80,109.0510025024414,110.70100402832031,1.0625,71.80776977539062,76.84986877441406,71.80776977539062,76.84986877441406,3.091521739959717,20260731
2023-09-08,ChargerFull,FeasibleITransformer,84,110.70100402832031,110.70100402832031,0.25,83.33694458007812,83.37688446044922,83.33694458007812,83.37688446044922,1.7468453645706177,20260731
2023-09-08,ChargerFull,FeasibleITransformer,96,110.70100402832031,110.70100402832031,0.0,94.73439025878906,94.73439025878906,94.73439025878906,94.73439025878906,0.5756282806396484,20260731
2023-09-09,ChargerFull,FeasibleITransformer,32,0.0,0.0,0.0,4.7649383544921875,6.739414215087891,4.7649383544921875,6.739414215087891,0.31530454754829407,20260731
2023-09-09,ChargerFull,FeasibleITransformer,48,2.940000057220459,5.440000057220459,0.875,14.255331039428711,28.751630783081055,14.255331039428711,28.751630783081055,2.5249903202056885,20260731
2023-09-09,ChargerFull,FeasibleITransformer,64,26.743000030517578,28.597999572753906,1.1875,32.03594970703125,37.055171966552734,32.03594970703125,37.055171966552734,1.1576476097106934,20260731
2023-09-09,ChargerFull,FeasibleITransformer,80,34.547000885009766,37.84700012207031,0.4375,42.012577056884766,45.823665618896484,42.012577056884766,45.823665618896484,2.7508087158203125,20260731
2023-09-09,ChargerFull,FeasibleITransformer,84,34.547000885009766,40.48600387573242,1.0,49.44670867919922,50.0964469909668,49.44670867919922,50.0964469909668,1.102765440940857,20260731
2023-09-09,ChargerFull,FeasibleITransformer,96,40.48600387573242,40.48600387573242,0.5833333134651184,57.593021392822266,57.593021392822266,57.593021392822266,57.593021392822266,0.49069973826408386,20260731
2023-09-10,ChargerFull,FeasibleITransformer,32,3.1419999599456787,3.1419999599456787,0.125,2.9702415466308594,2.9702415466308594,2.9702415466308594,2.9702415466308594,0.24713551998138428,20260731
2023-09-10,ChargerFull,FeasibleITransformer,48,16.053998947143555,21.003997802734375,0.75,12.363388061523438,23.32157325744629,12.363388061523438,23.32157325744629,2.151487112045288,20260731
2023-09-10,ChargerFull,FeasibleITransformer,64,31.529998779296875,37.13800048828125,1.6875,25.014747619628906,29.598329544067383,25.014747619628906,29.598329544067383,0.8505985736846924,20260731
2023-09-10,ChargerFull,FeasibleITransformer,80,62.683998107910156,65.04100036621094,1.6875,30.061328887939453,34.27998352050781,30.061328887939453,34.27998352050781,2.4331061840057373,20260731
2023-09-10,ChargerFull,FeasibleITransformer,84,69.28399658203125,71.64099884033203,1.0,36.197505950927734,36.31290054321289,36.197505950927734,36.31290054321289,1.4124953746795654,20260731
2023-09-10,ChargerFull,FeasibleITransformer,96,79.18399047851562,79.18399047851562,0.5,41.186920166015625,41.186920166015625,41.186920166015625,41.186920166015625,0.4654163122177124,20260731
2023-09-11,ChargerFull,FeasibleITransformer,32,0.5879999995231628,1.649999976158142,0.03125,3.581969738006592,3.581969738006592,3.581969738006592,3.581969738006592,0.5168052911758423,20260731
2023-09-11,ChargerFull,FeasibleITransformer,48,15.145000457763672,23.39900016784668,2.0,21.262348175048828,37.02418518066406,21.262348175048828,37.02418518066406,2.4825565814971924,20260731
2023-09-11,ChargerFull,FeasibleITransformer,64,27.769001007080078,32.722999572753906,2.3125,31.138813018798828,41.60327911376953,31.138813018798828,41.60327911376953,1.0221067667007446,20260731
2023-09-11,ChargerFull,FeasibleITransformer,80,37.2609977722168,37.2609977722168,0.875,37.281150817871094,45.92794418334961,37.281150817871094,45.92794418334961,2.639404535293579,20260731
2023-09-11,ChargerFull,FeasibleITransformer,84,37.2609977722168,37.2609977722168,0.0,46.791160583496094,47.759315490722656,46.791160583496094,47.759315490722656,1.602726697921753,20260731
2023-09-11,ChargerFull,FeasibleITransformer,96,37.2609977722168,37.2609977722168,0.0,51.55488204956055,51.55488204956055,51.55488204956055,51.55488204956055,0.43158823251724243,20260731
2023-09-12,ChargerFull,FeasibleITransformer,32,2.6989998817443848,23.099998474121094,0.4375,2.738710403442383,2.738710403442383,2.738710403442383,2.738710403442383,0.5996008515357971,20260731
2023-09-12,ChargerFull,FeasibleITransformer,48,29.099000930786133,46.6619987487793,3.0,19.12569808959961,44.123573303222656,19.12569808959961,44.123573303222656,2.6856937408447266,20260731
2023-09-12,ChargerFull,FeasibleITransformer,64,48.76799774169922,63.731998443603516,2.6875,31.333274841308594,47.721282958984375,31.333274841308594,47.721282958984375,1.6998859643936157,20260731
2023-09-12,ChargerFull,FeasibleITransformer,80,73.33300018310547,73.33300018310547,2.0625,43.75175094604492,53.147193908691406,43.75175094604492,53.147193908691406,2.1274619102478027,20260731
2023-09-12,ChargerFull,FeasibleITransformer,84,73.33300018310547,73.33300018310547,0.0,53.28941345214844,54.62308883666992,53.28941345214844,54.62308883666992,1.6462421417236328,20260731
2023-09-12,ChargerFull,FeasibleITransformer,96,73.33300018310547,73.33300018310547,0.0,57.72539520263672,57.72539520263672,57.72539520263672,57.72539520263672,0.31032702326774597,20260731
2023-09-13,ChargerFull,FeasibleITransformer,32,0.0,18.149999618530273,0.34375,4.1457295417785645,4.813119888305664,4.1457295417785645,4.813119888305664,0.7173165082931519,20260731
2023-09-13,ChargerFull,FeasibleITransformer,48,35.77399826049805,66.54199981689453,2.875,19.303455352783203,49.11595916748047,19.303455352783203,49.11595916748047,2.552851915359497,20260731
2023-09-13,ChargerFull,FeasibleITransformer,64,99.52899169921875,106.95199584960938,2.8125,29.633567810058594,52.202392578125,29.633567810058594,52.202392578125,2.024583339691162,20260731
2023-09-13,ChargerFull,FeasibleITransformer,80,127.12799835205078,127.12799835205078,1.125,47.826263427734375,60.183021545410156,47.826263427734375,60.183021545410156,2.5212574005126953,20260731
2023-09-13,ChargerFull,FeasibleITransformer,84,127.12799835205078,127.12799835205078,0.0,60.151512145996094,61.81768035888672,60.151512145996094,61.81768035888672,2.0143795013427734,20260731
2023-09-13,ChargerFull,FeasibleITransformer,96,127.12799835205078,127.12799835205078,0.0,65.89518737792969,65.89518737792969,65.89518737792969,65.89518737792969,0.374239981174469,20260731
2023-09-14,ChargerFull,FeasibleITransformer,32,0.0,18.149999618530273,0.34375,4.35358190536499,9.083273887634277,4.35358190536499,9.083273887634277,0.5886127352714539,20260731
2023-09-14,ChargerFull,FeasibleITransformer,48,17.349000930786133,18.999000549316406,1.0,18.01407814025879,52.54599380493164,18.01407814025879,52.54599380493164,2.6457173824310303,20260731
2023-09-14,ChargerFull,FeasibleITransformer,64,33.14400100708008,33.14400100708008,1.0,38.93896484375,59.479801177978516,38.93896484375,59.479801177978516,2.122779369354248,20260731
2023-09-14,ChargerFull,FeasibleITransformer,80,41.83300018310547,41.83300018310547,0.375,70.64637756347656,78.05835723876953,70.64637756347656,78.05835723876953,2.672194480895996,20260731
2023-09-14,ChargerFull,FeasibleITransformer,84,41.83300018310547,41.83300018310547,0.0,81.69268798828125,82.39463806152344,81.69268798828125,82.39463806152344,1.6736836433410645,20260731
2023-09-14,ChargerFull,FeasibleITransformer,96,41.83300018310547,41.83300018310547,0.0,89.99662017822266,89.99662017822266,89.99662017822266,89.99662017822266,0.4193899631500244,20260731
2023-09-15,ChargerFull,FeasibleITransformer,32,0.0,18.149999618530273,0.34375,4.425821304321289,9.191693305969238,4.425821304321289,9.191693305969238,0.4630531668663025,20260731
2023-09-15,ChargerFull,FeasibleITransformer,48,32.972999572753906,59.595001220703125,3.0625,15.017499923706055,37.83321762084961,15.017499923706055,37.83321762084961,2.553211212158203,20260731
2023-09-15,ChargerFull,FeasibleITransformer,64,59.972999572753906,64.54499816894531,2.1875,36.529563903808594,46.04182052612305,36.529563903808594,46.04182052612305,1.3221426010131836,20260731
2023-09-15,ChargerFull,FeasibleITransformer,80,84.25599670410156,84.25599670410156,1.0625,56.031005859375,61.351619720458984,56.031005859375,61.351619720458984,2.292283535003662,20260731
2023-09-15,ChargerFull,FeasibleITransformer,84,84.25599670410156,84.25599670410156,0.0,64.98844146728516,65.55699157714844,64.98844146728516,65.55699157714844,1.3418532609939575,20260731
2023-09-15,ChargerFull,FeasibleITransformer,96,84.25599670410156,84.25599670410156,0.0,75.03909301757812,75.03909301757812,75.03909301757812,75.03909301757812,0.5481336116790771,20260731
2023-09-16,ChargerFull,FeasibleITransformer,32,0.0,1.649999976158142,0.03125,4.1931939125061035,6.012589931488037,4.1931939125061035,6.012589931488037,0.29175490140914917,20260731
2023-09-16,ChargerFull,FeasibleITransformer,48,20.290000915527344,26.889999389648438,1.5,12.725715637207031,22.701034545898438,12.725715637207031,22.701034545898438,2.5401391983032227,20260731
2023-09-16,ChargerFull,FeasibleITransformer,64,50.99599838256836,54.295997619628906,1.8125,25.35378646850586,28.97062110900879,25.35378646850586,28.97062110900879,0.853823721408844,20260731
2023-09-16,ChargerFull,FeasibleITransformer,80,72.41199493408203,75.75199890136719,1.0625,31.38144302368164,35.23360061645508,31.38144302368164,35.23360061645508,2.1688294410705566,20260731
2023-09-16,ChargerFull,FeasibleITransformer,84,79.01200103759766,82.35199737548828,1.0,37.58525848388672,37.6312141418457,37.58525848388672,37.6312141418457,0.9930227994918823,20260731
2023-09-16,ChargerFull,FeasibleITransformer,96,85.61199951171875,85.61199951171875,0.3333333432674408,44.52354431152344,44.52354431152344,44.52354431152344,44.52354431152344,0.5119155645370483,20260731
2023-09-17,ChargerFull,FeasibleITransformer,32,0.0,0.0,0.0,3.1051642894744873,3.1051642894744873,3.1051642894744873,3.1051642894744873,0.23721720278263092,20260731
2023-09-17,ChargerFull,FeasibleITransformer,48,14.726999282836914,18.027000427246094,1.375,13.342558860778809,24.225948333740234,13.342558860778809,24.225948333740234,2.4025638103485107,20260731
2023-09-17,ChargerFull,FeasibleITransformer,64,32.391998291015625,32.391998291015625,1.0,24.070842742919922,28.884952545166016,24.070842742919922,28.884952545166016,0.6779310703277588,20260731
2023-09-17,ChargerFull,FeasibleITransformer,80,52.35499572753906,56.12999725341797,0.9375,27.728713989257812,32.58142852783203,27.728713989257812,32.58142852783203,2.657325506210327,20260731
2023-09-17,ChargerFull,FeasibleITransformer,84,58.954994201660156,62.72999572753906,1.0,33.75304412841797,34.31332778930664,33.75304412841797,34.31332778930664,1.243906021118164,20260731
2023-09-17,ChargerFull,FeasibleITransformer,96,75.45500183105469,75.45500183105469,0.8333333134651184,39.03041076660156,39.03041076660156,39.03041076660156,39.03041076660156,0.4833414852619171,20260731
2023-09-18,ChargerFull,FeasibleITransformer,32,0.0,3.299999952316284,0.0625,2.2557713985443115,2.2557713985443115,2.2557713985443115,2.2557713985443115,0.34784308075904846,20260731
2023-09-18,ChargerFull,FeasibleITransformer,48,19.957000732421875,46.005001068115234,2.625,15.81797981262207,30.092147827148438,15.81797981262207,30.092147827148438,2.5205771923065186,20260731
2023-09-18,ChargerFull,FeasibleITransformer,64,86.64900207519531,96.81700134277344,3.625,23.854873657226562,33.608402252197266,23.854873657226562,33.608402252197266,0.9077256917953491,20260731
2023-09-18,ChargerFull,FeasibleITransformer,80,110.052001953125,119.83200073242188,1.375,29.222803115844727,36.688602447509766,29.222803115844727,36.688602447509766,2.268646717071533,20260731
2023-09-18,ChargerFull,FeasibleITransformer,84,118.302001953125,121.60198974609375,1.25,36.73974609375,38.027870178222656,36.73974609375,38.027870178222656,1.4843411445617676,20260731
2023-09-18,ChargerFull,FeasibleITransformer,96,123.375,123.375,0.4166666865348816,41.08196258544922,41.08196258544922,41.08196258544922,41.08196258544922,0.42733147740364075,20260731
2023-09-19,ChargerFull,FeasibleITransformer,32,0.0,4.949999809265137,0.09375,3.0633668899536133,3.0633668899536133,3.0633668899536133,3.0633668899536133,0.5345367789268494,20260731
2023-09-19,ChargerFull,FeasibleITransformer,48,53.808998107910156,78.76300048828125,3.6875,19.044509887695312,38.24642562866211,19.044509887695312,38.24642562866211,2.671145439147949,20260731
2023-09-19,ChargerFull,FeasibleITransformer,64,124.16999816894531,144.02999877929688,4.9375,29.227313995361328,41.96922302246094,29.227313995361328,41.96922302246094,1.4074407815933228,20260731
2023-09-19,ChargerFull,FeasibleITransformer,80,165.61199951171875,178.67999267578125,2.625,39.299991607666016,47.22236633300781,39.299991607666016,47.22236633300781,1.7725275754928589,20260731
2023-09-19,ChargerFull,FeasibleITransformer,84,173.86199951171875,185.91000366210938,2.25,47.58396911621094,48.68946075439453,47.58396911621094,48.68946075439453,1.634211778640747,20260731
2023-09-19,ChargerFull,FeasibleITransformer,96,187.1219940185547,187.1219940185547,0.8333333134651184,51.913124084472656,51.913124084472656,51.913124084472656,51.913124084472656,0.333904504776001,20260731
2023-09-20,ChargerFull,FeasibleITransformer,32,0.0,23.100000381469727,0.4375,4.113379955291748,5.868265628814697,4.113379955291748,5.868265628814697,0.7384369969367981,20260731
2023-09-20,ChargerFull,FeasibleITransformer,48,29.61199951171875,79.75699615478516,3.375,20.821102142333984,58.8179931640625,20.821102142333984,58.8179931640625,2.728015661239624,20260731
2023-09-20,ChargerFull,FeasibleITransformer,64,107.6510009765625,126.81100463867188,4.125,39.91409683227539,63.697513580322266,39.91409683227539,63.697513580322266,2.200585126876831,20260731
2023-09-20,ChargerFull,FeasibleITransformer,80,146.32699584960938,148.78700256347656,1.5625,64.93055725097656,75.54643249511719,64.93055725097656,75.54643249511719,2.187246084213257,20260731
2023-09-20,ChargerFull,FeasibleITransformer,84,152.927001953125,155.38699340820312,1.0,77.45956420898438,78.4570083618164,77.45956420898438,78.4570083618164,1.9886834621429443,20260731
2023-09-20,ChargerFull,FeasibleITransformer,96,165.49400329589844,165.49400329589844,0.6666666865348816,83.94647979736328,83.94647979736328,83.94647979736328,83.94647979736328,0.41451287269592285,20260731
2023-09-21,ChargerFull,FeasibleITransformer,32,1.8309999704360962,24.75,0.46875,3.6844053268432617,8.171259880065918,3.6844053268432617,8.171259880065918,0.564508318901062,20260731
2023-09-21,ChargerFull,FeasibleITransformer,48,55.12200164794922,81.78199768066406,3.625,20.232080459594727,55.97468566894531,20.232080459594727,55.97468566894531,2.739346504211426,20260731
2023-09-21,ChargerFull,FeasibleITransformer,64,116.968994140625,122.1820068359375,3.75,43.83666229248047,64.0650863647461,43.83666229248047,64.0650863647461,2.174370765686035,20260731
2023-09-21,ChargerFull,FeasibleITransformer,80,161.8409881591797,162.88299560546875,2.0625,74.32078552246094,84.54673767089844,74.32078552246094,84.54673767089844,2.4388089179992676,20260731
2023-09-21,ChargerFull,FeasibleITransformer,84,165.1409912109375,165.1409912109375,0.5,88.31189727783203,89.74223327636719,88.31189727783203,89.74223327636719,1.9935176372528076,20260731
2023-09-21,ChargerFull,FeasibleITransformer,96,165.1409912109375,165.1409912109375,0.0,100.07599639892578,100.07599639892578,100.07599639892578,100.07599639892578,0.6362622976303101,20260731
2023-09-22,ChargerFull,FeasibleITransformer,32,0.2199999988079071,6.599999904632568,0.125,5.402703762054443,12.12878704071045,5.402703762054443,12.12878704071045,0.5142427086830139,20260731
2023-09-22,ChargerFull,FeasibleITransformer,48,63.99299621582031,67.89299774169922,2.5,25.60650062561035,54.56394577026367,25.60650062561035,54.56394577026367,3.268272876739502,20260731
2023-09-22,ChargerFull,FeasibleITransformer,64,82.2439956665039,98.7439956665039,1.8125,56.534156799316406,67.2186279296875,56.534156799316406,67.2186279296875,1.7174434661865234,20260731
2023-09-22,ChargerFull,FeasibleITransformer,80,99.99800109863281,109.25700378417969,1.9375,89.40351104736328,93.2679672241211,89.40351104736328,93.2679672241211,2.6130175590515137,20260731
2023-09-22,ChargerFull,FeasibleITransformer,84,103.57400512695312,112.8330078125,1.75,99.66116333007812,100.15896606445312,99.66116333007812,100.15896606445312,1.4061532020568848,20260731
2023-09-22,ChargerFull,FeasibleITransformer,96,112.8330078125,112.8330078125,0.5833333134651184,110.17022705078125,110.17022705078125,110.17022705078125,110.17022705078125,0.6211945414543152,20260731
2023-09-23,ChargerFull,FeasibleITransformer,32,0.0,0.0,0.0,3.9519848823547363,5.472588062286377,3.9519848823547363,5.472588062286377,0.24662837386131287,20260731
2023-09-23,ChargerFull,FeasibleITransformer,48,25.935998916625977,27.766998291015625,1.25,19.695573806762695,40.03691864013672,19.695573806762695,40.03691864013672,2.9451711177825928,20260731
2023-09-23,ChargerFull,FeasibleITransformer,64,79.42100524902344,85.86900329589844,2.375,47.70579528808594,53.462074279785156,47.70579528808594,53.462074279785156,1.1767555475234985,20260731
2023-09-23,ChargerFull,FeasibleITransformer,80,105.82099914550781,105.82099914550781,1.0,66.59424591064453,70.04560852050781,66.59424591064453,70.04560852050781,2.68269944190979,20260731
2023-09-23,ChargerFull,FeasibleITransformer,84,105.82099914550781,105.82099914550781,0.0,74.80258178710938,75.03507232666016,74.80258178710938,75.03507232666016,1.2356330156326294,20260731
2023-09-23,ChargerFull,FeasibleITransformer,96,105.82099914550781,105.82099914550781,0.0,84.03744506835938,84.03744506835938,84.03744506835938,84.03744506835938,0.6840794086456299,20260731
2023-09-24,ChargerFull,FeasibleITransformer,32,0.0,0.0,0.0,4.161101818084717,4.161101818084717,4.161101818084717,4.161101818084717,0.24548980593681335,20260731
2023-09-24,ChargerFull,FeasibleITransformer,48,2.6659998893737793,6.599999904632568,0.25,18.298542022705078,31.92051124572754,18.298542022705078,31.92051124572754,2.570286989212036,20260731
2023-09-24,ChargerFull,FeasibleITransformer,64,38.73100280761719,38.73100280761719,1.625,34.6055908203125,41.55376052856445,34.6055908203125,41.55376052856445,0.8951758742332458,20260731
2023-09-24,ChargerFull,FeasibleITransformer,80,61.5469970703125,61.5469970703125,0.9375,48.32364273071289,51.48917770385742,48.32364273071289,51.48917770385742,2.832202434539795,20260731
2023-09-24,ChargerFull,FeasibleITransformer,84,66.97699737548828,68.14700317382812,1.0,55.5706901550293,55.79157257080078,55.5706901550293,55.79157257080078,1.4481115341186523,20260731
2023-09-24,ChargerFull,FeasibleITransformer,96,75.22699737548828,75.22699737548828,0.4166666567325592,63.2005729675293,63.2005729675293,63.2005729675293,63.2005729675293,0.6759072542190552,20260731
2023-09-25,ChargerFull,FeasibleITransformer,32,0.7490000128746033,3.299999952316284,0.0625,3.184445858001709,3.184445858001709,3.184445858001709,3.184445858001709,0.3815285861492157,20260731
2023-09-25,ChargerFull,FeasibleITransformer,48,35.98099899291992,43.48200225830078,2.125,19.204734802246094,39.71916580200195,19.204734802246094,39.71916580200195,2.5980985164642334,20260731
2023-09-25,ChargerFull,FeasibleITransformer,64,66.73399353027344,75.68799591064453,2.875,34.41693115234375,46.80670928955078,34.41693115234375,46.80670928955078,1.290265440940857,20260731
2023-09-25,ChargerFull,FeasibleITransformer,80,83.31599426269531,83.31599426269531,1.3125,46.71421813964844,53.82429885864258,46.71421813964844,53.82429885864258,2.542870044708252,20260731
2023-09-25,ChargerFull,FeasibleITransformer,84,83.98799133300781,86.61599731445312,0.5,55.975486755371094,56.97614288330078,55.975486755371094,56.97614288330078,1.601454734802246,20260731
2023-09-25,ChargerFull,FeasibleITransformer,96,109.43299865722656,109.43299865722656,1.5,61.7384033203125,61.7384033203125,61.7384033203125,61.7384033203125,0.4702441990375519,20260731
2023-09-26,ChargerFull,FeasibleITransformer,32,0.7059999704360962,18.39900016784668,0.65625,3.4727258682250977,3.4727258682250977,3.4727258682250977,3.4727258682250977,0.5607190132141113,20260731
2023-09-26,ChargerFull,FeasibleITransformer,48,55.10099792480469,78.24700164794922,3.625,28.75359535217285,61.40370559692383,28.75359535217285,61.40370559692383,2.878054618835449,20260731
2023-09-26,ChargerFull,FeasibleITransformer,64,113.76499938964844,128.15899658203125,3.375,45.22069549560547,67.81983184814453,45.22069549560547,67.81983184814453,1.8260440826416016,20260731
2023-09-26,ChargerFull,FeasibleITransformer,80,128.15899658203125,128.15899658203125,1.3125,65.05609130859375,76.68572235107422,65.05609130859375,76.68572235107422,2.4781930446624756,20260731
2023-09-26,ChargerFull,FeasibleITransformer,84,128.15899658203125,128.15899658203125,0.0,77.79907989501953,79.69308471679688,77.79907989501953,79.69308471679688,2.0388498306274414,20260731
2023-09-26,ChargerFull,FeasibleITransformer,96,140.03599548339844,140.03599548339844,0.6666666865348816,84.91569519042969,84.91569519042969,84.91569519042969,84.91569519042969,0.5177265405654907,20260731
2023-09-27,ChargerFull,FeasibleITransformer,32,0.0,1.649999976158142,0.03125,3.4185051918029785,4.17454719543457,3.4185051918029785,4.17454719543457,0.747491180896759,20260731
2023-09-27,ChargerFull,FeasibleITransformer,48,40.779998779296875,49.18899917602539,2.75,22.517471313476562,55.47318649291992,22.517471313476562,55.47318649291992,2.6207549571990967,20260731
2023-09-27,ChargerFull,FeasibleITransformer,64,101.20100402832031,102.44000244140625,3.5,39.70750427246094,60.93505096435547,39.70750427246094,60.93505096435547,1.9561370611190796,20260731
2023-09-27,ChargerFull,FeasibleITransformer,80,136.885009765625,153.70098876953125,2.625,59.167964935302734,71.95394897460938,59.167964935302734,71.95394897460938,2.2602148056030273,20260731
2023-09-27,ChargerFull,FeasibleITransformer,84,152.07699584960938,157.02700805664062,2.5,71.5858154296875,74.67381286621094,71.5858154296875,74.67381286621094,1.7770828008651733,20260731
2023-09-27,ChargerFull,FeasibleITransformer,96,157.02700805664062,157.02700805664062,0.25,79.89317321777344,79.89317321777344,79.89317321777344,79.89317321777344,0.4543667435646057,20260731
2023-09-28,ChargerFull,FeasibleITransformer,32,2.5880000591278076,6.599999904632568,0.125,3.6609268188476562,6.595577716827393,3.6609268188476562,6.595577716827393,0.5659260749816895,20260731
2023-09-28,ChargerFull,FeasibleITransformer,48,21.642000198364258,49.22599792480469,2.4375,21.54769515991211,52.93772506713867,21.54769515991211,52.93772506713867,2.8790314197540283,20260731
2023-09-28,ChargerFull,FeasibleITransformer,64,83.38500213623047,103.57599639892578,3.5,44.72376251220703,61.07979202270508,44.72376251220703,61.07979202270508,1.9223096370697021,20260731
2023-09-28,ChargerFull,FeasibleITransformer,80,119.21900177001953,129.11900329589844,2.0625,73.99617004394531,82.39710998535156,73.99617004394531,82.39710998535156,2.410182237625122,20260731
2023-09-28,ChargerFull,FeasibleITransformer,84,123.55899810791016,130.1590118408203,1.0,86.23482513427734,87.4771957397461,86.23482513427734,87.4771957397461,1.824336051940918,20260731
2023-09-28,ChargerFull,FeasibleITransformer,96,130.1590118408203,130.1590118408203,0.3333333432674408,96.53340148925781,96.53340148925781,96.53340148925781,96.53340148925781,0.5301324129104614,20260731
2023-09-29,ChargerFull,FeasibleITransformer,32,0.0,0.0,0.0,3.8247299194335938,7.797821998596191,3.8247299194335938,7.797821998596191,0.34429994225502014,20260731
2023-09-29,ChargerFull,FeasibleITransformer,48,17.38599967956543,31.099998474121094,2.5625,19.20813751220703,42.01283645629883,19.20813751220703,42.01283645629883,2.8373429775238037,20260731
2023-09-29,ChargerFull,FeasibleITransformer,64,52.72800064086914,65.11100769042969,4.125,45.11710739135742,53.625152587890625,45.11710739135742,53.625152587890625,1.534521460533142,20260731
2023-09-29,ChargerFull,FeasibleITransformer,80,65.11100769042969,65.11100769042969,0.75,70.56562805175781,74.341064453125,70.56562805175781,74.341064453125,2.8801915645599365,20260731
2023-09-29,ChargerFull,FeasibleITransformer,84,65.11100769042969,65.11100769042969,0.0,80.71895599365234,81.35504150390625,80.71895599365234,81.35504150390625,1.5698342323303223,20260731
2023-09-29,ChargerFull,FeasibleITransformer,96,71.05000305175781,71.05000305175781,0.6666666865348816,92.88078308105469,92.88078308105469,92.88078308105469,92.88078308105469,0.6666776537895203,20260731
2023-09-30,ChargerFull,FeasibleITransformer,32,0.0,0.0,0.0,4.322856903076172,5.053500175476074,4.322856903076172,5.053500175476074,0.22610674798488617,20260731
2023-09-30,ChargerFull,FeasibleITransformer,48,30.658000946044922,40.05400085449219,3.0625,16.225963592529297,32.14176940917969,16.225963592529297,32.14176940917969,2.9302613735198975,20260731
2023-09-30,ChargerFull,FeasibleITransformer,64,57.05000305175781,69.41600036621094,1.75,40.030235290527344,44.47884750366211,40.030235290527344,44.47884750366211,1.114621639251709,20260731
2023-09-30,ChargerFull,FeasibleITransformer,80,100.1709976196289,105.06299591064453,2.25,51.03810119628906,57.24071502685547,51.03810119628906,57.24071502685547,2.5351243019104004,20260731
2023-09-30,ChargerFull,FeasibleITransformer,84,106.77099609375,111.66300201416016,1.0,61.206932067871094,61.67247772216797,61.206932067871094,61.67247772216797,1.0904489755630493,20260731
2023-09-30,ChargerFull,FeasibleITransformer,96,132.11199951171875,132.11199951171875,1.4166667461395264,73.3375015258789,73.3375015258789,73.3375015258789,73.3375015258789,0.8733350038528442,20260731
