date,task,model,anchor_slot,actual_lower_kwh,actual_upper_kwh,actual_occupied_equivalent,raw_predicted_lower_kwh,raw_predicted_upper_kwh,predicted_lower_kwh,predicted_upper_kwh,predicted_occupied_equivalent,seed
2023-07-01,EV,SeasonalNaive,32,0.0,0.0,0.0,0.0,0.0,0.0,0.0,0.0,20260730
2023-07-01,EV,SeasonalNaive,48,0.0,0.0,0.0,0.0,0.0,0.0,0.0,0.0,20260730
2023-07-01,EV,SeasonalNaive,64,0.0,8.269000053405762,0.6875,0.0,0.0,0.0,0.0,0.0,20260730
2023-07-01,EV,SeasonalNaive,80,0.0,8.269000053405762,1.0,0.0,0.0,0.0,0.0,0.0,20260730
2023-07-01,EV,SeasonalNaive,84,1.6690000295639038,8.269000053405762,1.0,0.0,0.0,0.0,0.0,0.0,20260730
2023-07-01,EV,SeasonalNaive,96,8.269000053405762,8.269000053405762,0.3333333432674408,0.0,0.0,0.0,0.0,0.0,20260730
2023-07-02,EV,SeasonalNaive,32,0.0,0.0,0.0,0.0,0.0,0.0,0.0,0.0,20260730
2023-07-02,EV,SeasonalNaive,48,0.0,0.0,0.0,0.8190000057220459,0.8190000057220459,0.8190000057220459,0.8190000057220459,0.0625,20260730
2023-07-02,EV,SeasonalNaive,64,0.0,0.0,0.0,8.017000198364258,8.017000198364258,8.017000198364258,8.017000198364258,0.375,20260730
2023-07-02,EV,SeasonalNaive,80,14.317999839782715,18.149999618530273,0.6875,8.017000198364258,8.017000198364258,8.017000198364258,8.017000198364258,0.0,20260730
2023-07-02,EV,SeasonalNaive,84,20.917999267578125,24.75,1.0,8.017000198364258,8.017000198364258,8.017000198364258,8.017000198364258,0.0,20260730
2023-07-02,EV,SeasonalNaive,96,25.868000030517578,25.868000030517578,0.25,8.017000198364258,8.017000198364258,8.017000198364258,8.017000198364258,0.0,20260730
2023-07-03,EV,SeasonalNaive,32,0.0,0.0,0.0,0.0,0.0,0.0,0.0,0.0,20260730
2023-07-03,EV,SeasonalNaive,48,0.0,8.196000099182129,0.375,0.0,5.919000148773193,0.0,5.919000148773193,0.5625,20260730
2023-07-03,EV,SeasonalNaive,64,21.006000518798828,30.029998779296875,2.0,5.919000148773193,5.919000148773193,5.919000148773193,5.919000148773193,0.25,20260730
2023-07-03,EV,SeasonalNaive,80,41.68299865722656,41.68299865722656,1.3125,5.919000148773193,5.919000148773193,5.919000148773193,5.919000148773193,0.0,20260730
2023-07-03,EV,SeasonalNaive,84,41.68299865722656,41.68299865722656,0.0,5.919000148773193,5.919000148773193,5.919000148773193,5.919000148773193,0.0,20260730
2023-07-03,EV,SeasonalNaive,96,41.68299865722656,41.68299865722656,0.0,5.919000148773193,5.919000148773193,5.919000148773193,5.919000148773193,0.0,20260730
2023-07-04,EV,SeasonalNaive,32,0.0,0.0,0.0,0.0,0.0,0.0,0.0,0.0,20260730
2023-07-04,EV,SeasonalNaive,48,0.0,0.0,0.0,0.029999999329447746,1.649999976158142,0.029999999329447746,1.649999976158142,0.0625,20260730
2023-07-04,EV,SeasonalNaive,64,0.0,0.0,0.0,24.493000030517578,26.43000030517578,24.493000030517578,26.43000030517578,1.0,20260730
2023-07-04,EV,SeasonalNaive,80,0.0,0.0,0.0,31.093000411987305,32.20100021362305,31.093000411987305,32.20100021362305,0.75,20260730
2023-07-04,EV,SeasonalNaive,84,0.0,0.0,0.0,32.20100021362305,32.20100021362305,32.20100021362305,32.20100021362305,0.5,20260730
2023-07-04,EV,SeasonalNaive,96,0.0,0.0,0.0,32.20100021362305,32.20100021362305,32.20100021362305,32.20100021362305,0.0,20260730
2023-07-05,EV,SeasonalNaive,32,0.0,9.899999618530273,0.1875,0.0,0.0,0.0,0.0,0.0,20260730
2023-07-05,EV,SeasonalNaive,48,0.0,32.875,1.875,4.311999797821045,5.961999893188477,4.311999797821045,5.961999893188477,0.9375,20260730
2023-07-05,EV,SeasonalNaive,64,36.58399963378906,46.07500076293945,2.4375,5.961999893188477,5.961999893188477,5.961999893188477,5.961999893188477,0.0625,20260730
2023-07-05,EV,SeasonalNaive,80,46.48400115966797,46.48400115966797,0.375,5.961999893188477,5.961999893188477,5.961999893188477,5.961999893188477,0.0,20260730
2023-07-05,EV,SeasonalNaive,84,46.48400115966797,46.48400115966797,0.0,5.961999893188477,5.961999893188477,5.961999893188477,5.961999893188477,0.0,20260730
2023-07-05,EV,SeasonalNaive,96,46.48400115966797,46.48400115966797,0.0,5.961999893188477,5.961999893188477,5.961999893188477,5.961999893188477,0.0,20260730
2023-07-06,EV,SeasonalNaive,32,0.0,0.0,0.0,0.0,0.0,0.0,0.0,0.0,20260730
2023-07-06,EV,SeasonalNaive,48,0.0,8.276000022888184,0.5,0.0,0.0,0.0,0.0,0.0,20260730
2023-07-06,EV,SeasonalNaive,64,8.276000022888184,12.000999450683594,1.1875,0.0,0.0,0.0,0.0,0.0,20260730
2023-07-06,EV,SeasonalNaive,80,16.927000045776367,16.927000045776367,0.5,0.0,0.0,0.0,0.0,0.0,20260730
2023-07-06,EV,SeasonalNaive,84,16.927000045776367,16.927000045776367,0.0,0.0,0.0,0.0,0.0,0.0,20260730
2023-07-06,EV,SeasonalNaive,96,16.927000045776367,16.927000045776367,0.0,0.0,0.0,0.0,0.0,0.0,20260730
2023-07-07,EV,SeasonalNaive,32,0.0,0.0,0.0,0.0,0.0,0.0,0.0,0.0,20260730
2023-07-07,EV,SeasonalNaive,48,0.0,16.874000549316406,0.875,0.0,3.299999952316284,0.0,3.299999952316284,0.125,20260730
2023-07-07,EV,SeasonalNaive,64,15.632999420166016,28.83300018310547,1.875,36.553001403808594,47.573997497558594,36.553001403808594,47.573997497558594,2.3125,20260730
2023-07-07,EV,SeasonalNaive,80,28.83300018310547,28.83300018310547,0.5,64.9280014038086,64.9280014038086,64.9280014038086,64.9280014038086,1.1875,20260730
2023-07-07,EV,SeasonalNaive,84,28.83300018310547,28.83300018310547,0.0,64.9280014038086,64.9280014038086,64.9280014038086,64.9280014038086,0.0,20260730
2023-07-07,EV,SeasonalNaive,96,28.83300018310547,28.83300018310547,0.0,64.9280014038086,64.9280014038086,64.9280014038086,64.9280014038086,0.0,20260730
2023-07-08,EV,SeasonalNaive,32,0.0,0.0,0.0,0.0,0.0,0.0,0.0,0.0,20260730
2023-07-08,EV,SeasonalNaive,48,0.0,11.701000213623047,1.0,0.0,0.0,0.0,0.0,0.0,20260730
2023-07-08,EV,SeasonalNaive,64,11.701000213623047,11.701000213623047,0.625,0.0,8.269000053405762,0.0,8.269000053405762,0.6875,20260730
2023-07-08,EV,SeasonalNaive,80,11.701000213623047,11.701000213623047,0.0,0.0,8.269000053405762,0.0,8.269000053405762,1.0,20260730
2023-07-08,EV,SeasonalNaive,84,11.701000213623047,11.701000213623047,0.0,1.6690000295639038,8.269000053405762,1.6690000295639038,8.269000053405762,1.0,20260730
2023-07-08,EV,SeasonalNaive,96,11.701000213623047,11.701000213623047,0.0,8.269000053405762,8.269000053405762,8.269000053405762,8.269000053405762,0.3333333432674408,20260730
2023-07-09,EV,SeasonalNaive,32,0.0,0.0,0.0,0.0,0.0,0.0,0.0,0.0,20260730
2023-07-09,EV,SeasonalNaive,48,0.0,0.0,0.0,0.0,0.0,0.0,0.0,0.0,20260730
2023-07-09,EV,SeasonalNaive,64,0.0,0.0,0.0,0.0,0.0,0.0,0.0,0.0,20260730
2023-07-09,EV,SeasonalNaive,80,0.0,0.0,0.0,14.317999839782715,18.149999618530273,14.317999839782715,18.149999618530273,0.6875,20260730
2023-07-09,EV,SeasonalNaive,84,0.0,0.0,0.0,20.917999267578125,24.75,20.917999267578125,24.75,1.0,20260730
2023-07-09,EV,SeasonalNaive,96,0.0,0.0,0.0,25.868000030517578,25.868000030517578,25.868000030517578,25.868000030517578,0.25,20260730
2023-07-10,EV,SeasonalNaive,32,0.0,0.0,0.0,0.0,0.0,0.0,0.0,0.0,20260730
2023-07-10,EV,SeasonalNaive,48,6.285999774932861,6.599999904632568,0.25,0.0,8.196000099182129,0.0,8.196000099182129,0.375,20260730
2023-07-10,EV,SeasonalNaive,64,11.236000061035156,12.88599967956543,0.25,21.006000518798828,30.029998779296875,21.006000518798828,30.029998779296875,2.0,20260730
2023-07-10,EV,SeasonalNaive,80,36.029998779296875,39.2859992980957,1.0,41.68299865722656,41.68299865722656,41.68299865722656,41.68299865722656,1.3125,20260730
2023-07-10,EV,SeasonalNaive,84,39.33000183105469,39.33000183105469,0.5,41.68299865722656,41.68299865722656,41.68299865722656,41.68299865722656,0.0,20260730
2023-07-10,EV,SeasonalNaive,96,39.33000183105469,39.33000183105469,0.0,41.68299865722656,41.68299865722656,41.68299865722656,41.68299865722656,0.0,20260730
2023-07-11,EV,SeasonalNaive,32,0.0,4.949999809265137,0.09375,0.0,0.0,0.0,0.0,0.0,20260730
2023-07-11,EV,SeasonalNaive,48,2.7079999446868896,31.350000381469727,1.0,0.0,0.0,0.0,0.0,0.0,20260730
2023-07-11,EV,SeasonalNaive,64,29.107999801635742,39.007999420166016,1.0,0.0,0.0,0.0,0.0,0.0,20260730
2023-07-11,EV,SeasonalNaive,80,41.75899887084961,42.30799865722656,0.5,0.0,0.0,0.0,0.0,0.0,20260730
2023-07-11,EV,SeasonalNaive,84,43.409000396728516,43.409000396728516,0.25,0.0,0.0,0.0,0.0,0.0,20260730
2023-07-11,EV,SeasonalNaive,96,43.409000396728516,43.409000396728516,0.0,0.0,0.0,0.0,0.0,0.0,20260730
2023-07-12,EV,SeasonalNaive,32,0.0,0.0,0.0,0.0,9.899999618530273,0.0,9.899999618530273,0.1875,20260730
2023-07-12,EV,SeasonalNaive,48,0.0,5.921000003814697,0.875,0.0,32.875,0.0,32.875,1.875,20260730
2023-07-12,EV,SeasonalNaive,64,5.921000003814697,13.889999389648438,1.1875,36.58399963378906,46.07500076293945,36.58399963378906,46.07500076293945,2.4375,20260730
2023-07-12,EV,SeasonalNaive,80,13.889999389648438,13.889999389648438,0.3125,46.48400115966797,46.48400115966797,46.48400115966797,46.48400115966797,0.375,20260730
2023-07-12,EV,SeasonalNaive,84,13.889999389648438,13.889999389648438,0.0,46.48400115966797,46.48400115966797,46.48400115966797,46.48400115966797,0.0,20260730
2023-07-12,EV,SeasonalNaive,96,13.889999389648438,13.889999389648438,0.0,46.48400115966797,46.48400115966797,46.48400115966797,46.48400115966797,0.0,20260730
2023-07-13,EV,SeasonalNaive,32,0.0,3.299999952316284,0.0625,0.0,0.0,0.0,0.0,0.0,20260730
2023-07-13,EV,SeasonalNaive,48,35.59600067138672,37.24599838256836,1.625,0.0,8.276000022888184,0.0,8.276000022888184,0.5,20260730
2023-07-13,EV,SeasonalNaive,64,45.459999084472656,45.459999084472656,1.0625,8.276000022888184,12.000999450683594,8.276000022888184,12.000999450683594,1.1875,20260730
2023-07-13,EV,SeasonalNaive,80,45.459999084472656,45.459999084472656,0.0,16.927000045776367,16.927000045776367,16.927000045776367,16.927000045776367,0.5,20260730
2023-07-13,EV,SeasonalNaive,84,45.459999084472656,45.459999084472656,0.0,16.927000045776367,16.927000045776367,16.927000045776367,16.927000045776367,0.0,20260730
2023-07-13,EV,SeasonalNaive,96,45.459999084472656,45.459999084472656,0.0,16.927000045776367,16.927000045776367,16.927000045776367,16.927000045776367,0.0,20260730
2023-07-14,EV,SeasonalNaive,32,0.0,0.0,0.0,0.0,0.0,0.0,0.0,0.0,20260730
2023-07-14,EV,SeasonalNaive,48,0.0,0.0,0.0,0.0,16.874000549316406,0.0,16.874000549316406,0.875,20260730
2023-07-14,EV,SeasonalNaive,64,12.180000305175781,12.180000305175781,0.5,15.632999420166016,28.83300018310547,15.633001327514648,28.83300018310547,1.875,20260730
2023-07-14,EV,SeasonalNaive,80,35.163002014160156,38.58000183105469,1.0,28.83300018310547,28.83300018310547,28.83300018310547,28.83300018310547,0.5,20260730
2023-07-14,EV,SeasonalNaive,84,41.76300048828125,41.76300048828125,1.0,28.83300018310547,28.83300018310547,28.83300018310547,28.83300018310547,0.0,20260730
2023-07-14,EV,SeasonalNaive,96,41.76300048828125,41.76300048828125,0.0,28.83300018310547,28.83300018310547,28.83300018310547,28.83300018310547,0.0,20260730
2023-07-15,EV,SeasonalNaive,32,0.0,0.0,0.0,0.0,0.0,0.0,0.0,0.0,20260730
2023-07-15,EV,SeasonalNaive,48,0.0,0.0,0.0,0.0,11.701000213623047,0.0,11.701000213623047,1.0,20260730
2023-07-15,EV,SeasonalNaive,64,0.0,0.0,0.0,11.701000213623047,11.701000213623047,11.701000213623047,11.701000213623047,0.625,20260730
2023-07-15,EV,SeasonalNaive,80,0.0,0.0,0.0,11.701000213623047,11.701000213623047,11.701000213623047,11.701000213623047,0.0,20260730
2023-07-15,EV,SeasonalNaive,84,0.0,0.0,0.0,11.701000213623047,11.701000213623047,11.701000213623047,11.701000213623047,0.0,20260730
2023-07-15,EV,SeasonalNaive,96,0.0,0.0,0.0,11.701000213623047,11.701000213623047,11.701000213623047,11.701000213623047,0.0,20260730
2023-07-16,EV,SeasonalNaive,32,0.0,0.0,0.0,0.0,0.0,0.0,0.0,0.0,20260730
2023-07-16,EV,SeasonalNaive,48,0.0,0.0,0.0,0.0,0.0,0.0,0.0,0.0,20260730
2023-07-16,EV,SeasonalNaive,64,0.0,0.0,0.0,0.0,0.0,0.0,0.0,0.0,20260730
2023-07-16,EV,SeasonalNaive,80,0.0,0.0,0.0,0.0,0.0,0.0,0.0,0.0,20260730
2023-07-16,EV,SeasonalNaive,84,0.0,0.0,0.0,0.0,0.0,0.0,0.0,0.0,20260730
2023-07-16,EV,SeasonalNaive,96,0.0,0.0,0.0,0.0,0.0,0.0,0.0,0.0,20260730
2023-07-17,EV,SeasonalNaive,32,0.0,3.299999952316284,0.0625,0.0,0.0,0.0,0.0,0.0,20260730
2023-07-17,EV,SeasonalNaive,48,15.423999786376953,28.35300064086914,1.8125,6.285999774932861,6.599999904632568,6.2860002517700195,6.599999904632568,0.25,20260730
2023-07-17,EV,SeasonalNaive,64,27.84600067138672,32.79600143432617,1.5,11.236000061035156,12.88599967956543,11.236000061035156,12.88599967956543,0.25,20260730
2023-07-17,EV,SeasonalNaive,80,32.79600143432617,32.79600143432617,0.1875,36.029998779296875,39.2859992980957,36.029998779296875,39.2859992980957,1.0,20260730
2023-07-17,EV,SeasonalNaive,84,32.79600143432617,32.79600143432617,0.0,39.33000183105469,39.33000183105469,39.33000183105469,39.33000183105469,0.5,20260730
2023-07-17,EV,SeasonalNaive,96,32.79600143432617,32.79600143432617,0.0,39.33000183105469,39.33000183105469,39.33000183105469,39.33000183105469,0.0,20260730
2023-07-18,EV,SeasonalNaive,32,0.0,1.649999976158142,0.03125,0.0,4.949999809265137,0.0,4.949999809265137,0.09375,20260730
2023-07-18,EV,SeasonalNaive,48,30.812999725341797,49.5,1.8125,2.7079999446868896,31.350000381469727,2.7079999446868896,31.350000381469727,1.0,20260730
2023-07-18,EV,SeasonalNaive,64,68.76300048828125,68.76300048828125,1.4375,29.107999801635742,39.007999420166016,29.107999801635742,39.007999420166016,1.0,20260730
2023-07-18,EV,SeasonalNaive,80,68.76300048828125,68.76300048828125,0.0,41.75899887084961,42.30799865722656,41.75899887084961,42.30799865722656,0.5,20260730
2023-07-18,EV,SeasonalNaive,84,68.76300048828125,68.76300048828125,0.0,43.409000396728516,43.409000396728516,43.409000396728516,43.409000396728516,0.25,20260730
2023-07-18,EV,SeasonalNaive,96,68.76300048828125,68.76300048828125,0.0,43.409000396728516,43.409000396728516,43.409000396728516,43.409000396728516,0.0,20260730
2023-07-19,EV,SeasonalNaive,32,0.0,25.990999221801758,0.5,0.0,0.0,0.0,0.0,0.0,20260730
2023-07-19,EV,SeasonalNaive,48,25.095001220703125,31.69499969482422,1.5625,0.0,5.921000003814697,0.0,5.921000003814697,0.875,20260730
2023-07-19,EV,SeasonalNaive,64,40.73999786376953,40.73999786376953,0.875,5.921000003814697,13.889999389648438,5.921000003814697,13.889999389648438,1.1875,20260730
2023-07-19,EV,SeasonalNaive,80,40.73999786376953,40.73999786376953,0.0,13.889999389648438,13.889999389648438,13.889999389648438,13.889999389648438,0.3125,20260730
2023-07-19,EV,SeasonalNaive,84,40.73999786376953,40.73999786376953,0.0,13.889999389648438,13.889999389648438,13.889999389648438,13.889999389648438,0.0,20260730
2023-07-19,EV,SeasonalNaive,96,40.73999786376953,40.73999786376953,0.0,13.889999389648438,13.889999389648438,13.889999389648438,13.889999389648438,0.0,20260730
2023-07-20,EV,SeasonalNaive,32,0.0,0.0,0.0,0.0,3.299999952316284,0.0,3.299999952316284,0.0625,20260730
2023-07-20,EV,SeasonalNaive,48,11.159000396728516,17.759000778198242,0.9375,35.59600067138672,37.24599838256836,35.59600067138672,37.24599838256836,1.625,20260730
2023-07-20,EV,SeasonalNaive,64,17.759000778198242,17.759000778198242,0.25,45.459999084472656,45.459999084472656,45.459999084472656,45.459999084472656,1.0625,20260730
2023-07-20,EV,SeasonalNaive,80,17.759000778198242,17.759000778198242,0.0,45.459999084472656,45.459999084472656,45.459999084472656,45.459999084472656,0.0,20260730
2023-07-20,EV,SeasonalNaive,84,17.759000778198242,17.759000778198242,0.0,45.459999084472656,45.459999084472656,45.459999084472656,45.459999084472656,0.0,20260730
2023-07-20,EV,SeasonalNaive,96,17.759000778198242,17.759000778198242,0.0,45.459999084472656,45.459999084472656,45.459999084472656,45.459999084472656,0.0,20260730
2023-07-21,EV,SeasonalNaive,32,0.0,0.0,0.0,0.0,0.0,0.0,0.0,0.0,20260730
2023-07-21,EV,SeasonalNaive,48,0.7179999947547913,4.01800012588501,0.1875,0.0,0.0,0.0,0.0,0.0,20260730
2023-07-21,EV,SeasonalNaive,64,4.01800012588501,4.01800012588501,0.125,12.180000305175781,12.180000305175781,12.180000305175781,12.180000305175781,0.5,20260730
2023-07-21,EV,SeasonalNaive,80,7.895999908447266,7.895999908447266,0.1875,35.163002014160156,38.58000183105469,35.163002014160156,38.58000183105469,1.0,20260730
2023-07-21,EV,SeasonalNaive,84,7.895999908447266,7.895999908447266,0.0,41.76300048828125,41.76300048828125,41.76300048828125,41.76300048828125,1.0,20260730
2023-07-21,EV,SeasonalNaive,96,7.895999908447266,7.895999908447266,0.0,41.76300048828125,41.76300048828125,41.76300048828125,41.76300048828125,0.0,20260730
2023-07-22,EV,SeasonalNaive,32,0.0,1.649999976158142,0.03125,0.0,0.0,0.0,0.0,0.0,20260730
2023-07-22,EV,SeasonalNaive,48,0.0,11.82699966430664,1.0,0.0,0.0,0.0,0.0,0.0,20260730
2023-07-22,EV,SeasonalNaive,64,11.82699966430664,11.82699966430664,0.5,0.0,0.0,0.0,0.0,0.0,20260730
2023-07-22,EV,SeasonalNaive,80,11.82699966430664,11.82699966430664,0.0,0.0,0.0,0.0,0.0,0.0,20260730
2023-07-22,EV,SeasonalNaive,84,11.82699966430664,11.82699966430664,0.0,0.0,0.0,0.0,0.0,0.0,20260730
2023-07-22,EV,SeasonalNaive,96,11.82699966430664,11.82699966430664,0.0,0.0,0.0,0.0,0.0,0.0,20260730
2023-07-23,EV,SeasonalNaive,32,0.0,0.0,0.0,0.0,0.0,0.0,0.0,0.0,20260730
2023-07-23,EV,SeasonalNaive,48,0.0,0.0,0.0,0.0,0.0,0.0,0.0,0.0,20260730
2023-07-23,EV,SeasonalNaive,64,0.0,0.0,0.0,0.0,0.0,0.0,0.0,0.0,20260730
2023-07-23,EV,SeasonalNaive,80,11.973999977111816,11.973999977111816,1.125,0.0,0.0,0.0,0.0,0.0,20260730
2023-07-23,EV,SeasonalNaive,84,11.973999977111816,11.973999977111816,0.0,0.0,0.0,0.0,0.0,0.0,20260730
2023-07-23,EV,SeasonalNaive,96,11.973999977111816,11.973999977111816,0.0,0.0,0.0,0.0,0.0,0.0,20260730
2023-07-24,EV,SeasonalNaive,32,0.0,0.0,0.0,0.0,3.299999952316284,0.0,3.299999952316284,0.0625,20260730
2023-07-24,EV,SeasonalNaive,48,32.41499710083008,36.92000198364258,2.4375,15.423999786376953,28.35300064086914,15.42400074005127,28.35300064086914,1.8125,20260730
2023-07-24,EV,SeasonalNaive,64,57.165000915527344,57.165000915527344,0.9375,27.84600067138672,32.79600143432617,27.84600067138672,32.79600143432617,1.5,20260730
2023-07-24,EV,SeasonalNaive,80,57.165000915527344,57.165000915527344,0.0,32.79600143432617,32.79600143432617,32.79600143432617,32.79600143432617,0.1875,20260730
2023-07-24,EV,SeasonalNaive,84,57.165000915527344,57.165000915527344,0.0,32.79600143432617,32.79600143432617,32.79600143432617,32.79600143432617,0.0,20260730
2023-07-24,EV,SeasonalNaive,96,57.165000915527344,57.165000915527344,0.0,32.79600143432617,32.79600143432617,32.79600143432617,32.79600143432617,0.0,20260730
2023-07-25,EV,SeasonalNaive,32,0.0,0.0,0.0,0.0,1.649999976158142,0.0,1.649999976158142,0.03125,20260730
2023-07-25,EV,SeasonalNaive,48,30.4950008392334,30.4950008392334,1.625,30.812999725341797,49.5,30.812999725341797,49.5,1.8125,20260730
2023-07-25,EV,SeasonalNaive,64,30.4950008392334,30.4950008392334,0.0,68.76300048828125,68.76300048828125,68.76300048828125,68.76300048828125,1.4375,20260730
2023-07-25,EV,SeasonalNaive,80,39.10100173950195,39.10100173950195,0.375,68.76300048828125,68.76300048828125,68.76300048828125,68.76300048828125,0.0,20260730
2023-07-25,EV,SeasonalNaive,84,39.10100173950195,39.10100173950195,0.0,68.76300048828125,68.76300048828125,68.76300048828125,68.76300048828125,0.0,20260730
2023-07-25,EV,SeasonalNaive,96,39.10100173950195,39.10100173950195,0.0,68.76300048828125,68.76300048828125,68.76300048828125,68.76300048828125,0.0,20260730
2023-07-26,EV,SeasonalNaive,32,0.0,0.0,0.0,0.0,25.990999221801758,0.0,25.990999221801758,0.5,20260730
2023-07-26,EV,SeasonalNaive,48,4.068999767303467,15.503999710083008,1.75,25.095001220703125,31.69499969482422,25.095001220703125,31.69499969482422,1.5625,20260730
2023-07-26,EV,SeasonalNaive,64,33.71399688720703,33.71399688720703,1.9375,40.73999786376953,40.73999786376953,40.73999786376953,40.73999786376953,0.875,20260730
2023-07-26,EV,SeasonalNaive,80,33.71399688720703,33.71399688720703,0.0,40.73999786376953,40.73999786376953,40.73999786376953,40.73999786376953,0.0,20260730
2023-07-26,EV,SeasonalNaive,84,33.71399688720703,33.71399688720703,0.0,40.73999786376953,40.73999786376953,40.73999786376953,40.73999786376953,0.0,20260730
2023-07-26,EV,SeasonalNaive,96,33.71399688720703,33.71399688720703,0.0,40.73999786376953,40.73999786376953,40.73999786376953,40.73999786376953,0.0,20260730
2023-07-27,EV,SeasonalNaive,32,0.0,0.0,0.0,0.0,0.0,0.0,0.0,0.0,20260730
2023-07-27,EV,SeasonalNaive,48,3.9719998836517334,13.871999740600586,0.75,11.159000396728516,17.759000778198242,11.159000396728516,17.759000778198242,0.9375,20260730
2023-07-27,EV,SeasonalNaive,64,13.871999740600586,13.871999740600586,0.375,17.759000778198242,17.759000778198242,17.759000778198242,17.759000778198242,0.25,20260730
2023-07-27,EV,SeasonalNaive,80,13.871999740600586,13.871999740600586,0.0,17.759000778198242,17.759000778198242,17.759000778198242,17.759000778198242,0.0,20260730
2023-07-27,EV,SeasonalNaive,84,13.871999740600586,13.871999740600586,0.0,17.759000778198242,17.759000778198242,17.759000778198242,17.759000778198242,0.0,20260730
2023-07-27,EV,SeasonalNaive,96,13.871999740600586,13.871999740600586,0.0,17.759000778198242,17.759000778198242,17.759000778198242,17.759000778198242,0.0,20260730
2023-07-28,EV,SeasonalNaive,32,0.0,0.0,0.0,0.0,0.0,0.0,0.0,0.0,20260730
2023-07-28,EV,SeasonalNaive,48,0.0,0.0,0.0,0.7179999947547913,4.01800012588501,0.7180001139640808,4.01800012588501,0.1875,20260730
2023-07-28,EV,SeasonalNaive,64,0.0,0.0,0.0,4.01800012588501,4.01800012588501,4.01800012588501,4.01800012588501,0.125,20260730
2023-07-28,EV,SeasonalNaive,80,0.0,0.0,0.0,7.895999908447266,7.895999908447266,7.895999908447266,7.895999908447266,0.1875,20260730
2023-07-28,EV,SeasonalNaive,84,0.0,0.0,0.0,7.895999908447266,7.895999908447266,7.895999908447266,7.895999908447266,0.0,20260730
2023-07-28,EV,SeasonalNaive,96,0.0,0.0,0.0,7.895999908447266,7.895999908447266,7.895999908447266,7.895999908447266,0.0,20260730
2023-07-29,EV,SeasonalNaive,32,0.0,0.0,0.0,0.0,1.649999976158142,0.0,1.649999976158142,0.03125,20260730
2023-07-29,EV,SeasonalNaive,48,0.0,0.0,0.0,0.0,11.82699966430664,0.0,11.82699966430664,1.0,20260730
2023-07-29,EV,SeasonalNaive,64,1.225000023841858,1.225000023841858,0.125,11.82699966430664,11.82699966430664,11.82699966430664,11.82699966430664,0.5,20260730
2023-07-29,EV,SeasonalNaive,80,1.225000023841858,1.225000023841858,0.0,11.82699966430664,11.82699966430664,11.82699966430664,11.82699966430664,0.0,20260730
2023-07-29,EV,SeasonalNaive,84,1.225000023841858,1.225000023841858,0.0,11.82699966430664,11.82699966430664,11.82699966430664,11.82699966430664,0.0,20260730
2023-07-29,EV,SeasonalNaive,96,1.225000023841858,1.225000023841858,0.0,11.82699966430664,11.82699966430664,11.82699966430664,11.82699966430664,0.0,20260730
2023-07-30,EV,SeasonalNaive,32,0.0,4.949999809265137,0.09375,0.0,0.0,0.0,0.0,0.0,20260730
2023-07-30,EV,SeasonalNaive,48,8.61400032043457,11.913999557495117,1.0,0.0,0.0,0.0,0.0,0.0,20260730
2023-07-30,EV,SeasonalNaive,64,17.972999572753906,17.972999572753906,0.5,0.0,0.0,0.0,0.0,0.0,20260730
2023-07-30,EV,SeasonalNaive,80,17.972999572753906,17.972999572753906,0.0,11.973999977111816,11.973999977111816,11.973999977111816,11.973999977111816,1.125,20260730
2023-07-30,EV,SeasonalNaive,84,17.972999572753906,17.972999572753906,0.0,11.973999977111816,11.973999977111816,11.973999977111816,11.973999977111816,0.0,20260730
2023-07-30,EV,SeasonalNaive,96,17.972999572753906,17.972999572753906,0.0,11.973999977111816,11.973999977111816,11.973999977111816,11.973999977111816,0.0,20260730
2023-07-31,EV,SeasonalNaive,32,0.0,0.0,0.0,0.0,0.0,0.0,0.0,0.0,20260730
2023-07-31,EV,SeasonalNaive,48,2.813000202178955,4.564000129699707,0.75,32.41499710083008,36.92000198364258,32.41499710083008,36.92000198364258,2.4375,20260730
2023-07-31,EV,SeasonalNaive,64,45.78700256347656,48.26000213623047,1.8125,57.165000915527344,57.165000915527344,57.165000915527344,57.165000915527344,0.9375,20260730
2023-07-31,EV,SeasonalNaive,80,49.08700180053711,49.08700180053711,0.125,57.165000915527344,57.165000915527344,57.165000915527344,57.165000915527344,0.0,20260730
2023-07-31,EV,SeasonalNaive,84,49.08700180053711,49.08700180053711,0.0,57.165000915527344,57.165000915527344,57.165000915527344,57.165000915527344,0.0,20260730
2023-07-31,EV,SeasonalNaive,96,49.08700180053711,49.08700180053711,0.0,57.165000915527344,57.165000915527344,57.165000915527344,57.165000915527344,0.0,20260730
2023-08-01,EV,SeasonalNaive,32,3.190000057220459,6.489999771118164,0.125,0.0,0.0,0.0,0.0,0.0,20260730
2023-08-01,EV,SeasonalNaive,48,16.391000747680664,18.03999900817871,0.5625,30.4950008392334,30.4950008392334,30.4950008392334,30.4950008392334,1.625,20260730
2023-08-01,EV,SeasonalNaive,64,36.191001892089844,37.33399963378906,1.0625,30.4950008392334,30.4950008392334,30.4950008392334,30.4950008392334,0.0,20260730
2023-08-01,EV,SeasonalNaive,80,37.33399963378906,37.33399963378906,0.125,39.10100173950195,39.10100173950195,39.10100173950195,39.10100173950195,0.375,20260730
2023-08-01,EV,SeasonalNaive,84,42.01899719238281,43.933998107910156,1.0,39.10100173950195,39.10100173950195,39.10100173950195,39.10100173950195,0.0,20260730
2023-08-01,EV,SeasonalNaive,96,48.61899948120117,48.61899948120117,0.3333333432674408,39.10100173950195,39.10100173950195,39.10100173950195,39.10100173950195,0.0,20260730
2023-08-02,EV,SeasonalNaive,32,0.0,0.0,0.0,0.0,0.0,0.0,0.0,0.0,20260730
2023-08-02,EV,SeasonalNaive,48,0.0,6.005000114440918,0.9375,4.068999767303467,15.503999710083008,4.068999767303467,15.503999710083008,1.75,20260730
2023-08-02,EV,SeasonalNaive,64,27.388999938964844,30.68899917602539,1.6875,33.71399688720703,33.71399688720703,33.71399688720703,33.71399688720703,1.9375,20260730
2023-08-02,EV,SeasonalNaive,80,30.68899917602539,30.68899917602539,0.125,33.71399688720703,33.71399688720703,33.71399688720703,33.71399688720703,0.0,20260730
2023-08-02,EV,SeasonalNaive,84,30.68899917602539,30.68899917602539,0.0,33.71399688720703,33.71399688720703,33.71399688720703,33.71399688720703,0.0,20260730
2023-08-02,EV,SeasonalNaive,96,30.68899917602539,30.68899917602539,0.0,33.71399688720703,33.71399688720703,33.71399688720703,33.71399688720703,0.0,20260730
2023-08-03,EV,SeasonalNaive,32,0.0,0.0,0.0,0.0,0.0,0.0,0.0,0.0,20260730
2023-08-03,EV,SeasonalNaive,48,18.555999755859375,31.756000518798828,2.0625,3.9719998836517334,13.871999740600586,3.9719998836517334,13.871999740600586,0.75,20260730
2023-08-03,EV,SeasonalNaive,64,45.60099792480469,72.56700134277344,1.75,13.871999740600586,13.871999740600586,13.871999740600586,13.871999740600586,0.375,20260730
2023-08-03,EV,SeasonalNaive,80,76.95099639892578,76.95099639892578,1.1875,13.871999740600586,13.871999740600586,13.871999740600586,13.871999740600586,0.0,20260730
2023-08-03,EV,SeasonalNaive,84,76.95099639892578,76.95099639892578,0.0,13.871999740600586,13.871999740600586,13.871999740600586,13.871999740600586,0.0,20260730
2023-08-03,EV,SeasonalNaive,96,76.95099639892578,76.95099639892578,0.0,13.871999740600586,13.871999740600586,13.871999740600586,13.871999740600586,0.0,20260730
2023-08-04,EV,SeasonalNaive,32,0.0,0.0,0.0,0.0,0.0,0.0,0.0,0.0,20260730
2023-08-04,EV,SeasonalNaive,48,0.0,8.25,0.3125,0.0,0.0,0.0,0.0,0.0,20260730
2023-08-04,EV,SeasonalNaive,64,15.270999908447266,18.570999145507812,1.0,0.0,0.0,0.0,0.0,0.0,20260730
2023-08-04,EV,SeasonalNaive,80,22.779998779296875,22.779998779296875,0.625,0.0,0.0,0.0,0.0,0.0,20260730
2023-08-04,EV,SeasonalNaive,84,22.779998779296875,22.779998779296875,0.0,0.0,0.0,0.0,0.0,0.0,20260730
2023-08-04,EV,SeasonalNaive,96,22.779998779296875,22.779998779296875,0.0,0.0,0.0,0.0,0.0,0.0,20260730
2023-08-05,EV,SeasonalNaive,32,0.0,0.0,0.0,0.0,0.0,0.0,0.0,0.0,20260730
2023-08-05,EV,SeasonalNaive,48,11.979999542236328,33.75,1.8125,0.0,0.0,0.0,0.0,0.0,20260730
2023-08-05,EV,SeasonalNaive,64,42.43000030517578,47.73899841308594,1.875,1.225000023841858,1.225000023841858,1.225000023841858,1.225000023841858,0.125,20260730
2023-08-05,EV,SeasonalNaive,80,47.73899841308594,47.73899841308594,0.3125,1.225000023841858,1.225000023841858,1.225000023841858,1.225000023841858,0.0,20260730
2023-08-05,EV,SeasonalNaive,84,47.73899841308594,47.73899841308594,0.0,1.225000023841858,1.225000023841858,1.225000023841858,1.225000023841858,0.0,20260730
2023-08-05,EV,SeasonalNaive,96,47.73899841308594,47.73899841308594,0.0,1.225000023841858,1.225000023841858,1.225000023841858,1.225000023841858,0.0,20260730
2023-08-06,EV,SeasonalNaive,32,0.0,0.0,0.0,0.0,4.949999809265137,0.0,4.949999809265137,0.09375,20260730
2023-08-06,EV,SeasonalNaive,48,0.0,0.0,0.0,8.61400032043457,11.913999557495117,8.61400032043457,11.913999557495117,1.0,20260730
2023-08-06,EV,SeasonalNaive,64,0.0,4.553999900817871,0.1875,17.972999572753906,17.972999572753906,17.972999572753906,17.972999572753906,0.5,20260730
2023-08-06,EV,SeasonalNaive,80,10.121999740600586,10.121999740600586,1.25,17.972999572753906,17.972999572753906,17.972999572753906,17.972999572753906,0.0,20260730
2023-08-06,EV,SeasonalNaive,84,10.121999740600586,10.121999740600586,0.0,17.972999572753906,17.972999572753906,17.972999572753906,17.972999572753906,0.0,20260730
2023-08-06,EV,SeasonalNaive,96,10.121999740600586,10.121999740600586,0.0,17.972999572753906,17.972999572753906,17.972999572753906,17.972999572753906,0.0,20260730
2023-08-07,EV,SeasonalNaive,32,0.0,0.0,0.0,0.0,0.0,0.0,0.0,0.0,20260730
2023-08-07,EV,SeasonalNaive,48,11.246999740600586,19.496999740600586,1.1875,2.813000202178955,4.564000129699707,2.813000202178955,4.564000129699707,0.75,20260730
2023-08-07,EV,SeasonalNaive,64,24.957000732421875,24.957000732421875,1.25,45.78700256347656,48.26000213623047,45.78700256347656,48.26000213623047,1.8125,20260730
2023-08-07,EV,SeasonalNaive,80,25.562000274658203,27.21200180053711,0.8125,49.08700180053711,49.08700180053711,49.08700180053711,49.08700180053711,0.125,20260730
2023-08-07,EV,SeasonalNaive,84,27.21200180053711,27.21200180053711,0.25,49.08700180053711,49.08700180053711,49.08700180053711,49.08700180053711,0.0,20260730
2023-08-07,EV,SeasonalNaive,96,27.21200180053711,27.21200180053711,0.0,49.08700180053711,49.08700180053711,49.08700180053711,49.08700180053711,0.0,20260730
2023-08-08,EV,SeasonalNaive,32,0.5640000104904175,3.299999952316284,0.0625,3.190000057220459,6.489999771118164,3.190000057220459,6.489999771118164,0.125,20260730
2023-08-08,EV,SeasonalNaive,48,20.36400032043457,31.91400146484375,1.1875,16.391000747680664,18.03999900817871,16.391000747680664,18.03999900817871,0.5625,20260730
2023-08-08,EV,SeasonalNaive,64,39.49199676513672,57.641998291015625,1.75,36.191001892089844,37.33399963378906,36.191001892089844,37.33399963378906,1.0625,20260730
2023-08-08,EV,SeasonalNaive,80,57.641998291015625,57.641998291015625,0.6875,37.33399963378906,37.33399963378906,37.33399963378906,37.33399963378906,0.125,20260730
2023-08-08,EV,SeasonalNaive,84,57.641998291015625,57.641998291015625,0.0,42.01899719238281,43.933998107910156,42.01899719238281,43.933998107910156,1.0,20260730
2023-08-08,EV,SeasonalNaive,96,57.641998291015625,57.641998291015625,0.0,48.61899948120117,48.61899948120117,48.61899948120117,48.61899948120117,0.3333333432674408,20260730
2023-08-09,EV,SeasonalNaive,32,0.0,0.0,0.0,0.0,0.0,0.0,0.0,0.0,20260730
2023-08-09,EV,SeasonalNaive,48,8.795999526977539,18.696001052856445,1.3125,0.0,6.005000114440918,0.0,6.005000114440918,0.9375,20260730
2023-08-09,EV,SeasonalNaive,64,18.696001052856445,18.696001052856445,0.375,27.388999938964844,30.68899917602539,27.388999938964844,30.68899917602539,1.6875,20260730
2023-08-09,EV,SeasonalNaive,80,18.696001052856445,18.696001052856445,0.0,30.68899917602539,30.68899917602539,30.68899917602539,30.68899917602539,0.125,20260730
2023-08-09,EV,SeasonalNaive,84,18.696001052856445,18.696001052856445,0.0,30.68899917602539,30.68899917602539,30.68899917602539,30.68899917602539,0.0,20260730
2023-08-09,EV,SeasonalNaive,96,18.696001052856445,18.696001052856445,0.0,30.68899917602539,30.68899917602539,30.68899917602539,30.68899917602539,0.0,20260730
2023-08-10,EV,SeasonalNaive,32,6.682000160217285,9.071999549865723,0.25,0.0,0.0,0.0,0.0,0.0,20260730
2023-08-10,EV,SeasonalNaive,48,26.48200035095215,46.24100112915039,2.3125,18.555999755859375,31.756000518798828,18.555999755859375,31.756000518798828,2.0625,20260730
2023-08-10,EV,SeasonalNaive,64,45.5620002746582,53.77100372314453,2.3125,45.60099792480469,72.56700134277344,45.60099792480469,72.56700134277344,1.75,20260730
2023-08-10,EV,SeasonalNaive,80,53.77100372314453,53.77100372314453,0.375,76.95099639892578,76.95099639892578,76.95099639892578,76.95099639892578,1.1875,20260730
2023-08-10,EV,SeasonalNaive,84,53.77100372314453,53.77100372314453,0.0,76.95099639892578,76.95099639892578,76.95099639892578,76.95099639892578,0.0,20260730
2023-08-10,EV,SeasonalNaive,96,53.77100372314453,53.77100372314453,0.0,76.95099639892578,76.95099639892578,76.95099639892578,76.95099639892578,0.0,20260730
2023-08-11,EV,SeasonalNaive,32,0.0,0.0,0.0,0.0,0.0,0.0,0.0,0.0,20260730
2023-08-11,EV,SeasonalNaive,48,0.0,0.0,0.0,0.0,8.25,0.0,8.25,0.3125,20260730
2023-08-11,EV,SeasonalNaive,64,5.497000217437744,5.497000217437744,1.1875,15.270999908447266,18.570999145507812,15.270999908447266,18.570999145507812,1.0,20260730
2023-08-11,EV,SeasonalNaive,80,5.497000217437744,5.497000217437744,0.0,22.779998779296875,22.779998779296875,22.779998779296875,22.779998779296875,0.625,20260730
2023-08-11,EV,SeasonalNaive,84,5.497000217437744,5.497000217437744,0.0,22.779998779296875,22.779998779296875,22.779998779296875,22.779998779296875,0.0,20260730
2023-08-11,EV,SeasonalNaive,96,5.497000217437744,5.497000217437744,0.0,22.779998779296875,22.779998779296875,22.779998779296875,22.779998779296875,0.0,20260730
2023-08-12,EV,SeasonalNaive,32,0.0,0.0,0.0,0.0,0.0,0.0,0.0,0.0,20260730
2023-08-12,EV,SeasonalNaive,48,0.0,4.296000003814697,0.5,11.979999542236328,33.75,11.979999542236328,33.75,1.8125,20260730
2023-08-12,EV,SeasonalNaive,64,5.421000003814697,9.717000007629395,1.375,42.43000030517578,47.73899841308594,42.43000030517578,47.73899841308594,1.875,20260730
2023-08-12,EV,SeasonalNaive,80,9.717000007629395,9.717000007629395,0.3125,47.73899841308594,47.73899841308594,47.73899841308594,47.73899841308594,0.3125,20260730
2023-08-12,EV,SeasonalNaive,84,9.717000007629395,9.717000007629395,0.0,47.73899841308594,47.73899841308594,47.73899841308594,47.73899841308594,0.0,20260730
2023-08-12,EV,SeasonalNaive,96,9.717000007629395,9.717000007629395,0.0,47.73899841308594,47.73899841308594,47.73899841308594,47.73899841308594,0.0,20260730
2023-08-13,EV,SeasonalNaive,32,0.0,0.0,0.0,0.0,0.0,0.0,0.0,0.0,20260730
2023-08-13,EV,SeasonalNaive,48,0.0,0.0,0.0,0.0,0.0,0.0,0.0,0.0,20260730
2023-08-13,EV,SeasonalNaive,64,5.197999954223633,8.25,0.3125,0.0,4.553999900817871,0.0,4.553999900817871,0.1875,20260730
2023-08-13,EV,SeasonalNaive,80,25.750999450683594,27.4010009765625,1.25,10.121999740600586,10.121999740600586,10.121999740600586,10.121999740600586,1.25,20260730
2023-08-13,EV,SeasonalNaive,84,27.4010009765625,27.4010009765625,0.25,10.121999740600586,10.121999740600586,10.121999740600586,10.121999740600586,0.0,20260730
2023-08-13,EV,SeasonalNaive,96,27.4010009765625,27.4010009765625,0.0,10.121999740600586,10.121999740600586,10.121999740600586,10.121999740600586,0.0,20260730
2023-08-14,EV,SeasonalNaive,32,0.0,1.649999976158142,0.03125,0.0,0.0,0.0,0.0,0.0,20260730
2023-08-14,EV,SeasonalNaive,48,21.06399917602539,24.10099983215332,1.5,11.246999740600586,19.496999740600586,11.246999740600586,19.496999740600586,1.1875,20260730
2023-08-14,EV,SeasonalNaive,64,41.26499557495117,41.26499557495117,0.875,24.957000732421875,24.957000732421875,24.957000732421875,24.957000732421875,1.25,20260730
2023-08-14,EV,SeasonalNaive,80,41.26499557495117,41.26499557495117,0.0,25.562000274658203,27.21200180053711,25.562000274658203,27.21200180053711,0.8125,20260730
2023-08-14,EV,SeasonalNaive,84,41.26499557495117,41.26499557495117,0.0,27.21200180053711,27.21200180053711,27.21200180053711,27.21200180053711,0.25,20260730
2023-08-14,EV,SeasonalNaive,96,41.26499557495117,41.26499557495117,0.0,27.21200180053711,27.21200180053711,27.21200180053711,27.21200180053711,0.0,20260730
2023-08-15,EV,SeasonalNaive,32,1.9529999494552612,3.299999952316284,0.0625,0.5640000104904175,3.299999952316284,0.5640003085136414,3.299999952316284,0.0625,20260730
2023-08-15,EV,SeasonalNaive,48,27.69700050354004,30.003000259399414,1.0625,20.36400032043457,31.91400146484375,20.36400032043457,31.91400146484375,1.1875,20260730
2023-08-15,EV,SeasonalNaive,64,54.09700012207031,56.40299987792969,1.0,39.49199676513672,57.641998291015625,39.49199676513672,57.641998291015625,1.75,20260730
2023-08-15,EV,SeasonalNaive,80,57.397003173828125,57.397003173828125,0.125,57.641998291015625,57.641998291015625,57.641998291015625,57.641998291015625,0.6875,20260730
2023-08-15,EV,SeasonalNaive,84,57.397003173828125,57.397003173828125,0.0,57.641998291015625,57.641998291015625,57.641998291015625,57.641998291015625,0.0,20260730
2023-08-15,EV,SeasonalNaive,96,57.397003173828125,57.397003173828125,0.0,57.641998291015625,57.641998291015625,57.641998291015625,57.641998291015625,0.0,20260730
2023-08-16,EV,SeasonalNaive,32,0.0,1.649999976158142,0.03125,0.0,0.0,0.0,0.0,0.0,20260730
2023-08-16,EV,SeasonalNaive,48,32.1609992980957,57.5469970703125,3.125,8.795999526977539,18.696001052856445,8.796000480651855,18.696001052856445,1.3125,20260730
2023-08-16,EV,SeasonalNaive,64,83.65299987792969,93.55299377441406,2.75,18.696001052856445,18.696001052856445,18.696001052856445,18.696001052856445,0.375,20260730
2023-08-16,EV,SeasonalNaive,80,94.55500793457031,94.55500793457031,0.5625,18.696001052856445,18.696001052856445,18.696001052856445,18.696001052856445,0.0,20260730
2023-08-16,EV,SeasonalNaive,84,94.55500793457031,94.55500793457031,0.0,18.696001052856445,18.696001052856445,18.696001052856445,18.696001052856445,0.0,20260730
2023-08-16,EV,SeasonalNaive,96,94.55500793457031,94.55500793457031,0.0,18.696001052856445,18.696001052856445,18.696001052856445,18.696001052856445,0.0,20260730
2023-08-17,EV,SeasonalNaive,32,0.0,0.0,0.0,6.682000160217285,9.071999549865723,6.682001113891602,9.071999549865723,0.25,20260730
2023-08-17,EV,SeasonalNaive,48,5.326000213623047,33.375999450683594,1.875,26.48200035095215,46.24100112915039,26.48200035095215,46.24100112915039,2.3125,20260730
2023-08-17,EV,SeasonalNaive,64,36.37699890136719,62.777000427246094,2.0,45.5620002746582,53.77100372314453,45.5620002746582,53.77100372314453,2.3125,20260730
2023-08-17,EV,SeasonalNaive,80,62.777000427246094,62.777000427246094,1.0,53.77100372314453,53.77100372314453,53.77100372314453,53.77100372314453,0.375,20260730
2023-08-17,EV,SeasonalNaive,84,62.777000427246094,62.777000427246094,0.0,53.77100372314453,53.77100372314453,53.77100372314453,53.77100372314453,0.0,20260730
2023-08-17,EV,SeasonalNaive,96,62.777000427246094,62.777000427246094,0.0,53.77100372314453,53.77100372314453,53.77100372314453,53.77100372314453,0.0,20260730
2023-08-18,EV,SeasonalNaive,32,0.0,0.0,0.0,0.0,0.0,0.0,0.0,0.0,20260730
2023-08-18,EV,SeasonalNaive,48,4.329999923706055,10.930000305175781,1.125,0.0,0.0,0.0,0.0,0.0,20260730
2023-08-18,EV,SeasonalNaive,64,11.901000022888184,11.901000022888184,0.5625,5.497000217437744,5.497000217437744,5.497000217437744,5.497000217437744,1.1875,20260730
2023-08-18,EV,SeasonalNaive,80,11.901000022888184,11.901000022888184,0.0,5.497000217437744,5.497000217437744,5.497000217437744,5.497000217437744,0.0,20260730
2023-08-18,EV,SeasonalNaive,84,11.901000022888184,11.901000022888184,0.0,5.497000217437744,5.497000217437744,5.497000217437744,5.497000217437744,0.0,20260730
2023-08-18,EV,SeasonalNaive,96,11.901000022888184,11.901000022888184,0.0,5.497000217437744,5.497000217437744,5.497000217437744,5.497000217437744,0.0,20260730
2023-08-19,EV,SeasonalNaive,32,0.0,0.0,0.0,0.0,0.0,0.0,0.0,0.0,20260730
2023-08-19,EV,SeasonalNaive,48,0.0,0.0,0.0,0.0,4.296000003814697,0.0,4.296000003814697,0.5,20260730
2023-08-19,EV,SeasonalNaive,64,0.0,1.649999976158142,0.0625,5.421000003814697,9.717000007629395,5.421000003814697,9.717000007629395,1.375,20260730
2023-08-19,EV,SeasonalNaive,80,24.80900001525879,28.049999237060547,1.0,9.717000007629395,9.717000007629395,9.717000007629395,9.717000007629395,0.3125,20260730
2023-08-19,EV,SeasonalNaive,84,31.409000396728516,33.058998107910156,1.0,9.717000007629395,9.717000007629395,9.717000007629395,9.717000007629395,0.0,20260730
2023-08-19,EV,SeasonalNaive,96,33.058998107910156,33.058998107910156,0.0833333358168602,9.717000007629395,9.717000007629395,9.717000007629395,9.717000007629395,0.0,20260730
2023-08-20,EV,SeasonalNaive,32,0.0,0.0,0.0,0.0,0.0,0.0,0.0,0.0,20260730
2023-08-20,EV,SeasonalNaive,48,0.0,0.0,0.0,0.0,0.0,0.0,0.0,0.0,20260730
2023-08-20,EV,SeasonalNaive,64,0.0,0.0,0.0,5.197999954223633,8.25,5.197999954223633,8.25,0.3125,20260730
2023-08-20,EV,SeasonalNaive,80,0.0,0.0,0.0,25.750999450683594,27.4010009765625,25.750999450683594,27.4010009765625,1.25,20260730
2023-08-20,EV,SeasonalNaive,84,0.0,0.0,0.0,27.4010009765625,27.4010009765625,27.4010009765625,27.4010009765625,0.25,20260730
2023-08-20,EV,SeasonalNaive,96,0.0,0.0,0.0,27.4010009765625,27.4010009765625,27.4010009765625,27.4010009765625,0.0,20260730
2023-08-21,EV,SeasonalNaive,32,0.0,4.949999809265137,0.09375,0.0,1.649999976158142,0.0,1.649999976158142,0.03125,20260730
2023-08-21,EV,SeasonalNaive,48,14.255000114440918,17.55500030517578,1.0,21.06399917602539,24.10099983215332,21.06399917602539,24.10099983215332,1.5,20260730
2023-08-21,EV,SeasonalNaive,64,17.55500030517578,17.55500030517578,0.125,41.26499557495117,41.26499557495117,41.26499557495117,41.26499557495117,0.875,20260730
2023-08-21,EV,SeasonalNaive,80,17.55500030517578,17.55500030517578,0.0,41.26499557495117,41.26499557495117,41.26499557495117,41.26499557495117,0.0,20260730
2023-08-21,EV,SeasonalNaive,84,17.55500030517578,17.55500030517578,0.0,41.26499557495117,41.26499557495117,41.26499557495117,41.26499557495117,0.0,20260730
2023-08-21,EV,SeasonalNaive,96,17.55500030517578,17.55500030517578,0.0,41.26499557495117,41.26499557495117,41.26499557495117,41.26499557495117,0.0,20260730
2023-08-22,EV,SeasonalNaive,32,0.0,0.0,0.0,1.9529999494552612,3.299999952316284,1.9530003070831299,3.299999952316284,0.0625,20260730
2023-08-22,EV,SeasonalNaive,48,3.1579999923706055,3.1579999923706055,0.4375,27.69700050354004,30.003000259399414,27.697002410888672,30.003000259399414,1.0625,20260730
2023-08-22,EV,SeasonalNaive,64,3.1579999923706055,3.1579999923706055,0.0,54.09700012207031,56.40299987792969,54.09700012207031,56.40299987792969,1.0,20260730
2023-08-22,EV,SeasonalNaive,80,3.1579999923706055,3.1579999923706055,0.0,57.397003173828125,57.397003173828125,57.397003173828125,57.397003173828125,0.125,20260730
2023-08-22,EV,SeasonalNaive,84,3.1579999923706055,3.1579999923706055,0.0,57.397003173828125,57.397003173828125,57.397003173828125,57.397003173828125,0.0,20260730
2023-08-22,EV,SeasonalNaive,96,3.1579999923706055,3.1579999923706055,0.0,57.397003173828125,57.397003173828125,57.397003173828125,57.397003173828125,0.0,20260730
2023-08-23,EV,SeasonalNaive,32,0.0,0.0,0.0,0.0,1.649999976158142,0.0,1.649999976158142,0.03125,20260730
2023-08-23,EV,SeasonalNaive,48,2.822000026702881,10.457000732421875,1.5,32.1609992980957,57.5469970703125,32.1609992980957,57.5469970703125,3.125,20260730
2023-08-23,EV,SeasonalNaive,64,10.457000732421875,15.045000076293945,0.9375,83.65299987792969,93.55299377441406,83.65299987792969,93.55299377441406,2.75,20260730
2023-08-23,EV,SeasonalNaive,80,26.45600128173828,26.45600128173828,1.0625,94.55500793457031,94.55500793457031,94.55500793457031,94.55500793457031,0.5625,20260730
2023-08-23,EV,SeasonalNaive,84,26.45600128173828,26.45600128173828,0.0,94.55500793457031,94.55500793457031,94.55500793457031,94.55500793457031,0.0,20260730
2023-08-23,EV,SeasonalNaive,96,26.45600128173828,26.45600128173828,0.0,94.55500793457031,94.55500793457031,94.55500793457031,94.55500793457031,0.0,20260730
2023-08-24,EV,SeasonalNaive,32,0.0,3.299999952316284,0.0625,0.0,0.0,0.0,0.0,0.0,20260730
2023-08-24,EV,SeasonalNaive,48,11.46399974822998,27.964000701904297,1.0,5.326000213623047,33.375999450683594,5.326000213623047,33.375999450683594,1.875,20260730
2023-08-24,EV,SeasonalNaive,64,27.964000701904297,34.374000549316406,1.3125,36.37699890136719,62.777000427246094,36.37700271606445,62.777000427246094,2.0,20260730
2023-08-24,EV,SeasonalNaive,80,34.374000549316406,34.374000549316406,0.3125,62.777000427246094,62.777000427246094,62.777000427246094,62.777000427246094,1.0,20260730
2023-08-24,EV,SeasonalNaive,84,36.345001220703125,37.67399978637695,0.5,62.777000427246094,62.777000427246094,62.777000427246094,62.777000427246094,0.0,20260730
2023-08-24,EV,SeasonalNaive,96,46.24500274658203,46.24500274658203,0.5,62.777000427246094,62.777000427246094,62.777000427246094,62.777000427246094,0.0,20260730
2023-08-25,EV,SeasonalNaive,32,0.0,0.0,0.0,0.0,0.0,0.0,0.0,0.0,20260730
2023-08-25,EV,SeasonalNaive,48,4.1020002365112305,12.452000617980957,1.6875,4.329999923706055,10.930000305175781,4.329999923706055,10.930000305175781,1.125,20260730
2023-08-25,EV,SeasonalNaive,64,12.097000122070312,25.652000427246094,1.875,11.901000022888184,11.901000022888184,11.901000022888184,11.901000022888184,0.5625,20260730
2023-08-25,EV,SeasonalNaive,80,48.99199676513672,50.641998291015625,2.0625,11.901000022888184,11.901000022888184,11.901000022888184,11.901000022888184,0.0,20260730
2023-08-25,EV,SeasonalNaive,84,50.641998291015625,50.641998291015625,0.25,11.901000022888184,11.901000022888184,11.901000022888184,11.901000022888184,0.0,20260730
2023-08-25,EV,SeasonalNaive,96,50.641998291015625,50.641998291015625,0.0,11.901000022888184,11.901000022888184,11.901000022888184,11.901000022888184,0.0,20260730
2023-08-26,EV,SeasonalNaive,32,0.0,0.0,0.0,0.0,0.0,0.0,0.0,0.0,20260730
2023-08-26,EV,SeasonalNaive,48,0.0,0.0,0.0,0.0,0.0,0.0,0.0,0.0,20260730
2023-08-26,EV,SeasonalNaive,64,8.35200023651123,8.35200023651123,0.5,0.0,1.649999976158142,0.0,1.649999976158142,0.0625,20260730
2023-08-26,EV,SeasonalNaive,80,8.35200023651123,8.35200023651123,0.0,24.80900001525879,28.049999237060547,24.80900001525879,28.049999237060547,1.0,20260730
2023-08-26,EV,SeasonalNaive,84,8.35200023651123,8.35200023651123,0.0,31.409000396728516,33.058998107910156,31.409000396728516,33.058998107910156,1.0,20260730
2023-08-26,EV,SeasonalNaive,96,8.35200023651123,8.35200023651123,0.0,33.058998107910156,33.058998107910156,33.058998107910156,33.058998107910156,0.0833333358168602,20260730
2023-08-27,EV,SeasonalNaive,32,0.0,0.0,0.0,0.0,0.0,0.0,0.0,0.0,20260730
2023-08-27,EV,SeasonalNaive,48,15.612000465393066,19.799999237060547,0.75,0.0,0.0,0.0,0.0,0.0,20260730
2023-08-27,EV,SeasonalNaive,64,39.31399917602539,39.31399917602539,0.9375,0.0,0.0,0.0,0.0,0.0,20260730
2023-08-27,EV,SeasonalNaive,80,44.54800033569336,44.54800033569336,0.6875,0.0,0.0,0.0,0.0,0.0,20260730
2023-08-27,EV,SeasonalNaive,84,44.54800033569336,44.54800033569336,0.0,0.0,0.0,0.0,0.0,0.0,20260730
2023-08-27,EV,SeasonalNaive,96,44.54800033569336,44.54800033569336,0.0,0.0,0.0,0.0,0.0,0.0,20260730
2023-08-28,EV,SeasonalNaive,32,0.0,0.0,0.0,0.0,4.949999809265137,0.0,4.949999809265137,0.09375,20260730
2023-08-28,EV,SeasonalNaive,48,42.83799743652344,55.73099899291992,2.4375,14.255000114440918,17.55500030517578,14.255000114440918,17.55500030517578,1.0,20260730
2023-08-28,EV,SeasonalNaive,64,97.28800201416016,97.28800201416016,2.0625,17.55500030517578,17.55500030517578,17.55500030517578,17.55500030517578,0.125,20260730
2023-08-28,EV,SeasonalNaive,80,105.98500061035156,105.98500061035156,0.375,17.55500030517578,17.55500030517578,17.55500030517578,17.55500030517578,0.0,20260730
2023-08-28,EV,SeasonalNaive,84,105.98500061035156,105.98500061035156,0.0,17.55500030517578,17.55500030517578,17.55500030517578,17.55500030517578,0.0,20260730
2023-08-28,EV,SeasonalNaive,96,105.98500061035156,105.98500061035156,0.0,17.55500030517578,17.55500030517578,17.55500030517578,17.55500030517578,0.0,20260730
2023-08-29,EV,SeasonalNaive,32,2.5190000534057617,4.949999809265137,0.09375,0.0,0.0,0.0,0.0,0.0,20260730
2023-08-29,EV,SeasonalNaive,48,22.319000244140625,22.319000244140625,0.75,3.1579999923706055,3.1579999923706055,3.1579999923706055,3.1579999923706055,0.4375,20260730
2023-08-29,EV,SeasonalNaive,64,22.319000244140625,22.319000244140625,0.0,3.1579999923706055,3.1579999923706055,3.1579999923706055,3.1579999923706055,0.0,20260730
2023-08-29,EV,SeasonalNaive,80,22.319000244140625,22.319000244140625,0.0,3.1579999923706055,3.1579999923706055,3.1579999923706055,3.1579999923706055,0.0,20260730
2023-08-29,EV,SeasonalNaive,84,22.319000244140625,22.319000244140625,0.0,3.1579999923706055,3.1579999923706055,3.1579999923706055,3.1579999923706055,0.0,20260730
2023-08-29,EV,SeasonalNaive,96,22.319000244140625,22.319000244140625,0.0,3.1579999923706055,3.1579999923706055,3.1579999923706055,3.1579999923706055,0.0,20260730
2023-08-30,EV,SeasonalNaive,32,0.0,0.0,0.0,0.0,0.0,0.0,0.0,0.0,20260730
2023-08-30,EV,SeasonalNaive,48,0.0,4.2179999351501465,0.625,2.822000026702881,10.457000732421875,2.822000026702881,10.457000732421875,1.5,20260730
2023-08-30,EV,SeasonalNaive,64,4.2179999351501465,5.711999893188477,1.6875,10.457000732421875,15.045000076293945,10.457000732421875,15.045000076293945,0.9375,20260730
2023-08-30,EV,SeasonalNaive,80,25.583999633789062,25.583999633789062,1.0625,26.45600128173828,26.45600128173828,26.45600128173828,26.45600128173828,1.0625,20260730
2023-08-30,EV,SeasonalNaive,84,25.583999633789062,25.583999633789062,0.0,26.45600128173828,26.45600128173828,26.45600128173828,26.45600128173828,0.0,20260730
2023-08-30,EV,SeasonalNaive,96,25.583999633789062,25.583999633789062,0.0,26.45600128173828,26.45600128173828,26.45600128173828,26.45600128173828,0.0,20260730
2023-08-31,EV,SeasonalNaive,32,2.924999952316284,4.949999809265137,0.09375,0.0,3.299999952316284,0.0,3.299999952316284,0.0625,20260730
2023-08-31,EV,SeasonalNaive,48,19.424999237060547,19.424999237060547,0.625,11.46399974822998,27.964000701904297,11.464000701904297,27.964000701904297,1.0,20260730
2023-08-31,EV,SeasonalNaive,64,19.424999237060547,24.875999450683594,0.5,27.964000701904297,34.374000549316406,27.964000701904297,34.374000549316406,1.3125,20260730
2023-08-31,EV,SeasonalNaive,80,30.01799964904785,30.01799964904785,0.8125,34.374000549316406,34.374000549316406,34.374000549316406,34.374000549316406,0.3125,20260730
2023-08-31,EV,SeasonalNaive,84,30.01799964904785,30.01799964904785,0.0,36.345001220703125,37.67399978637695,36.345001220703125,37.67399978637695,0.5,20260730
2023-08-31,EV,SeasonalNaive,96,30.01799964904785,30.01799964904785,0.0,46.24500274658203,46.24500274658203,46.24500274658203,46.24500274658203,0.5,20260730
2023-09-01,EV,SeasonalNaive,32,0.0,0.0,0.0,0.0,0.0,0.0,0.0,0.0,20260730
2023-09-01,EV,SeasonalNaive,48,17.350000381469727,19.799999237060547,0.75,4.1020002365112305,12.452000617980957,4.1020002365112305,12.452000617980957,1.6875,20260730
2023-09-01,EV,SeasonalNaive,64,25.600000381469727,25.600000381469727,0.3125,12.097000122070312,25.652000427246094,12.097000122070312,25.652000427246094,1.875,20260730
2023-09-01,EV,SeasonalNaive,80,25.600000381469727,25.600000381469727,0.0,48.99199676513672,50.641998291015625,48.99200439453125,50.641998291015625,2.0625,20260730
2023-09-01,EV,SeasonalNaive,84,25.600000381469727,25.600000381469727,0.0,50.641998291015625,50.641998291015625,50.641998291015625,50.641998291015625,0.25,20260730
2023-09-01,EV,SeasonalNaive,96,25.600000381469727,25.600000381469727,0.0,50.641998291015625,50.641998291015625,50.641998291015625,50.641998291015625,0.0,20260730
2023-09-02,EV,SeasonalNaive,32,0.0,0.0,0.0,0.0,0.0,0.0,0.0,0.0,20260730
2023-09-02,EV,SeasonalNaive,48,0.0,0.0,0.0,0.0,0.0,0.0,0.0,0.0,20260730
2023-09-02,EV,SeasonalNaive,64,0.0,0.0,0.0,8.35200023651123,8.35200023651123,8.35200023651123,8.35200023651123,0.5,20260730
2023-09-02,EV,SeasonalNaive,80,0.0,0.0,0.0,8.35200023651123,8.35200023651123,8.35200023651123,8.35200023651123,0.0,20260730
2023-09-02,EV,SeasonalNaive,84,0.0,0.0,0.0,8.35200023651123,8.35200023651123,8.35200023651123,8.35200023651123,0.0,20260730
2023-09-02,EV,SeasonalNaive,96,0.0,0.0,0.0,8.35200023651123,8.35200023651123,8.35200023651123,8.35200023651123,0.0,20260730
2023-09-03,EV,SeasonalNaive,32,0.0,0.0,0.0,0.0,0.0,0.0,0.0,0.0,20260730
2023-09-03,EV,SeasonalNaive,48,0.0,0.0,0.0,15.612000465393066,19.799999237060547,15.612000465393066,19.799999237060547,0.75,20260730
2023-09-03,EV,SeasonalNaive,64,0.0,0.0,0.0,39.31399917602539,39.31399917602539,39.31399917602539,39.31399917602539,0.9375,20260730
2023-09-03,EV,SeasonalNaive,80,5.257999897003174,5.257999897003174,0.6875,44.54800033569336,44.54800033569336,44.54800033569336,44.54800033569336,0.6875,20260730
2023-09-03,EV,SeasonalNaive,84,5.257999897003174,5.257999897003174,0.0,44.54800033569336,44.54800033569336,44.54800033569336,44.54800033569336,0.0,20260730
2023-09-03,EV,SeasonalNaive,96,5.257999897003174,5.257999897003174,0.0,44.54800033569336,44.54800033569336,44.54800033569336,44.54800033569336,0.0,20260730
2023-09-04,EV,SeasonalNaive,32,0.0,0.0,0.0,0.0,0.0,0.0,0.0,0.0,20260730
2023-09-04,EV,SeasonalNaive,48,0.0,0.0,0.0,42.83799743652344,55.73099899291992,42.8380012512207,55.73099899291992,2.4375,20260730
2023-09-04,EV,SeasonalNaive,64,0.0,0.0,0.0,97.28800201416016,97.28800201416016,97.28800201416016,97.28800201416016,2.0625,20260730
2023-09-04,EV,SeasonalNaive,80,5.604000091552734,5.604000091552734,0.25,105.98500061035156,105.98500061035156,105.98500061035156,105.98500061035156,0.375,20260730
2023-09-04,EV,SeasonalNaive,84,5.604000091552734,5.604000091552734,0.0,105.98500061035156,105.98500061035156,105.98500061035156,105.98500061035156,0.0,20260730
2023-09-04,EV,SeasonalNaive,96,5.604000091552734,5.604000091552734,0.0,105.98500061035156,105.98500061035156,105.98500061035156,105.98500061035156,0.0,20260730
2023-09-05,EV,SeasonalNaive,32,0.9459999799728394,3.299999952316284,0.0625,2.5190000534057617,4.949999809265137,2.519000291824341,4.949999809265137,0.09375,20260730
2023-09-05,EV,SeasonalNaive,48,19.09600067138672,32.05500030517578,1.3125,22.319000244140625,22.319000244140625,22.319000244140625,22.319000244140625,0.75,20260730
2023-09-05,EV,SeasonalNaive,64,28.755001068115234,34.91699981689453,1.375,22.319000244140625,22.319000244140625,22.319000244140625,22.319000244140625,0.0,20260730
2023-09-05,EV,SeasonalNaive,80,34.91699981689453,34.91699981689453,0.25,22.319000244140625,22.319000244140625,22.319000244140625,22.319000244140625,0.0,20260730
2023-09-05,EV,SeasonalNaive,84,34.91699981689453,34.91699981689453,0.0,22.319000244140625,22.319000244140625,22.319000244140625,22.319000244140625,0.0,20260730
2023-09-05,EV,SeasonalNaive,96,34.91699981689453,34.91699981689453,0.0,22.319000244140625,22.319000244140625,22.319000244140625,22.319000244140625,0.0,20260730
2023-09-06,EV,SeasonalNaive,32,0.0,0.0,0.0,0.0,0.0,0.0,0.0,0.0,20260730
2023-09-06,EV,SeasonalNaive,48,11.413000106811523,19.345001220703125,1.5,0.0,4.2179999351501465,0.0,4.2179999351501465,0.625,20260730
2023-09-06,EV,SeasonalNaive,64,27.45800018310547,27.45800018310547,0.75,4.2179999351501465,5.711999893188477,4.2179999351501465,5.711999893188477,1.6875,20260730
2023-09-06,EV,SeasonalNaive,80,45.625,45.625,0.75,25.583999633789062,25.583999633789062,25.583999633789062,25.583999633789062,1.0625,20260730
2023-09-06,EV,SeasonalNaive,84,45.625,45.625,0.0,25.583999633789062,25.583999633789062,25.583999633789062,25.583999633789062,0.0,20260730
2023-09-06,EV,SeasonalNaive,96,45.625,45.625,0.0,25.583999633789062,25.583999633789062,25.583999633789062,25.583999633789062,0.0,20260730
2023-09-07,EV,SeasonalNaive,32,0.0,0.0,0.0,2.924999952316284,4.949999809265137,2.924999952316284,4.949999809265137,0.09375,20260730
2023-09-07,EV,SeasonalNaive,48,32.8129997253418,40.49800109863281,2.0625,19.424999237060547,19.424999237060547,19.424999237060547,19.424999237060547,0.625,20260730
2023-09-07,EV,SeasonalNaive,64,38.847999572753906,46.33100128173828,1.875,19.424999237060547,24.875999450683594,19.424999237060547,24.875999450683594,0.5,20260730
2023-09-07,EV,SeasonalNaive,80,52.5150032043457,52.5150032043457,1.1875,30.01799964904785,30.01799964904785,30.01799964904785,30.01799964904785,0.8125,20260730
2023-09-07,EV,SeasonalNaive,84,52.5150032043457,52.5150032043457,0.0,30.01799964904785,30.01799964904785,30.01799964904785,30.01799964904785,0.0,20260730
2023-09-07,EV,SeasonalNaive,96,52.5150032043457,52.5150032043457,0.0,30.01799964904785,30.01799964904785,30.01799964904785,30.01799964904785,0.0,20260730
2023-09-08,EV,SeasonalNaive,32,0.0,0.0,0.0,0.0,0.0,0.0,0.0,0.0,20260730
2023-09-08,EV,SeasonalNaive,48,0.0,6.215000152587891,0.375,17.350000381469727,19.799999237060547,17.350000381469727,19.799999237060547,0.75,20260730
2023-09-08,EV,SeasonalNaive,64,6.215000152587891,6.215000152587891,0.3125,25.600000381469727,25.600000381469727,25.600000381469727,25.600000381469727,0.3125,20260730
2023-09-08,EV,SeasonalNaive,80,6.215000152587891,6.215000152587891,0.0,25.600000381469727,25.600000381469727,25.600000381469727,25.600000381469727,0.0,20260730
2023-09-08,EV,SeasonalNaive,84,6.215000152587891,6.215000152587891,0.0,25.600000381469727,25.600000381469727,25.600000381469727,25.600000381469727,0.0,20260730
2023-09-08,EV,SeasonalNaive,96,6.215000152587891,6.215000152587891,0.0,25.600000381469727,25.600000381469727,25.600000381469727,25.600000381469727,0.0,20260730
2023-09-09,EV,SeasonalNaive,32,0.0,0.0,0.0,0.0,0.0,0.0,0.0,0.0,20260730
2023-09-09,EV,SeasonalNaive,48,2.940000057220459,2.940000057220459,0.375,0.0,0.0,0.0,0.0,0.0,20260730
2023-09-09,EV,SeasonalNaive,64,10.229000091552734,11.878999710083008,0.375,0.0,0.0,0.0,0.0,0.0,20260730
2023-09-09,EV,SeasonalNaive,80,14.732999801635742,14.732999801635742,0.1875,0.0,0.0,0.0,0.0,0.0,20260730
2023-09-09,EV,SeasonalNaive,84,14.732999801635742,14.732999801635742,0.0,0.0,0.0,0.0,0.0,0.0,20260730
2023-09-09,EV,SeasonalNaive,96,14.732999801635742,14.732999801635742,0.0,0.0,0.0,0.0,0.0,0.0,20260730
2023-09-10,EV,SeasonalNaive,32,3.1419999599456787,3.1419999599456787,0.125,0.0,0.0,0.0,0.0,0.0,20260730
2023-09-10,EV,SeasonalNaive,48,3.1419999599456787,3.1419999599456787,0.0,0.0,0.0,0.0,0.0,0.0,20260730
2023-09-10,EV,SeasonalNaive,64,3.1419999599456787,3.1419999599456787,0.0,0.0,0.0,0.0,0.0,0.0,20260730
2023-09-10,EV,SeasonalNaive,80,8.602999687194824,8.602999687194824,0.625,5.257999897003174,5.257999897003174,5.257999897003174,5.257999897003174,0.6875,20260730
2023-09-10,EV,SeasonalNaive,84,8.602999687194824,8.602999687194824,0.0,5.257999897003174,5.257999897003174,5.257999897003174,5.257999897003174,0.0,20260730
2023-09-10,EV,SeasonalNaive,96,8.602999687194824,8.602999687194824,0.0,5.257999897003174,5.257999897003174,5.257999897003174,5.257999897003174,0.0,20260730
2023-09-11,EV,SeasonalNaive,32,0.5879999995231628,1.649999976158142,0.03125,0.0,0.0,0.0,0.0,0.0,20260730
2023-09-11,EV,SeasonalNaive,48,15.145000457763672,23.39900016784668,2.0,0.0,0.0,0.0,0.0,0.0,20260730
2023-09-11,EV,SeasonalNaive,64,24.174999237060547,29.128999710083008,1.875,0.0,0.0,0.0,0.0,0.0,20260730
2023-09-11,EV,SeasonalNaive,80,33.66699981689453,33.66699981689453,0.875,5.604000091552734,5.604000091552734,5.604000091552734,5.604000091552734,0.25,20260730
2023-09-11,EV,SeasonalNaive,84,33.66699981689453,33.66699981689453,0.0,5.604000091552734,5.604000091552734,5.604000091552734,5.604000091552734,0.0,20260730
2023-09-11,EV,SeasonalNaive,96,33.66699981689453,33.66699981689453,0.0,5.604000091552734,5.604000091552734,5.604000091552734,5.604000091552734,0.0,20260730
2023-09-12,EV,SeasonalNaive,32,0.0,4.949999809265137,0.09375,0.9459999799728394,3.299999952316284,0.9460006952285767,3.299999952316284,0.0625,20260730
2023-09-12,EV,SeasonalNaive,48,0.0,12.61299991607666,2.0,19.09600067138672,32.05500030517578,19.09600067138672,32.05500030517578,1.3125,20260730
2023-09-12,EV,SeasonalNaive,64,8.376999855041504,18.39099884033203,1.875,28.755001068115234,34.91699981689453,28.755001068115234,34.91699981689453,1.375,20260730
2023-09-12,EV,SeasonalNaive,80,27.99199867248535,27.99199867248535,1.875,34.91699981689453,34.91699981689453,34.91699981689453,34.91699981689453,0.25,20260730
2023-09-12,EV,SeasonalNaive,84,27.99199867248535,27.99199867248535,0.0,34.91699981689453,34.91699981689453,34.91699981689453,34.91699981689453,0.0,20260730
2023-09-12,EV,SeasonalNaive,96,27.99199867248535,27.99199867248535,0.0,34.91699981689453,34.91699981689453,34.91699981689453,34.91699981689453,0.0,20260730
2023-09-13,EV,SeasonalNaive,32,0.0,0.0,0.0,0.0,0.0,0.0,0.0,0.0,20260730
2023-09-13,EV,SeasonalNaive,48,6.0289998054504395,9.81399917602539,0.875,11.413000106811523,19.345001220703125,11.413000106811523,19.345001220703125,1.5,20260730
2023-09-13,EV,SeasonalNaive,64,10.979000091552734,10.979000091552734,0.1875,27.45800018310547,27.45800018310547,27.45800018310547,27.45800018310547,0.75,20260730
2023-09-13,EV,SeasonalNaive,80,12.177999496459961,12.177999496459961,0.125,45.625,45.625,45.625,45.625,0.75,20260730
2023-09-13,EV,SeasonalNaive,84,12.177999496459961,12.177999496459961,0.0,45.625,45.625,45.625,45.625,0.0,20260730
2023-09-13,EV,SeasonalNaive,96,12.177999496459961,12.177999496459961,0.0,45.625,45.625,45.625,45.625,0.0,20260730
2023-09-14,EV,SeasonalNaive,32,0.0,0.0,0.0,0.0,0.0,0.0,0.0,0.0,20260730
2023-09-14,EV,SeasonalNaive,48,0.0,0.0,0.0,32.8129997253418,40.49800109863281,32.8129997253418,40.49800109863281,2.0625,20260730
2023-09-14,EV,SeasonalNaive,64,2.309999942779541,2.309999942779541,0.125,38.847999572753906,46.33100128173828,38.847999572753906,46.33100128173828,1.875,20260730
2023-09-14,EV,SeasonalNaive,80,2.309999942779541,2.309999942779541,0.0,52.5150032043457,52.5150032043457,52.5150032043457,52.5150032043457,1.1875,20260730
2023-09-14,EV,SeasonalNaive,84,2.309999942779541,2.309999942779541,0.0,52.5150032043457,52.5150032043457,52.5150032043457,52.5150032043457,0.0,20260730
2023-09-14,EV,SeasonalNaive,96,2.309999942779541,2.309999942779541,0.0,52.5150032043457,52.5150032043457,52.5150032043457,52.5150032043457,0.0,20260730
2023-09-15,EV,SeasonalNaive,32,0.0,0.0,0.0,0.0,0.0,0.0,0.0,0.0,20260730
2023-09-15,EV,SeasonalNaive,48,0.0,5.942999839782715,0.625,0.0,6.215000152587891,0.0,6.215000152587891,0.375,20260730
2023-09-15,EV,SeasonalNaive,64,5.942999839782715,5.942999839782715,0.4375,6.215000152587891,6.215000152587891,6.215000152587891,6.215000152587891,0.3125,20260730
2023-09-15,EV,SeasonalNaive,80,5.942999839782715,5.942999839782715,0.0,6.215000152587891,6.215000152587891,6.215000152587891,6.215000152587891,0.0,20260730
2023-09-15,EV,SeasonalNaive,84,5.942999839782715,5.942999839782715,0.0,6.215000152587891,6.215000152587891,6.215000152587891,6.215000152587891,0.0,20260730
2023-09-15,EV,SeasonalNaive,96,5.942999839782715,5.942999839782715,0.0,6.215000152587891,6.215000152587891,6.215000152587891,6.215000152587891,0.0,20260730
2023-09-16,EV,SeasonalNaive,32,0.0,0.0,0.0,0.0,0.0,0.0,0.0,0.0,20260730
2023-09-16,EV,SeasonalNaive,48,0.0,0.0,0.0,2.940000057220459,2.940000057220459,2.940000057220459,2.940000057220459,0.375,20260730
2023-09-16,EV,SeasonalNaive,64,0.0,0.0,0.0,10.229000091552734,11.878999710083008,10.229000091552734,11.878999710083008,0.375,20260730
2023-09-16,EV,SeasonalNaive,80,0.0,0.0,0.0,14.732999801635742,14.732999801635742,14.732999801635742,14.732999801635742,0.1875,20260730
2023-09-16,EV,SeasonalNaive,84,0.0,0.0,0.0,14.732999801635742,14.732999801635742,14.732999801635742,14.732999801635742,0.0,20260730
2023-09-16,EV,SeasonalNaive,96,0.0,0.0,0.0,14.732999801635742,14.732999801635742,14.732999801635742,14.732999801635742,0.0,20260730
2023-09-17,EV,SeasonalNaive,32,0.0,0.0,0.0,3.1419999599456787,3.1419999599456787,3.1419999599456787,3.1419999599456787,0.125,20260730
2023-09-17,EV,SeasonalNaive,48,0.0,0.0,0.0,3.1419999599456787,3.1419999599456787,3.1419999599456787,3.1419999599456787,0.0,20260730
2023-09-17,EV,SeasonalNaive,64,0.0,0.0,0.0,3.1419999599456787,3.1419999599456787,3.1419999599456787,3.1419999599456787,0.0,20260730
2023-09-17,EV,SeasonalNaive,80,19.96299934387207,23.738000869750977,0.9375,8.602999687194824,8.602999687194824,8.602999687194824,8.602999687194824,0.625,20260730
2023-09-17,EV,SeasonalNaive,84,26.562999725341797,30.33799934387207,1.0,8.602999687194824,8.602999687194824,8.602999687194824,8.602999687194824,0.0,20260730
2023-09-17,EV,SeasonalNaive,96,43.06300354003906,43.06300354003906,0.8333333134651184,8.602999687194824,8.602999687194824,8.602999687194824,8.602999687194824,0.0,20260730
2023-09-18,EV,SeasonalNaive,32,0.0,0.0,0.0,0.5879999995231628,1.649999976158142,0.5880001783370972,1.649999976158142,0.03125,20260730
2023-09-18,EV,SeasonalNaive,48,0.0,4.401000022888184,0.625,15.145000457763672,23.39900016784668,15.145000457763672,23.39900016784668,2.0,20260730
2023-09-18,EV,SeasonalNaive,64,4.401000022888184,4.401000022888184,0.4375,24.174999237060547,29.128999710083008,24.174999237060547,29.128999710083008,1.875,20260730
2023-09-18,EV,SeasonalNaive,80,6.171000003814697,14.300999641418457,0.375,33.66699981689453,33.66699981689453,33.66699981689453,33.66699981689453,0.875,20260730
2023-09-18,EV,SeasonalNaive,84,12.770999908447266,16.070999145507812,1.0,33.66699981689453,33.66699981689453,33.66699981689453,33.66699981689453,0.0,20260730
2023-09-18,EV,SeasonalNaive,96,17.8439998626709,17.8439998626709,0.4166666865348816,33.66699981689453,33.66699981689453,33.66699981689453,33.66699981689453,0.0,20260730
2023-09-19,EV,SeasonalNaive,32,0.0,0.0,0.0,0.0,4.949999809265137,0.0,4.949999809265137,0.09375,20260730
2023-09-19,EV,SeasonalNaive,48,18.121000289916992,22.28999900817871,1.0625,0.0,12.61299991607666,0.0,12.61299991607666,2.0,20260730
2023-09-19,EV,SeasonalNaive,64,39.57099914550781,39.57099914550781,0.8125,8.376999855041504,18.39099884033203,8.376999855041504,18.39099884033203,1.875,20260730
2023-09-19,EV,SeasonalNaive,80,39.57099914550781,39.57099914550781,0.0,27.99199867248535,27.99199867248535,27.99199867248535,27.99199867248535,1.875,20260730
2023-09-19,EV,SeasonalNaive,84,39.57099914550781,39.57099914550781,0.0,27.99199867248535,27.99199867248535,27.99199867248535,27.99199867248535,0.0,20260730
2023-09-19,EV,SeasonalNaive,96,39.57099914550781,39.57099914550781,0.0,27.99199867248535,27.99199867248535,27.99199867248535,27.99199867248535,0.0,20260730
2023-09-20,EV,SeasonalNaive,32,0.0,0.0,0.0,0.0,0.0,0.0,0.0,0.0,20260730
2023-09-20,EV,SeasonalNaive,48,8.416999816894531,10.910999298095703,0.625,6.0289998054504395,9.81399917602539,6.0289998054504395,9.81399917602539,0.875,20260730
2023-09-20,EV,SeasonalNaive,64,34.91600036621094,34.91600036621094,1.3125,10.979000091552734,10.979000091552734,10.979000091552734,10.979000091552734,0.1875,20260730
2023-09-20,EV,SeasonalNaive,80,34.91600036621094,34.91600036621094,0.0,12.177999496459961,12.177999496459961,12.177999496459961,12.177999496459961,0.125,20260730
2023-09-20,EV,SeasonalNaive,84,34.91600036621094,34.91600036621094,0.0,12.177999496459961,12.177999496459961,12.177999496459961,12.177999496459961,0.0,20260730
2023-09-20,EV,SeasonalNaive,96,34.91600036621094,34.91600036621094,0.0,12.177999496459961,12.177999496459961,12.177999496459961,12.177999496459961,0.0,20260730
2023-09-21,EV,SeasonalNaive,32,1.4249999523162842,4.949999809265137,0.09375,0.0,0.0,0.0,0.0,0.0,20260730
2023-09-21,EV,SeasonalNaive,48,24.524999618530273,24.524999618530273,0.875,0.0,0.0,0.0,0.0,0.0,20260730
2023-09-21,EV,SeasonalNaive,64,25.850000381469727,25.850000381469727,0.0625,2.309999942779541,2.309999942779541,2.309999942779541,2.309999942779541,0.125,20260730
2023-09-21,EV,SeasonalNaive,80,32.018001556396484,32.018001556396484,0.4375,2.309999942779541,2.309999942779541,2.309999942779541,2.309999942779541,0.0,20260730
2023-09-21,EV,SeasonalNaive,84,32.018001556396484,32.018001556396484,0.0,2.309999942779541,2.309999942779541,2.309999942779541,2.309999942779541,0.0,20260730
2023-09-21,EV,SeasonalNaive,96,32.018001556396484,32.018001556396484,0.0,2.309999942779541,2.309999942779541,2.309999942779541,2.309999942779541,0.0,20260730
2023-09-22,EV,SeasonalNaive,32,0.2199999988079071,3.299999952316284,0.0625,0.0,0.0,0.0,0.0,0.0,20260730
2023-09-22,EV,SeasonalNaive,48,23.31999969482422,23.31999969482422,0.875,0.0,5.942999839782715,0.0,5.942999839782715,0.625,20260730
2023-09-22,EV,SeasonalNaive,64,23.31999969482422,23.31999969482422,0.0,5.942999839782715,5.942999839782715,5.942999839782715,5.942999839782715,0.4375,20260730
2023-09-22,EV,SeasonalNaive,80,24.124000549316406,24.124000549316406,0.0625,5.942999839782715,5.942999839782715,5.942999839782715,5.942999839782715,0.0,20260730
2023-09-22,EV,SeasonalNaive,84,24.124000549316406,24.124000549316406,0.0,5.942999839782715,5.942999839782715,5.942999839782715,5.942999839782715,0.0,20260730
2023-09-22,EV,SeasonalNaive,96,24.124000549316406,24.124000549316406,0.0,5.942999839782715,5.942999839782715,5.942999839782715,5.942999839782715,0.0,20260730
2023-09-23,EV,SeasonalNaive,32,0.0,0.0,0.0,0.0,0.0,0.0,0.0,0.0,20260730
2023-09-23,EV,SeasonalNaive,48,0.0,0.0,0.0,0.0,0.0,0.0,0.0,0.0,20260730
2023-09-23,EV,SeasonalNaive,64,0.0,0.0,0.0,0.0,0.0,0.0,0.0,0.0,20260730
2023-09-23,EV,SeasonalNaive,80,0.0,0.0,0.0,0.0,0.0,0.0,0.0,0.0,20260730
2023-09-23,EV,SeasonalNaive,84,0.0,0.0,0.0,0.0,0.0,0.0,0.0,0.0,20260730
2023-09-23,EV,SeasonalNaive,96,0.0,0.0,0.0,0.0,0.0,0.0,0.0,0.0,20260730
2023-09-24,EV,SeasonalNaive,32,0.0,0.0,0.0,0.0,0.0,0.0,0.0,0.0,20260730
2023-09-24,EV,SeasonalNaive,48,0.0,0.0,0.0,0.0,0.0,0.0,0.0,0.0,20260730
2023-09-24,EV,SeasonalNaive,64,11.263999938964844,11.263999938964844,0.5,0.0,0.0,0.0,0.0,0.0,20260730
2023-09-24,EV,SeasonalNaive,80,30.326000213623047,30.326000213623047,0.75,19.96299934387207,23.738000869750977,19.963001251220703,23.738000869750977,0.9375,20260730
2023-09-24,EV,SeasonalNaive,84,30.326000213623047,30.326000213623047,0.0,26.562999725341797,30.33799934387207,26.56300163269043,30.33799934387207,1.0,20260730
2023-09-24,EV,SeasonalNaive,96,30.326000213623047,30.326000213623047,0.0,43.06300354003906,43.06300354003906,43.06300354003906,43.06300354003906,0.8333333134651184,20260730
2023-09-25,EV,SeasonalNaive,32,0.0,0.0,0.0,0.0,0.0,0.0,0.0,0.0,20260730
2023-09-25,EV,SeasonalNaive,48,0.0,4.949999809265137,0.1875,0.0,4.401000022888184,0.0,4.401000022888184,0.625,20260730
2023-09-25,EV,SeasonalNaive,64,27.452999114990234,30.588998794555664,2.1875,4.401000022888184,4.401000022888184,4.401000022888184,4.401000022888184,0.4375,20260730
2023-09-25,EV,SeasonalNaive,80,38.21699905395508,38.21699905395508,0.6875,6.171000003814697,14.300999641418457,6.171000003814697,14.300999641418457,0.375,20260730
2023-09-25,EV,SeasonalNaive,84,38.21699905395508,38.21699905395508,0.0,12.770999908447266,16.070999145507812,12.770999908447266,16.070999145507812,1.0,20260730
2023-09-25,EV,SeasonalNaive,96,38.21699905395508,38.21699905395508,0.0,17.8439998626709,17.8439998626709,17.8439998626709,17.8439998626709,0.4166666865348816,20260730
2023-09-26,EV,SeasonalNaive,32,0.7059999704360962,0.7059999704360962,0.3125,0.0,0.0,0.0,0.0,0.0,20260730
2023-09-26,EV,SeasonalNaive,48,0.7059999704360962,15.610000610351562,0.875,18.121000289916992,22.28999900817871,18.121000289916992,22.28999900817871,1.0625,20260730
2023-09-26,EV,SeasonalNaive,64,25.2239990234375,35.124000549316406,1.875,39.57099914550781,39.57099914550781,39.57099914550781,39.57099914550781,0.8125,20260730
2023-09-26,EV,SeasonalNaive,80,35.124000549316406,35.124000549316406,0.375,39.57099914550781,39.57099914550781,39.57099914550781,39.57099914550781,0.0,20260730
2023-09-26,EV,SeasonalNaive,84,35.124000549316406,35.124000549316406,0.0,39.57099914550781,39.57099914550781,39.57099914550781,39.57099914550781,0.0,20260730
2023-09-26,EV,SeasonalNaive,96,35.124000549316406,35.124000549316406,0.0,39.57099914550781,39.57099914550781,39.57099914550781,39.57099914550781,0.0,20260730
2023-09-27,EV,SeasonalNaive,32,0.0,1.649999976158142,0.03125,0.0,0.0,0.0,0.0,0.0,20260730
2023-09-27,EV,SeasonalNaive,48,33.77899932861328,40.93899917602539,2.4375,8.416999816894531,10.910999298095703,8.416999816894531,10.910999298095703,0.625,20260730
2023-09-27,EV,SeasonalNaive,64,81.39800262451172,81.39800262451172,2.0625,34.91600036621094,34.91600036621094,34.91600036621094,34.91600036621094,1.3125,20260730
2023-09-27,EV,SeasonalNaive,80,95.2760009765625,95.2760009765625,0.5625,34.91600036621094,34.91600036621094,34.91600036621094,34.91600036621094,0.0,20260730
2023-09-27,EV,SeasonalNaive,84,95.2760009765625,95.2760009765625,0.0,34.91600036621094,34.91600036621094,34.91600036621094,34.91600036621094,0.0,20260730
2023-09-27,EV,SeasonalNaive,96,95.2760009765625,95.2760009765625,0.0,34.91600036621094,34.91600036621094,34.91600036621094,34.91600036621094,0.0,20260730
2023-09-28,EV,SeasonalNaive,32,2.5880000591278076,4.949999809265137,0.09375,1.4249999523162842,4.949999809265137,1.4249999523162842,4.949999809265137,0.09375,20260730
2023-09-28,EV,SeasonalNaive,48,11.854000091552734,13.503999710083008,1.0625,24.524999618530273,24.524999618530273,24.524999618530273,24.524999618530273,0.875,20260730
2023-09-28,EV,SeasonalNaive,64,24.446998596191406,24.446998596191406,0.5,25.850000381469727,25.850000381469727,25.850000381469727,25.850000381469727,0.0625,20260730
2023-09-28,EV,SeasonalNaive,80,24.446998596191406,24.446998596191406,0.0,32.018001556396484,32.018001556396484,32.018001556396484,32.018001556396484,0.4375,20260730
2023-09-28,EV,SeasonalNaive,84,24.446998596191406,24.446998596191406,0.0,32.018001556396484,32.018001556396484,32.018001556396484,32.018001556396484,0.0,20260730
2023-09-28,EV,SeasonalNaive,96,24.446998596191406,24.446998596191406,0.0,32.018001556396484,32.018001556396484,32.018001556396484,32.018001556396484,0.0,20260730
2023-09-29,EV,SeasonalNaive,32,0.0,0.0,0.0,0.2199999988079071,3.299999952316284,0.2199999988079071,3.299999952316284,0.0625,20260730
2023-09-29,EV,SeasonalNaive,48,0.0,9.854999542236328,1.5625,23.31999969482422,23.31999969482422,23.31999969482422,23.31999969482422,0.875,20260730
2023-09-29,EV,SeasonalNaive,64,3.5899999141693115,12.672999382019043,2.5,23.31999969482422,23.31999969482422,23.31999969482422,23.31999969482422,0.0,20260730
2023-09-29,EV,SeasonalNaive,80,12.672999382019043,12.672999382019043,0.625,24.124000549316406,24.124000549316406,24.124000549316406,24.124000549316406,0.0625,20260730
2023-09-29,EV,SeasonalNaive,84,12.672999382019043,12.672999382019043,0.0,24.124000549316406,24.124000549316406,24.124000549316406,24.124000549316406,0.0,20260730
2023-09-29,EV,SeasonalNaive,96,12.672999382019043,12.672999382019043,0.0,24.124000549316406,24.124000549316406,24.124000549316406,24.124000549316406,0.0,20260730
2023-09-30,EV,SeasonalNaive,32,0.0,0.0,0.0,0.0,0.0,0.0,0.0,0.0,20260730
2023-09-30,EV,SeasonalNaive,48,14.746000289916992,16.889999389648438,1.0625,0.0,0.0,0.0,0.0,0.0,20260730
2023-09-30,EV,SeasonalNaive,64,26.32699966430664,37.84600067138672,0.875,0.0,0.0,0.0,0.0,0.0,20260730
2023-09-30,EV,SeasonalNaive,80,42.82699966430664,42.82699966430664,0.625,0.0,0.0,0.0,0.0,0.0,20260730
2023-09-30,EV,SeasonalNaive,84,42.82699966430664,42.82699966430664,0.0,0.0,0.0,0.0,0.0,0.0,20260730
2023-09-30,EV,SeasonalNaive,96,47.4640007019043,47.4640007019043,0.3333333432674408,0.0,0.0,0.0,0.0,0.0,20260730
2023-07-01,EV,iTransformer,32,0.0,0.0,0.0,2.0878336429595947,3.732346534729004,2.0262258052825928,3.717146396636963,0.10433732718229294,20260730
2023-07-01,EV,iTransformer,48,0.0,0.0,0.0,0.4902017116546631,4.731832027435303,9.249099731445312,15.283707618713379,0.8957250714302063,20260730
2023-07-01,EV,iTransformer,64,0.0,8.269000053405762,0.6875,25.928770065307617,33.41202163696289,25.87697410583496,33.40871810913086,2.304417848587036,20260730
2023-07-01,EV,iTransformer,80,0.0,8.269000053405762,1.0,50.57402420043945,52.042625427246094,46.206974029541016,47.076881408691406,1.6424311399459839,20260730
2023-07-01,EV,iTransformer,84,1.6690000295639038,8.269000053405762,1.0,52.01578140258789,45.18077850341797,47.36261749267578,47.585731506347656,0.36171916127204895,20260730
2023-07-01,EV,iTransformer,96,8.269000053405762,8.269000053405762,0.3333333432674408,48.9868278503418,46.76536560058594,47.876121520996094,47.876121520996094,0.08606419712305069,20260730
2023-07-02,EV,iTransformer,32,0.0,0.0,0.0,1.7907360792160034,3.3343729972839355,1.6669976711273193,3.3353734016418457,0.1329088658094406,20260730
2023-07-02,EV,iTransformer,48,0.0,0.0,0.0,2.506281852722168,5.869486331939697,8.126551628112793,13.689634323120117,0.7863672375679016,20260730
2023-07-02,EV,iTransformer,64,0.0,0.0,0.0,26.57841682434082,35.67661666870117,26.529930114746094,35.67530822753906,2.0475971698760986,20260730
2023-07-02,EV,iTransformer,80,14.317999839782715,18.149999618530273,0.6875,51.20469284057617,55.72541427612305,51.537322998046875,53.668861389160156,1.760646939277649,20260730
2023-07-02,EV,iTransformer,84,20.917999267578125,24.75,1.0,55.002925872802734,50.58463668823242,53.60505676269531,54.34714889526367,0.5174069404602051,20260730
2023-07-02,EV,iTransformer,96,25.868000030517578,25.868000030517578,0.25,55.71641159057617,53.686302185058594,54.70103454589844,54.70103454589844,0.1263725906610489,20260730
2023-07-03,EV,iTransformer,32,0.0,0.0,0.0,0.9911308884620667,3.8591604232788086,1.0589708089828491,3.845881938934326,0.16688641905784607,20260730
2023-07-03,EV,iTransformer,48,0.0,8.196000099182129,0.375,15.411895751953125,30.63625717163086,15.396804809570312,30.42970848083496,2.3783626556396484,20260730
2023-07-03,EV,iTransformer,64,21.006000518798828,30.029998779296875,2.0,46.16802978515625,59.81315612792969,46.16802978515625,59.80453109741211,2.899416208267212,20260730
2023-07-03,EV,iTransformer,80,41.68299865722656,41.68299865722656,1.3125,77.48802947998047,85.87728118896484,77.57281494140625,86.08936309814453,2.4996814727783203,20260730
2023-07-03,EV,iTransformer,84,41.68299865722656,41.68299865722656,0.0,83.66820526123047,82.81934356689453,83.98040008544922,86.97350311279297,1.3515211343765259,20260730
2023-07-03,EV,iTransformer,96,41.68299865722656,41.68299865722656,0.0,90.65093994140625,88.25529479980469,89.45298767089844,89.45298767089844,0.4169156849384308,20260730
2023-07-04,EV,iTransformer,32,0.0,0.0,0.0,0.7207332849502563,5.363043308258057,0.786047101020813,5.355921268463135,0.19430728256702423,20260730
2023-07-04,EV,iTransformer,48,0.0,0.0,0.0,27.26272201538086,55.86555480957031,27.26272201538086,55.86555480957031,3.9972565174102783,20260730
2023-07-04,EV,iTransformer,64,0.0,0.0,0.0,71.32847595214844,91.53660583496094,71.32847595214844,91.53660583496094,4.511083126068115,20260730
2023-07-04,EV,iTransformer,80,0.0,0.0,0.0,111.50420379638672,123.91021728515625,111.55602264404297,123.90474700927734,3.2895126342773438,20260730
2023-07-04,EV,iTransformer,84,0.0,0.0,0.0,120.35726928710938,121.86666870117188,121.05650329589844,125.1385269165039,2.2150561809539795,20260730
2023-07-04,EV,iTransformer,96,0.0,0.0,0.0,131.09561157226562,127.94855499267578,129.52268981933594,129.52268981933594,0.6072214245796204,20260730
2023-07-05,EV,iTransformer,32,0.0,9.899999618530273,0.1875,0.6062123775482178,6.003429889678955,0.6704148650169373,5.982873439788818,0.15999694168567657,20260730
2023-07-05,EV,iTransformer,48,0.0,32.875,1.875,29.03551483154297,63.32237243652344,29.03551483154297,63.32237243652344,4.729006767272949,20260730
2023-07-05,EV,iTransformer,64,36.58399963378906,46.07500076293945,2.4375,78.83753204345703,100.55767822265625,78.83753204345703,100.50042724609375,5.249486446380615,20260730
2023-07-05,EV,iTransformer,80,46.48400115966797,46.48400115966797,0.375,123.46580505371094,135.4117889404297,124.03311920166016,135.50442504882812,3.685559034347534,20260730
2023-07-05,EV,iTransformer,84,46.48400115966797,46.48400115966797,0.0,132.06719970703125,133.9595184326172,132.4974365234375,136.77760314941406,2.2357277870178223,20260730
2023-07-05,EV,iTransformer,96,46.48400115966797,46.48400115966797,0.0,140.55645751953125,138.52023315429688,139.53810119628906,139.53810119628906,0.5839865803718567,20260730
2023-07-06,EV,iTransformer,32,0.0,0.0,0.0,1.2003511190414429,5.879073619842529,1.2310389280319214,5.22625732421875,0.12652410566806793,20260730
2023-07-06,EV,iTransformer,48,0.0,8.276000022888184,0.5,19.73343276977539,48.26585006713867,19.73343276977539,48.26585006713867,3.595043420791626,20260730
2023-07-06,EV,iTransformer,64,8.276000022888184,12.000999450683594,1.1875,64.60831451416016,83.26341247558594,64.60831451416016,83.26341247558594,4.907292366027832,20260730
2023-07-06,EV,iTransformer,80,16.927000045776367,16.927000045776367,0.5,104.49523162841797,112.99169921875,104.30699157714844,111.11735534667969,3.1389260292053223,20260730
2023-07-06,EV,iTransformer,84,16.927000045776367,16.927000045776367,0.0,108.98436737060547,107.8890609741211,110.16182708740234,112.58246612548828,1.7657053470611572,20260730
2023-07-06,EV,iTransformer,96,16.927000045776367,16.927000045776367,0.0,114.70233917236328,111.19237518310547,112.94779205322266,112.94779205322266,0.3583489656448364,20260730
2023-07-07,EV,iTransformer,32,0.0,0.0,0.0,1.7672169208526611,5.383752822875977,1.7706682682037354,4.352207183837891,0.10360417515039444,20260730
2023-07-07,EV,iTransformer,48,0.0,16.874000549316406,0.875,7.449245452880859,25.357315063476562,8.761664390563965,25.358957290649414,2.0260329246520996,20260730
2023-07-07,EV,iTransformer,64,15.632999420166016,28.83300018310547,1.875,45.71506881713867,60.482730865478516,45.71506881713867,60.47370910644531,3.795135974884033,20260730
2023-07-07,EV,iTransformer,80,28.83300018310547,28.83300018310547,0.5,78.77848815917969,83.691650390625,76.38673400878906,78.68367004394531,2.368182897567749,20260730
2023-07-07,EV,iTransformer,84,28.83300018310547,28.83300018310547,0.0,82.166259765625,77.12712860107422,78.63758087158203,79.66099548339844,0.7950479984283447,20260730
2023-07-07,EV,iTransformer,96,28.83300018310547,28.83300018310547,0.0,80.76594543457031,78.8550033569336,79.81024169921875,79.81024169921875,0.11666896194219589,20260730
2023-07-08,EV,iTransformer,32,0.0,0.0,0.0,1.8934861421585083,3.354504108428955,1.8152961730957031,3.338592767715454,0.09287777543067932,20260730
2023-07-08,EV,iTransformer,48,0.0,11.701000213623047,1.0,-0.8653613328933716,3.711803436279297,7.744277000427246,14.47437572479248,0.770213782787323,20260730
2023-07-08,EV,iTransformer,64,11.701000213623047,11.701000213623047,0.625,24.48769187927246,32.797210693359375,24.481990814208984,32.78976821899414,2.3033461570739746,20260730
2023-07-08,EV,iTransformer,80,11.701000213623047,11.701000213623047,0.0,47.44297409057617,49.27230453491211,43.006553649902344,43.995384216308594,1.5382740497589111,20260730
2023-07-08,EV,iTransformer,84,11.701000213623047,11.701000213623047,0.0,47.2897834777832,41.44232177734375,43.79234313964844,44.228111267089844,0.31993353366851807,20260730
2023-07-08,EV,iTransformer,96,11.701000213623047,11.701000213623047,0.0,45.88542938232422,43.34688186645508,44.61614990234375,44.61614990234375,0.09208978712558746,20260730
2023-07-09,EV,iTransformer,32,0.0,0.0,0.0,1.4985077381134033,2.772883415222168,1.3920425176620483,2.769866466522217,0.11773866415023804,20260730
2023-07-09,EV,iTransformer,48,0.0,0.0,0.0,0.5410889387130737,5.7577104568481445,6.094252109527588,13.740790367126465,0.8458377718925476,20260730
2023-07-09,EV,iTransformer,64,0.0,0.0,0.0,24.431766510009766,33.878013610839844,24.431766510009766,33.866634368896484,1.991175889968872,20260730
2023-07-09,EV,iTransformer,80,0.0,0.0,0.0,48.74055862426758,52.64822006225586,49.10521697998047,50.622406005859375,1.6112022399902344,20260730
2023-07-09,EV,iTransformer,84,0.0,0.0,0.0,51.72989273071289,47.419921875,50.780277252197266,51.08351135253906,0.4114476442337036,20260730
2023-07-09,EV,iTransformer,96,0.0,0.0,0.0,52.61670684814453,50.52190399169922,51.56931686401367,51.56931686401367,0.0868421122431755,20260730
2023-07-10,EV,iTransformer,32,0.0,0.0,0.0,0.8401311039924622,3.754359722137451,0.8738420009613037,3.7478322982788086,0.16025282442569733,20260730
2023-07-10,EV,iTransformer,48,6.285999774932861,6.599999904632568,0.25,13.796978950500488,29.882858276367188,13.806670188903809,29.882858276367188,2.207449197769165,20260730
2023-07-10,EV,iTransformer,64,11.236000061035156,12.88599967956543,0.25,47.49995422363281,61.4419059753418,47.49995422363281,61.37622833251953,3.0557100772857666,20260730
2023-07-10,EV,iTransformer,80,36.029998779296875,39.2859992980957,1.0,78.69918823242188,87.09050750732422,78.5833511352539,87.11662292480469,2.4314897060394287,20260730
2023-07-10,EV,iTransformer,84,39.33000183105469,39.33000183105469,0.5,85.42343139648438,84.12676239013672,85.2166748046875,88.04340362548828,1.249060869216919,20260730
2023-07-10,EV,iTransformer,96,39.33000183105469,39.33000183105469,0.0,91.58935546875,89.4375228881836,90.51377868652344,90.51377868652344,0.3772311508655548,20260730
2023-07-11,EV,iTransformer,32,0.0,4.949999809265137,0.09375,0.5098744034767151,4.927548885345459,0.5517081618309021,4.931268692016602,0.16988694667816162,20260730
2023-07-11,EV,iTransformer,48,2.7079999446868896,31.350000381469727,1.0,24.19025230407715,50.897796630859375,24.19025230407715,50.897796630859375,3.7509942054748535,20260730
2023-07-11,EV,iTransformer,64,29.107999801635742,39.007999420166016,1.0,64.51689910888672,82.81334686279297,64.51689910888672,82.81334686279297,4.0481061935424805,20260730
2023-07-11,EV,iTransformer,80,41.75899887084961,42.30799865722656,0.5,103.47689819335938,115.54012298583984,103.6309585571289,115.54127502441406,3.154686450958252,20260730
2023-07-11,EV,iTransformer,84,43.409000396728516,43.409000396728516,0.25,112.96965026855469,114.0337905883789,113.10270690917969,116.84732818603516,2.056652307510376,20260730
2023-07-11,EV,iTransformer,96,43.409000396728516,43.409000396728516,0.0,122.73713684082031,119.74543762207031,121.24082946777344,121.24082946777344,0.5443494319915771,20260730
2023-07-12,EV,iTransformer,32,0.0,0.0,0.0,0.5754154920578003,6.25514554977417,0.6104539036750793,6.226347923278809,0.15942154824733734,20260730
2023-07-12,EV,iTransformer,48,0.0,5.921000003814697,0.875,27.272127151489258,62.162925720214844,27.299457550048828,62.162925720214844,4.645562171936035,20260730
2023-07-12,EV,iTransformer,64,5.921000003814697,13.889999389648438,1.1875,76.92000579833984,98.59345245361328,77.44953155517578,98.66587829589844,5.165724754333496,20260730
2023-07-12,EV,iTransformer,80,13.889999389648438,13.889999389648438,0.3125,120.99716186523438,133.0115203857422,121.09362030029297,132.8796844482422,3.430298328399658,20260730
2023-07-12,EV,iTransformer,84,13.889999389648438,13.889999389648438,0.0,130.26614379882812,130.7455291748047,129.91778564453125,133.93948364257812,2.0979912281036377,20260730
2023-07-12,EV,iTransformer,96,13.889999389648438,13.889999389648438,0.0,138.064208984375,135.16770935058594,136.61573791503906,136.61573791503906,0.5191320180892944,20260730
2023-07-13,EV,iTransformer,32,0.0,3.299999952316284,0.0625,1.0105512142181396,5.226683139801025,1.027559757232666,4.514781475067139,0.10278423130512238,20260730
2023-07-13,EV,iTransformer,48,35.59600067138672,37.24599838256836,1.625,17.844011306762695,46.05553436279297,17.844011306762695,46.05553436279297,3.537663698196411,20260730
2023-07-13,EV,iTransformer,64,45.459999084472656,45.459999084472656,1.0625,60.891578674316406,80.62195587158203,60.891578674316406,79.6639404296875,4.6741719245910645,20260730
2023-07-13,EV,iTransformer,80,45.459999084472656,45.459999084472656,0.0,99.01356506347656,106.50299835205078,98.78678131103516,104.80882263183594,2.886833906173706,20260730
2023-07-13,EV,iTransformer,84,45.459999084472656,45.459999084472656,0.0,104.25363159179688,102.25481414794922,104.34906768798828,105.77836608886719,1.4421970844268799,20260730
2023-07-13,EV,iTransformer,96,45.459999084472656,45.459999084472656,0.0,107.23408508300781,104.69986724853516,105.96747589111328,105.96747589111328,0.25399893522262573,20260730
2023-07-14,EV,iTransformer,32,0.0,0.0,0.0,1.5839920043945312,5.0089030265808105,1.5972468852996826,3.8374764919281006,0.09904137253761292,20260730
2023-07-14,EV,iTransformer,48,0.0,0.0,0.0,5.687944412231445,22.78577423095703,6.664178371429443,22.746320724487305,1.9072896242141724,20260730
2023-07-14,EV,iTransformer,64,12.180000305175781,12.180000305175781,0.5,42.67697525024414,56.579463958740234,42.67223358154297,56.579463958740234,3.6103675365448,20260730
2023-07-14,EV,iTransformer,80,35.163002014160156,38.58000183105469,1.0,73.64636993408203,77.49497985839844,71.78619384765625,72.781005859375,2.1951026916503906,20260730
2023-07-14,EV,iTransformer,84,41.76300048828125,41.76300048828125,1.0,77.23687744140625,71.81468200683594,72.84397888183594,73.28382110595703,0.5268554091453552,20260730
2023-07-14,EV,iTransformer,96,41.76300048828125,41.76300048828125,0.0,74.25656127929688,72.9581069946289,73.6073989868164,73.6073989868164,0.06380077451467514,20260730
2023-07-15,EV,iTransformer,32,0.0,0.0,0.0,1.6595975160598755,2.973355531692505,1.579776644706726,2.973355531692505,0.07776627689599991,20260730
2023-07-15,EV,iTransformer,48,0.0,0.0,0.0,-1.75800359249115,1.4603139162063599,6.737101078033447,12.386768341064453,0.6635952591896057,20260730
2023-07-15,EV,iTransformer,64,0.0,0.0,0.0,22.837779998779297,30.998620986938477,22.837779998779297,30.998620986938477,2.0909154415130615,20260730
2023-07-15,EV,iTransformer,80,0.0,0.0,0.0,47.3404655456543,49.7225341796875,43.42658615112305,44.51576614379883,1.5046660900115967,20260730
2023-07-15,EV,iTransformer,84,0.0,0.0,0.0,49.00611114501953,43.04448318481445,44.48263168334961,44.84712219238281,0.3144770860671997,20260730
2023-07-15,EV,iTransformer,96,0.0,0.0,0.0,46.18428421020508,44.53485870361328,45.35936737060547,45.35936737060547,0.09228173643350601,20260730
2023-07-16,EV,iTransformer,32,0.0,0.0,0.0,1.3813128471374512,2.3283703327178955,1.2449487447738647,2.328885078430176,0.10210295766592026,20260730
2023-07-16,EV,iTransformer,48,0.0,0.0,0.0,-0.49917516112327576,2.0680789947509766,4.93070125579834,10.174270629882812,0.5730875730514526,20260730
2023-07-16,EV,iTransformer,64,0.0,0.0,0.0,23.011423110961914,30.96023941040039,23.011423110961914,30.96023941040039,1.743183970451355,20260730
2023-07-16,EV,iTransformer,80,0.0,0.0,0.0,48.6029052734375,53.48989486694336,49.479549407958984,51.541812896728516,1.615156888961792,20260730
2023-07-16,EV,iTransformer,84,0.0,0.0,0.0,53.25265884399414,48.94140625,51.97954559326172,52.34421920776367,0.5160534977912903,20260730
2023-07-16,EV,iTransformer,96,0.0,0.0,0.0,53.61408233642578,51.94330978393555,52.77861022949219,52.77861022949219,0.06613048911094666,20260730
2023-07-17,EV,iTransformer,32,0.0,3.299999952316284,0.0625,0.5933136940002441,3.015127658843994,0.6031205654144287,3.015127658843994,0.13292604684829712,20260730
2023-07-17,EV,iTransformer,48,15.423999786376953,28.35300064086914,1.8125,11.506621360778809,23.357553482055664,11.512459754943848,23.357553482055664,1.8260228633880615,20260730
2023-07-17,EV,iTransformer,64,27.84600067138672,32.79600143432617,1.5,38.279396057128906,51.4239616394043,38.45922088623047,51.554569244384766,2.422222137451172,20260730
2023-07-17,EV,iTransformer,80,32.79600143432617,32.79600143432617,0.1875,70.7005386352539,79.61598205566406,70.80901336669922,79.77726745605469,2.3274319171905518,20260730
2023-07-17,EV,iTransformer,84,32.79600143432617,32.79600143432617,0.0,78.1273422241211,77.01485443115234,77.69145965576172,80.48298645019531,1.1830406188964844,20260730
2023-07-17,EV,iTransformer,96,32.79600143432617,32.79600143432617,0.0,83.5448989868164,81.84315490722656,82.69397735595703,82.69397735595703,0.3141625225543976,20260730
2023-07-18,EV,iTransformer,32,0.0,1.649999976158142,0.03125,0.17730079591274261,4.327633857727051,0.2118295282125473,4.327633857727051,0.1512129157781601,20260730
2023-07-18,EV,iTransformer,48,30.812999725341797,49.5,1.8125,23.334171295166016,49.60166549682617,23.334171295166016,49.60166549682617,3.5569233894348145,20260730
2023-07-18,EV,iTransformer,64,68.76300048828125,68.76300048828125,1.4375,62.69350051879883,81.7581558227539,62.69350051879883,81.7581558227539,3.995946168899536,20260730
2023-07-18,EV,iTransformer,80,68.76300048828125,68.76300048828125,0.0,101.17703247070312,113.22960662841797,101.34831237792969,113.21488189697266,3.0036814212799072,20260730
2023-07-18,EV,iTransformer,84,68.76300048828125,68.76300048828125,0.0,110.24176788330078,111.41542053222656,110.49130249023438,114.07369232177734,1.933933973312378,20260730
2023-07-18,EV,iTransformer,96,68.76300048828125,68.76300048828125,0.0,120.26342010498047,117.12461853027344,118.69332122802734,118.69332122802734,0.5061665177345276,20260730
2023-07-19,EV,iTransformer,32,0.0,25.990999221801758,0.5,0.2907554805278778,5.369694709777832,0.3209676742553711,5.356917858123779,0.1339685171842575,20260730
2023-07-19,EV,iTransformer,48,25.095001220703125,31.69499969482422,1.5625,26.711862564086914,60.87565994262695,26.711862564086914,60.72264862060547,4.4454851150512695,20260730
2023-07-19,EV,iTransformer,64,40.73999786376953,40.73999786376953,0.875,74.7552490234375,94.98457336425781,75.26742553710938,94.98770904541016,4.9427642822265625,20260730
2023-07-19,EV,iTransformer,80,40.73999786376953,40.73999786376953,0.0,115.61471557617188,127.26680755615234,115.59111785888672,127.3465347290039,3.1751699447631836,20260730
2023-07-19,EV,iTransformer,84,40.73999786376953,40.73999786376953,0.0,123.60638427734375,124.14572143554688,123.85104370117188,127.84564208984375,2.0159223079681396,20260730
2023-07-19,EV,iTransformer,96,40.73999786376953,40.73999786376953,0.0,132.1214599609375,128.89385986328125,130.50717163085938,130.50717163085938,0.470251202583313,20260730
2023-07-20,EV,iTransformer,32,0.0,0.0,0.0,0.7890779972076416,5.191775798797607,0.8047170042991638,4.430761337280273,0.09511396288871765,20260730
2023-07-20,EV,iTransformer,48,11.159000396728516,17.759000778198242,0.9375,21.028039932250977,46.482826232910156,20.911211013793945,46.482826232910156,3.476372241973877,20260730
2023-07-20,EV,iTransformer,64,17.759000778198242,17.759000778198242,0.25,64.35225677490234,81.18963623046875,64.38630676269531,81.18963623046875,4.590535640716553,20260730
2023-07-20,EV,iTransformer,80,17.759000778198242,17.759000778198242,0.0,98.59184265136719,106.78153228759766,98.60823059082031,105.32266235351562,2.6481246948242188,20260730
2023-07-20,EV,iTransformer,84,17.759000778198242,17.759000778198242,0.0,104.45904541015625,102.17225646972656,104.06385040283203,105.84894561767578,1.4177377223968506,20260730
2023-07-20,EV,iTransformer,96,17.759000778198242,17.759000778198242,0.0,107.5278549194336,104.65967559814453,106.09413146972656,106.09413146972656,0.23733311891555786,20260730
2023-07-21,EV,iTransformer,32,0.0,0.0,0.0,1.3804404735565186,4.798942565917969,2.4142816066741943,3.5964949131011963,0.08709748834371567,20260730
2023-07-21,EV,iTransformer,48,0.7179999947547913,4.01800012588501,0.1875,6.746767520904541,19.77226448059082,9.383009910583496,21.06595230102539,1.6057696342468262,20260730
2023-07-21,EV,iTransformer,64,4.01800012588501,4.01800012588501,0.125,41.63564682006836,52.94110870361328,44.63307571411133,55.87541198730469,3.266606330871582,20260730
2023-07-21,EV,iTransformer,80,7.895999908447266,7.895999908447266,0.1875,71.80622100830078,76.06527709960938,70.29997253417969,71.196044921875,1.8923659324645996,20260730
2023-07-21,EV,iTransformer,84,7.895999908447266,7.895999908447266,0.0,75.54444885253906,69.86126708984375,71.58101654052734,71.62854766845703,0.5220502018928528,20260730
2023-07-21,EV,iTransformer,96,7.895999908447266,7.895999908447266,0.0,72.6361312866211,70.80866241455078,71.72254180908203,71.72254180908203,0.03793038800358772,20260730
2023-07-22,EV,iTransformer,32,0.0,1.649999976158142,0.03125,1.4421358108520508,2.5364482402801514,1.3351783752441406,2.5224175453186035,0.060601912438869476,20260730
2023-07-22,EV,iTransformer,48,0.0,11.82699966430664,1.0,-1.70467209815979,1.4492944478988647,6.440578937530518,12.031058311462402,0.6118351817131042,20260730
2023-07-22,EV,iTransformer,64,11.82699966430664,11.82699966430664,0.5,23.914119720458984,30.719219207763672,23.914119720458984,30.719219207763672,1.933711051940918,20260730
2023-07-22,EV,iTransformer,80,11.82699966430664,11.82699966430664,0.0,42.995845794677734,44.785221099853516,39.24165344238281,39.66703796386719,1.2489118576049805,20260730
2023-07-22,EV,iTransformer,84,11.82699966430664,11.82699966430664,0.0,43.56657028198242,37.742855072021484,39.57294464111328,39.90501403808594,0.15845805406570435,20260730
2023-07-22,EV,iTransformer,96,11.82699966430664,11.82699966430664,0.0,41.18913650512695,38.755889892578125,39.972496032714844,39.972496032714844,0.04088004678487778,20260730
2023-07-23,EV,iTransformer,32,0.0,0.0,0.0,1.0779521465301514,2.8722493648529053,0.9209097027778625,2.8771355152130127,0.10847897082567215,20260730
2023-07-23,EV,iTransformer,48,0.0,0.0,0.0,0.5831730365753174,3.7035839557647705,5.627707004547119,11.591233253479004,0.5507428050041199,20260730
2023-07-23,EV,iTransformer,64,0.0,0.0,0.0,23.925350189208984,31.27276039123535,23.950895309448242,31.192453384399414,1.5539231300354004,20260730
2023-07-23,EV,iTransformer,80,11.973999977111816,11.973999977111816,1.125,44.95381546020508,48.55042266845703,45.61177062988281,46.527984619140625,1.363506555557251,20260730
2023-07-23,EV,iTransformer,84,11.973999977111816,11.973999977111816,0.0,47.089881896972656,43.103050231933594,46.561344146728516,46.78525161743164,0.29363614320755005,20260730
2023-07-23,EV,iTransformer,96,11.973999977111816,11.973999977111816,0.0,48.018550872802734,45.709476470947266,46.8624153137207,46.8624153137207,0.05165307596325874,20260730
2023-07-24,EV,iTransformer,32,0.0,0.0,0.0,0.48387160897254944,3.1502699851989746,0.5144656300544739,3.1502699851989746,0.13738325238227844,20260730
2023-07-24,EV,iTransformer,48,32.41499710083008,36.92000198364258,2.4375,12.79980754852295,25.176557540893555,12.835482597351074,25.176557540893555,1.9446444511413574,20260730
2023-07-24,EV,iTransformer,64,57.165000915527344,57.165000915527344,0.9375,42.372432708740234,53.726402282714844,42.372432708740234,53.726402282714844,2.4672272205352783,20260730
2023-07-24,EV,iTransformer,80,57.165000915527344,57.165000915527344,0.0,70.16043090820312,78.66848754882812,70.17210388183594,78.66841888427734,2.1786110401153564,20260730
2023-07-24,EV,iTransformer,84,57.165000915527344,57.165000915527344,0.0,76.14778137207031,74.9518051147461,76.3650894165039,79.30252075195312,1.1270679235458374,20260730
2023-07-24,EV,iTransformer,96,57.165000915527344,57.165000915527344,0.0,83.20565795898438,80.2779312133789,81.74197387695312,81.74197387695312,0.3115229308605194,20260730
2023-07-25,EV,iTransformer,32,0.0,0.0,0.0,0.1480272263288498,4.4254865646362305,0.22201566398143768,4.4254865646362305,0.15163667500019073,20260730
2023-07-25,EV,iTransformer,48,30.4950008392334,30.4950008392334,1.625,26.152812957763672,53.610286712646484,27.266469955444336,53.610286712646484,3.702895164489746,20260730
2023-07-25,EV,iTransformer,64,30.4950008392334,30.4950008392334,0.0,69.17906951904297,86.94143676757812,69.45065307617188,87.08367919921875,3.851754665374756,20260730
2023-07-25,EV,iTransformer,80,39.10100173950195,39.10100173950195,0.375,107.53980255126953,119.31827545166016,107.60859680175781,119.28079223632812,2.979884624481201,20260730
2023-07-25,EV,iTransformer,84,39.10100173950195,39.10100173950195,0.0,115.22471618652344,116.2765121459961,115.94110870361328,119.84043884277344,1.929890751838684,20260730
2023-07-25,EV,iTransformer,96,39.10100173950195,39.10100173950195,0.0,125.92389678955078,122.6749267578125,124.29926300048828,124.29926300048828,0.510698139667511,20260730
2023-07-26,EV,iTransformer,32,0.0,0.0,0.0,0.19828647375106812,6.493518352508545,0.24037815630435944,6.478793621063232,0.1617591381072998,20260730
2023-07-26,EV,iTransformer,48,4.068999767303467,15.503999710083008,1.75,33.60710144042969,64.98506164550781,33.448890686035156,64.98506164550781,4.804452419281006,20260730
2023-07-26,EV,iTransformer,64,33.71399688720703,33.71399688720703,1.9375,80.11308288574219,99.99839782714844,80.25439453125,100.01874542236328,4.7614006996154785,20260730
2023-07-26,EV,iTransformer,80,33.71399688720703,33.71399688720703,0.0,119.83057403564453,131.20278930664062,119.99661254882812,131.312255859375,3.2087886333465576,20260730
2023-07-26,EV,iTransformer,84,33.71399688720703,33.71399688720703,0.0,128.87600708007812,129.30274963378906,128.39447021484375,132.3126983642578,1.9770253896713257,20260730
2023-07-26,EV,iTransformer,96,33.71399688720703,33.71399688720703,0.0,136.3923797607422,133.72608947753906,135.05868530273438,135.05868530273438,0.4653885066509247,20260730
2023-07-27,EV,iTransformer,32,0.0,0.0,0.0,0.8351029753684998,5.260633945465088,0.8536474704742432,4.459778308868408,0.1009470522403717,20260730
2023-07-27,EV,iTransformer,48,3.9719998836517334,13.871999740600586,0.75,23.535614013671875,49.933780670166016,23.535614013671875,49.933780670166016,3.6330838203430176,20260730
2023-07-27,EV,iTransformer,64,13.871999740600586,13.871999740600586,0.375,68.77410888671875,85.4622802734375,68.77410888671875,85.4622802734375,4.488526821136475,20260730
2023-07-27,EV,iTransformer,80,13.871999740600586,13.871999740600586,0.0,105.23432159423828,113.05026245117188,105.22288513183594,111.7323226928711,2.766427516937256,20260730
2023-07-27,EV,iTransformer,84,13.871999740600586,13.871999740600586,0.0,111.02430725097656,108.55806732177734,110.50756072998047,112.42896270751953,1.372018814086914,20260730
2023-07-27,EV,iTransformer,96,13.871999740600586,13.871999740600586,0.0,114.0369644165039,111.28305053710938,112.66068267822266,112.66068267822266,0.24272792041301727,20260730
2023-07-28,EV,iTransformer,32,0.0,0.0,0.0,1.3527591228485107,3.9759268760681152,1.9599889516830444,2.9110403060913086,0.06976631283760071,20260730
2023-07-28,EV,iTransformer,48,0.0,0.0,0.0,8.631444931030273,22.848146438598633,10.10445785522461,23.715656280517578,1.829208493232727,20260730
2023-07-28,EV,iTransformer,64,0.0,0.0,0.0,45.96508026123047,58.0255012512207,48.30363082885742,60.27454376220703,3.3805246353149414,20260730
2023-07-28,EV,iTransformer,80,0.0,0.0,0.0,77.96669006347656,82.08419036865234,77.01659393310547,77.5284652709961,2.067460775375366,20260730
2023-07-28,EV,iTransformer,84,0.0,0.0,0.0,81.47464752197266,76.47954559326172,77.91282653808594,78.176025390625,0.5086726546287537,20260730
2023-07-28,EV,iTransformer,96,0.0,0.0,0.0,79.37924194335938,77.59848022460938,78.4872055053711,78.4872055053711,0.06422176957130432,20260730
2023-07-29,EV,iTransformer,32,0.0,0.0,0.0,1.4163141250610352,2.3527534008026123,1.2597129344940186,2.2993435859680176,0.05844413489103317,20260730
2023-07-29,EV,iTransformer,48,0.0,0.0,0.0,0.11212737113237381,4.167179107666016,7.620781421661377,14.162284851074219,0.8713541626930237,20260730
2023-07-29,EV,iTransformer,64,1.225000023841858,1.225000023841858,0.125,26.378347396850586,33.31931686401367,26.4323673248291,33.33563232421875,2.014280080795288,20260730
2023-07-29,EV,iTransformer,80,1.225000023841858,1.225000023841858,0.0,46.3480339050293,48.229244232177734,43.01410675048828,43.552364349365234,1.338183045387268,20260730
2023-07-29,EV,iTransformer,84,1.225000023841858,1.225000023841858,0.0,47.450782775878906,41.54127883911133,43.54185485839844,44.01475143432617,0.18035888671875,20260730
2023-07-29,EV,iTransformer,96,1.225000023841858,1.225000023841858,0.0,45.00550842285156,43.026973724365234,44.01618194580078,44.01618194580078,0.06030719354748726,20260730
2023-07-30,EV,iTransformer,32,0.0,4.949999809265137,0.09375,0.9345638155937195,1.6233782768249512,0.7574194669723511,1.626723051071167,0.08118503540754318,20260730
2023-07-30,EV,iTransformer,48,8.61400032043457,11.913999557495117,1.0,1.3808255195617676,3.565208673477173,5.854963302612305,10.755062103271484,0.6595255732536316,20260730
2023-07-30,EV,iTransformer,64,17.972999572753906,17.972999572753906,0.5,23.78548812866211,30.552743911743164,23.78548812866211,30.552743911743164,1.5781280994415283,20260730
2023-07-30,EV,iTransformer,80,17.972999572753906,17.972999572753906,0.0,45.579124450683594,49.34877395629883,46.90108871459961,47.719303131103516,1.4956331253051758,20260730
2023-07-30,EV,iTransformer,84,17.972999572753906,17.972999572753906,0.0,48.166751861572266,43.465965270996094,47.955421447753906,48.022308349609375,0.25559893250465393,20260730
2023-07-30,EV,iTransformer,96,17.972999572753906,17.972999572753906,0.0,49.47289276123047,47.08930206298828,48.281097412109375,48.281097412109375,0.03985174372792244,20260730
2023-07-31,EV,iTransformer,32,0.0,0.0,0.0,0.44449809193611145,3.105903387069702,0.4703473746776581,3.105903387069702,0.13527227938175201,20260730
2023-07-31,EV,iTransformer,48,2.813000202178955,4.564000129699707,0.75,16.18202781677246,29.770511627197266,16.54311180114746,29.770511627197266,2.2888729572296143,20260730
2023-07-31,EV,iTransformer,64,45.78700256347656,48.26000213623047,1.8125,49.92811584472656,62.586631774902344,50.89910888671875,63.23857116699219,2.6945600509643555,20260730
2023-07-31,EV,iTransformer,80,49.08700180053711,49.08700180053711,0.125,82.135498046875,90.71540832519531,82.17608642578125,90.72931671142578,2.216071367263794,20260730
2023-07-31,EV,iTransformer,84,49.08700180053711,49.08700180053711,0.0,89.68734741210938,87.97413635253906,89.07185363769531,91.48838806152344,1.1530671119689941,20260730
2023-07-31,EV,iTransformer,96,49.08700180053711,49.08700180053711,0.0,94.9919204711914,93.03299713134766,94.01189422607422,94.01189422607422,0.29601866006851196,20260730
2023-08-01,EV,iTransformer,32,3.190000057220459,6.489999771118164,0.125,0.0007047613617032766,4.1294355392456055,0.17060962319374084,4.1294355392456055,0.14674639701843262,20260730
2023-08-01,EV,iTransformer,48,16.391000747680664,18.03999900817871,0.5625,28.550003051757812,53.82807159423828,28.550003051757812,53.8072509765625,3.812809944152832,20260730
2023-08-01,EV,iTransformer,64,36.191001892089844,37.33399963378906,1.0625,71.52934265136719,87.95933532714844,71.52934265136719,87.9400634765625,3.8875396251678467,20260730
2023-08-01,EV,iTransformer,80,37.33399963378906,37.33399963378906,0.125,108.24148559570312,119.88850402832031,108.30571746826172,119.9268798828125,2.9185919761657715,20260730
2023-08-01,EV,iTransformer,84,42.01899719238281,43.933998107910156,1.0,115.95868682861328,116.55029296875,116.6661605834961,120.47543334960938,1.8696560859680176,20260730
2023-08-01,EV,iTransformer,96,48.61899948120117,48.61899948120117,0.3333333432674408,126.89913177490234,123.12705993652344,125.0129623413086,125.0129623413086,0.4857819080352783,20260730
2023-08-02,EV,iTransformer,32,0.0,0.0,0.0,0.3603806793689728,6.56010627746582,0.4202736020088196,6.5463080406188965,0.1733880490064621,20260730
2023-08-02,EV,iTransformer,48,0.0,6.005000114440918,0.9375,31.71464729309082,65.27629089355469,31.71464729309082,65.27629089355469,4.816040992736816,20260730
2023-08-02,EV,iTransformer,64,27.388999938964844,30.68899917602539,1.6875,84.48165130615234,104.67243194580078,84.48165130615234,104.63299560546875,5.098287582397461,20260730
2023-08-02,EV,iTransformer,80,30.68899917602539,30.68899917602539,0.125,125.41441345214844,136.93402099609375,125.56082153320312,137.0785369873047,3.1772541999816895,20260730
2023-08-02,EV,iTransformer,84,30.68899917602539,30.68899917602539,0.0,135.11578369140625,135.36309814453125,134.4317626953125,138.47012329101562,2.0280771255493164,20260730
2023-08-02,EV,iTransformer,96,30.68899917602539,30.68899917602539,0.0,143.10482788085938,140.45639038085938,141.77989196777344,141.77989196777344,0.4803178906440735,20260730
2023-08-03,EV,iTransformer,32,0.0,0.0,0.0,0.9830500483512878,5.637401580810547,1.1813725233078003,4.929515838623047,0.1117735207080841,20260730
2023-08-03,EV,iTransformer,48,18.555999755859375,31.756000518798828,2.0625,23.651159286499023,50.87649917602539,25.097713470458984,51.836822509765625,3.6614677906036377,20260730
2023-08-03,EV,iTransformer,64,45.60099792480469,72.56700134277344,1.75,73.27681732177734,90.8185043334961,73.20653533935547,90.123046875,4.588796615600586,20260730
2023-08-03,EV,iTransformer,80,76.95099639892578,76.95099639892578,1.1875,111.5179672241211,119.63589477539062,110.5339126586914,117.33356475830078,2.7854061126708984,20260730
2023-08-03,EV,iTransformer,84,76.95099639892578,76.95099639892578,0.0,117.47709655761719,115.43523406982422,116.27094268798828,118.43943786621094,1.440395474433899,20260730
2023-08-03,EV,iTransformer,96,76.95099639892578,76.95099639892578,0.0,121.50708770751953,118.66909790039062,119.08458709716797,119.08458709716797,0.26013436913490295,20260730
2023-08-04,EV,iTransformer,32,0.0,0.0,0.0,1.3715506792068481,4.102649211883545,1.3014622926712036,2.882833242416382,0.07282062619924545,20260730
2023-08-04,EV,iTransformer,48,0.0,8.25,0.3125,8.453102111816406,23.252599716186523,8.453102111816406,23.252599716186523,1.9048715829849243,20260730
2023-08-04,EV,iTransformer,64,15.270999908447266,18.570999145507812,1.0,47.65485382080078,60.49044418334961,47.71526336669922,60.54754638671875,3.475994110107422,20260730
2023-08-04,EV,iTransformer,80,22.779998779296875,22.779998779296875,0.625,77.08030700683594,80.59183502197266,76.21773529052734,76.33295440673828,1.9839986562728882,20260730
2023-08-04,EV,iTransformer,84,22.779998779296875,22.779998779296875,0.0,79.77079772949219,74.39019775390625,76.95792388916016,77.10206604003906,0.5378333330154419,20260730
2023-08-04,EV,iTransformer,96,22.779998779296875,22.779998779296875,0.0,78.67515563964844,76.24285125732422,77.45899963378906,77.45899963378906,0.059726230800151825,20260730
2023-08-05,EV,iTransformer,32,0.0,0.0,0.0,1.4787392616271973,2.451411008834839,1.273000717163086,2.3784751892089844,0.06267692148685455,20260730
2023-08-05,EV,iTransformer,48,11.979999542236328,33.75,1.8125,-0.38501062989234924,3.5868659019470215,6.476458549499512,12.752483367919922,0.7971144914627075,20260730
2023-08-05,EV,iTransformer,64,42.43000030517578,47.73899841308594,1.875,29.49362564086914,38.31423568725586,29.570974349975586,38.09503173828125,2.105595111846924,20260730
2023-08-05,EV,iTransformer,80,47.73899841308594,47.73899841308594,0.3125,53.206504821777344,54.869293212890625,50.02216720581055,50.171905517578125,1.4338099956512451,20260730
2023-08-05,EV,iTransformer,84,47.73899841308594,47.73899841308594,0.0,54.76665496826172,47.97845458984375,50.61516571044922,50.679019927978516,0.18552637100219727,20260730
2023-08-05,EV,iTransformer,96,47.73899841308594,47.73899841308594,0.0,52.015472412109375,49.88804244995117,50.86213302612305,50.86213302612305,0.04927721992135048,20260730
2023-08-06,EV,iTransformer,32,0.0,0.0,0.0,1.2025580406188965,2.311447858810425,1.0128824710845947,2.3212099075317383,0.10108809918165207,20260730
2023-08-06,EV,iTransformer,48,0.0,0.0,0.0,3.9593446254730225,5.910436630249023,7.71464729309082,12.29805850982666,0.6944159269332886,20260730
2023-08-06,EV,iTransformer,64,0.0,4.553999900817871,0.1875,30.264694213867188,38.10477828979492,30.36164093017578,38.10477828979492,1.7968933582305908,20260730
2023-08-06,EV,iTransformer,80,10.121999740600586,10.121999740600586,1.25,53.593814849853516,57.530086517333984,55.18735885620117,56.09791564941406,1.6324701309204102,20260730
2023-08-06,EV,iTransformer,84,10.121999740600586,10.121999740600586,0.0,56.59540939331055,51.84687423706055,56.811126708984375,56.87682342529297,0.3371027112007141,20260730
2023-08-06,EV,iTransformer,96,10.121999740600586,10.121999740600586,0.0,58.812320709228516,56.0035285949707,57.407615661621094,57.407615661621094,0.06704104691743851,20260730
2023-08-07,EV,iTransformer,32,0.0,0.0,0.0,0.5983540415763855,2.9566712379455566,0.6335583925247192,2.9566712379455566,0.13928234577178955,20260730
2023-08-07,EV,iTransformer,48,11.246999740600586,19.496999740600586,1.1875,18.340251922607422,31.549575805664062,18.47259521484375,31.54499053955078,2.366497278213501,20260730
2023-08-07,EV,iTransformer,64,24.957000732421875,24.957000732421875,1.25,53.46622848510742,67.43754577636719,53.46622848510742,67.43754577636719,2.748029947280884,20260730
2023-08-07,EV,iTransformer,80,25.562000274658203,27.21200180053711,0.8125,85.38793182373047,93.8521728515625,85.71035766601562,94.0290298461914,2.2858986854553223,20260730
2023-08-07,EV,iTransformer,84,27.21200180053711,27.21200180053711,0.25,93.5533676147461,91.78313446044922,93.28581237792969,95.38422393798828,1.168813943862915,20260730
2023-08-07,EV,iTransformer,96,27.21200180053711,27.21200180053711,0.0,99.44187927246094,97.31063842773438,98.37625885009766,98.37625885009766,0.3199045658111572,20260730
2023-08-08,EV,iTransformer,32,0.5640000104904175,3.299999952316284,0.0625,0.37383049726486206,4.572635173797607,0.5851148962974548,4.572635173797607,0.16044491529464722,20260730
2023-08-08,EV,iTransformer,48,20.36400032043457,31.91400146484375,1.1875,31.248849868774414,59.48563766479492,31.248849868774414,59.48563766479492,4.028507709503174,20260730
2023-08-08,EV,iTransformer,64,39.49199676513672,57.641998291015625,1.75,79.53041076660156,99.20724487304688,79.11027526855469,98.0078353881836,4.233110427856445,20260730
2023-08-08,EV,iTransformer,80,57.641998291015625,57.641998291015625,0.6875,118.64008331298828,130.24606323242188,118.98758697509766,130.63978576660156,3.188081979751587,20260730
2023-08-08,EV,iTransformer,84,57.641998291015625,57.641998291015625,0.0,128.0487823486328,129.84640502929688,128.831787109375,132.54342651367188,2.0420517921447754,20260730
2023-08-08,EV,iTransformer,96,57.641998291015625,57.641998291015625,0.0,139.37454223632812,136.4254608154297,137.90003967285156,137.90003967285156,0.5354712605476379,20260730
2023-08-09,EV,iTransformer,32,0.0,0.0,0.0,0.3974454998970032,5.752354145050049,0.49001210927963257,5.752354145050049,0.15203149616718292,20260730
2023-08-09,EV,iTransformer,48,8.795999526977539,18.696001052856445,1.3125,33.153602600097656,66.8415298461914,33.153602600097656,66.8415298461914,4.7614593505859375,20260730
2023-08-09,EV,iTransformer,64,18.696001052856445,18.696001052856445,0.375,88.44703674316406,110.2357406616211,88.44703674316406,110.2357406616211,5.311481475830078,20260730
2023-08-09,EV,iTransformer,80,18.696001052856445,18.696001052856445,0.0,132.34144592285156,143.7964630126953,132.30859375,143.8558807373047,3.419858932495117,20260730
2023-08-09,EV,iTransformer,84,18.696001052856445,18.696001052856445,0.0,141.12474060058594,141.34925842285156,141.01229858398438,145.1204833984375,2.1154403686523438,20260730
2023-08-09,EV,iTransformer,96,18.696001052856445,18.696001052856445,0.0,150.42431640625,147.21788024902344,148.8216094970703,148.8216094970703,0.4938431680202484,20260730
2023-08-10,EV,iTransformer,32,6.682000160217285,9.071999549865723,0.25,0.9058632850646973,5.562611103057861,0.9243542551994324,4.709167957305908,0.11297669261693954,20260730
2023-08-10,EV,iTransformer,48,26.48200035095215,46.24100112915039,2.3125,27.426408767700195,55.95030975341797,27.426408767700195,55.95030975341797,3.9422378540039062,20260730
2023-08-10,EV,iTransformer,64,45.5620002746582,53.77100372314453,2.3125,77.88762664794922,97.92981719970703,77.88762664794922,97.92594146728516,4.844096660614014,20260730
2023-08-10,EV,iTransformer,80,53.77100372314453,53.77100372314453,0.375,118.7580795288086,126.81388854980469,118.49092864990234,126.07453918457031,3.027296781539917,20260730
2023-08-10,EV,iTransformer,84,53.77100372314453,53.77100372314453,0.0,125.07235717773438,122.66592407226562,124.59864044189453,127.17961120605469,1.4993302822113037,20260730
2023-08-10,EV,iTransformer,96,53.77100372314453,53.77100372314453,0.0,129.13394165039062,126.43019104003906,127.7820053100586,127.7820053100586,0.264505535364151,20260730
2023-08-11,EV,iTransformer,32,0.0,0.0,0.0,1.3555163145065308,4.038736343383789,1.2382864952087402,2.777088165283203,0.07681860774755478,20260730
2023-08-11,EV,iTransformer,48,0.0,0.0,0.0,10.239107131958008,25.847625732421875,10.250890731811523,25.847625732421875,1.838193655014038,20260730
2023-08-11,EV,iTransformer,64,5.497000217437744,5.497000217437744,1.1875,50.20735549926758,64.59952545166016,50.87805938720703,64.81381225585938,3.590968132019043,20260730
2023-08-11,EV,iTransformer,80,5.497000217437744,5.497000217437744,0.0,84.72477722167969,88.3030776977539,84.0553970336914,84.27322387695312,2.2652428150177,20260730
2023-08-11,EV,iTransformer,84,5.497000217437744,5.497000217437744,0.0,87.0278549194336,81.62338256835938,85.14348602294922,85.25493621826172,0.5910382270812988,20260730
2023-08-11,EV,iTransformer,96,5.497000217437744,5.497000217437744,0.0,86.87268829345703,84.03126525878906,85.45176696777344,85.45176696777344,0.054520800709724426,20260730
2023-08-12,EV,iTransformer,32,0.0,0.0,0.0,1.544967770576477,2.8112456798553467,1.3005074262619019,2.6883656978607178,0.0733967199921608,20260730
2023-08-12,EV,iTransformer,48,0.0,4.296000003814697,0.5,3.000652313232422,8.929132461547852,9.025751113891602,17.0924015045166,0.9801884889602661,20260730
2023-08-12,EV,iTransformer,64,5.421000003814697,9.717000007629395,1.375,34.05610656738281,43.28610610961914,34.10213088989258,43.32898712158203,2.3546204566955566,20260730
2023-08-12,EV,iTransformer,80,9.717000007629395,9.717000007629395,0.3125,58.69717025756836,60.5850830078125,56.29615783691406,56.41447448730469,1.5343725681304932,20260730
2023-08-12,EV,iTransformer,84,9.717000007629395,9.717000007629395,0.0,59.980709075927734,53.364166259765625,56.86299514770508,56.90910339355469,0.16772447526454926,20260730
2023-08-12,EV,iTransformer,96,9.717000007629395,9.717000007629395,0.0,58.36589431762695,55.786014556884766,57.07594680786133,57.07594680786133,0.03687429800629616,20260730
2023-08-13,EV,iTransformer,32,0.0,0.0,0.0,1.16018807888031,2.352073907852173,0.9516257047653198,2.352073907852173,0.10291031748056412,20260730
2023-08-13,EV,iTransformer,48,0.0,0.0,0.0,4.171420574188232,8.04686164855957,7.062800884246826,13.421792030334473,0.7456096410751343,20260730
2023-08-13,EV,iTransformer,64,5.197999954223633,8.25,0.3125,32.67192077636719,41.79967498779297,32.63533020019531,41.79967498779297,2.015368700027466,20260730
2023-08-13,EV,iTransformer,80,25.750999450683594,27.4010009765625,1.25,58.31209182739258,62.404380798339844,59.95277786254883,61.10982131958008,1.7863715887069702,20260730
2023-08-13,EV,iTransformer,84,27.4010009765625,27.4010009765625,0.25,60.66577911376953,55.90765380859375,61.61756134033203,61.64908218383789,0.33819741010665894,20260730
2023-08-13,EV,iTransformer,96,27.4010009765625,27.4010009765625,0.0,63.35940933227539,60.295372009277344,61.82734298706055,61.82734298706055,0.05387113243341446,20260730
2023-08-14,EV,iTransformer,32,0.0,1.649999976158142,0.03125,0.7885297536849976,3.286421775817871,0.832975447177887,3.2747983932495117,0.14688681066036224,20260730
2023-08-14,EV,iTransformer,48,21.06399917602539,24.10099983215332,1.5,20.887239456176758,35.381065368652344,20.852243423461914,35.226932525634766,2.5241098403930664,20260730
2023-08-14,EV,iTransformer,64,41.26499557495117,41.26499557495117,0.875,57.63893127441406,71.4204330444336,57.76409912109375,71.60932922363281,3.0313785076141357,20260730
2023-08-14,EV,iTransformer,80,41.26499557495117,41.26499557495117,0.0,89.49337005615234,98.11697387695312,90.03150939941406,98.36921691894531,2.371915102005005,20260730
2023-08-14,EV,iTransformer,84,41.26499557495117,41.26499557495117,0.0,97.36139678955078,95.44568634033203,97.75871276855469,99.65580749511719,1.2333065271377563,20260730
2023-08-14,EV,iTransformer,96,41.26499557495117,41.26499557495117,0.0,104.05854034423828,101.86892700195312,102.96360778808594,102.96360778808594,0.3226361572742462,20260730
2023-08-15,EV,iTransformer,32,1.9529999494552612,3.299999952316284,0.0625,0.6419848203659058,5.41163444519043,0.8820418119430542,5.345675945281982,0.18371796607971191,20260730
2023-08-15,EV,iTransformer,48,27.69700050354004,30.003000259399414,1.0625,34.42326354980469,61.9560546875,34.41521453857422,61.9560546875,4.12668514251709,20260730
2023-08-15,EV,iTransformer,64,54.09700012207031,56.40299987792969,1.0,82.45138549804688,102.67447662353516,82.45138549804688,102.56817626953125,4.361349105834961,20260730
2023-08-15,EV,iTransformer,80,57.397003173828125,57.397003173828125,0.125,124.419189453125,136.84609985351562,124.36568450927734,136.76229858398438,3.2634220123291016,20260730
2023-08-15,EV,iTransformer,84,57.397003173828125,57.397003173828125,0.0,134.13571166992188,135.00238037109375,134.58033752441406,138.26358032226562,2.0473716259002686,20260730
2023-08-15,EV,iTransformer,96,57.397003173828125,57.397003173828125,0.0,145.02264404296875,142.42288208007812,143.72325134277344,143.72325134277344,0.543516993522644,20260730
2023-08-16,EV,iTransformer,32,0.0,1.649999976158142,0.03125,0.667056679725647,5.998725891113281,0.8154978156089783,6.002374172210693,0.15746256709098816,20260730
2023-08-16,EV,iTransformer,48,32.1609992980957,57.5469970703125,3.125,36.97749328613281,70.91923522949219,36.97749328613281,70.91923522949219,4.9378180503845215,20260730
2023-08-16,EV,iTransformer,64,83.65299987792969,93.55299377441406,2.75,93.73526000976562,116.2542495727539,93.73526000976562,116.07095336914062,5.283946990966797,20260730
2023-08-16,EV,iTransformer,80,94.55500793457031,94.55500793457031,0.5625,138.25723266601562,150.51089477539062,138.3270721435547,150.46377563476562,3.450576066970825,20260730
2023-08-16,EV,iTransformer,84,94.55500793457031,94.55500793457031,0.0,148.49209594726562,148.37240600585938,147.81369018554688,151.81166076660156,2.134094715118408,20260730
2023-08-16,EV,iTransformer,96,94.55500793457031,94.55500793457031,0.0,157.0604705810547,154.39471435546875,155.7275848388672,155.7275848388672,0.4948318898677826,20260730
2023-08-17,EV,iTransformer,32,0.0,0.0,0.0,1.8715846538543701,6.637216091156006,1.893875241279602,5.706316947937012,0.13456106185913086,20260730
2023-08-17,EV,iTransformer,48,5.326000213623047,33.375999450683594,1.875,30.584705352783203,61.160118103027344,32.167301177978516,61.37438201904297,4.113586902618408,20260730
2023-08-17,EV,iTransformer,64,36.37699890136719,62.777000427246094,2.0,85.27667999267578,107.49777221679688,85.80937194824219,107.63357543945312,5.0564284324646,20260730
2023-08-17,EV,iTransformer,80,62.777000427246094,62.777000427246094,1.0,132.10911560058594,140.33763122558594,132.03810119628906,139.9818878173828,3.2484705448150635,20260730
2023-08-17,EV,iTransformer,84,62.777000427246094,62.777000427246094,0.0,138.26702880859375,135.3987579345703,137.92677307128906,140.7296905517578,1.5176951885223389,20260730
2023-08-17,EV,iTransformer,96,62.777000427246094,62.777000427246094,0.0,142.75523376464844,139.9097442626953,141.33277893066406,141.33277893066406,0.26765745878219604,20260730
2023-08-18,EV,iTransformer,32,0.0,0.0,0.0,1.328890085220337,3.848698854446411,1.1547560691833496,2.570070743560791,0.07149649411439896,20260730
2023-08-18,EV,iTransformer,48,4.329999923706055,10.930000305175781,1.125,12.888866424560547,30.925655364990234,12.890157699584961,30.925655364990234,2.193053960800171,20260730
2023-08-18,EV,iTransformer,64,11.901000022888184,11.901000022888184,0.5625,58.12230682373047,72.88907623291016,58.17357635498047,72.88251495361328,3.8728225231170654,20260730
2023-08-18,EV,iTransformer,80,11.901000022888184,11.901000022888184,0.0,92.1580581665039,96.19205474853516,91.74038696289062,92.3994140625,2.3229143619537354,20260730
2023-08-18,EV,iTransformer,84,11.901000022888184,11.901000022888184,0.0,94.28367614746094,89.15011596679688,92.95953369140625,92.95953369140625,0.6238034963607788,20260730
2023-08-18,EV,iTransformer,96,11.901000022888184,11.901000022888184,0.0,94.60047912597656,91.52825927734375,93.06405639648438,93.06405639648438,0.0587545707821846,20260730
2023-08-19,EV,iTransformer,32,0.0,0.0,0.0,1.7282551527023315,2.8915538787841797,1.4199373722076416,2.7524070739746094,0.07879456132650375,20260730
2023-08-19,EV,iTransformer,48,0.0,0.0,0.0,5.054494380950928,12.849370002746582,10.128227233886719,19.974346160888672,1.2637392282485962,20260730
2023-08-19,EV,iTransformer,64,0.0,1.649999976158142,0.0625,41.081295013427734,51.086421966552734,41.06742858886719,51.038055419921875,2.5655665397644043,20260730
2023-08-19,EV,iTransformer,80,24.80900001525879,28.049999237060547,1.0,68.15104675292969,70.36329650878906,66.29139709472656,66.60626220703125,1.67133367061615,20260730
2023-08-19,EV,iTransformer,84,31.409000396728516,33.058998107910156,1.0,70.15619659423828,63.46696472167969,67.04605102539062,67.04605102539062,0.19391778111457825,20260730
2023-08-19,EV,iTransformer,96,33.058998107910156,33.058998107910156,0.0833333358168602,68.394775390625,66.2592544555664,67.32681274414062,67.32681274414062,0.05120208114385605,20260730
2023-08-20,EV,iTransformer,32,0.0,0.0,0.0,1.0865362882614136,2.0760717391967773,0.8640802502632141,2.074824810028076,0.09938419610261917,20260730
2023-08-20,EV,iTransformer,48,0.0,0.0,0.0,6.683883190155029,10.590283393859863,8.833108901977539,15.124606132507324,0.8364183306694031,20260730
2023-08-20,EV,iTransformer,64,0.0,0.0,0.0,36.89749526977539,45.896453857421875,36.87885665893555,45.88511276245117,2.0398972034454346,20260730
2023-08-20,EV,iTransformer,80,0.0,0.0,0.0,65.85828399658203,70.43971252441406,68.03218841552734,69.63789367675781,2.003302812576294,20260730
2023-08-20,EV,iTransformer,84,0.0,0.0,0.0,68.83592987060547,63.956050872802734,70.17597961425781,70.24417877197266,0.48447299003601074,20260730
2023-08-20,EV,iTransformer,96,0.0,0.0,0.0,72.09344482421875,69.17158508300781,70.63253784179688,70.63253784179688,0.07564383000135422,20260730
2023-08-21,EV,iTransformer,32,0.0,4.949999809265137,0.09375,0.5930701494216919,2.874652862548828,0.6212279796600342,2.8809897899627686,0.13925670087337494,20260730
2023-08-21,EV,iTransformer,48,14.255000114440918,17.55500030517578,1.0,21.70603370666504,37.12637710571289,21.752540588378906,37.12637710571289,2.623284339904785,20260730
2023-08-21,EV,iTransformer,64,17.55500030517578,17.55500030517578,0.125,64.23870849609375,79.28006744384766,64.86669921875,79.54219818115234,3.072946071624756,20260730
2023-08-21,EV,iTransformer,80,17.55500030517578,17.55500030517578,0.0,99.87590789794922,109.80927276611328,101.8902359008789,110.18042755126953,2.535242795944214,20260730
2023-08-21,EV,iTransformer,84,17.55500030517578,17.55500030517578,0.0,109.55658721923828,108.05615997314453,110.40946960449219,112.09519958496094,1.3173092603683472,20260730
2023-08-21,EV,iTransformer,96,17.55500030517578,17.55500030517578,0.0,116.66932678222656,114.34512329101562,115.5067367553711,115.5067367553711,0.32866960763931274,20260730
2023-08-22,EV,iTransformer,32,0.0,0.0,0.0,0.2384924739599228,4.640699863433838,0.5387476086616516,4.640699863433838,0.16276821494102478,20260730
2023-08-22,EV,iTransformer,48,3.1579999923706055,3.1579999923706055,0.4375,33.2522087097168,60.18099594116211,33.2522087097168,60.18099594116211,4.059443950653076,20260730
2023-08-22,EV,iTransformer,64,3.1579999923706055,3.1579999923706055,0.0,81.9014892578125,101.90425109863281,81.88822937011719,101.90425109863281,4.25742769241333,20260730
2023-08-22,EV,iTransformer,80,3.1579999923706055,3.1579999923706055,0.0,125.37263488769531,137.68045043945312,125.34369659423828,137.61264038085938,3.2936720848083496,20260730
2023-08-22,EV,iTransformer,84,3.1579999923706055,3.1579999923706055,0.0,133.76370239257812,134.74288940429688,135.3897247314453,138.6904754638672,2.087031841278076,20260730
2023-08-22,EV,iTransformer,96,3.1579999923706055,3.1579999923706055,0.0,146.70135498046875,142.9333038330078,144.8173828125,144.8173828125,0.5380886793136597,20260730
2023-08-23,EV,iTransformer,32,0.0,0.0,0.0,0.3293510973453522,5.462306022644043,0.546503484249115,5.460978031158447,0.1443132758140564,20260730
2023-08-23,EV,iTransformer,48,2.822000026702881,10.457000732421875,1.5,36.29642868041992,74.05191040039062,36.29642868041992,73.78498077392578,5.110691547393799,20260730
2023-08-23,EV,iTransformer,64,10.457000732421875,15.045000076293945,0.9375,97.66289520263672,119.92889404296875,97.57113647460938,119.83699035644531,5.420497417449951,20260730
2023-08-23,EV,iTransformer,80,26.45600128173828,26.45600128173828,1.0625,142.98655700683594,154.94285583496094,143.09811401367188,155.28521728515625,3.4666926860809326,20260730
2023-08-23,EV,iTransformer,84,26.45600128173828,26.45600128173828,0.0,153.07150268554688,152.6807403564453,152.5680694580078,156.5010528564453,2.1721720695495605,20260730
2023-08-23,EV,iTransformer,96,26.45600128173828,26.45600128173828,0.0,162.4554443359375,159.22288513183594,160.83961486816406,160.83961486816406,0.49303483963012695,20260730
2023-08-24,EV,iTransformer,32,0.0,3.299999952316284,0.0625,1.185791015625,5.490200042724609,1.232237458229065,4.603466033935547,0.11034593731164932,20260730
2023-08-24,EV,iTransformer,48,11.46399974822998,27.964000701904297,1.0,27.193336486816406,57.381622314453125,27.193336486816406,57.381622314453125,3.8935132026672363,20260730
2023-08-24,EV,iTransformer,64,27.964000701904297,34.374000549316406,1.3125,79.7129898071289,101.35730743408203,80.45736694335938,101.35730743408203,4.857353210449219,20260730
2023-08-24,EV,iTransformer,80,34.374000549316406,34.374000549316406,0.3125,124.8101577758789,133.29391479492188,124.66389465332031,133.2172393798828,3.1309401988983154,20260730
2023-08-24,EV,iTransformer,84,36.345001220703125,37.67399978637695,0.5,130.3314208984375,127.92652130126953,130.7573699951172,134.03457641601562,1.5917863845825195,20260730
2023-08-24,EV,iTransformer,96,46.24500274658203,46.24500274658203,0.5,136.41891479492188,132.70260620117188,134.56065368652344,134.56065368652344,0.26518210768699646,20260730
2023-08-25,EV,iTransformer,32,0.0,0.0,0.0,1.2145538330078125,3.78047776222229,0.9712564945220947,2.47986102104187,0.06700649112462997,20260730
2023-08-25,EV,iTransformer,48,4.1020002365112305,12.452000617980957,1.6875,12.031557083129883,28.54520034790039,12.048011779785156,28.54520034790039,2.054344892501831,20260730
2023-08-25,EV,iTransformer,64,12.097000122070312,25.652000427246094,1.875,54.87771224975586,69.6476058959961,54.90385437011719,69.61943817138672,3.788970470428467,20260730
2023-08-25,EV,iTransformer,80,48.99199676513672,50.641998291015625,2.0625,89.32933807373047,93.5303726196289,89.15625762939453,90.31920623779297,2.2646639347076416,20260730
2023-08-25,EV,iTransformer,84,50.641998291015625,50.641998291015625,0.25,91.35205841064453,86.1229019165039,90.8509750366211,90.92172241210938,0.6921847462654114,20260730
2023-08-25,EV,iTransformer,96,50.641998291015625,50.641998291015625,0.0,93.30747985839844,89.86249542236328,91.58499908447266,91.58499908447266,0.0769389346241951,20260730
2023-08-26,EV,iTransformer,32,0.0,0.0,0.0,1.2863457202911377,2.62168550491333,0.9388699531555176,2.483588457107544,0.06717145442962646,20260730
2023-08-26,EV,iTransformer,48,0.0,0.0,0.0,4.4921674728393555,9.468249320983887,8.642184257507324,15.772250175476074,1.0401241779327393,20260730
2023-08-26,EV,iTransformer,64,8.35200023651123,8.35200023651123,0.5,36.30209732055664,47.08794403076172,36.41908264160156,47.25856399536133,2.539304256439209,20260730
2023-08-26,EV,iTransformer,80,8.35200023651123,8.35200023651123,0.0,67.01455688476562,69.77947998046875,65.75382232666016,66.1612777709961,1.8425867557525635,20260730
2023-08-26,EV,iTransformer,84,8.35200023651123,8.35200023651123,0.0,68.13990783691406,61.793731689453125,66.66016387939453,66.73860168457031,0.28370630741119385,20260730
2023-08-26,EV,iTransformer,96,8.35200023651123,8.35200023651123,0.0,69.12966918945312,65.92134857177734,67.52544403076172,67.52544403076172,0.07790279388427734,20260730
2023-08-27,EV,iTransformer,32,0.0,0.0,0.0,0.9114584922790527,2.0812137126922607,0.6530013084411621,2.095303535461426,0.09925106912851334,20260730
2023-08-27,EV,iTransformer,48,15.612000465393066,19.799999237060547,0.75,5.901601314544678,8.995882034301758,7.3259429931640625,12.689651489257812,0.8916447758674622,20260730
2023-08-27,EV,iTransformer,64,39.31399917602539,39.31399917602539,0.9375,35.96025085449219,45.03069305419922,36.0015754699707,45.031429290771484,2.019676923751831,20260730
2023-08-27,EV,iTransformer,80,44.54800033569336,44.54800033569336,0.6875,64.9050521850586,69.64663696289062,67.47674560546875,69.26961517333984,1.8778955936431885,20260730
2023-08-27,EV,iTransformer,84,44.54800033569336,44.54800033569336,0.0,67.44847106933594,63.01390075683594,69.93457794189453,70.00179290771484,0.5013217329978943,20260730
2023-08-27,EV,iTransformer,96,44.54800033569336,44.54800033569336,0.0,72.3920669555664,69.041259765625,70.71533966064453,70.71533966064453,0.0796654224395752,20260730
2023-08-28,EV,iTransformer,32,0.0,0.0,0.0,0.5915871858596802,3.179243326187134,0.6338058710098267,3.1935184001922607,0.1448979526758194,20260730
2023-08-28,EV,iTransformer,48,42.83799743652344,55.73099899291992,2.4375,21.050865173339844,35.55868911743164,21.050865173339844,35.53229522705078,2.4625966548919678,20260730
2023-08-28,EV,iTransformer,64,97.28800201416016,97.28800201416016,2.0625,62.08696746826172,76.60362243652344,62.01234436035156,76.3611831665039,3.054466962814331,20260730
2023-08-28,EV,iTransformer,80,105.98500061035156,105.98500061035156,0.375,98.66065216064453,108.4117431640625,99.75296020507812,108.31132507324219,2.594212532043457,20260730
2023-08-28,EV,iTransformer,84,105.98500061035156,105.98500061035156,0.0,106.5896987915039,104.9773941040039,107.96285247802734,109.46633911132812,1.3866747617721558,20260730
2023-08-28,EV,iTransformer,96,105.98500061035156,105.98500061035156,0.0,115.33894348144531,112.3834228515625,113.86131286621094,113.86131286621094,0.37628236413002014,20260730
2023-08-29,EV,iTransformer,32,2.5190000534057617,4.949999809265137,0.09375,0.3560912609100342,4.865112781524658,0.7033582329750061,4.857370376586914,0.16990691423416138,20260730
2023-08-29,EV,iTransformer,48,22.319000244140625,22.319000244140625,0.75,35.17133712768555,63.267234802246094,35.17133712768555,63.267234802246094,4.198652267456055,20260730
2023-08-29,EV,iTransformer,64,22.319000244140625,22.319000244140625,0.0,86.72177124023438,107.7047119140625,86.72177124023438,107.7047119140625,4.465658187866211,20260730
2023-08-29,EV,iTransformer,80,22.319000244140625,22.319000244140625,0.0,132.94346618652344,145.791015625,132.97938537597656,145.7457733154297,3.4237003326416016,20260730
2023-08-29,EV,iTransformer,84,22.319000244140625,22.319000244140625,0.0,142.81832885742188,144.08499145507812,144.20501708984375,147.5775146484375,2.2166991233825684,20260730
2023-08-29,EV,iTransformer,96,22.319000244140625,22.319000244140625,0.0,156.2912139892578,152.97091674804688,154.6314239501953,154.6314239501953,0.6040278673171997,20260730
2023-08-30,EV,iTransformer,32,0.0,0.0,0.0,0.20897740125656128,5.304846286773682,0.44854220747947693,5.302361488342285,0.14096736907958984,20260730
2023-08-30,EV,iTransformer,48,0.0,4.2179999351501465,0.625,37.894351959228516,74.50212097167969,37.97701644897461,74.50212097167969,5.1997551918029785,20260730
2023-08-30,EV,iTransformer,64,4.2179999351501465,5.711999893188477,1.6875,102.33422088623047,127.15923309326172,102.33422088623047,126.96598052978516,5.66112756729126,20260730
2023-08-30,EV,iTransformer,80,25.583999633789062,25.583999633789062,1.0625,152.77108764648438,165.95127868652344,153.08489990234375,166.22610473632812,3.783952474594116,20260730
2023-08-30,EV,iTransformer,84,25.583999633789062,25.583999633789062,0.0,165.61456298828125,165.0514678955078,163.68154907226562,167.59442138671875,2.253048896789551,20260730
2023-08-30,EV,iTransformer,96,25.583999633789062,25.583999633789062,0.0,173.4126739501953,171.30763244628906,172.36021423339844,172.36021423339844,0.5228185057640076,20260730
2023-08-31,EV,iTransformer,32,2.924999952316284,4.949999809265137,0.09375,1.0575976371765137,5.902688026428223,1.0871866941452026,4.9999308586120605,0.1228092685341835,20260730
2023-08-31,EV,iTransformer,48,19.424999237060547,19.424999237060547,0.625,29.397146224975586,60.02247619628906,29.397146224975586,60.02247619628906,4.035609722137451,20260730
2023-08-31,EV,iTransformer,64,19.424999237060547,24.875999450683594,0.5,84.09510040283203,106.8160400390625,84.28264617919922,106.95027160644531,5.136028289794922,20260730
2023-08-31,EV,iTransformer,80,30.01799964904785,30.01799964904785,0.8125,131.0166778564453,140.11192321777344,131.35426330566406,140.6059112548828,3.3391597270965576,20260730
2023-08-31,EV,iTransformer,84,30.01799964904785,30.01799964904785,0.0,138.10816955566406,135.7395782470703,138.2954864501953,141.5377197265625,1.6620484590530396,20260730
2023-08-31,EV,iTransformer,96,30.01799964904785,30.01799964904785,0.0,144.39208984375,141.56532287597656,142.97866821289062,142.97866821289062,0.3218093812465668,20260730
2023-09-01,EV,iTransformer,32,0.0,0.0,0.0,1.2220333814620972,3.6930034160614014,0.9578074216842651,2.3947699069976807,0.06458324193954468,20260730
2023-09-01,EV,iTransformer,48,17.350000381469727,19.799999237060547,0.75,14.575703620910645,30.93636703491211,14.575703620910645,30.90218734741211,2.246286153793335,20260730
2023-09-01,EV,iTransformer,64,25.600000381469727,25.600000381469727,0.3125,59.03050994873047,73.32290649414062,58.83035659790039,73.12947082519531,3.8981196880340576,20260730
2023-09-01,EV,iTransformer,80,25.600000381469727,25.600000381469727,0.0,98.08565521240234,102.78540802001953,97.75484466552734,99.78841400146484,2.643270969390869,20260730
2023-09-01,EV,iTransformer,84,25.600000381469727,25.600000381469727,0.0,101.3782730102539,96.06067657470703,100.44902038574219,100.4769515991211,0.7657272815704346,20260730
2023-09-01,EV,iTransformer,96,25.600000381469727,25.600000381469727,0.0,102.44306182861328,99.5243911743164,100.98316955566406,100.98316955566406,0.07903360575437546,20260730
2023-09-02,EV,iTransformer,32,0.0,0.0,0.0,1.7959303855895996,3.0837976932525635,1.3904601335525513,2.871267557144165,0.07556140422821045,20260730
2023-09-02,EV,iTransformer,48,0.0,0.0,0.0,8.295842170715332,14.308833122253418,12.353093147277832,19.6643009185791,1.050743818283081,20260730
2023-09-02,EV,iTransformer,64,0.0,0.0,0.0,42.8596076965332,53.517234802246094,42.79256057739258,53.517234802246094,2.5105552673339844,20260730
2023-09-02,EV,iTransformer,80,0.0,0.0,0.0,75.11626434326172,77.75999450683594,74.45771026611328,74.68742370605469,1.8573986291885376,20260730
2023-09-02,EV,iTransformer,84,0.0,0.0,0.0,76.68404388427734,70.33612823486328,75.35717010498047,75.3844223022461,0.2827823758125305,20260730
2023-09-02,EV,iTransformer,96,0.0,0.0,0.0,77.32572174072266,74.40867614746094,75.86717987060547,75.86717987060547,0.06748513132333755,20260730
2023-09-03,EV,iTransformer,32,0.0,0.0,0.0,0.846965491771698,1.7911478281021118,0.5416943430900574,1.7956717014312744,0.08970792591571808,20260730
2023-09-03,EV,iTransformer,48,0.0,0.0,0.0,7.867698669433594,10.588608741760254,8.658403396606445,13.54608154296875,0.7662804126739502,20260730
2023-09-03,EV,iTransformer,64,0.0,0.0,0.0,36.83363723754883,46.80575180053711,36.82870864868164,46.80575180053711,2.0296027660369873,20260730
2023-09-03,EV,iTransformer,80,5.257999897003174,5.257999897003174,0.6875,69.7502212524414,74.88199615478516,72.7417221069336,74.87022399902344,2.143874406814575,20260730
2023-09-03,EV,iTransformer,84,5.257999897003174,5.257999897003174,0.0,73.08476257324219,68.4765396118164,75.2296142578125,75.36968994140625,0.529613733291626,20260730
2023-09-03,EV,iTransformer,96,5.257999897003174,5.257999897003174,0.0,77.33354949951172,74.12510681152344,75.72911071777344,75.72911071777344,0.0617344044148922,20260730
2023-09-04,EV,iTransformer,32,0.0,0.0,0.0,0.21914073824882507,2.4584977626800537,0.35428696870803833,2.4584977626800537,0.12504428625106812,20260730
2023-09-04,EV,iTransformer,48,0.0,0.0,0.0,21.34202766418457,35.12803268432617,21.34202766418457,35.12803268432617,2.250227928161621,20260730
2023-09-04,EV,iTransformer,64,0.0,0.0,0.0,60.331512451171875,74.13591003417969,60.34016036987305,74.16455841064453,2.952103853225708,20260730
2023-09-04,EV,iTransformer,80,5.604000091552734,5.604000091552734,0.25,98.15016174316406,107.8615951538086,99.63447570800781,107.91436004638672,2.646620035171509,20260730
2023-09-04,EV,iTransformer,84,5.604000091552734,5.604000091552734,0.0,105.35218048095703,103.47616577148438,107.79547119140625,108.98758697509766,1.3660482168197632,20260730
2023-09-04,EV,iTransformer,96,5.604000091552734,5.604000091552734,0.0,115.24442291259766,111.72376251220703,113.48468017578125,113.48468017578125,0.33514532446861267,20260730
2023-09-05,EV,iTransformer,32,0.9459999799728394,3.299999952316284,0.0625,0.09046027064323425,4.2822394371032715,1.1227772235870361,4.130733013153076,0.1431185007095337,20260730
2023-09-05,EV,iTransformer,48,19.09600067138672,32.05500030517578,1.3125,34.23834991455078,60.85012435913086,36.016197204589844,61.5754280090332,3.9042890071868896,20260730
2023-09-05,EV,iTransformer,64,28.755001068115234,34.91699981689453,1.375,81.8027572631836,101.89701080322266,83.36278533935547,103.5233383178711,4.156731128692627,20260730
2023-09-05,EV,iTransformer,80,34.91699981689453,34.91699981689453,0.25,130.60733032226562,143.96060180664062,130.1949005126953,143.16116333007812,3.392174005508423,20260730
2023-09-05,EV,iTransformer,84,34.91699981689453,34.91699981689453,0.0,139.4175567626953,141.17208862304688,141.23204040527344,144.2217559814453,2.080138921737671,20260730
2023-09-05,EV,iTransformer,96,34.91699981689453,34.91699981689453,0.0,153.2844696044922,149.2451934814453,150.74790954589844,150.74790954589844,0.5316944718360901,20260730
2023-09-06,EV,iTransformer,32,0.0,0.0,0.0,0.4210871160030365,5.558568000793457,0.953097939491272,5.557838439941406,0.1451074481010437,20260730
2023-09-06,EV,iTransformer,48,11.413000106811523,19.345001220703125,1.5,37.83092498779297,71.89476013183594,39.65277862548828,73.02959442138672,4.850315570831299,20260730
2023-09-06,EV,iTransformer,64,27.45800018310547,27.45800018310547,0.75,92.84817504882812,115.51937866210938,94.5372085571289,117.0563735961914,5.282680034637451,20260730
2023-09-06,EV,iTransformer,80,45.625,45.625,0.75,145.20628356933594,158.2986602783203,145.394287109375,158.34649658203125,3.6875782012939453,20260730
2023-09-06,EV,iTransformer,84,45.625,45.625,0.0,154.6636199951172,155.60775756835938,155.66201782226562,159.47897338867188,2.254699468612671,20260730
2023-09-06,EV,iTransformer,96,45.625,45.625,0.0,166.80445861816406,162.88665771484375,164.84559631347656,164.84559631347656,0.5255914926528931,20260730
2023-09-07,EV,iTransformer,32,0.0,0.0,0.0,1.3059961795806885,6.023925304412842,1.3406896591186523,5.091965675354004,0.1276930570602417,20260730
2023-09-07,EV,iTransformer,48,32.8129997253418,40.49800109863281,2.0625,28.861053466796875,57.95204162597656,29.327388763427734,57.95204162597656,3.8359007835388184,20260730
2023-09-07,EV,iTransformer,64,38.847999572753906,46.33100128173828,1.875,80.41888427734375,101.1168212890625,80.8655776977539,101.2829818725586,4.891760349273682,20260730
2023-09-07,EV,iTransformer,80,52.5150032043457,52.5150032043457,1.1875,129.48941040039062,138.83143615722656,129.47471618652344,138.77474975585938,3.325124502182007,20260730
2023-09-07,EV,iTransformer,84,52.5150032043457,52.5150032043457,0.0,136.08575439453125,133.60411071777344,136.46923828125,139.76834106445312,1.65749990940094,20260730
2023-09-07,EV,iTransformer,96,52.5150032043457,52.5150032043457,0.0,143.10623168945312,139.70899963378906,141.40736389160156,141.40736389160156,0.31915244460105896,20260730
2023-09-08,EV,iTransformer,32,0.0,0.0,0.0,1.00397789478302,3.047701835632324,0.6699516177177429,1.724611759185791,0.04732077568769455,20260730
2023-09-08,EV,iTransformer,48,0.0,6.215000152587891,0.375,14.24819564819336,29.118114471435547,14.265449523925781,29.089962005615234,1.9969902038574219,20260730
2023-09-08,EV,iTransformer,64,6.215000152587891,6.215000152587891,0.3125,55.22258377075195,69.72022247314453,55.268043518066406,69.75428771972656,3.6283559799194336,20260730
2023-09-08,EV,iTransformer,80,6.215000152587891,6.215000152587891,0.0,94.34813690185547,99.26264190673828,94.04582214355469,96.61890411376953,2.5578794479370117,20260730
2023-09-08,EV,iTransformer,84,6.215000152587891,6.215000152587891,0.0,97.14495086669922,91.75639343261719,97.26691436767578,97.27800750732422,0.737998366355896,20260730
2023-09-08,EV,iTransformer,96,6.215000152587891,6.215000152587891,0.0,99.34847259521484,95.91187286376953,97.62983703613281,97.62983703613281,0.06027841567993164,20260730
2023-09-09,EV,iTransformer,32,0.0,0.0,0.0,1.3846278190612793,2.2616918087005615,0.899333655834198,2.088052272796631,0.06183651462197304,20260730
2023-09-09,EV,iTransformer,48,2.940000057220459,2.940000057220459,0.375,6.600219249725342,10.773571014404297,9.520540237426758,15.513006210327148,0.8540703654289246,20260730
2023-09-09,EV,iTransformer,64,10.229000091552734,11.878999710083008,0.375,38.20267105102539,48.514984130859375,38.292293548583984,48.514984130859375,2.33321475982666,20260730
2023-09-09,EV,iTransformer,80,14.732999801635742,14.732999801635742,0.1875,70.5021743774414,73.8598861694336,70.62821960449219,71.22532653808594,1.8879127502441406,20260730
2023-09-09,EV,iTransformer,84,14.732999801635742,14.732999801635742,0.0,73.22687530517578,67.14602661132812,71.69341278076172,71.73639678955078,0.2986491322517395,20260730
2023-09-09,EV,iTransformer,96,14.732999801635742,14.732999801635742,0.0,73.58226013183594,70.86234283447266,72.22232055664062,72.22232055664062,0.06523610651493073,20260730
2023-09-10,EV,iTransformer,32,3.1419999599456787,3.1419999599456787,0.125,0.8068060278892517,1.208747386932373,0.43050938844680786,1.208747386932373,0.07580836117267609,20260730
2023-09-10,EV,iTransformer,48,3.1419999599456787,3.1419999599456787,0.0,9.26267147064209,12.61108684539795,9.245747566223145,14.735508918762207,0.8560832738876343,20260730
2023-09-10,EV,iTransformer,64,3.1419999599456787,3.1419999599456787,0.0,40.188663482666016,50.3180046081543,40.265926361083984,50.3180046081543,1.9548364877700806,20260730
2023-09-10,EV,iTransformer,80,8.602999687194824,8.602999687194824,0.625,73.35309600830078,79.0066909790039,76.83837890625,79.08148956298828,2.074798107147217,20260730
2023-09-10,EV,iTransformer,84,8.602999687194824,8.602999687194824,0.0,77.91084289550781,73.31779479980469,79.81877136230469,79.92069244384766,0.5455633401870728,20260730
2023-09-10,EV,iTransformer,96,8.602999687194824,8.602999687194824,0.0,81.83372497558594,79.08560180664062,80.45967102050781,80.45967102050781,0.07466234266757965,20260730
2023-09-11,EV,iTransformer,32,0.5879999995231628,1.649999976158142,0.03125,0.46665844321250916,2.6499545574188232,0.5719025731086731,2.645718574523926,0.13360486924648285,20260730
2023-09-11,EV,iTransformer,48,15.145000457763672,23.39900016784668,2.0,23.78230094909668,36.809181213378906,24.254140853881836,36.94413757324219,2.3014369010925293,20260730
2023-09-11,EV,iTransformer,64,24.174999237060547,29.128999710083008,1.875,64.20628356933594,78.51065063476562,64.6759033203125,78.68257141113281,2.8601648807525635,20260730
2023-09-11,EV,iTransformer,80,33.66699981689453,33.66699981689453,0.875,103.58877563476562,113.72100067138672,105.089599609375,113.60102844238281,2.6214632987976074,20260730
2023-09-11,EV,iTransformer,84,33.66699981689453,33.66699981689453,0.0,112.8363037109375,111.26629638671875,113.90203857421875,114.85008239746094,1.3816442489624023,20260730
2023-09-11,EV,iTransformer,96,33.66699981689453,33.66699981689453,0.0,120.89088439941406,118.82413482666016,119.85752868652344,119.85752868652344,0.35921862721443176,20260730
2023-09-12,EV,iTransformer,32,0.0,4.949999809265137,0.09375,0.8322451710700989,5.363692760467529,1.2918870449066162,5.353873252868652,0.17719988524913788,20260730
2023-09-12,EV,iTransformer,48,0.0,12.61299991607666,2.0,37.854618072509766,66.46592712402344,40.52098083496094,67.29523468017578,4.261645317077637,20260730
2023-09-12,EV,iTransformer,64,8.376999855041504,18.39099884033203,1.875,89.82439422607422,111.17591857910156,90.68441772460938,111.26669311523438,4.305057048797607,20260730
2023-09-12,EV,iTransformer,80,27.99199867248535,27.99199867248535,1.875,139.8217315673828,153.12643432617188,139.78369140625,153.1002655029297,3.490607738494873,20260730
2023-09-12,EV,iTransformer,84,27.99199867248535,27.99199867248535,0.0,148.05584716796875,149.9527130126953,150.88021850585938,153.69436645507812,2.168333053588867,20260730
2023-09-12,EV,iTransformer,96,27.99199867248535,27.99199867248535,0.0,163.3148956298828,158.79632568359375,161.0560302734375,161.0560302734375,0.5559199452400208,20260730
2023-09-13,EV,iTransformer,32,0.0,0.0,0.0,0.25374990701675415,5.347537517547607,0.5821998119354248,5.341993808746338,0.14268623292446136,20260730
2023-09-13,EV,iTransformer,48,6.0289998054504395,9.81399917602539,0.875,37.54581832885742,74.46806335449219,37.54581832885742,74.46806335449219,5.261988162994385,20260730
2023-09-13,EV,iTransformer,64,10.979000091552734,10.979000091552734,0.1875,95.1213607788086,118.97242736816406,95.1213607788086,118.97242736816406,5.57452392578125,20260730
2023-09-13,EV,iTransformer,80,12.177999496459961,12.177999496459961,0.125,150.54661560058594,163.81576538085938,150.56407165527344,163.95932006835938,3.966822862625122,20260730
2023-09-13,EV,iTransformer,84,12.177999496459961,12.177999496459961,0.0,160.806640625,161.52281188964844,161.2515106201172,164.9139862060547,2.2899036407470703,20260730
2023-09-13,EV,iTransformer,96,12.177999496459961,12.177999496459961,0.0,172.2418975830078,169.00341796875,170.6227264404297,170.6227264404297,0.5286133885383606,20260730
2023-09-14,EV,iTransformer,32,0.0,0.0,0.0,0.7701510190963745,4.92995023727417,0.8214085698127747,4.002372741699219,0.09543818980455399,20260730
2023-09-14,EV,iTransformer,48,0.0,0.0,0.0,29.510305404663086,58.257720947265625,29.510305404663086,58.257720947265625,3.9365315437316895,20260730
2023-09-14,EV,iTransformer,64,2.309999942779541,2.309999942779541,0.125,80.02796936035156,101.79923248291016,80.02796936035156,101.79923248291016,4.934221267700195,20260730
2023-09-14,EV,iTransformer,80,2.309999942779541,2.309999942779541,0.0,129.35736083984375,138.80809020996094,129.32876586914062,138.79664611816406,3.5342118740081787,20260730
2023-09-14,EV,iTransformer,84,2.309999942779541,2.309999942779541,0.0,136.36587524414062,134.3842010498047,136.76658630371094,139.86033630371094,1.6733152866363525,20260730
2023-09-14,EV,iTransformer,96,2.309999942779541,2.309999942779541,0.0,143.32188415527344,140.09336853027344,141.70761108398438,141.70761108398438,0.3068574070930481,20260730
2023-09-15,EV,iTransformer,32,0.0,0.0,0.0,1.1392686367034912,3.394691228866577,0.7482401728630066,2.0549213886260986,0.060050103813409805,20260730
2023-09-15,EV,iTransformer,48,0.0,5.942999839782715,0.625,15.585182189941406,30.68364906311035,15.585969924926758,30.68254280090332,2.091379404067993,20260730
2023-09-15,EV,iTransformer,64,5.942999839782715,5.942999839782715,0.4375,56.49477005004883,70.81026458740234,56.44839859008789,70.76034545898438,3.5170886516571045,20260730
2023-09-15,EV,iTransformer,80,5.942999839782715,5.942999839782715,0.0,95.76313018798828,101.12088775634766,95.47370147705078,99.04362487792969,2.5368118286132812,20260730
2023-09-15,EV,iTransformer,84,5.942999839782715,5.942999839782715,0.0,99.96768951416016,94.70840454101562,99.69590759277344,99.70368957519531,0.7976364493370056,20260730
2023-09-15,EV,iTransformer,96,5.942999839782715,5.942999839782715,0.0,101.44708251953125,98.58729553222656,100.01781463623047,100.01781463623047,0.05738423392176628,20260730
2023-09-16,EV,iTransformer,32,0.0,0.0,0.0,1.2404941320419312,2.00390625,0.7300544381141663,1.8293675184249878,0.05193810537457466,20260730
2023-09-16,EV,iTransformer,48,0.0,0.0,0.0,6.135879993438721,8.907302856445312,8.100750923156738,12.36832332611084,0.7934216260910034,20260730
2023-09-16,EV,iTransformer,64,0.0,0.0,0.0,36.596534729003906,46.36159133911133,36.63162612915039,46.459014892578125,2.2031843662261963,20260730
2023-09-16,EV,iTransformer,80,0.0,0.0,0.0,69.2907943725586,72.91828155517578,69.70402526855469,70.55673217773438,1.9011112451553345,20260730
2023-09-16,EV,iTransformer,84,0.0,0.0,0.0,71.32994079589844,65.44425964355469,70.94861602783203,70.96903228759766,0.3219272196292877,20260730
2023-09-16,EV,iTransformer,96,0.0,0.0,0.0,73.07808685302734,69.98371124267578,71.5307388305664,71.5307388305664,0.058423206210136414,20260730
2023-09-17,EV,iTransformer,32,0.0,0.0,0.0,1.0360862016677856,1.6782991886138916,0.5871824026107788,1.7239614725112915,0.09056052565574646,20260730
2023-09-17,EV,iTransformer,48,0.0,0.0,0.0,7.199062824249268,9.773274421691895,6.423615455627441,10.935103416442871,0.7428614497184753,20260730
2023-09-17,EV,iTransformer,64,0.0,0.0,0.0,35.648555755615234,45.39726257324219,35.69520568847656,45.443992614746094,1.8485760688781738,20260730
2023-09-17,EV,iTransformer,80,19.96299934387207,23.738000869750977,0.9375,68.17793273925781,74.02864837646484,71.60295104980469,73.93709564208984,2.088839530944824,20260730
2023-09-17,EV,iTransformer,84,26.562999725341797,30.33799934387207,1.0,72.40705871582031,68.3069839477539,74.7746353149414,74.78972625732422,0.5425076484680176,20260730
2023-09-17,EV,iTransformer,96,43.06300354003906,43.06300354003906,0.8333333134651184,77.30609130859375,74.3414535522461,75.82373046875,75.82373046875,0.08840577304363251,20260730
2023-09-18,EV,iTransformer,32,0.0,0.0,0.0,0.5681751370429993,2.8631796836853027,0.7071118354797363,2.840766191482544,0.13464154303073883,20260730
2023-09-18,EV,iTransformer,48,0.0,4.401000022888184,0.625,22.237546920776367,36.271358489990234,22.264251708984375,36.271358489990234,2.37180757522583,20260730
2023-09-18,EV,iTransformer,64,4.401000022888184,4.401000022888184,0.4375,59.38862991333008,74.08228302001953,59.38862991333008,74.08336639404297,2.770075798034668,20260730
2023-09-18,EV,iTransformer,80,6.171000003814697,14.300999641418457,0.375,98.81787872314453,109.3248291015625,100.61454010009766,109.48189544677734,2.6995763778686523,20260730
2023-09-18,EV,iTransformer,84,12.770999908447266,16.070999145507812,1.0,107.93158721923828,106.8073501586914,109.38277435302734,110.28092193603516,1.4349250793457031,20260730
2023-09-18,EV,iTransformer,96,17.8439998626709,17.8439998626709,0.4166666865348816,117.89122772216797,114.5704116821289,116.230712890625,116.230712890625,0.39107879996299744,20260730
2023-09-19,EV,iTransformer,32,0.0,0.0,0.0,-0.0032986924052238464,4.016991138458252,0.47395598888397217,4.008462429046631,0.1455303281545639,20260730
2023-09-19,EV,iTransformer,48,18.121000289916992,22.28999900817871,1.0625,33.10205078125,60.021453857421875,33.10205078125,60.021453857421875,4.030486106872559,20260730
2023-09-19,EV,iTransformer,64,39.57099914550781,39.57099914550781,0.8125,79.97249603271484,99.87609100341797,79.97249603271484,99.9803695678711,4.142187595367432,20260730
2023-09-19,EV,iTransformer,80,39.57099914550781,39.57099914550781,0.0,128.06466674804688,142.50091552734375,128.19424438476562,142.5075225830078,3.530214548110962,20260730
2023-09-19,EV,iTransformer,84,39.57099914550781,39.57099914550781,0.0,138.83462524414062,140.7452392578125,140.82737731933594,143.52035522460938,2.2409517765045166,20260730
2023-09-19,EV,iTransformer,96,39.57099914550781,39.57099914550781,0.0,153.79156494140625,150.0528564453125,151.92269897460938,151.92269897460938,0.6011000871658325,20260730
2023-09-20,EV,iTransformer,32,0.0,0.0,0.0,-0.08808574825525284,4.381439685821533,0.29932332038879395,4.361511707305908,0.11446244269609451,20260730
2023-09-20,EV,iTransformer,48,8.416999816894531,10.910999298095703,0.625,36.655277252197266,69.90493774414062,36.655277252197266,69.90493774414062,4.9394426345825195,20260730
2023-09-20,EV,iTransformer,64,34.91600036621094,34.91600036621094,1.3125,90.84283447265625,113.6567153930664,90.84283447265625,113.6567153930664,5.074095249176025,20260730
2023-09-20,EV,iTransformer,80,34.91600036621094,34.91600036621094,0.0,143.38613891601562,157.79637145996094,143.82333374023438,157.80714416503906,3.8307156562805176,20260730
2023-09-20,EV,iTransformer,84,34.91600036621094,34.91600036621094,0.0,154.8412628173828,156.19586181640625,155.781982421875,159.18019104003906,2.376392364501953,20260730
2023-09-20,EV,iTransformer,96,34.91600036621094,34.91600036621094,0.0,167.4647674560547,164.1964111328125,165.8306884765625,165.8306884765625,0.580371618270874,20260730
2023-09-21,EV,iTransformer,32,1.4249999523162842,4.949999809265137,0.09375,0.7489181160926819,4.794575214385986,0.7718325257301331,3.8598413467407227,0.09458503872156143,20260730
2023-09-21,EV,iTransformer,48,24.524999618530273,24.524999618530273,0.875,29.004133224487305,55.96272277832031,29.004133224487305,55.96272277832031,3.7778213024139404,20260730
2023-09-21,EV,iTransformer,64,25.850000381469727,25.850000381469727,0.0625,79.75375366210938,99.9413833618164,79.75375366210938,99.95142364501953,4.7953200340271,20260730
2023-09-21,EV,iTransformer,80,32.018001556396484,32.018001556396484,0.4375,127.9551773071289,138.51690673828125,128.06651306152344,138.50975036621094,3.3652124404907227,20260730
2023-09-21,EV,iTransformer,84,32.018001556396484,32.018001556396484,0.0,136.22500610351562,134.99578857421875,136.51150512695312,139.82003784179688,1.7953171730041504,20260730
2023-09-21,EV,iTransformer,96,32.018001556396484,32.018001556396484,0.0,144.3933563232422,141.26434326171875,142.82894897460938,142.82894897460938,0.3913149833679199,20260730
2023-09-22,EV,iTransformer,32,0.2199999988079071,3.299999952316284,0.0625,1.037465214729309,2.933001756668091,0.5947696566581726,1.589810848236084,0.04536381736397743,20260730
2023-09-22,EV,iTransformer,48,23.31999969482422,23.31999969482422,0.875,14.323185920715332,27.933393478393555,14.323185920715332,27.902557373046875,2.025628089904785,20260730
2023-09-22,EV,iTransformer,64,23.31999969482422,23.31999969482422,0.0,56.42382049560547,70.40296936035156,56.42382049560547,70.40296936035156,3.519975423812866,20260730
2023-09-22,EV,iTransformer,80,24.124000549316406,24.124000549316406,0.0625,96.0616226196289,102.31715393066406,96.18102264404297,100.77552795410156,2.51434326171875,20260730
2023-09-22,EV,iTransformer,84,24.124000549316406,24.124000549316406,0.0,100.71531677246094,96.36479187011719,101.14994812011719,101.4936294555664,0.887707531452179,20260730
2023-09-22,EV,iTransformer,96,24.124000549316406,24.124000549316406,0.0,103.457275390625,100.72201538085938,102.09013366699219,102.09013366699219,0.09269596636295319,20260730
2023-09-23,EV,iTransformer,32,0.0,0.0,0.0,1.3040488958358765,1.9073941707611084,0.7306163907051086,1.7361094951629639,0.046626701951026917,20260730
2023-09-23,EV,iTransformer,48,0.0,0.0,0.0,6.087389945983887,7.891433238983154,7.500508785247803,10.783149719238281,0.5767707824707031,20260730
2023-09-23,EV,iTransformer,64,0.0,0.0,0.0,37.05867004394531,46.06412124633789,37.081748962402344,46.06412124633789,2.0721676349639893,20260730
2023-09-23,EV,iTransformer,80,0.0,0.0,0.0,67.34818267822266,71.75416564941406,68.74949645996094,70.2519302368164,1.7694636583328247,20260730
2023-09-23,EV,iTransformer,84,0.0,0.0,0.0,71.1510009765625,65.5038070678711,70.38477325439453,70.56810760498047,0.33492884039878845,20260730
2023-09-23,EV,iTransformer,96,0.0,0.0,0.0,72.10672760009766,69.47014617919922,70.78855895996094,70.78855895996094,0.06283968687057495,20260730
2023-09-24,EV,iTransformer,32,0.0,0.0,0.0,0.9098542332649231,1.289412260055542,0.6236969232559204,1.4064686298370361,0.07922706753015518,20260730
2023-09-24,EV,iTransformer,48,0.0,0.0,0.0,10.131509780883789,12.151815414428711,10.745936393737793,13.396329879760742,0.6893123388290405,20260730
2023-09-24,EV,iTransformer,64,11.263999938964844,11.263999938964844,0.5,41.934391021728516,51.20507049560547,43.2915153503418,52.35720443725586,1.76781165599823,20260730
2023-09-24,EV,iTransformer,80,30.326000213623047,30.326000213623047,0.75,74.88179016113281,81.82673645019531,79.57215118408203,82.39994812011719,1.9055176973342896,20260730
2023-09-24,EV,iTransformer,84,30.326000213623047,30.326000213623047,0.0,80.98539733886719,77.150634765625,83.49348449707031,83.50508117675781,0.6262357831001282,20260730
2023-09-24,EV,iTransformer,96,30.326000213623047,30.326000213623047,0.0,86.53659057617188,83.9495849609375,85.24334716796875,85.24334716796875,0.12368127703666687,20260730
2023-09-25,EV,iTransformer,32,0.0,0.0,0.0,0.3884853422641754,2.4932196140289307,0.5303347110748291,2.4932196140289307,0.1255379319190979,20260730
2023-09-25,EV,iTransformer,48,0.0,4.949999809265137,0.1875,22.89238739013672,35.27493667602539,22.89238739013672,35.27493667602539,2.3098552227020264,20260730
2023-09-25,EV,iTransformer,64,27.452999114990234,30.588998794555664,2.1875,60.779998779296875,75.36141967773438,60.779998779296875,75.32113647460938,2.8096864223480225,20260730
2023-09-25,EV,iTransformer,80,38.21699905395508,38.21699905395508,0.6875,101.08214569091797,112.62906646728516,102.90364074707031,112.5804672241211,2.7310855388641357,20260730
2023-09-25,EV,iTransformer,84,38.21699905395508,38.21699905395508,0.0,111.4603042602539,110.69194793701172,112.83150482177734,113.63188934326172,1.518842101097107,20260730
2023-09-25,EV,iTransformer,96,38.21699905395508,38.21699905395508,0.0,121.20409393310547,118.64274597167969,119.92356872558594,119.92356872558594,0.42789164185523987,20260730
2023-09-26,EV,iTransformer,32,0.7059999704360962,0.7059999704360962,0.3125,0.2294865995645523,4.297616004943848,0.7217569351196289,4.297616004943848,0.14764943718910217,20260730
2023-09-26,EV,iTransformer,48,0.7059999704360962,15.610000610351562,0.875,34.59682083129883,59.97393035888672,34.59682083129883,59.97393035888672,3.8843867778778076,20260730
2023-09-26,EV,iTransformer,64,25.2239990234375,35.124000549316406,1.875,82.50967407226562,102.50787353515625,82.50967407226562,102.50787353515625,4.121997833251953,20260730
2023-09-26,EV,iTransformer,80,35.124000549316406,35.124000549316406,0.375,131.2690887451172,145.89590454101562,131.32257080078125,145.84463500976562,3.5602974891662598,20260730
2023-09-26,EV,iTransformer,84,35.124000549316406,35.124000549316406,0.0,143.0496063232422,145.2957763671875,144.56192016601562,147.0734405517578,2.261842966079712,20260730
2023-09-26,EV,iTransformer,96,35.124000549316406,35.124000549316406,0.0,156.89663696289062,153.7826385498047,155.3392333984375,155.3392333984375,0.605035662651062,20260730
2023-09-27,EV,iTransformer,32,0.0,1.649999976158142,0.03125,0.0493486113846302,4.411279678344727,0.4166114628314972,4.41071891784668,0.1252327710390091,20260730
2023-09-27,EV,iTransformer,48,33.77899932861328,40.93899917602539,2.4375,37.06557083129883,69.07344818115234,37.37969207763672,69.07344818115234,4.630486011505127,20260730
2023-09-27,EV,iTransformer,64,81.39800262451172,81.39800262451172,2.0625,95.0826644897461,118.26049041748047,95.10818481445312,118.26049041748047,5.201765060424805,20260730
2023-09-27,EV,iTransformer,80,95.2760009765625,95.2760009765625,0.5625,148.7392578125,163.1871795654297,148.787353515625,163.28521728515625,3.7773001194000244,20260730
2023-09-27,EV,iTransformer,84,95.2760009765625,95.2760009765625,0.0,160.561279296875,162.38079833984375,160.87158203125,164.37014770507812,2.374673843383789,20260730
2023-09-27,EV,iTransformer,96,95.2760009765625,95.2760009765625,0.0,172.3877716064453,169.31764221191406,170.8531951904297,170.8531951904297,0.5741636157035828,20260730
2023-09-28,EV,iTransformer,32,2.5880000591278076,4.949999809265137,0.09375,0.7669956088066101,4.86128044128418,0.783456027507782,3.9590017795562744,0.10512559115886688,20260730
2023-09-28,EV,iTransformer,48,11.854000091552734,13.503999710083008,1.0625,30.79989242553711,58.18118667602539,32.235633850097656,58.481544494628906,3.7512152194976807,20260730
2023-09-28,EV,iTransformer,64,24.446998596191406,24.446998596191406,0.5,87.27428436279297,107.93043518066406,87.55159759521484,107.93043518066406,4.830447673797607,20260730
2023-09-28,EV,iTransformer,80,24.446998596191406,24.446998596191406,0.0,137.21238708496094,147.8542938232422,137.4331817626953,147.93702697753906,3.3737266063690186,20260730
2023-09-28,EV,iTransformer,84,24.446998596191406,24.446998596191406,0.0,146.8869171142578,145.2501220703125,146.14041137695312,148.97328186035156,1.757055401802063,20260730
2023-09-28,EV,iTransformer,96,24.446998596191406,24.446998596191406,0.0,153.24156188964844,150.4818878173828,151.86167907714844,151.86167907714844,0.339372456073761,20260730
2023-09-29,EV,iTransformer,32,0.0,0.0,0.0,1.2379436492919922,4.076990127563477,0.7527297139167786,2.5699782371520996,0.07755039632320404,20260730
2023-09-29,EV,iTransformer,48,0.0,9.854999542236328,1.5625,17.618749618530273,32.501277923583984,19.208206176757812,32.535221099853516,2.0376198291778564,20260730
2023-09-29,EV,iTransformer,64,3.5899999141693115,12.672999382019043,2.5,64.76539611816406,79.2048110961914,65.70309448242188,79.39221954345703,3.5632143020629883,20260730
2023-09-29,EV,iTransformer,80,12.672999382019043,12.672999382019043,0.625,105.98153686523438,112.0286636352539,106.17578887939453,110.99679565429688,2.4923079013824463,20260730
2023-09-29,EV,iTransformer,84,12.672999382019043,12.672999382019043,0.0,111.75055694580078,107.48143005371094,111.63455963134766,112.02191925048828,0.8833025097846985,20260730
2023-09-29,EV,iTransformer,96,12.672999382019043,12.672999382019043,0.0,113.31002807617188,111.0943603515625,112.20234680175781,112.20234680175781,0.08665105700492859,20260730
2023-09-30,EV,iTransformer,32,0.0,0.0,0.0,1.294819951057434,2.0095908641815186,0.7033786773681641,1.8768413066864014,0.06589801609516144,20260730
2023-09-30,EV,iTransformer,48,14.746000289916992,16.889999389648438,1.0625,6.808759689331055,10.092268943786621,7.200620651245117,11.3402681350708,0.7147687673568726,20260730
2023-09-30,EV,iTransformer,64,26.32699966430664,37.84600067138672,0.875,41.518959045410156,51.721946716308594,41.915565490722656,52.05245590209961,2.412374496459961,20260730
2023-09-30,EV,iTransformer,80,42.82699966430664,42.82699966430664,0.625,75.7025146484375,80.0964584350586,77.41441345214844,78.9471664428711,1.9301120042800903,20260730
2023-09-30,EV,iTransformer,84,42.82699966430664,42.82699966430664,0.0,80.33460235595703,75.073486328125,79.77806091308594,79.90869903564453,0.39930495619773865,20260730
2023-09-30,EV,iTransformer,96,47.4640007019043,47.4640007019043,0.3333333432674408,81.27304077148438,79.22150421142578,80.24727630615234,80.24727630615234,0.058198872953653336,20260730
2023-07-01,EV,FeasibleITransformer,32,0.0,0.0,0.0,0.36888861656188965,6.582435131072998,0.36888861656188965,6.582435131072998,0.5444674491882324,20260730
2023-07-01,EV,FeasibleITransformer,48,0.0,0.0,0.0,6.321235179901123,16.208391189575195,6.321235179901123,16.208391189575195,2.5364999771118164,20260730
2023-07-01,EV,FeasibleITransformer,64,0.0,8.269000053405762,0.6875,44.82820129394531,59.39105224609375,44.82820129394531,59.39105224609375,3.445828676223755,20260730
2023-07-01,EV,FeasibleITransformer,80,0.0,8.269000053405762,1.0,51.84452438354492,62.234737396240234,51.84452438354492,62.234737396240234,2.6013543605804443,20260730
2023-07-01,EV,FeasibleITransformer,84,1.6690000295639038,8.269000053405762,1.0,56.94380569458008,64.0692138671875,56.94380569458008,64.0692138671875,1.2776398658752441,20260730
2023-07-01,EV,FeasibleITransformer,96,8.269000053405762,8.269000053405762,0.3333333432674408,71.94817352294922,71.94817352294922,71.94817352294922,71.94817352294922,0.8017740845680237,20260730
2023-07-02,EV,FeasibleITransformer,32,0.0,0.0,0.0,0.717937707901001,6.09538459777832,0.717937707901001,6.09538459777832,0.5124760270118713,20260730
2023-07-02,EV,FeasibleITransformer,48,0.0,0.0,0.0,8.908354759216309,19.506885528564453,8.908354759216309,19.506885528564453,2.6635208129882812,20260730
2023-07-02,EV,FeasibleITransformer,64,0.0,0.0,0.0,36.3235969543457,57.60449981689453,36.3235969543457,57.60449981689453,3.261225461959839,20260730
2023-07-02,EV,FeasibleITransformer,80,14.317999839782715,18.149999618530273,0.6875,45.61544418334961,59.982765197753906,45.61544418334961,59.982765197753906,2.400790214538574,20260730
2023-07-02,EV,FeasibleITransformer,84,20.917999267578125,24.75,1.0,53.71200942993164,62.00969314575195,53.71200942993164,62.00969314575195,1.3065608739852905,20260730
2023-07-02,EV,FeasibleITransformer,96,25.868000030517578,25.868000030517578,0.25,70.95780944824219,70.95780944824219,70.95780944824219,70.95780944824219,0.897428035736084,20260730
2023-07-03,EV,FeasibleITransformer,32,0.0,0.0,0.0,1.2055212259292603,5.018211841583252,1.2055212259292603,5.018211841583252,0.4759502112865448,20260730
2023-07-03,EV,FeasibleITransformer,48,0.0,8.196000099182129,0.375,15.183542251586914,33.19835662841797,15.183542251586914,33.19835662841797,3.5340521335601807,20260730
2023-07-03,EV,FeasibleITransformer,64,21.006000518798828,30.029998779296875,2.0,38.31391143798828,64.41705322265625,38.31391143798828,64.41705322265625,3.65256929397583,20260730
2023-07-03,EV,FeasibleITransformer,80,41.68299865722656,41.68299865722656,1.3125,54.53944396972656,68.11988830566406,54.53944396972656,68.11988830566406,2.5682952404022217,20260730
2023-07-03,EV,FeasibleITransformer,84,41.68299865722656,41.68299865722656,0.0,62.78780746459961,70.04398345947266,62.78780746459961,70.04398345947266,1.40025794506073,20260730
2023-07-03,EV,FeasibleITransformer,96,41.68299865722656,41.68299865722656,0.0,82.36680603027344,82.36680603027344,82.36680603027344,82.36680603027344,1.0211971998214722,20260730
2023-07-04,EV,FeasibleITransformer,32,0.0,0.0,0.0,1.1997071504592896,4.29603910446167,1.1997071504592896,4.29603910446167,0.4678308367729187,20260730
2023-07-04,EV,FeasibleITransformer,48,0.0,0.0,0.0,22.18227195739746,49.4807243347168,22.18227195739746,49.4807243347168,4.086449146270752,20260730
2023-07-04,EV,FeasibleITransformer,64,0.0,0.0,0.0,47.603797912597656,75.24960327148438,47.603797912597656,75.24960327148438,4.761180400848389,20260730
2023-07-04,EV,FeasibleITransformer,80,0.0,0.0,0.0,69.14459991455078,79.72833251953125,69.14459991455078,79.72833251953125,2.855962038040161,20260730
2023-07-04,EV,FeasibleITransformer,84,0.0,0.0,0.0,78.63251495361328,82.67022705078125,78.63251495361328,82.67022705078125,1.6042298078536987,20260730
2023-07-04,EV,FeasibleITransformer,96,0.0,0.0,0.0,98.81023406982422,98.81023406982422,98.81023406982422,98.81023406982422,1.042371392250061,20260730
2023-07-05,EV,FeasibleITransformer,32,0.0,9.899999618530273,0.1875,0.7743192315101624,5.220917224884033,0.7743192315101624,5.220917224884033,0.4906999468803406,20260730
2023-07-05,EV,FeasibleITransformer,48,0.0,32.875,1.875,23.793081283569336,54.769554138183594,23.793081283569336,54.769554138183594,4.68363094329834,20260730
2023-07-05,EV,FeasibleITransformer,64,36.58399963378906,46.07500076293945,2.4375,61.894615173339844,83.26642608642578,61.894615173339844,83.26642608642578,5.756103992462158,20260730
2023-07-05,EV,FeasibleITransformer,80,46.48400115966797,46.48400115966797,0.375,83.26888275146484,90.47064971923828,83.26888275146484,90.47064971923828,3.1707510948181152,20260730
2023-07-05,EV,FeasibleITransformer,84,46.48400115966797,46.48400115966797,0.0,92.32451629638672,92.84349822998047,92.32451629638672,92.84349822998047,1.5207940340042114,20260730
2023-07-05,EV,FeasibleITransformer,96,46.48400115966797,46.48400115966797,0.0,110.99089050292969,110.99089050292969,110.99089050292969,110.99089050292969,0.9901764988899231,20260730
2023-07-06,EV,FeasibleITransformer,32,0.0,0.0,0.0,0.3743213415145874,6.450312614440918,0.3743213415145874,6.450312614440918,0.5444768667221069,20260730
2023-07-06,EV,FeasibleITransformer,48,0.0,8.276000022888184,0.5,13.814458847045898,35.744388580322266,13.814458847045898,35.744388580322266,3.7271714210510254,20260730
2023-07-06,EV,FeasibleITransformer,64,8.276000022888184,12.000999450683594,1.1875,64.1108627319336,75.01782989501953,64.1108627319336,75.01782989501953,5.175078392028809,20260730
2023-07-06,EV,FeasibleITransformer,80,16.927000045776367,16.927000045776367,0.5,73.93141174316406,80.20716094970703,73.93141174316406,80.20716094970703,2.993441104888916,20260730
2023-07-06,EV,FeasibleITransformer,84,16.927000045776367,16.927000045776367,0.0,82.62005615234375,83.04534912109375,82.62005615234375,83.04534912109375,1.3997360467910767,20260730
2023-07-06,EV,FeasibleITransformer,96,16.927000045776367,16.927000045776367,0.0,98.30976867675781,98.30976867675781,98.30976867675781,98.30976867675781,0.8030909299850464,20260730
2023-07-07,EV,FeasibleITransformer,32,0.0,0.0,0.0,0.3077031970024109,7.171850204467773,0.3077031970024109,7.171850204467773,0.5783866047859192,20260730
2023-07-07,EV,FeasibleITransformer,48,0.0,16.874000549316406,0.875,7.591792583465576,22.69697380065918,7.591792583465576,22.69697380065918,2.954007148742676,20260730
2023-07-07,EV,FeasibleITransformer,64,15.632999420166016,28.83300018310547,1.875,60.4030876159668,70.61127471923828,60.4030876159668,70.61127471923828,4.5998969078063965,20260730
2023-07-07,EV,FeasibleITransformer,80,28.83300018310547,28.83300018310547,0.5,69.83415985107422,76.98304748535156,69.83415985107422,76.98304748535156,2.916644334793091,20260730
2023-07-07,EV,FeasibleITransformer,84,28.83300018310547,28.83300018310547,0.0,74.6922607421875,79.10430145263672,74.6922607421875,79.10430145263672,1.262488842010498,20260730
2023-07-07,EV,FeasibleITransformer,96,28.83300018310547,28.83300018310547,0.0,89.39620208740234,89.39620208740234,89.39620208740234,89.39620208740234,0.753835141658783,20260730
2023-07-08,EV,FeasibleITransformer,32,0.0,0.0,0.0,0.362257182598114,6.11155891418457,0.362257182598114,6.11155891418457,0.5673461556434631,20260730
2023-07-08,EV,FeasibleITransformer,48,0.0,11.701000213623047,1.0,6.027297019958496,15.190582275390625,6.027297019958496,15.190582275390625,2.3190548419952393,20260730
2023-07-08,EV,FeasibleITransformer,64,11.701000213623047,11.701000213623047,0.625,45.3407096862793,59.65903854370117,45.3407096862793,59.65903854370117,3.459991216659546,20260730
2023-07-08,EV,FeasibleITransformer,80,11.701000213623047,11.701000213623047,0.0,52.255615234375,62.40502166748047,52.255615234375,62.40502166748047,2.3968396186828613,20260730
2023-07-08,EV,FeasibleITransformer,84,11.701000213623047,11.701000213623047,0.0,56.78622817993164,64.16334533691406,56.78622817993164,64.16334533691406,1.1598916053771973,20260730
2023-07-08,EV,FeasibleITransformer,96,11.701000213623047,11.701000213623047,0.0,71.82279205322266,71.82279205322266,71.82279205322266,71.82279205322266,0.7941293716430664,20260730
2023-07-09,EV,FeasibleITransformer,32,0.0,0.0,0.0,0.6918108463287354,5.1965742111206055,0.6918108463287354,5.1965742111206055,0.518176794052124,20260730
2023-07-09,EV,FeasibleITransformer,48,0.0,0.0,0.0,8.169361114501953,17.893903732299805,8.169361114501953,17.893903732299805,2.470858573913574,20260730
2023-07-09,EV,FeasibleITransformer,64,0.0,0.0,0.0,35.74284744262695,56.734622955322266,35.74284744262695,56.734622955322266,3.1319527626037598,20260730
2023-07-09,EV,FeasibleITransformer,80,0.0,0.0,0.0,44.71889114379883,59.2901725769043,44.71889114379883,59.2901725769043,2.245380163192749,20260730
2023-07-09,EV,FeasibleITransformer,84,0.0,0.0,0.0,52.21574020385742,60.832557678222656,52.21574020385742,60.832557678222656,1.2135915756225586,20260730
2023-07-09,EV,FeasibleITransformer,96,0.0,0.0,0.0,69.26495361328125,69.26495361328125,69.26495361328125,69.26495361328125,0.8722854852676392,20260730
2023-07-10,EV,FeasibleITransformer,32,0.0,0.0,0.0,1.092766284942627,4.500180244445801,1.092766284942627,4.500180244445801,0.4775348901748657,20260730
2023-07-10,EV,FeasibleITransformer,48,6.285999774932861,6.599999904632568,0.25,14.27112102508545,31.458698272705078,14.27112102508545,31.458698272705078,3.2719547748565674,20260730
2023-07-10,EV,FeasibleITransformer,64,11.236000061035156,12.88599967956543,0.25,38.814151763916016,63.809600830078125,38.814151763916016,63.809600830078125,3.7766542434692383,20260730
2023-07-10,EV,FeasibleITransformer,80,36.029998779296875,39.2859992980957,1.0,54.94453048706055,68.47821044921875,54.94453048706055,68.47821044921875,2.379159450531006,20260730
2023-07-10,EV,FeasibleITransformer,84,39.33000183105469,39.33000183105469,0.5,62.54154968261719,69.91963958740234,62.54154968261719,69.91963958740234,1.2167574167251587,20260730
2023-07-10,EV,FeasibleITransformer,96,39.33000183105469,39.33000183105469,0.0,81.42949676513672,81.42949676513672,81.42949676513672,81.42949676513672,0.981339156627655,20260730
2023-07-11,EV,FeasibleITransformer,32,0.0,4.949999809265137,0.09375,1.0609049797058105,3.915496826171875,1.0609049797058105,3.915496826171875,0.4702196717262268,20260730
2023-07-11,EV,FeasibleITransformer,48,2.7079999446868896,31.350000381469727,1.0,21.351362228393555,47.49256896972656,21.351362228393555,47.49256896972656,3.7966253757476807,20260730
2023-07-11,EV,FeasibleITransformer,64,29.107999801635742,39.007999420166016,1.0,45.804264068603516,73.31034088134766,45.804264068603516,73.31034088134766,4.349876403808594,20260730
2023-07-11,EV,FeasibleITransformer,80,41.75899887084961,42.30799865722656,0.5,66.08218383789062,77.00878143310547,66.08218383789062,77.00878143310547,2.6728038787841797,20260730
2023-07-11,EV,FeasibleITransformer,84,43.409000396728516,43.409000396728516,0.25,75.47525787353516,79.33419799804688,75.47525787353516,79.33419799804688,1.4627500772476196,20260730
2023-07-11,EV,FeasibleITransformer,96,43.409000396728516,43.409000396728516,0.0,95.00569915771484,95.00569915771484,95.00569915771484,95.00569915771484,0.9864029884338379,20260730
2023-07-12,EV,FeasibleITransformer,32,0.0,0.0,0.0,0.7182669043540955,5.015944480895996,0.7182669043540955,5.015944480895996,0.5289401412010193,20260730
2023-07-12,EV,FeasibleITransformer,48,0.0,5.921000003814697,0.875,22.085647583007812,52.4362678527832,22.085647583007812,52.4362678527832,4.135470867156982,20260730
2023-07-12,EV,FeasibleITransformer,64,5.921000003814697,13.889999389648438,1.1875,62.453208923339844,82.01494598388672,62.453208923339844,82.01494598388672,5.228919982910156,20260730
2023-07-12,EV,FeasibleITransformer,80,13.889999389648438,13.889999389648438,0.3125,83.13668823242188,89.70108795166016,83.13668823242188,89.70108795166016,2.8124308586120605,20260730
2023-07-12,EV,FeasibleITransformer,84,13.889999389648438,13.889999389648438,0.0,91.468994140625,91.67857360839844,91.468994140625,91.67857360839844,1.2799211740493774,20260730
2023-07-12,EV,FeasibleITransformer,96,13.889999389648438,13.889999389648438,0.0,109.0718765258789,109.0718765258789,109.0718765258789,109.0718765258789,0.8963961005210876,20260730
2023-07-13,EV,FeasibleITransformer,32,0.0,3.299999952316284,0.0625,0.29733023047447205,5.505832672119141,0.29733023047447205,5.505832672119141,0.5352689027786255,20260730
2023-07-13,EV,FeasibleITransformer,48,35.59600067138672,37.24599838256836,1.625,12.57534408569336,32.88670349121094,12.57534408569336,32.88670349121094,3.208324909210205,20260730
2023-07-13,EV,FeasibleITransformer,64,45.459999084472656,45.459999084472656,1.0625,61.968502044677734,72.22306823730469,61.968502044677734,72.22306823730469,4.720119476318359,20260730
2023-07-13,EV,FeasibleITransformer,80,45.459999084472656,45.459999084472656,0.0,69.9154052734375,76.14744567871094,69.9154052734375,76.14744567871094,2.719240427017212,20260730
2023-07-13,EV,FeasibleITransformer,84,45.459999084472656,45.459999084472656,0.0,77.6729507446289,78.0726318359375,77.6729507446289,78.0726318359375,1.2067809104919434,20260730
2023-07-13,EV,FeasibleITransformer,96,45.459999084472656,45.459999084472656,0.0,92.97522735595703,92.97522735595703,92.97522735595703,92.97522735595703,0.7839560508728027,20260730
2023-07-14,EV,FeasibleITransformer,32,0.0,0.0,0.0,0.28187838196754456,7.516803741455078,0.28187838196754456,7.516803741455078,0.5968952178955078,20260730
2023-07-14,EV,FeasibleITransformer,48,0.0,0.0,0.0,7.58784818649292,22.028078079223633,7.58784818649292,22.028078079223633,2.7517898082733154,20260730
2023-07-14,EV,FeasibleITransformer,64,12.180000305175781,12.180000305175781,0.5,61.62539291381836,70.61155700683594,61.62539291381836,70.61155700683594,4.359500885009766,20260730
2023-07-14,EV,FeasibleITransformer,80,35.163002014160156,38.58000183105469,1.0,70.24461364746094,77.15341186523438,70.24461364746094,77.15341186523438,2.5759260654449463,20260730
2023-07-14,EV,FeasibleITransformer,84,41.76300048828125,41.76300048828125,1.0,74.23202514648438,78.72209930419922,74.23202514648438,78.72209930419922,1.078557014465332,20260730
2023-07-14,EV,FeasibleITransformer,96,41.76300048828125,41.76300048828125,0.0,88.25675201416016,88.25675201416016,88.25675201416016,88.25675201416016,0.7156234383583069,20260730
2023-07-15,EV,FeasibleITransformer,32,0.0,0.0,0.0,0.28960755467414856,5.8335490226745605,0.28960755467414856,5.8335490226745605,0.5587869882583618,20260730
2023-07-15,EV,FeasibleITransformer,48,0.0,0.0,0.0,5.590922832489014,14.48882007598877,5.590922832489014,14.48882007598877,2.185758590698242,20260730
2023-07-15,EV,FeasibleITransformer,64,0.0,0.0,0.0,45.09016799926758,58.688873291015625,45.09016799926758,58.688873291015625,3.168788433074951,20260730
2023-07-15,EV,FeasibleITransformer,80,0.0,0.0,0.0,50.35432434082031,61.053749084472656,50.35432434082031,61.053749084472656,2.2482407093048096,20260730
2023-07-15,EV,FeasibleITransformer,84,0.0,0.0,0.0,54.51371765136719,62.34794235229492,54.51371765136719,62.34794235229492,1.0871648788452148,20260730
2023-07-15,EV,FeasibleITransformer,96,0.0,0.0,0.0,69.85469818115234,69.85469818115234,69.85469818115234,69.85469818115234,0.7938417792320251,20260730
2023-07-16,EV,FeasibleITransformer,32,0.0,0.0,0.0,0.5163220763206482,4.575381278991699,0.5163220763206482,4.575381278991699,0.507800281047821,20260730
2023-07-16,EV,FeasibleITransformer,48,0.0,0.0,0.0,7.613027572631836,16.758811950683594,7.613027572631836,16.758811950683594,2.195145606994629,20260730
2023-07-16,EV,FeasibleITransformer,64,0.0,0.0,0.0,35.54290771484375,56.042816162109375,35.54290771484375,56.042816162109375,2.8569865226745605,20260730
2023-07-16,EV,FeasibleITransformer,80,0.0,0.0,0.0,44.85282516479492,59.106956481933594,44.85282516479492,59.106956481933594,2.098064661026001,20260730
2023-07-16,EV,FeasibleITransformer,84,0.0,0.0,0.0,51.83433151245117,60.6222038269043,51.83433151245117,60.6222038269043,1.0843838453292847,20260730
2023-07-16,EV,FeasibleITransformer,96,0.0,0.0,0.0,68.68295288085938,68.68295288085938,68.68295288085938,68.68295288085938,0.8549397587776184,20260730
2023-07-17,EV,FeasibleITransformer,32,0.0,3.299999952316284,0.0625,0.83370441198349,3.862030506134033,0.83370441198349,3.862030506134033,0.47088727355003357,20260730
2023-07-17,EV,FeasibleITransformer,48,15.423999786376953,28.35300064086914,1.8125,13.491788864135742,28.352893829345703,13.491788864135742,28.352893829345703,2.767335891723633,20260730
2023-07-17,EV,FeasibleITransformer,64,27.84600067138672,32.79600143432617,1.5,36.616920471191406,60.70906066894531,36.616920471191406,60.70906066894531,3.1314802169799805,20260730
2023-07-17,EV,FeasibleITransformer,80,32.79600143432617,32.79600143432617,0.1875,49.97923278808594,63.521671295166016,49.97923278808594,63.521671295166016,2.085205078125,20260730
2023-07-17,EV,FeasibleITransformer,84,32.79600143432617,32.79600143432617,0.0,57.20287322998047,64.76248931884766,57.20287322998047,64.76248931884766,1.1127701997756958,20260730
2023-07-17,EV,FeasibleITransformer,96,32.79600143432617,32.79600143432617,0.0,75.88847351074219,75.88847351074219,75.88847351074219,75.88847351074219,0.9439514875411987,20260730
2023-07-18,EV,FeasibleITransformer,32,0.0,1.649999976158142,0.03125,0.8760490417480469,3.421682119369507,0.8760490417480469,3.421682119369507,0.45693841576576233,20260730
2023-07-18,EV,FeasibleITransformer,48,30.812999725341797,49.5,1.8125,20.188697814941406,44.702388763427734,20.188697814941406,44.702388763427734,3.405780553817749,20260730
2023-07-18,EV,FeasibleITransformer,64,68.76300048828125,68.76300048828125,1.4375,44.17545700073242,70.64645385742188,44.17545700073242,70.64645385742188,4.140546798706055,20260730
2023-07-18,EV,FeasibleITransformer,80,68.76300048828125,68.76300048828125,0.0,63.07582473754883,73.44979858398438,63.07582473754883,73.44979858398438,2.493220090866089,20260730
2023-07-18,EV,FeasibleITransformer,84,68.76300048828125,68.76300048828125,0.0,71.16586303710938,75.2578353881836,71.16586303710938,75.2578353881836,1.254007339477539,20260730
2023-07-18,EV,FeasibleITransformer,96,68.76300048828125,68.76300048828125,0.0,90.22434997558594,90.22434997558594,90.22434997558594,90.22434997558594,0.9625565409660339,20260730
2023-07-19,EV,FeasibleITransformer,32,0.0,25.990999221801758,0.5,0.5177625417709351,4.153799533843994,0.5177625417709351,4.153799533843994,0.492105096578598,20260730
2023-07-19,EV,FeasibleITransformer,48,25.095001220703125,31.69499969482422,1.5625,20.981178283691406,48.266319274902344,20.981178283691406,48.266319274902344,3.744588851928711,20260730
2023-07-19,EV,FeasibleITransformer,64,40.73999786376953,40.73999786376953,0.875,59.76240921020508,78.29930877685547,59.76240921020508,78.29930877685547,4.999710559844971,20260730
2023-07-19,EV,FeasibleITransformer,80,40.73999786376953,40.73999786376953,0.0,77.00935363769531,83.4527816772461,77.00935363769531,83.4527816772461,2.567178726196289,20260730
2023-07-19,EV,FeasibleITransformer,84,40.73999786376953,40.73999786376953,0.0,84.50576782226562,84.7356948852539,84.50576782226562,84.7356948852539,1.1927742958068848,20260730
2023-07-19,EV,FeasibleITransformer,96,40.73999786376953,40.73999786376953,0.0,102.10227966308594,102.10227966308594,102.10227966308594,102.10227966308594,0.9031811952590942,20260730
2023-07-20,EV,FeasibleITransformer,32,0.0,0.0,0.0,0.254056841135025,5.300645351409912,0.254056841135025,5.300645351409912,0.5502305030822754,20260730
2023-07-20,EV,FeasibleITransformer,48,11.159000396728516,17.759000778198242,0.9375,12.99895191192627,32.84778594970703,12.99895191192627,32.84778594970703,3.3346242904663086,20260730
2023-07-20,EV,FeasibleITransformer,64,17.759000778198242,17.759000778198242,0.25,64.45061492919922,73.99180603027344,64.45061492919922,73.99180603027344,4.813204288482666,20260730
2023-07-20,EV,FeasibleITransformer,80,17.759000778198242,17.759000778198242,0.0,72.04415130615234,78.01465606689453,72.04415130615234,78.01465606689453,2.4552462100982666,20260730
2023-07-20,EV,FeasibleITransformer,84,17.759000778198242,17.759000778198242,0.0,79.11771392822266,79.49061584472656,79.11771392822266,79.49061584472656,1.097021222114563,20260730
2023-07-20,EV,FeasibleITransformer,96,17.759000778198242,17.759000778198242,0.0,94.34979248046875,94.34979248046875,94.34979248046875,94.34979248046875,0.7823221683502197,20260730
2023-07-21,EV,FeasibleITransformer,32,0.0,0.0,0.0,0.17453403770923615,5.4064507484436035,0.17453403770923615,5.4064507484436035,0.5651113986968994,20260730
2023-07-21,EV,FeasibleITransformer,48,0.7179999947547913,4.01800012588501,0.1875,6.7084879875183105,18.363733291625977,6.7084879875183105,18.363733291625977,2.500981330871582,20260730
2023-07-21,EV,FeasibleITransformer,64,4.01800012588501,4.01800012588501,0.125,57.35560607910156,65.80265808105469,57.35560607910156,65.80265808105469,3.8849430084228516,20260730
2023-07-21,EV,FeasibleITransformer,80,7.895999908447266,7.895999908447266,0.1875,62.56996536254883,69.33277893066406,62.56996536254883,69.33277893066406,2.3189806938171387,20260730
2023-07-21,EV,FeasibleITransformer,84,7.895999908447266,7.895999908447266,0.0,66.4312973022461,70.96849822998047,66.4312973022461,70.96849822998047,1.0252394676208496,20260730
2023-07-21,EV,FeasibleITransformer,96,7.895999908447266,7.895999908447266,0.0,80.28946685791016,80.28946685791016,80.28946685791016,80.28946685791016,0.7028348445892334,20260730
2023-07-22,EV,FeasibleITransformer,32,0.0,1.649999976158142,0.03125,0.22898706793785095,4.545340538024902,0.22898706793785095,4.545340538024902,0.5571882724761963,20260730
2023-07-22,EV,FeasibleITransformer,48,0.0,11.82699966430664,1.0,5.511610507965088,12.718210220336914,5.511610507965088,12.718210220336914,2.0704376697540283,20260730
2023-07-22,EV,FeasibleITransformer,64,11.82699966430664,11.82699966430664,0.5,44.60491180419922,57.03787612915039,44.60491180419922,57.03787612915039,2.9610886573791504,20260730
2023-07-22,EV,FeasibleITransformer,80,11.82699966430664,11.82699966430664,0.0,48.49576187133789,58.807769775390625,48.49576187133789,58.807769775390625,1.9899847507476807,20260730
2023-07-22,EV,FeasibleITransformer,84,11.82699966430664,11.82699966430664,0.0,51.969215393066406,59.656192779541016,51.969215393066406,59.656192779541016,0.9463050365447998,20260730
2023-07-22,EV,FeasibleITransformer,96,11.82699966430664,11.82699966430664,0.0,66.51943969726562,66.51943969726562,66.51943969726562,66.51943969726562,0.7411579489707947,20260730
2023-07-23,EV,FeasibleITransformer,32,0.0,0.0,0.0,0.492458701133728,4.5570502281188965,0.492458701133728,4.5570502281188965,0.5269702672958374,20260730
2023-07-23,EV,FeasibleITransformer,48,0.0,0.0,0.0,7.596280097961426,15.677131652832031,7.596280097961426,15.677131652832031,2.093637228012085,20260730
2023-07-23,EV,FeasibleITransformer,64,0.0,0.0,0.0,35.09546661376953,54.692649841308594,35.09546661376953,54.692649841308594,2.6906001567840576,20260730
2023-07-23,EV,FeasibleITransformer,80,11.973999977111816,11.973999977111816,1.125,41.568817138671875,56.202823638916016,41.568817138671875,56.202823638916016,1.9384469985961914,20260730
2023-07-23,EV,FeasibleITransformer,84,11.973999977111816,11.973999977111816,0.0,47.81088638305664,57.35310745239258,47.81088638305664,57.35310745239258,0.9766685962677002,20260730
2023-07-23,EV,FeasibleITransformer,96,11.973999977111816,11.973999977111816,0.0,65.78649139404297,65.78649139404297,65.78649139404297,65.78649139404297,0.9234204888343811,20260730
2023-07-24,EV,FeasibleITransformer,32,0.0,0.0,0.0,0.8147649168968201,3.7080891132354736,0.8147649168968201,3.7080891132354736,0.4805496335029602,20260730
2023-07-24,EV,FeasibleITransformer,48,32.41499710083008,36.92000198364258,2.4375,13.56869888305664,28.0949764251709,13.56869888305664,28.0949764251709,2.870511531829834,20260730
2023-07-24,EV,FeasibleITransformer,64,57.165000915527344,57.165000915527344,0.9375,36.44972229003906,60.30049514770508,36.44972229003906,60.30049514770508,3.15543532371521,20260730
2023-07-24,EV,FeasibleITransformer,80,57.165000915527344,57.165000915527344,0.0,49.542938232421875,62.764068603515625,49.542938232421875,62.764068603515625,2.0343360900878906,20260730
2023-07-24,EV,FeasibleITransformer,84,57.165000915527344,57.165000915527344,0.0,55.94251251220703,63.6336784362793,55.94251251220703,63.6336784362793,1.0241186618804932,20260730
2023-07-24,EV,FeasibleITransformer,96,57.165000915527344,57.165000915527344,0.0,74.7322769165039,74.7322769165039,74.7322769165039,74.7322769165039,0.9598493576049805,20260730
2023-07-25,EV,FeasibleITransformer,32,0.0,0.0,0.0,0.8692789673805237,3.400050163269043,0.8692789673805237,3.400050163269043,0.47864198684692383,20260730
2023-07-25,EV,FeasibleITransformer,48,30.4950008392334,30.4950008392334,1.625,21.448959350585938,44.73638916015625,21.448959350585938,44.73638916015625,3.5701212882995605,20260730
2023-07-25,EV,FeasibleITransformer,64,30.4950008392334,30.4950008392334,0.0,46.247859954833984,71.2755126953125,46.247859954833984,71.2755126953125,4.066661357879639,20260730
2023-07-25,EV,FeasibleITransformer,80,39.10100173950195,39.10100173950195,0.375,64.19324493408203,74.34708404541016,64.19324493408203,74.34708404541016,2.4010307788848877,20260730
2023-07-25,EV,FeasibleITransformer,84,39.10100173950195,39.10100173950195,0.0,71.89421081542969,75.80889129638672,71.89421081542969,75.80889129638672,1.1722211837768555,20260730
2023-07-25,EV,FeasibleITransformer,96,39.10100173950195,39.10100173950195,0.0,91.11256408691406,91.11256408691406,91.11256408691406,91.11256408691406,0.9706361293792725,20260730
2023-07-26,EV,FeasibleITransformer,32,0.0,0.0,0.0,0.5609748363494873,4.2719292640686035,0.5609748363494873,4.2719292640686035,0.530354917049408,20260730
2023-07-26,EV,FeasibleITransformer,48,4.068999767303467,15.503999710083008,1.75,23.232404708862305,51.22824478149414,23.232404708862305,51.22824478149414,4.288608551025391,20260730
2023-07-26,EV,FeasibleITransformer,64,33.71399688720703,33.71399688720703,1.9375,63.95256805419922,82.17991638183594,63.95256805419922,82.17991638183594,5.005342483520508,20260730
2023-07-26,EV,FeasibleITransformer,80,33.71399688720703,33.71399688720703,0.0,81.83670043945312,87.8274154663086,81.83670043945312,87.8274154663086,2.608062505722046,20260730
2023-07-26,EV,FeasibleITransformer,84,33.71399688720703,33.71399688720703,0.0,89.0654296875,89.13599395751953,89.0654296875,89.13599395751953,1.102807879447937,20260730
2023-07-26,EV,FeasibleITransformer,96,33.71399688720703,33.71399688720703,0.0,106.82254028320312,106.82254028320312,106.82254028320312,106.82254028320312,0.8968298435211182,20260730
2023-07-27,EV,FeasibleITransformer,32,0.0,0.0,0.0,0.2927286624908447,5.362808704376221,0.2927286624908447,5.362808704376221,0.555698037147522,20260730
2023-07-27,EV,FeasibleITransformer,48,3.9719998836517334,13.871999740600586,0.75,13.71737289428711,33.8554573059082,13.71737289428711,33.8554573059082,3.5602495670318604,20260730
2023-07-27,EV,FeasibleITransformer,64,13.871999740600586,13.871999740600586,0.375,65.82504272460938,75.00399017333984,65.82504272460938,75.00399017333984,4.7054948806762695,20260730
2023-07-27,EV,FeasibleITransformer,80,13.871999740600586,13.871999740600586,0.0,73.77767181396484,79.53558349609375,73.77767181396484,79.53558349609375,2.569131851196289,20260730
2023-07-27,EV,FeasibleITransformer,84,13.871999740600586,13.871999740600586,0.0,80.43333435058594,80.81978607177734,80.43333435058594,80.81978607177734,1.0832964181900024,20260730
2023-07-27,EV,FeasibleITransformer,96,13.871999740600586,13.871999740600586,0.0,96.05168151855469,96.05168151855469,96.05168151855469,96.05168151855469,0.8016765117645264,20260730
2023-07-28,EV,FeasibleITransformer,32,0.0,0.0,0.0,0.21589864790439606,5.696353435516357,0.21589864790439606,5.696353435516357,0.5867138504981995,20260730
2023-07-28,EV,FeasibleITransformer,48,0.0,0.0,0.0,7.162214279174805,19.770851135253906,7.162214279174805,19.770851135253906,2.7072391510009766,20260730
2023-07-28,EV,FeasibleITransformer,64,0.0,0.0,0.0,60.56648635864258,68.91268157958984,60.56648635864258,68.91268157958984,4.0049967765808105,20260730
2023-07-28,EV,FeasibleITransformer,80,0.0,0.0,0.0,67.12384033203125,73.85696411132812,67.12384033203125,73.85696411132812,2.4234519004821777,20260730
2023-07-28,EV,FeasibleITransformer,84,0.0,0.0,0.0,70.87940979003906,75.37215423583984,70.87940979003906,75.37215423583984,0.9940857887268066,20260730
2023-07-28,EV,FeasibleITransformer,96,0.0,0.0,0.0,85.41138458251953,85.41138458251953,85.41138458251953,85.41138458251953,0.7358896136283875,20260730
2023-07-29,EV,FeasibleITransformer,32,0.0,0.0,0.0,0.25320860743522644,4.429859638214111,0.25320860743522644,4.429859638214111,0.5520429015159607,20260730
2023-07-29,EV,FeasibleITransformer,48,0.0,0.0,0.0,5.559354305267334,12.972126007080078,5.559354305267334,12.972126007080078,2.2268736362457275,20260730
2023-07-29,EV,FeasibleITransformer,64,1.225000023841858,1.225000023841858,0.125,45.70182800292969,58.62555694580078,45.70182800292969,58.62555694580078,3.020345687866211,20260730
2023-07-29,EV,FeasibleITransformer,80,1.225000023841858,1.225000023841858,0.0,50.586151123046875,60.96769332885742,50.586151123046875,60.96769332885742,2.089137315750122,20260730
2023-07-29,EV,FeasibleITransformer,84,1.225000023841858,1.225000023841858,0.0,54.118526458740234,61.78389358520508,54.118526458740234,61.78389358520508,0.9175475239753723,20260730
2023-07-29,EV,FeasibleITransformer,96,1.225000023841858,1.225000023841858,0.0,68.68901824951172,68.68901824951172,68.68901824951172,68.68901824951172,0.7444485425949097,20260730
2023-07-30,EV,FeasibleITransformer,32,0.0,4.949999809265137,0.09375,0.5277451276779175,4.085538387298584,0.5277451276779175,4.085538387298584,0.5193090438842773,20260730
2023-07-30,EV,FeasibleITransformer,48,8.61400032043457,11.913999557495117,1.0,7.810243129730225,15.979022979736328,7.810243129730225,15.979022979736328,2.208012104034424,20260730
2023-07-30,EV,FeasibleITransformer,64,17.972999572753906,17.972999572753906,0.5,36.73152542114258,55.76588821411133,36.73152542114258,55.76588821411133,2.71626615524292,20260730
2023-07-30,EV,FeasibleITransformer,80,17.972999572753906,17.972999572753906,0.0,43.778038024902344,57.67619705200195,43.778038024902344,57.67619705200195,2.015561580657959,20260730
2023-07-30,EV,FeasibleITransformer,84,17.972999572753906,17.972999572753906,0.0,49.87131881713867,58.512149810791016,49.87131881713867,58.512149810791016,0.9578306078910828,20260730
2023-07-30,EV,FeasibleITransformer,96,17.972999572753906,17.972999572753906,0.0,66.36830139160156,66.36830139160156,66.36830139160156,66.36830139160156,0.8402267694473267,20260730
2023-07-31,EV,FeasibleITransformer,32,0.0,0.0,0.0,0.9829117059707642,3.9341092109680176,0.9829117059707642,3.9341092109680176,0.4945414066314697,20260730
2023-07-31,EV,FeasibleITransformer,48,2.813000202178955,4.564000129699707,0.75,15.196649551391602,31.10417366027832,15.196649551391602,31.10417366027832,3.2693357467651367,20260730
2023-07-31,EV,FeasibleITransformer,64,45.78700256347656,48.26000213623047,1.8125,40.618595123291016,64.97428894042969,40.618595123291016,64.97428894042969,3.4922940731048584,20260730
2023-07-31,EV,FeasibleITransformer,80,49.08700180053711,49.08700180053711,0.125,57.32254409790039,69.66888427734375,57.32254409790039,69.66888427734375,2.054255247116089,20260730
2023-07-31,EV,FeasibleITransformer,84,49.08700180053711,49.08700180053711,0.0,63.6351203918457,70.8465576171875,63.6351203918457,70.8465576171875,0.9689382910728455,20260730
2023-07-31,EV,FeasibleITransformer,96,49.08700180053711,49.08700180053711,0.0,82.21122741699219,82.21122741699219,82.21122741699219,82.21122741699219,0.9389174580574036,20260730
2023-08-01,EV,FeasibleITransformer,32,3.190000057220459,6.489999771118164,0.125,0.9026003479957581,3.27881121635437,0.9026003479957581,3.27881121635437,0.4965461194515228,20260730
2023-08-01,EV,FeasibleITransformer,48,16.391000747680664,18.03999900817871,0.5625,22.643287658691406,46.41315841674805,22.643287658691406,46.41315841674805,3.9165942668914795,20260730
2023-08-01,EV,FeasibleITransformer,64,36.191001892089844,37.33399963378906,1.0625,48.513160705566406,73.1014175415039,48.513160705566406,73.1014175415039,4.062899112701416,20260730
2023-08-01,EV,FeasibleITransformer,80,37.33399963378906,37.33399963378906,0.125,66.96903991699219,76.25462341308594,66.96903991699219,76.25462341308594,2.237570285797119,20260730
2023-08-01,EV,FeasibleITransformer,84,42.01899719238281,43.933998107910156,1.0,73.73518371582031,77.43592834472656,73.73518371582031,77.43592834472656,1.0419931411743164,20260730
2023-08-01,EV,FeasibleITransformer,96,48.61899948120117,48.61899948120117,0.3333333432674408,92.77178192138672,92.77178192138672,92.77178192138672,92.77178192138672,0.9722928404808044,20260730
2023-08-02,EV,FeasibleITransformer,32,0.0,0.0,0.0,0.6190353631973267,4.094917297363281,0.6190353631973267,4.094917297363281,0.5479286313056946,20260730
2023-08-02,EV,FeasibleITransformer,48,0.0,6.005000114440918,0.9375,22.5743408203125,50.986480712890625,22.5743408203125,50.986480712890625,4.175530433654785,20260730
2023-08-02,EV,FeasibleITransformer,64,27.388999938964844,30.68899917602539,1.6875,63.40003204345703,81.47982788085938,63.40003204345703,81.47982788085938,5.201694488525391,20260730
2023-08-02,EV,FeasibleITransformer,80,30.68899917602539,30.68899917602539,0.125,81.13206481933594,86.60440826416016,81.13206481933594,86.60440826416016,2.4309000968933105,20260730
2023-08-02,EV,FeasibleITransformer,84,30.68899917602539,30.68899917602539,0.0,87.84141540527344,87.99325561523438,87.84141540527344,87.99325561523438,1.0646049976348877,20260730
2023-08-02,EV,FeasibleITransformer,96,30.68899917602539,30.68899917602539,0.0,105.57568359375,105.57568359375,105.57568359375,105.57568359375,0.9039503335952759,20260730
2023-08-03,EV,FeasibleITransformer,32,0.0,0.0,0.0,0.3043772876262665,5.3804240226745605,0.3043772876262665,5.3804240226745605,0.5783055424690247,20260730
2023-08-03,EV,FeasibleITransformer,48,18.555999755859375,31.756000518798828,2.0625,14.28669548034668,35.20901870727539,14.28669548034668,35.20901870727539,3.4163475036621094,20260730
2023-08-03,EV,FeasibleITransformer,64,45.60099792480469,72.56700134277344,1.75,68.43522644042969,77.72339630126953,68.43522644042969,77.72339630126953,4.854023456573486,20260730
2023-08-03,EV,FeasibleITransformer,80,76.95099639892578,76.95099639892578,1.1875,77.48393249511719,82.77429962158203,77.48393249511719,82.77429962158203,2.506547451019287,20260730
2023-08-03,EV,FeasibleITransformer,84,76.95099639892578,76.95099639892578,0.0,83.91831970214844,84.13961029052734,83.91831970214844,84.13961029052734,1.0485851764678955,20260730
2023-08-03,EV,FeasibleITransformer,96,76.95099639892578,76.95099639892578,0.0,99.3394775390625,99.3394775390625,99.3394775390625,99.3394775390625,0.7859722971916199,20260730
2023-08-04,EV,FeasibleITransformer,32,0.0,0.0,0.0,0.2185336798429489,5.174334526062012,0.2185336798429489,5.174334526062012,0.5925936102867126,20260730
2023-08-04,EV,FeasibleITransformer,48,0.0,8.25,0.3125,6.917491436004639,18.828323364257812,6.917491436004639,18.828323364257812,2.638390302658081,20260730
2023-08-04,EV,FeasibleITransformer,64,15.270999908447266,18.570999145507812,1.0,59.60586929321289,67.76282501220703,59.60586929321289,67.76282501220703,3.9798243045806885,20260730
2023-08-04,EV,FeasibleITransformer,80,22.779998779296875,22.779998779296875,0.625,64.84477233886719,71.49160766601562,64.84477233886719,71.49160766601562,2.2906532287597656,20260730
2023-08-04,EV,FeasibleITransformer,84,22.779998779296875,22.779998779296875,0.0,68.31903839111328,72.69670104980469,68.31903839111328,72.69670104980469,0.931782603263855,20260730
2023-08-04,EV,FeasibleITransformer,96,22.779998779296875,22.779998779296875,0.0,82.48233795166016,82.48233795166016,82.48233795166016,82.48233795166016,0.7193427681922913,20260730
2023-08-05,EV,FeasibleITransformer,32,0.0,0.0,0.0,0.2957717478275299,4.713762283325195,0.2957717478275299,4.713762283325195,0.5894537568092346,20260730
2023-08-05,EV,FeasibleITransformer,48,11.979999542236328,33.75,1.8125,5.726871967315674,13.402386665344238,5.726871967315674,13.402386665344238,2.1930625438690186,20260730
2023-08-05,EV,FeasibleITransformer,64,42.43000030517578,47.73899841308594,1.875,46.23537063598633,59.21038818359375,46.23537063598633,59.21038818359375,3.0792531967163086,20260730
2023-08-05,EV,FeasibleITransformer,80,47.73899841308594,47.73899841308594,0.3125,51.22533416748047,61.281768798828125,51.22533416748047,61.281768798828125,2.0413713455200195,20260730
2023-08-05,EV,FeasibleITransformer,84,47.73899841308594,47.73899841308594,0.0,54.775634765625,62.2535285949707,54.775634765625,62.2535285949707,0.8745590448379517,20260730
2023-08-05,EV,FeasibleITransformer,96,47.73899841308594,47.73899841308594,0.0,69.47013092041016,69.47013092041016,69.47013092041016,69.47013092041016,0.7490817904472351,20260730
2023-08-06,EV,FeasibleITransformer,32,0.0,0.0,0.0,0.6190451383590698,4.8110127449035645,0.6190451383590698,4.8110127449035645,0.576248288154602,20260730
2023-08-06,EV,FeasibleITransformer,48,0.0,0.0,0.0,8.80314826965332,17.42644691467285,8.80314826965332,17.42644691467285,2.395765542984009,20260730
2023-08-06,EV,FeasibleITransformer,64,0.0,4.553999900817871,0.1875,38.23165512084961,58.32568359375,38.23165512084961,58.32568359375,2.909604549407959,20260730
2023-08-06,EV,FeasibleITransformer,80,10.121999740600586,10.121999740600586,1.25,47.511558532714844,60.7740364074707,47.511558532714844,60.7740364074707,2.051922082901001,20260730
2023-08-06,EV,FeasibleITransformer,84,10.121999740600586,10.121999740600586,0.0,53.3167610168457,61.90682601928711,53.3167610168457,61.90682601928711,0.9143633246421814,20260730
2023-08-06,EV,FeasibleITransformer,96,10.121999740600586,10.121999740600586,0.0,70.16442108154297,70.16442108154297,70.16442108154297,70.16442108154297,0.8509049415588379,20260730
2023-08-07,EV,FeasibleITransformer,32,0.0,0.0,0.0,1.1518529653549194,4.25925350189209,1.1518529653549194,4.25925350189209,0.519279956817627,20260730
2023-08-07,EV,FeasibleITransformer,48,11.246999740600586,19.496999740600586,1.1875,16.618511199951172,32.741268157958984,16.618511199951172,32.741268157958984,3.4145350456237793,20260730
2023-08-07,EV,FeasibleITransformer,64,24.957000732421875,24.957000732421875,1.25,42.75596237182617,67.32415771484375,42.75596237182617,67.32415771484375,3.514535903930664,20260730
2023-08-07,EV,FeasibleITransformer,80,25.562000274658203,27.21200180053711,0.8125,59.67267990112305,71.87049102783203,59.67267990112305,71.87049102783203,2.1374990940093994,20260730
2023-08-07,EV,FeasibleITransformer,84,27.21200180053711,27.21200180053711,0.25,65.9146728515625,73.04035949707031,65.9146728515625,73.04035949707031,0.9892597198486328,20260730
2023-08-07,EV,FeasibleITransformer,96,27.21200180053711,27.21200180053711,0.0,84.72603607177734,84.72603607177734,84.72603607177734,84.72603607177734,0.9501244425773621,20260730
2023-08-08,EV,FeasibleITransformer,32,0.5640000104904175,3.299999952316284,0.0625,1.2624202966690063,3.5910403728485107,1.2624202966690063,3.5910403728485107,0.5244641900062561,20260730
2023-08-08,EV,FeasibleITransformer,48,20.36400032043457,31.91400146484375,1.1875,24.154075622558594,49.332420349121094,24.154075622558594,49.332420349121094,3.937649965286255,20260730
2023-08-08,EV,FeasibleITransformer,64,39.49199676513672,57.641998291015625,1.75,50.47581100463867,77.123291015625,50.47581100463867,77.123291015625,4.361831188201904,20260730
2023-08-08,EV,FeasibleITransformer,80,57.641998291015625,57.641998291015625,0.6875,72.73728942871094,81.78253173828125,72.73728942871094,81.78253173828125,2.5556578636169434,20260730
2023-08-08,EV,FeasibleITransformer,84,57.641998291015625,57.641998291015625,0.0,79.73346710205078,83.45526123046875,79.73346710205078,83.45526123046875,1.1334335803985596,20260730
2023-08-08,EV,FeasibleITransformer,96,57.641998291015625,57.641998291015625,0.0,99.59046173095703,99.59046173095703,99.59046173095703,99.59046173095703,1.0354361534118652,20260730
2023-08-09,EV,FeasibleITransformer,32,0.0,0.0,0.0,0.8229892253875732,4.239546775817871,0.8229892253875732,4.239546775817871,0.5556049346923828,20260730
2023-08-09,EV,FeasibleITransformer,48,8.795999526977539,18.696001052856445,1.3125,24.921293258666992,56.07880401611328,24.921293258666992,56.07880401611328,4.382049560546875,20260730
2023-08-09,EV,FeasibleITransformer,64,18.696001052856445,18.696001052856445,0.375,70.54722595214844,89.35493469238281,70.54722595214844,89.35493469238281,5.625558853149414,20260730
2023-08-09,EV,FeasibleITransformer,80,18.696001052856445,18.696001052856445,0.0,91.30343627929688,96.50907897949219,91.30343627929688,96.50907897949219,2.7512192726135254,20260730
2023-08-09,EV,FeasibleITransformer,84,18.696001052856445,18.696001052856445,0.0,98.3321304321289,98.463134765625,98.3321304321289,98.463134765625,1.1043455600738525,20260730
2023-08-09,EV,FeasibleITransformer,96,18.696001052856445,18.696001052856445,0.0,116.37797546386719,116.37797546386719,116.37797546386719,116.37797546386719,0.9180340766906738,20260730
2023-08-10,EV,FeasibleITransformer,32,6.682000160217285,9.071999549865723,0.25,0.3887823522090912,5.315202236175537,0.3887823522090912,5.315202236175537,0.5866804718971252,20260730
2023-08-10,EV,FeasibleITransformer,48,26.48200035095215,46.24100112915039,2.3125,15.969433784484863,37.58488464355469,15.969433784484863,37.58488464355469,3.8427298069000244,20260730
2023-08-10,EV,FeasibleITransformer,64,45.5620002746582,53.77100372314453,2.3125,73.02259063720703,82.38959503173828,73.02259063720703,82.38959503173828,5.090483665466309,20260730
2023-08-10,EV,FeasibleITransformer,80,53.77100372314453,53.77100372314453,0.375,85.0092544555664,89.95549774169922,85.0092544555664,89.95549774169922,2.753410577774048,20260730
2023-08-10,EV,FeasibleITransformer,84,53.77100372314453,53.77100372314453,0.0,91.46466827392578,91.49996185302734,91.46466827392578,91.49996185302734,0.9997111558914185,20260730
2023-08-10,EV,FeasibleITransformer,96,53.77100372314453,53.77100372314453,0.0,106.99817657470703,106.99817657470703,106.99817657470703,106.99817657470703,0.7845337390899658,20260730
2023-08-11,EV,FeasibleITransformer,32,0.0,0.0,0.0,0.2713879346847534,5.537018299102783,0.2713879346847534,5.537018299102783,0.621842622756958,20260730
2023-08-11,EV,FeasibleITransformer,48,0.0,0.0,0.0,7.588469982147217,19.997425079345703,7.588469982147217,19.997425079345703,2.74167537689209,20260730
2023-08-11,EV,FeasibleITransformer,64,5.497000217437744,5.497000217437744,1.1875,61.514835357666016,70.43577575683594,61.514835357666016,70.43577575683594,4.084956645965576,20260730
2023-08-11,EV,FeasibleITransformer,80,5.497000217437744,5.497000217437744,0.0,69.12955474853516,75.77342224121094,69.12955474853516,75.77342224121094,2.5199034214019775,20260730
2023-08-11,EV,FeasibleITransformer,84,5.497000217437744,5.497000217437744,0.0,73.08500671386719,77.27227020263672,73.08500671386719,77.27227020263672,0.9254786372184753,20260730
2023-08-11,EV,FeasibleITransformer,96,5.497000217437744,5.497000217437744,0.0,87.26924896240234,87.26924896240234,87.26924896240234,87.26924896240234,0.7186726927757263,20260730
2023-08-12,EV,FeasibleITransformer,32,0.0,0.0,0.0,0.35994186997413635,4.932570934295654,0.35994186997413635,4.932570934295654,0.6132106184959412,20260730
2023-08-12,EV,FeasibleITransformer,48,0.0,4.296000003814697,0.5,6.5258917808532715,14.906745910644531,6.5258917808532715,14.906745910644531,2.459554672241211,20260730
2023-08-12,EV,FeasibleITransformer,64,5.421000003814697,9.717000007629395,1.375,48.897640228271484,62.39239501953125,48.897640228271484,62.39239501953125,3.34934401512146,20260730
2023-08-12,EV,FeasibleITransformer,80,9.717000007629395,9.717000007629395,0.3125,55.885169982910156,65.90716552734375,55.885169982910156,65.90716552734375,2.123110771179199,20260730
2023-08-12,EV,FeasibleITransformer,84,9.717000007629395,9.717000007629395,0.0,59.616119384765625,66.9315414428711,59.616119384765625,66.9315414428711,0.8463983535766602,20260730
2023-08-12,EV,FeasibleITransformer,96,9.717000007629395,9.717000007629395,0.0,74.12313079833984,74.12313079833984,74.12313079833984,74.12313079833984,0.7426742911338806,20260730
2023-08-13,EV,FeasibleITransformer,32,0.0,0.0,0.0,0.7472987771034241,4.400311470031738,0.7472987771034241,4.400311470031738,0.5732952952384949,20260730
2023-08-13,EV,FeasibleITransformer,48,0.0,0.0,0.0,8.981757164001465,17.436552047729492,8.981757164001465,17.436552047729492,2.4336843490600586,20260730
2023-08-13,EV,FeasibleITransformer,64,5.197999954223633,8.25,0.3125,38.235816955566406,58.248748779296875,38.235816955566406,58.248748779296875,2.9917867183685303,20260730
2023-08-13,EV,FeasibleITransformer,80,25.750999450683594,27.4010009765625,1.25,47.473453521728516,60.33476638793945,47.473453521728516,60.33476638793945,2.0669989585876465,20260730
2023-08-13,EV,FeasibleITransformer,84,27.4010009765625,27.4010009765625,0.25,53.07383728027344,61.358341217041016,53.07383728027344,61.358341217041016,0.8759947419166565,20260730
2023-08-13,EV,FeasibleITransformer,96,27.4010009765625,27.4010009765625,0.0,69.6761245727539,69.6761245727539,69.6761245727539,69.6761245727539,0.8458513617515564,20260730
2023-08-14,EV,FeasibleITransformer,32,0.0,1.649999976158142,0.03125,1.4074900150299072,4.144436836242676,1.4074900150299072,4.144436836242676,0.5485724806785583,20260730
2023-08-14,EV,FeasibleITransformer,48,21.06399917602539,24.10099983215332,1.5,17.265666961669922,34.4268913269043,17.265666961669922,34.4268913269043,3.352189540863037,20260730
2023-08-14,EV,FeasibleITransformer,64,41.26499557495117,41.26499557495117,0.875,44.34528350830078,69.66727447509766,44.34528350830078,69.66727447509766,3.6699326038360596,20260730
2023-08-14,EV,FeasibleITransformer,80,41.26499557495117,41.26499557495117,0.0,62.441829681396484,74.34661102294922,62.441829681396484,74.34661102294922,2.1840615272521973,20260730
2023-08-14,EV,FeasibleITransformer,84,41.26499557495117,41.26499557495117,0.0,68.72396850585938,75.7315902709961,68.72396850585938,75.7315902709961,1.002627968788147,20260730
2023-08-14,EV,FeasibleITransformer,96,41.26499557495117,41.26499557495117,0.0,87.55207824707031,87.55207824707031,87.55207824707031,87.55207824707031,0.9615382552146912,20260730
2023-08-15,EV,FeasibleITransformer,32,1.9529999494552612,3.299999952316284,0.0625,1.379124641418457,3.541904926300049,1.379124641418457,3.541904926300049,0.543411374092102,20260730
2023-08-15,EV,FeasibleITransformer,48,27.69700050354004,30.003000259399414,1.0625,25.06242561340332,50.9630126953125,25.06242561340332,50.9630126953125,3.9623100757598877,20260730
2023-08-15,EV,FeasibleITransformer,64,54.09700012207031,56.40299987792969,1.0,52.404666900634766,79.17845153808594,52.404666900634766,79.17845153808594,4.464179039001465,20260730
2023-08-15,EV,FeasibleITransformer,80,57.397003173828125,57.397003173828125,0.125,75.05712890625,84.02146911621094,75.05712890625,84.02146911621094,2.545907974243164,20260730
2023-08-15,EV,FeasibleITransformer,84,57.397003173828125,57.397003173828125,0.0,81.97145080566406,85.53518676757812,81.97145080566406,85.53518676757812,1.102630376815796,20260730
2023-08-15,EV,FeasibleITransformer,96,57.397003173828125,57.397003173828125,0.0,101.88089752197266,101.88089752197266,101.88089752197266,101.88089752197266,1.0327649116516113,20260730
2023-08-16,EV,FeasibleITransformer,32,0.0,1.649999976158142,0.03125,0.7908523082733154,3.9820404052734375,0.7908523082733154,3.9820404052734375,0.5644448399543762,20260730
2023-08-16,EV,FeasibleITransformer,48,32.1609992980957,57.5469970703125,3.125,25.4265079498291,54.77167892456055,25.4265079498291,54.77167892456055,4.368916988372803,20260730
2023-08-16,EV,FeasibleITransformer,64,83.65299987792969,93.55299377441406,2.75,67.29354095458984,86.6450424194336,67.29354095458984,86.6450424194336,5.353356838226318,20260730
2023-08-16,EV,FeasibleITransformer,80,94.55500793457031,94.55500793457031,0.5625,87.9240493774414,92.66914367675781,87.9240493774414,92.66914367675781,2.6167421340942383,20260730
2023-08-16,EV,FeasibleITransformer,84,94.55500793457031,94.55500793457031,0.0,94.73970794677734,94.83548736572266,94.73970794677734,94.83548736572266,1.0603950023651123,20260730
2023-08-16,EV,FeasibleITransformer,96,94.55500793457031,94.55500793457031,0.0,112.37586212158203,112.37586212158203,112.37586212158203,112.37586212158203,0.899722695350647,20260730
2023-08-17,EV,FeasibleITransformer,32,0.0,0.0,0.0,0.5499727129936218,5.789045333862305,0.5499727129936218,5.789045333862305,0.6371256709098816,20260730
2023-08-17,EV,FeasibleITransformer,48,5.326000213623047,33.375999450683594,1.875,16.902164459228516,40.313968658447266,16.902164459228516,40.313968658447266,4.021782875061035,20260730
2023-08-17,EV,FeasibleITransformer,64,36.37699890136719,62.777000427246094,2.0,74.85134887695312,85.6534652709961,74.85134887695312,85.6534652709961,5.304067134857178,20260730
2023-08-17,EV,FeasibleITransformer,80,62.777000427246094,62.777000427246094,1.0,92.7662353515625,97.2528076171875,92.7662353515625,97.2528076171875,2.8669700622558594,20260730
2023-08-17,EV,FeasibleITransformer,84,62.777000427246094,62.777000427246094,0.0,99.16695404052734,99.21927642822266,99.16695404052734,99.21927642822266,1.0017462968826294,20260730
2023-08-17,EV,FeasibleITransformer,96,62.777000427246094,62.777000427246094,0.0,114.62723541259766,114.62723541259766,114.62723541259766,114.62723541259766,0.7851662635803223,20260730
2023-08-18,EV,FeasibleITransformer,32,0.0,0.0,0.0,0.33469048142433167,5.765104293823242,0.33469048142433167,5.765104293823242,0.6297179460525513,20260730
2023-08-18,EV,FeasibleITransformer,48,4.329999923706055,10.930000305175781,1.125,9.000792503356934,22.735898971557617,9.000792503356934,22.735898971557617,3.0502989292144775,20260730
2023-08-18,EV,FeasibleITransformer,64,11.901000022888184,11.901000022888184,0.5625,67.79065704345703,76.72846221923828,67.79065704345703,76.72846221923828,4.554718017578125,20260730
2023-08-18,EV,FeasibleITransformer,80,11.901000022888184,11.901000022888184,0.0,77.9458999633789,84.5582046508789,77.9458999633789,84.5582046508789,2.589810371398926,20260730
2023-08-18,EV,FeasibleITransformer,84,11.901000022888184,11.901000022888184,0.0,82.02210998535156,86.02156829833984,82.02210998535156,86.02156829833984,0.9089802503585815,20260730
2023-08-18,EV,FeasibleITransformer,96,11.901000022888184,11.901000022888184,0.0,96.2879409790039,96.2879409790039,96.2879409790039,96.2879409790039,0.7274350523948669,20260730
2023-08-19,EV,FeasibleITransformer,32,0.0,0.0,0.0,0.44927534461021423,4.933561325073242,0.44927534461021423,4.933561325073242,0.6255735754966736,20260730
2023-08-19,EV,FeasibleITransformer,48,0.0,0.0,0.0,6.845367431640625,15.508193016052246,6.845367431640625,15.508193016052246,2.555356502532959,20260730
2023-08-19,EV,FeasibleITransformer,64,0.0,1.649999976158142,0.0625,50.01751708984375,63.477684020996094,50.01751708984375,63.477684020996094,3.434645175933838,20260730
2023-08-19,EV,FeasibleITransformer,80,24.80900001525879,28.049999237060547,1.0,57.24325942993164,66.9990463256836,57.24325942993164,66.9990463256836,2.1423380374908447,20260730
2023-08-19,EV,FeasibleITransformer,84,31.409000396728516,33.058998107910156,1.0,61.39976501464844,68.29928588867188,61.39976501464844,68.29928588867188,0.8470144867897034,20260730
2023-08-19,EV,FeasibleITransformer,96,33.058998107910156,33.058998107910156,0.0833333358168602,75.99551391601562,75.99551391601562,75.99551391601562,75.99551391601562,0.7574455738067627,20260730
2023-08-20,EV,FeasibleITransformer,32,0.0,0.0,0.0,0.8705615401268005,4.315318584442139,0.8705615401268005,4.315318584442139,0.5727250576019287,20260730
2023-08-20,EV,FeasibleITransformer,48,0.0,0.0,0.0,9.7321195602417,19.227582931518555,9.7321195602417,19.227582931518555,2.548818826675415,20260730
2023-08-20,EV,FeasibleITransformer,64,0.0,0.0,0.0,41.082679748535156,62.050086975097656,41.082679748535156,62.050086975097656,3.0988893508911133,20260730
2023-08-20,EV,FeasibleITransformer,80,0.0,0.0,0.0,53.229339599609375,65.79739379882812,53.229339599609375,65.79739379882812,2.2523486614227295,20260730
2023-08-20,EV,FeasibleITransformer,84,0.0,0.0,0.0,59.01654052734375,67.24404907226562,59.01654052734375,67.24404907226562,0.9382032155990601,20260730
2023-08-20,EV,FeasibleITransformer,96,0.0,0.0,0.0,75.77278137207031,75.77278137207031,75.77278137207031,75.77278137207031,0.860329806804657,20260730
2023-08-21,EV,FeasibleITransformer,32,0.0,4.949999809265137,0.09375,1.393903374671936,3.5562644004821777,1.393903374671936,3.5562644004821777,0.5272009968757629,20260730
2023-08-21,EV,FeasibleITransformer,48,14.255000114440918,17.55500030517578,1.0,16.919937133789062,33.7261848449707,16.919937133789062,33.7261848449707,3.3976123332977295,20260730
2023-08-21,EV,FeasibleITransformer,64,17.55500030517578,17.55500030517578,0.125,42.93016815185547,68.51239776611328,42.93016815185547,68.51239776611328,3.5946292877197266,20260730
2023-08-21,EV,FeasibleITransformer,80,17.55500030517578,17.55500030517578,0.0,61.266624450683594,72.7222671508789,61.266624450683594,72.7222671508789,2.2237679958343506,20260730
2023-08-21,EV,FeasibleITransformer,84,17.55500030517578,17.55500030517578,0.0,67.7369155883789,74.34798431396484,67.7369155883789,74.34798431396484,0.997372567653656,20260730
2023-08-21,EV,FeasibleITransformer,96,17.55500030517578,17.55500030517578,0.0,86.62789154052734,86.62789154052734,86.62789154052734,86.62789154052734,0.9606832265853882,20260730
2023-08-22,EV,FeasibleITransformer,32,0.0,0.0,0.0,1.5637786388397217,3.3779685497283936,1.5637786388397217,3.3779685497283936,0.5456302165985107,20260730
2023-08-22,EV,FeasibleITransformer,48,3.1579999923706055,3.1579999923706055,0.4375,26.057830810546875,52.261619567871094,26.057830810546875,52.261619567871094,4.119065284729004,20260730
2023-08-22,EV,FeasibleITransformer,64,3.1579999923706055,3.1579999923706055,0.0,53.03192138671875,79.84307098388672,53.03192138671875,79.84307098388672,4.252610206604004,20260730
2023-08-22,EV,FeasibleITransformer,80,3.1579999923706055,3.1579999923706055,0.0,76.20092010498047,84.58828735351562,76.20092010498047,84.58828735351562,2.507371187210083,20260730
2023-08-22,EV,FeasibleITransformer,84,3.1579999923706055,3.1579999923706055,0.0,83.05733489990234,86.30735778808594,83.05733489990234,86.30735778808594,1.0638129711151123,20260730
2023-08-22,EV,FeasibleITransformer,96,3.1579999923706055,3.1579999923706055,0.0,102.4525375366211,102.4525375366211,102.4525375366211,102.4525375366211,0.9911890625953674,20260730
2023-08-23,EV,FeasibleITransformer,32,0.0,0.0,0.0,0.8399850726127625,3.5938515663146973,0.8399850726127625,3.5938515663146973,0.5517857074737549,20260730
2023-08-23,EV,FeasibleITransformer,48,2.822000026702881,10.457000732421875,1.5,26.26003646850586,57.75088882446289,26.26003646850586,57.75088882446289,4.555304527282715,20260730
2023-08-23,EV,FeasibleITransformer,64,10.457000732421875,15.045000076293945,0.9375,70.87612915039062,90.2481689453125,70.87612915039062,90.2481689453125,5.460962772369385,20260730
2023-08-23,EV,FeasibleITransformer,80,26.45600128173828,26.45600128173828,1.0625,93.80689239501953,98.16082000732422,93.80689239501953,98.16082000732422,2.63228440284729,20260730
2023-08-23,EV,FeasibleITransformer,84,26.45600128173828,26.45600128173828,0.0,100.48649597167969,100.61821746826172,100.48649597167969,100.61821746826172,1.045315146446228,20260730
2023-08-23,EV,FeasibleITransformer,96,26.45600128173828,26.45600128173828,0.0,117.92706298828125,117.92706298828125,117.92706298828125,117.92706298828125,0.8871681690216064,20260730
2023-08-24,EV,FeasibleITransformer,32,0.0,3.299999952316284,0.0625,0.5190857648849487,4.8389458656311035,0.5190857648849487,4.8389458656311035,0.6412774324417114,20260730
2023-08-24,EV,FeasibleITransformer,48,11.46399974822998,27.964000701904297,1.0,15.935334205627441,39.543766021728516,15.935334205627441,39.543766021728516,3.803725481033325,20260730
2023-08-24,EV,FeasibleITransformer,64,27.964000701904297,34.374000549316406,1.3125,73.87601470947266,83.94554138183594,73.87601470947266,83.94554138183594,5.069349765777588,20260730
2023-08-24,EV,FeasibleITransformer,80,34.374000549316406,34.374000549316406,0.3125,87.5059585571289,91.63195037841797,87.5059585571289,91.63195037841797,2.7026209831237793,20260730
2023-08-24,EV,FeasibleITransformer,84,36.345001220703125,37.67399978637695,0.5,93.70380401611328,93.73821258544922,93.70380401611328,93.73821258544922,0.9675121307373047,20260730
2023-08-24,EV,FeasibleITransformer,96,46.24500274658203,46.24500274658203,0.5,108.912109375,108.912109375,108.912109375,108.912109375,0.7813789248466492,20260730
2023-08-25,EV,FeasibleITransformer,32,0.0,0.0,0.0,0.30106058716773987,5.2031989097595215,0.30106058716773987,5.2031989097595215,0.6321619749069214,20260730
2023-08-25,EV,FeasibleITransformer,48,4.1020002365112305,12.452000617980957,1.6875,8.413500785827637,20.952617645263672,8.413500785827637,20.952617645263672,2.802779197692871,20260730
2023-08-25,EV,FeasibleITransformer,64,12.097000122070312,25.652000427246094,1.875,63.4853401184082,72.3813247680664,63.4853401184082,72.3813247680664,4.131731033325195,20260730
2023-08-25,EV,FeasibleITransformer,80,48.99199676513672,50.641998291015625,2.0625,70.28153991699219,77.05712127685547,70.28153991699219,77.05712127685547,2.405184268951416,20260730
2023-08-25,EV,FeasibleITransformer,84,50.641998291015625,50.641998291015625,0.25,74.67985534667969,78.52385711669922,74.67985534667969,78.52385711669922,0.9006825685501099,20260730
2023-08-25,EV,FeasibleITransformer,96,50.641998291015625,50.641998291015625,0.0,88.81444549560547,88.81444549560547,88.81444549560547,88.81444549560547,0.7280240654945374,20260730
2023-08-26,EV,FeasibleITransformer,32,0.0,0.0,0.0,0.4299958050251007,4.422119140625,0.4299958050251007,4.422119140625,0.6158521175384521,20260730
2023-08-26,EV,FeasibleITransformer,48,0.0,0.0,0.0,6.847933769226074,14.82409954071045,6.847933769226074,14.82409954071045,2.3763110637664795,20260730
2023-08-26,EV,FeasibleITransformer,64,8.35200023651123,8.35200023651123,0.5,49.30517578125,63.13253402709961,49.30517578125,63.13253402709961,3.2521045207977295,20260730
2023-08-26,EV,FeasibleITransformer,80,8.35200023651123,8.35200023651123,0.0,55.63303756713867,65.79243469238281,55.63303756713867,65.79243469238281,2.2129099369049072,20260730
2023-08-26,EV,FeasibleITransformer,84,8.35200023651123,8.35200023651123,0.0,60.2736930847168,67.1348648071289,60.2736930847168,67.1348648071289,0.8787347674369812,20260730
2023-08-26,EV,FeasibleITransformer,96,8.35200023651123,8.35200023651123,0.0,75.01078033447266,75.01078033447266,75.01078033447266,75.01078033447266,0.7659981846809387,20260730
2023-08-27,EV,FeasibleITransformer,32,0.0,0.0,0.0,0.8894374370574951,4.130864143371582,0.8894374370574951,4.130864143371582,0.5830847024917603,20260730
2023-08-27,EV,FeasibleITransformer,48,15.612000465393066,19.799999237060547,0.75,9.855307579040527,19.341041564941406,9.855307579040527,19.341041564941406,2.4825518131256104,20260730
2023-08-27,EV,FeasibleITransformer,64,39.31399917602539,39.31399917602539,0.9375,40.14025115966797,62.095367431640625,40.14025115966797,62.095367431640625,2.999749183654785,20260730
2023-08-27,EV,FeasibleITransformer,80,44.54800033569336,44.54800033569336,0.6875,52.925743103027344,65.15169525146484,52.925743103027344,65.15169525146484,2.2015042304992676,20260730
2023-08-27,EV,FeasibleITransformer,84,44.54800033569336,44.54800033569336,0.0,58.450103759765625,66.4025650024414,58.450103759765625,66.4025650024414,0.9123384356498718,20260730
2023-08-27,EV,FeasibleITransformer,96,44.54800033569336,44.54800033569336,0.0,75.17877960205078,75.17877960205078,75.17877960205078,75.17877960205078,0.8756712079048157,20260730
2023-08-28,EV,FeasibleITransformer,32,0.0,0.0,0.0,1.5793569087982178,3.695984363555908,1.5793569087982178,3.695984363555908,0.5552012920379639,20260730
2023-08-28,EV,FeasibleITransformer,48,42.83799743652344,55.73099899291992,2.4375,17.547439575195312,33.88642120361328,17.547439575195312,33.88642120361328,3.3817789554595947,20260730
2023-08-28,EV,FeasibleITransformer,64,97.28800201416016,97.28800201416016,2.0625,42.7117919921875,68.5150146484375,42.7117919921875,68.5150146484375,3.61452054977417,20260730
2023-08-28,EV,FeasibleITransformer,80,105.98500061035156,105.98500061035156,0.375,61.637107849121094,72.99449920654297,61.637107849121094,72.99449920654297,2.256187677383423,20260730
2023-08-28,EV,FeasibleITransformer,84,105.98500061035156,105.98500061035156,0.0,67.7049789428711,74.39339447021484,67.7049789428711,74.39339447021484,0.9611825346946716,20260730
2023-08-28,EV,FeasibleITransformer,96,105.98500061035156,105.98500061035156,0.0,86.91578674316406,86.91578674316406,86.91578674316406,86.91578674316406,0.9821626543998718,20260730
2023-08-29,EV,FeasibleITransformer,32,2.5190000534057617,4.949999809265137,0.09375,1.6516051292419434,3.2050979137420654,1.6516051292419434,3.2050979137420654,0.5479282140731812,20260730
2023-08-29,EV,FeasibleITransformer,48,22.319000244140625,22.319000244140625,0.75,28.16600227355957,56.82265090942383,28.16600227355957,56.82265090942383,4.244302749633789,20260730
2023-08-29,EV,FeasibleITransformer,64,22.319000244140625,22.319000244140625,0.0,57.44971466064453,85.71228790283203,57.44971466064453,85.71228790283203,4.6768269538879395,20260730
2023-08-29,EV,FeasibleITransformer,80,22.319000244140625,22.319000244140625,0.0,84.61614990234375,92.8275146484375,84.61614990234375,92.8275146484375,2.649569272994995,20260730
2023-08-29,EV,FeasibleITransformer,84,22.319000244140625,22.319000244140625,0.0,91.48497772216797,94.59696197509766,91.48497772216797,94.59696197509766,1.0784873962402344,20260730
2023-08-29,EV,FeasibleITransformer,96,22.319000244140625,22.319000244140625,0.0,111.75908660888672,111.75908660888672,111.75908660888672,111.75908660888672,1.026079535484314,20260730
2023-08-30,EV,FeasibleITransformer,32,0.0,0.0,0.0,1.1144307851791382,3.717180013656616,1.1144307851791382,3.717180013656616,0.5744072794914246,20260730
2023-08-30,EV,FeasibleITransformer,48,0.0,4.2179999351501465,0.625,29.87954330444336,61.28804397583008,29.87954330444336,61.28804397583008,4.728754043579102,20260730
2023-08-30,EV,FeasibleITransformer,64,4.2179999351501465,5.711999893188477,1.6875,75.44710540771484,94.9277572631836,75.44710540771484,94.9277572631836,5.720390319824219,20260730
2023-08-30,EV,FeasibleITransformer,80,25.583999633789062,25.583999633789062,1.0625,99.63741302490234,103.79810333251953,99.63741302490234,103.79810333251953,2.835249900817871,20260730
2023-08-30,EV,FeasibleITransformer,84,25.583999633789062,25.583999633789062,0.0,106.37333679199219,106.50167846679688,106.37333679199219,106.50167846679688,1.051129698753357,20260730
2023-08-30,EV,FeasibleITransformer,96,25.583999633789062,25.583999633789062,0.0,124.53109741210938,124.53109741210938,124.53109741210938,124.53109741210938,0.9170779585838318,20260730
2023-08-31,EV,FeasibleITransformer,32,2.924999952316284,4.949999809265137,0.09375,0.688060998916626,5.25681209564209,0.688060998916626,5.25681209564209,0.6342024803161621,20260730
2023-08-31,EV,FeasibleITransformer,48,19.424999237060547,19.424999237060547,0.625,18.413475036621094,42.83106994628906,18.413475036621094,42.83106994628906,4.016175746917725,20260730
2023-08-31,EV,FeasibleITransformer,64,19.424999237060547,24.875999450683594,0.5,77.62336730957031,88.1320571899414,77.62336730957031,88.1320571899414,5.585616111755371,20260730
2023-08-31,EV,FeasibleITransformer,80,30.01799964904785,30.01799964904785,0.8125,94.96249389648438,98.71611785888672,94.96249389648438,98.71611785888672,2.978276252746582,20260730
2023-08-31,EV,FeasibleITransformer,84,30.01799964904785,30.01799964904785,0.0,101.260498046875,101.30936431884766,101.260498046875,101.30936431884766,1.002252459526062,20260730
2023-08-31,EV,FeasibleITransformer,96,30.01799964904785,30.01799964904785,0.0,116.97667694091797,116.97667694091797,116.97667694091797,116.97667694091797,0.8298185467720032,20260730
2023-09-01,EV,FeasibleITransformer,32,0.0,0.0,0.0,0.34688833355903625,4.742550849914551,0.34688833355903625,4.742550849914551,0.6429533362388611,20260730
2023-09-01,EV,FeasibleITransformer,48,17.350000381469727,19.799999237060547,0.75,9.155183792114258,22.118940353393555,9.155183792114258,22.118940353393555,2.989638090133667,20260730
2023-09-01,EV,FeasibleITransformer,64,25.600000381469727,25.600000381469727,0.3125,66.57588195800781,75.61763000488281,66.57588195800781,75.61763000488281,4.32439661026001,20260730
2023-09-01,EV,FeasibleITransformer,80,25.600000381469727,25.600000381469727,0.0,74.9588623046875,81.8606185913086,74.9588623046875,81.8606185913086,2.7368311882019043,20260730
2023-09-01,EV,FeasibleITransformer,84,25.600000381469727,25.600000381469727,0.0,79.4887466430664,83.18074798583984,79.4887466430664,83.18074798583984,0.8940499424934387,20260730
2023-09-01,EV,FeasibleITransformer,96,25.600000381469727,25.600000381469727,0.0,93.64151763916016,93.64151763916016,93.64151763916016,93.64151763916016,0.729809045791626,20260730
2023-09-02,EV,FeasibleITransformer,32,0.0,0.0,0.0,0.5659895539283752,4.478265285491943,0.5659895539283752,4.478265285491943,0.6538941264152527,20260730
2023-09-02,EV,FeasibleITransformer,48,0.0,0.0,0.0,7.559579849243164,15.4085111618042,7.559579849243164,15.4085111618042,2.356304407119751,20260730
2023-09-02,EV,FeasibleITransformer,64,0.0,0.0,0.0,51.487789154052734,65.54580688476562,51.487789154052734,65.54580688476562,3.280489921569824,20260730
2023-09-02,EV,FeasibleITransformer,80,0.0,0.0,0.0,58.96281814575195,69.27932739257812,58.96281814575195,69.27932739257812,2.2720141410827637,20260730
2023-09-02,EV,FeasibleITransformer,84,0.0,0.0,0.0,64.01567077636719,70.63443756103516,64.01567077636719,70.63443756103516,0.8429250717163086,20260730
2023-09-02,EV,FeasibleITransformer,96,0.0,0.0,0.0,78.56497955322266,78.56497955322266,78.56497955322266,78.56497955322266,0.7348049879074097,20260730
2023-09-03,EV,FeasibleITransformer,32,0.0,0.0,0.0,0.9679539203643799,3.5140774250030518,0.9679539203643799,3.5140774250030518,0.5883583426475525,20260730
2023-09-03,EV,FeasibleITransformer,48,0.0,0.0,0.0,10.07200813293457,18.13483428955078,10.07200813293457,18.13483428955078,2.4213802814483643,20260730
2023-09-03,EV,FeasibleITransformer,64,0.0,0.0,0.0,40.38978576660156,61.23366928100586,40.38978576660156,61.23366928100586,2.979517936706543,20260730
2023-09-03,EV,FeasibleITransformer,80,5.257999897003174,5.257999897003174,0.6875,52.35563278198242,64.20014190673828,52.35563278198242,64.20014190673828,2.191012382507324,20260730
2023-09-03,EV,FeasibleITransformer,84,5.257999897003174,5.257999897003174,0.0,57.72582244873047,65.3909683227539,57.72582244873047,65.3909683227539,0.8413000702857971,20260730
2023-09-03,EV,FeasibleITransformer,96,5.257999897003174,5.257999897003174,0.0,74.09040832519531,74.09040832519531,74.09040832519531,74.09040832519531,0.8274186253547668,20260730
2023-09-04,EV,FeasibleITransformer,32,0.0,0.0,0.0,1.6018482446670532,3.208277940750122,1.6018482446670532,3.208277940750122,0.5523683428764343,20260730
2023-09-04,EV,FeasibleITransformer,48,0.0,0.0,0.0,18.543001174926758,34.85037612915039,18.543001174926758,34.85037612915039,3.3311986923217773,20260730
2023-09-04,EV,FeasibleITransformer,64,0.0,0.0,0.0,44.2804069519043,70.43730926513672,44.2804069519043,70.43730926513672,3.399679660797119,20260730
2023-09-04,EV,FeasibleITransformer,80,5.604000091552734,5.604000091552734,0.25,64.46031188964844,75.2148208618164,64.46031188964844,75.2148208618164,2.2486469745635986,20260730
2023-09-04,EV,FeasibleITransformer,84,5.604000091552734,5.604000091552734,0.0,70.25688171386719,76.4503173828125,70.25688171386719,76.4503173828125,0.8894906640052795,20260730
2023-09-04,EV,FeasibleITransformer,96,5.604000091552734,5.604000091552734,0.0,88.89900207519531,88.89900207519531,88.89900207519531,88.89900207519531,0.9415093064308167,20260730
2023-09-05,EV,FeasibleITransformer,32,0.9459999799728394,3.299999952316284,0.0625,1.7103997468948364,2.7872707843780518,1.7103997468948364,2.7872707843780518,0.552943766117096,20260730
2023-09-05,EV,FeasibleITransformer,48,19.09600067138672,32.05500030517578,1.3125,27.523900985717773,53.645347595214844,27.523900985717773,53.645347595214844,3.863381862640381,20260730
2023-09-05,EV,FeasibleITransformer,64,28.755001068115234,34.91699981689453,1.375,55.878658294677734,82.30906677246094,55.878658294677734,82.30906677246094,4.134427070617676,20260730
2023-09-05,EV,FeasibleITransformer,80,34.91699981689453,34.91699981689453,0.25,80.733154296875,88.37777709960938,80.733154296875,88.37777709960938,2.469484806060791,20260730
2023-09-05,EV,FeasibleITransformer,84,34.91699981689453,34.91699981689453,0.0,86.83206939697266,89.7174301147461,86.83206939697266,89.7174301147461,0.9536734819412231,20260730
2023-09-05,EV,FeasibleITransformer,96,34.91699981689453,34.91699981689453,0.0,105.73774719238281,105.73774719238281,105.73774719238281,105.73774719238281,0.9558702111244202,20260730
2023-09-06,EV,FeasibleITransformer,32,0.0,0.0,0.0,0.8999524116516113,2.7356505393981934,0.8999524116516113,2.7356505393981934,0.5642674565315247,20260730
2023-09-06,EV,FeasibleITransformer,48,11.413000106811523,19.345001220703125,1.5,25.86006736755371,53.80290222167969,25.86006736755371,53.80290222167969,3.996880531311035,20260730
2023-09-06,EV,FeasibleITransformer,64,27.45800018310547,27.45800018310547,0.75,65.86947631835938,84.96615600585938,65.86947631835938,84.96615600585938,4.928708553314209,20260730
2023-09-06,EV,FeasibleITransformer,80,45.625,45.625,0.75,85.88087463378906,89.65910339355469,85.88087463378906,89.65910339355469,2.647555112838745,20260730
2023-09-06,EV,FeasibleITransformer,84,45.625,45.625,0.0,92.16754150390625,92.28229522705078,92.16754150390625,92.28229522705078,1.000105381011963,20260730
2023-09-06,EV,FeasibleITransformer,96,45.625,45.625,0.0,109.47776794433594,109.47776794433594,109.47776794433594,109.47776794433594,0.889290988445282,20260730
2023-09-07,EV,FeasibleITransformer,32,0.0,0.0,0.0,0.6592622399330139,4.689760684967041,0.6592622399330139,4.689760684967041,0.6661777496337891,20260730
2023-09-07,EV,FeasibleITransformer,48,32.8129997253418,40.49800109863281,2.0625,18.58609390258789,40.698246002197266,18.58609390258789,40.698246002197266,3.5664799213409424,20260730
2023-09-07,EV,FeasibleITransformer,64,38.847999572753906,46.33100128173828,1.875,75.7430648803711,86.14833068847656,75.7430648803711,86.14833068847656,4.911024570465088,20260730
2023-09-07,EV,FeasibleITransformer,80,52.5150032043457,52.5150032043457,1.1875,88.9275894165039,92.49864959716797,88.9275894165039,92.49864959716797,2.731830358505249,20260730
2023-09-07,EV,FeasibleITransformer,84,52.5150032043457,52.5150032043457,0.0,94.7512435913086,94.87252807617188,94.7512435913086,94.87252807617188,0.965311586856842,20260730
2023-09-07,EV,FeasibleITransformer,96,52.5150032043457,52.5150032043457,0.0,110.15843200683594,110.15843200683594,110.15843200683594,110.15843200683594,0.809055745601654,20260730
2023-09-08,EV,FeasibleITransformer,32,0.0,0.0,0.0,0.3480217456817627,4.211511135101318,0.3480217456817627,4.211511135101318,0.6430733799934387,20260730
2023-09-08,EV,FeasibleITransformer,48,0.0,6.215000152587891,0.375,9.0286865234375,20.668272018432617,9.0286865234375,20.668272018432617,2.7875497341156006,20260730
2023-09-08,EV,FeasibleITransformer,64,6.215000152587891,6.215000152587891,0.3125,64.99256134033203,74.1904296875,64.99256134033203,74.1904296875,3.9640069007873535,20260730
2023-09-08,EV,FeasibleITransformer,80,6.215000152587891,6.215000152587891,0.0,72.7562255859375,79.77720642089844,72.7562255859375,79.77720642089844,2.653285264968872,20260730
2023-09-08,EV,FeasibleITransformer,84,6.215000152587891,6.215000152587891,0.0,77.62911224365234,81.06800079345703,77.62911224365234,81.06800079345703,0.841832160949707,20260730
2023-09-08,EV,FeasibleITransformer,96,6.215000152587891,6.215000152587891,0.0,91.37491607666016,91.37491607666016,91.37491607666016,91.37491607666016,0.7137973308563232,20260730
2023-09-09,EV,FeasibleITransformer,32,0.0,0.0,0.0,0.4802129864692688,3.722522258758545,0.4802129864692688,3.722522258758545,0.6452300548553467,20260730
2023-09-09,EV,FeasibleITransformer,48,2.940000057220459,2.940000057220459,0.375,7.038998126983643,13.990387916564941,7.038998126983643,13.990387916564941,2.2345879077911377,20260730
2023-09-09,EV,FeasibleITransformer,64,10.229000091552734,11.878999710083008,0.375,49.31199264526367,63.722755432128906,49.31199264526367,63.722755432128906,3.036459445953369,20260730
2023-09-09,EV,FeasibleITransformer,80,14.732999801635742,14.732999801635742,0.1875,56.00475311279297,66.63909912109375,56.00475311279297,66.63909912109375,2.142049789428711,20260730
2023-09-09,EV,FeasibleITransformer,84,14.732999801635742,14.732999801635742,0.0,60.9799919128418,67.60575103759766,60.9799919128418,67.60575103759766,0.7996588349342346,20260730
2023-09-09,EV,FeasibleITransformer,96,14.732999801635742,14.732999801635742,0.0,75.28068542480469,75.28068542480469,75.28068542480469,75.28068542480469,0.7338041663169861,20260730
2023-09-10,EV,FeasibleITransformer,32,3.1419999599456787,3.1419999599456787,0.125,1.0259517431259155,3.2811694145202637,1.0259517431259155,3.2811694145202637,0.5957260131835938,20260730
2023-09-10,EV,FeasibleITransformer,48,3.1419999599456787,3.1419999599456787,0.0,10.82806396484375,18.489891052246094,10.82806396484375,18.489891052246094,2.4825966358184814,20260730
2023-09-10,EV,FeasibleITransformer,64,3.1419999599456787,3.1419999599456787,0.0,41.659400939941406,62.88557815551758,41.659400939941406,62.88557815551758,2.839794158935547,20260730
2023-09-10,EV,FeasibleITransformer,80,8.602999687194824,8.602999687194824,0.625,54.80808639526367,66.69198608398438,54.80808639526367,66.69198608398438,2.184934139251709,20260730
2023-09-10,EV,FeasibleITransformer,84,8.602999687194824,8.602999687194824,0.0,60.05744171142578,67.7016372680664,60.05744171142578,67.7016372680664,0.8208326697349548,20260730
2023-09-10,EV,FeasibleITransformer,96,8.602999687194824,8.602999687194824,0.0,76.4575424194336,76.4575424194336,76.4575424194336,76.4575424194336,0.8350543975830078,20260730
2023-09-11,EV,FeasibleITransformer,32,0.5879999995231628,1.649999976158142,0.03125,1.754715919494629,2.8993446826934814,1.754715919494629,2.8993446826934814,0.5633621215820312,20260730
2023-09-11,EV,FeasibleITransformer,48,15.145000457763672,23.39900016784668,2.0,19.07619285583496,35.41395568847656,19.07619285583496,35.41395568847656,3.262484312057495,20260730
2023-09-11,EV,FeasibleITransformer,64,24.174999237060547,29.128999710083008,1.875,44.252418518066406,71.06334686279297,44.252418518066406,71.06334686279297,3.336705446243286,20260730
2023-09-11,EV,FeasibleITransformer,80,33.66699981689453,33.66699981689453,0.875,65.04119110107422,75.67435455322266,65.04119110107422,75.67435455322266,2.315020799636841,20260730
2023-09-11,EV,FeasibleITransformer,84,33.66699981689453,33.66699981689453,0.0,70.76911163330078,76.90812683105469,70.76911163330078,76.90812683105469,0.9144114255905151,20260730
2023-09-11,EV,FeasibleITransformer,96,33.66699981689453,33.66699981689453,0.0,89.40755462646484,89.40755462646484,89.40755462646484,89.40755462646484,0.9677271246910095,20260730
2023-09-12,EV,FeasibleITransformer,32,0.0,4.949999809265137,0.09375,1.7191742658615112,2.436279773712158,1.7191742658615112,2.436279773712158,0.5724656581878662,20260730
2023-09-12,EV,FeasibleITransformer,48,0.0,12.61299991607666,2.0,27.89178466796875,54.38423538208008,27.89178466796875,54.38423538208008,4.01651668548584,20260730
2023-09-12,EV,FeasibleITransformer,64,8.376999855041504,18.39099884033203,1.875,55.74506759643555,83.14704132080078,55.74506759643555,83.14704132080078,4.254316806793213,20260730
2023-09-12,EV,FeasibleITransformer,80,27.99199867248535,27.99199867248535,1.875,80.31047821044922,87.87581634521484,80.31047821044922,87.87581634521484,2.498047113418579,20260730
2023-09-12,EV,FeasibleITransformer,84,27.99199867248535,27.99199867248535,0.0,86.56153106689453,89.20594787597656,86.56153106689453,89.20594787597656,0.9726570248603821,20260730
2023-09-12,EV,FeasibleITransformer,96,27.99199867248535,27.99199867248535,0.0,105.67680358886719,105.67680358886719,105.67680358886719,105.67680358886719,0.9803003668785095,20260730
2023-09-13,EV,FeasibleITransformer,32,0.0,0.0,0.0,1.137639045715332,2.7601518630981445,1.137639045715332,2.7601518630981445,0.5857157707214355,20260730
2023-09-13,EV,FeasibleITransformer,48,6.0289998054504395,9.81399917602539,0.875,28.06747055053711,58.834999084472656,28.06747055053711,58.834999084472656,4.285238265991211,20260730
2023-09-13,EV,FeasibleITransformer,64,10.979000091552734,10.979000091552734,0.1875,71.28248596191406,91.43380737304688,71.28248596191406,91.43380737304688,5.1839423179626465,20260730
2023-09-13,EV,FeasibleITransformer,80,12.177999496459961,12.177999496459961,0.125,95.42394256591797,98.91815185546875,95.42394256591797,98.91815185546875,2.803652048110962,20260730
2023-09-13,EV,FeasibleITransformer,84,12.177999496459961,12.177999496459961,0.0,101.46257781982422,101.52228546142578,101.46257781982422,101.52228546142578,0.9478157162666321,20260730
2023-09-13,EV,FeasibleITransformer,96,12.177999496459961,12.177999496459961,0.0,118.45689392089844,118.45689392089844,118.45689392089844,118.45689392089844,0.8651272058486938,20260730
2023-09-14,EV,FeasibleITransformer,32,0.0,0.0,0.0,0.6157142519950867,3.8771960735321045,0.6157142519950867,3.8771960735321045,0.6289030313491821,20260730
2023-09-14,EV,FeasibleITransformer,48,0.0,0.0,0.0,17.22838592529297,39.67194747924805,17.22838592529297,39.67194747924805,3.632042169570923,20260730
2023-09-14,EV,FeasibleITransformer,64,2.309999942779541,2.309999942779541,0.125,73.66293334960938,84.69754028320312,73.66293334960938,84.69754028320312,4.877495765686035,20260730
2023-09-14,EV,FeasibleITransformer,80,2.309999942779541,2.309999942779541,0.0,88.94622039794922,92.06007385253906,88.94622039794922,92.06007385253906,2.9100654125213623,20260730
2023-09-14,EV,FeasibleITransformer,84,2.309999942779541,2.309999942779541,0.0,94.79788970947266,94.82852172851562,94.79788970947266,94.82852172851562,0.9071410894393921,20260730
2023-09-14,EV,FeasibleITransformer,96,2.309999942779541,2.309999942779541,0.0,109.48729705810547,109.48729705810547,109.48729705810547,109.48729705810547,0.7576642632484436,20260730
2023-09-15,EV,FeasibleITransformer,32,0.0,0.0,0.0,0.3450869917869568,3.6251533031463623,0.3450869917869568,3.6251533031463623,0.6429803967475891,20260730
2023-09-15,EV,FeasibleITransformer,48,0.0,5.942999839782715,0.625,9.238648414611816,21.3319091796875,9.238648414611816,21.3319091796875,2.8292486667633057,20260730
2023-09-15,EV,FeasibleITransformer,64,5.942999839782715,5.942999839782715,0.4375,66.87870788574219,75.85746002197266,66.87870788574219,75.85746002197266,3.832266330718994,20260730
2023-09-15,EV,FeasibleITransformer,80,5.942999839782715,5.942999839782715,0.0,73.7354965209961,80.88737487792969,73.7354965209961,80.88737487792969,2.410508632659912,20260730
2023-09-15,EV,FeasibleITransformer,84,5.942999839782715,5.942999839782715,0.0,78.85086822509766,82.02372741699219,78.85086822509766,82.02372741699219,0.7962863445281982,20260730
2023-09-15,EV,FeasibleITransformer,96,5.942999839782715,5.942999839782715,0.0,92.2296371459961,92.2296371459961,92.2296371459961,92.2296371459961,0.6848341822624207,20260730
2023-09-16,EV,FeasibleITransformer,32,0.0,0.0,0.0,0.41278183460235596,3.0256989002227783,0.41278183460235596,3.0256989002227783,0.6315760612487793,20260730
2023-09-16,EV,FeasibleITransformer,48,0.0,0.0,0.0,7.075867176055908,13.536791801452637,7.075867176055908,13.536791801452637,2.183872938156128,20260730
2023-09-16,EV,FeasibleITransformer,64,0.0,0.0,0.0,49.347774505615234,63.436771392822266,49.347774505615234,63.436771392822266,2.860180377960205,20260730
2023-09-16,EV,FeasibleITransformer,80,0.0,0.0,0.0,55.552276611328125,65.74890899658203,55.552276611328125,65.74890899658203,2.083468198776245,20260730
2023-09-16,EV,FeasibleITransformer,84,0.0,0.0,0.0,60.470680236816406,66.80522155761719,60.470680236816406,66.80522155761719,0.7700643539428711,20260730
2023-09-16,EV,FeasibleITransformer,96,0.0,0.0,0.0,74.22029876708984,74.22029876708984,74.22029876708984,74.22029876708984,0.7184443473815918,20260730
2023-09-17,EV,FeasibleITransformer,32,0.0,0.0,0.0,1.0064444541931152,2.746474266052246,1.0064444541931152,2.746474266052246,0.5933587551116943,20260730
2023-09-17,EV,FeasibleITransformer,48,0.0,0.0,0.0,9.990796089172363,17.027624130249023,9.990796089172363,17.027624130249023,2.1028857231140137,20260730
2023-09-17,EV,FeasibleITransformer,64,0.0,0.0,0.0,39.456886291503906,60.66904830932617,39.456886291503906,60.66904830932617,2.5630834102630615,20260730
2023-09-17,EV,FeasibleITransformer,80,19.96299934387207,23.738000869750977,0.9375,51.79243850708008,63.20542907714844,51.79243850708008,63.20542907714844,2.092369556427002,20260730
2023-09-17,EV,FeasibleITransformer,84,26.562999725341797,30.33799934387207,1.0,56.68424606323242,64.09465026855469,56.68424606323242,64.09465026855469,0.7610706090927124,20260730
2023-09-17,EV,FeasibleITransformer,96,43.06300354003906,43.06300354003906,0.8333333134651184,72.33009338378906,72.33009338378906,72.33009338378906,72.33009338378906,0.7935144901275635,20260730
2023-09-18,EV,FeasibleITransformer,32,0.0,0.0,0.0,1.7036755084991455,2.49137544631958,1.7036755084991455,2.49137544631958,0.5614511966705322,20260730
2023-09-18,EV,FeasibleITransformer,48,0.0,4.401000022888184,0.625,18.354480743408203,34.325157165527344,18.354480743408203,34.325157165527344,3.1293115615844727,20260730
2023-09-18,EV,FeasibleITransformer,64,4.401000022888184,4.401000022888184,0.4375,43.244850158691406,70.10427856445312,43.244850158691406,70.10427856445312,3.1116719245910645,20260730
2023-09-18,EV,FeasibleITransformer,80,6.171000003814697,14.300999641418457,0.375,63.91917037963867,74.19660949707031,63.91917037963867,74.19660949707031,2.195168972015381,20260730
2023-09-18,EV,FeasibleITransformer,84,12.770999908447266,16.070999145507812,1.0,69.3638687133789,75.25265502929688,69.3638687133789,75.25265502929688,0.8579367995262146,20260730
2023-09-18,EV,FeasibleITransformer,96,17.8439998626709,17.8439998626709,0.4166666865348816,87.31958770751953,87.31958770751953,87.31958770751953,87.31958770751953,0.9367203712463379,20260730
2023-09-19,EV,FeasibleITransformer,32,0.0,0.0,0.0,1.4786278009414673,2.1452906131744385,1.4786278009414673,2.1452906131744385,0.553236722946167,20260730
2023-09-19,EV,FeasibleITransformer,48,18.121000289916992,22.28999900817871,1.0625,26.994281768798828,53.5058479309082,26.994281768798828,53.5058479309082,3.7444870471954346,20260730
2023-09-19,EV,FeasibleITransformer,64,39.57099914550781,39.57099914550781,0.8125,54.66915512084961,81.93293762207031,54.66915512084961,81.93293762207031,3.973534345626831,20260730
2023-09-19,EV,FeasibleITransformer,80,39.57099914550781,39.57099914550781,0.0,77.63248443603516,85.13800048828125,77.63248443603516,85.13800048828125,2.4731783866882324,20260730
2023-09-19,EV,FeasibleITransformer,84,39.57099914550781,39.57099914550781,0.0,83.6282730102539,86.18441009521484,83.6282730102539,86.18441009521484,0.9437549114227295,20260730
2023-09-19,EV,FeasibleITransformer,96,39.57099914550781,39.57099914550781,0.0,102.88706970214844,102.88706970214844,102.88706970214844,102.88706970214844,1.002029538154602,20260730
2023-09-20,EV,FeasibleITransformer,32,0.0,0.0,0.0,1.0502358675003052,2.329911708831787,1.0502358675003052,2.329911708831787,0.5738268494606018,20260730
2023-09-20,EV,FeasibleITransformer,48,8.416999816894531,10.910999298095703,0.625,29.06354331970215,59.4000244140625,29.06354331970215,59.4000244140625,4.255246639251709,20260730
2023-09-20,EV,FeasibleITransformer,64,34.91600036621094,34.91600036621094,1.3125,71.3118667602539,91.54913330078125,71.3118667602539,91.54913330078125,4.740422248840332,20260730
2023-09-20,EV,FeasibleITransformer,80,34.91600036621094,34.91600036621094,0.0,94.77656555175781,97.94063568115234,94.77656555175781,97.94063568115234,2.7527501583099365,20260730
2023-09-20,EV,FeasibleITransformer,84,34.91600036621094,34.91600036621094,0.0,100.91485595703125,101.09156036376953,100.91485595703125,101.09156036376953,0.9516755938529968,20260730
2023-09-20,EV,FeasibleITransformer,96,34.91600036621094,34.91600036621094,0.0,118.67694854736328,118.67694854736328,118.67694854736328,118.67694854736328,0.9116506576538086,20260730
2023-09-21,EV,FeasibleITransformer,32,1.4249999523162842,4.949999809265137,0.09375,0.6039236187934875,3.2099530696868896,0.6039236187934875,3.2099530696868896,0.6347962617874146,20260730
2023-09-21,EV,FeasibleITransformer,48,24.524999618530273,24.524999618530273,0.875,17.61333656311035,39.02824020385742,17.61333656311035,39.02824020385742,3.34370493888855,20260730
2023-09-21,EV,FeasibleITransformer,64,25.850000381469727,25.850000381469727,0.0625,73.33723449707031,84.10664367675781,73.33723449707031,84.10664367675781,4.556017875671387,20260730
2023-09-21,EV,FeasibleITransformer,80,32.018001556396484,32.018001556396484,0.4375,87.18260192871094,90.06746673583984,87.18260192871094,90.06746673583984,2.654313802719116,20260730
2023-09-21,EV,FeasibleITransformer,84,32.018001556396484,32.018001556396484,0.0,92.65733337402344,92.8160629272461,92.65733337402344,92.8160629272461,0.9240647554397583,20260730
2023-09-21,EV,FeasibleITransformer,96,32.018001556396484,32.018001556396484,0.0,108.45985412597656,108.45985412597656,108.45985412597656,108.45985412597656,0.8270173668861389,20260730
2023-09-22,EV,FeasibleITransformer,32,0.2199999988079071,3.299999952316284,0.0625,0.3695352077484131,3.2911124229431152,0.3695352077484131,3.2911124229431152,0.6495272517204285,20260730
2023-09-22,EV,FeasibleITransformer,48,23.31999969482422,23.31999969482422,0.875,9.284990310668945,20.449281692504883,9.284990310668945,20.449281692504883,2.5993359088897705,20260730
2023-09-22,EV,FeasibleITransformer,64,23.31999969482422,23.31999969482422,0.0,65.38746643066406,75.0087661743164,65.38746643066406,75.0087661743164,3.7600655555725098,20260730
2023-09-22,EV,FeasibleITransformer,80,24.124000549316406,24.124000549316406,0.0625,73.11483001708984,80.01212310791016,73.11483001708984,80.01212310791016,2.4695515632629395,20260730
2023-09-22,EV,FeasibleITransformer,84,24.124000549316406,24.124000549316406,0.0,78.29940032958984,81.14015197753906,78.29940032958984,81.14015197753906,0.7944328188896179,20260730
2023-09-22,EV,FeasibleITransformer,96,24.124000549316406,24.124000549316406,0.0,92.09890747070312,92.09890747070312,92.09890747070312,92.09890747070312,0.7061116695404053,20260730
2023-09-23,EV,FeasibleITransformer,32,0.0,0.0,0.0,0.4667048752307892,2.713780641555786,0.4667048752307892,2.713780641555786,0.6492594480514526,20260730
2023-09-23,EV,FeasibleITransformer,48,0.0,0.0,0.0,7.5453715324401855,13.274674415588379,7.5453715324401855,13.274674415588379,2.064502000808716,20260730
2023-09-23,EV,FeasibleITransformer,64,0.0,0.0,0.0,49.9833869934082,63.892398834228516,49.9833869934082,63.892398834228516,2.7605981826782227,20260730
2023-09-23,EV,FeasibleITransformer,80,0.0,0.0,0.0,56.09986114501953,66.16728210449219,56.09986114501953,66.16728210449219,1.9957244396209717,20260730
2023-09-23,EV,FeasibleITransformer,84,0.0,0.0,0.0,60.808536529541016,66.98175048828125,60.808536529541016,66.98175048828125,0.7261356711387634,20260730
2023-09-23,EV,FeasibleITransformer,96,0.0,0.0,0.0,74.87104034423828,74.87104034423828,74.87104034423828,74.87104034423828,0.7217904925346375,20260730
2023-09-24,EV,FeasibleITransformer,32,0.0,0.0,0.0,1.126793622970581,2.521663188934326,1.126793622970581,2.521663188934326,0.6225422024726868,20260730
2023-09-24,EV,FeasibleITransformer,48,0.0,0.0,0.0,10.684242248535156,16.976022720336914,10.684242248535156,16.976022720336914,2.0941433906555176,20260730
2023-09-24,EV,FeasibleITransformer,64,11.263999938964844,11.263999938964844,0.5,40.2597541809082,60.87860107421875,40.2597541809082,60.87860107421875,2.4700303077697754,20260730
2023-09-24,EV,FeasibleITransformer,80,30.326000213623047,30.326000213623047,0.75,51.512481689453125,62.93475341796875,51.512481689453125,62.93475341796875,1.972731351852417,20260730
2023-09-24,EV,FeasibleITransformer,84,30.326000213623047,30.326000213623047,0.0,56.41074752807617,63.75032043457031,56.41074752807617,63.75032043457031,0.7845667600631714,20260730
2023-09-24,EV,FeasibleITransformer,96,30.326000213623047,30.326000213623047,0.0,72.67649841308594,72.67649841308594,72.67649841308594,72.67649841308594,0.8643091320991516,20260730
2023-09-25,EV,FeasibleITransformer,32,0.0,0.0,0.0,1.4144755601882935,1.941466212272644,1.4144755601882935,1.941466212272644,0.5559861660003662,20260730
2023-09-25,EV,FeasibleITransformer,48,0.0,4.949999809265137,0.1875,18.85038185119629,33.57326126098633,18.85038185119629,33.57326126098633,2.8909199237823486,20260730
2023-09-25,EV,FeasibleITransformer,64,27.452999114990234,30.588998794555664,2.1875,42.90837478637695,69.13961029052734,42.90837478637695,69.13961029052734,3.0153744220733643,20260730
2023-09-25,EV,FeasibleITransformer,80,38.21699905395508,38.21699905395508,0.6875,62.7018928527832,72.65522766113281,62.7018928527832,72.65522766113281,2.1438891887664795,20260730
2023-09-25,EV,FeasibleITransformer,84,38.21699905395508,38.21699905395508,0.0,67.90005493164062,73.52711486816406,67.90005493164062,73.52711486816406,0.8445821404457092,20260730
2023-09-25,EV,FeasibleITransformer,96,38.21699905395508,38.21699905395508,0.0,86.12223815917969,86.12223815917969,86.12223815917969,86.12223815917969,0.9710879921913147,20260730
2023-09-26,EV,FeasibleITransformer,32,0.7059999704360962,0.7059999704360962,0.3125,1.4557195901870728,1.844476342201233,1.4557195901870728,1.844476342201233,0.5511912107467651,20260730
2023-09-26,EV,FeasibleITransformer,48,0.7059999704360962,15.610000610351562,0.875,27.97768211364746,52.71189498901367,27.97768211364746,52.71189498901367,3.4985525608062744,20260730
2023-09-26,EV,FeasibleITransformer,64,25.2239990234375,35.124000549316406,1.875,54.6197395324707,81.6304702758789,54.6197395324707,81.6304702758789,3.92047381401062,20260730
2023-09-26,EV,FeasibleITransformer,80,35.124000549316406,35.124000549316406,0.375,79.37140655517578,86.1568832397461,79.37140655517578,86.1568832397461,2.351958751678467,20260730
2023-09-26,EV,FeasibleITransformer,84,35.124000549316406,35.124000549316406,0.0,84.93622589111328,87.0616226196289,84.93622589111328,87.0616226196289,0.8832958936691284,20260730
2023-09-26,EV,FeasibleITransformer,96,35.124000549316406,35.124000549316406,0.0,103.24115753173828,103.24115753173828,103.24115753173828,103.24115753173828,0.943196177482605,20260730
2023-09-27,EV,FeasibleITransformer,32,0.0,1.649999976158142,0.03125,0.9699720144271851,1.9052629470825195,0.9699720144271851,1.9052629470825195,0.5927357077598572,20260730
2023-09-27,EV,FeasibleITransformer,48,33.77899932861328,40.93899917602539,2.4375,29.019786834716797,57.7347297668457,29.019786834716797,57.7347297668457,3.7402665615081787,20260730
2023-09-27,EV,FeasibleITransformer,64,81.39800262451172,81.39800262451172,2.0625,71.09298706054688,90.71762084960938,71.09298706054688,90.71762084960938,4.743852138519287,20260730
2023-09-27,EV,FeasibleITransformer,80,95.2760009765625,95.2760009765625,0.5625,93.34382629394531,96.0235366821289,93.34382629394531,96.0235366821289,2.510530471801758,20260730
2023-09-27,EV,FeasibleITransformer,84,95.2760009765625,95.2760009765625,0.0,99.0830078125,99.09961700439453,99.0830078125,99.09961700439453,0.881956934928894,20260730
2023-09-27,EV,FeasibleITransformer,96,95.2760009765625,95.2760009765625,0.0,115.6927719116211,115.6927719116211,115.6927719116211,115.6927719116211,0.8538349866867065,20260730
2023-09-28,EV,FeasibleITransformer,32,2.5880000591278076,4.949999809265137,0.09375,0.6073885560035706,2.831472158432007,0.6073885560035706,2.831472158432007,0.6795019507408142,20260730
2023-09-28,EV,FeasibleITransformer,48,11.854000091552734,13.503999710083008,1.0625,17.330211639404297,38.62439727783203,17.330211639404297,38.62439727783203,3.051483154296875,20260730
2023-09-28,EV,FeasibleITransformer,64,24.446998596191406,24.446998596191406,0.5,72.14334106445312,83.37467193603516,72.14334106445312,83.37467193603516,4.543064117431641,20260730
2023-09-28,EV,FeasibleITransformer,80,24.446998596191406,24.446998596191406,0.0,87.51114654541016,89.86520385742188,87.51114654541016,89.86520385742188,2.6624550819396973,20260730
2023-09-28,EV,FeasibleITransformer,84,24.446998596191406,24.446998596191406,0.0,92.86788177490234,92.90631103515625,92.86788177490234,92.90631103515625,0.8437324166297913,20260730
2023-09-28,EV,FeasibleITransformer,96,24.446998596191406,24.446998596191406,0.0,107.20777893066406,107.20777893066406,107.20777893066406,107.20777893066406,0.7385020852088928,20260730
2023-09-29,EV,FeasibleITransformer,32,0.0,0.0,0.0,0.3981679379940033,3.178593873977661,0.3981679379940033,3.178593873977661,0.6848700046539307,20260730
2023-09-29,EV,FeasibleITransformer,48,0.0,9.854999542236328,1.5625,12.028181076049805,23.193424224853516,12.028181076049805,23.193424224853516,2.6555333137512207,20260730
2023-09-29,EV,FeasibleITransformer,64,3.5899999141693115,12.672999382019043,2.5,67.94883728027344,78.0645980834961,67.94883728027344,78.0645980834961,3.713576316833496,20260730
2023-09-29,EV,FeasibleITransformer,80,12.672999382019043,12.672999382019043,0.625,77.30477905273438,83.68274688720703,77.30477905273438,83.68274688720703,2.3954973220825195,20260730
2023-09-29,EV,FeasibleITransformer,84,12.672999382019043,12.672999382019043,0.0,82.25452423095703,84.76213073730469,82.25452423095703,84.76213073730469,0.7621632814407349,20260730
2023-09-29,EV,FeasibleITransformer,96,12.672999382019043,12.672999382019043,0.0,95.36083221435547,95.36083221435547,95.36083221435547,95.36083221435547,0.6723953485488892,20260730
2023-09-30,EV,FeasibleITransformer,32,0.0,0.0,0.0,0.5438780188560486,2.6859169006347656,0.5438780188560486,2.6859169006347656,0.6665116548538208,20260730
2023-09-30,EV,FeasibleITransformer,48,14.746000289916992,16.889999389648438,1.0625,7.915279865264893,14.571226119995117,7.915279865264893,14.571226119995117,2.1225364208221436,20260730
2023-09-30,EV,FeasibleITransformer,64,26.32699966430664,37.84600067138672,0.875,51.21945571899414,66.78150177001953,51.21945571899414,66.78150177001953,2.981210947036743,20260730
2023-09-30,EV,FeasibleITransformer,80,42.82699966430664,42.82699966430664,0.625,61.45864486694336,70.79879760742188,61.45864486694336,70.79879760742188,2.0959372520446777,20260730
2023-09-30,EV,FeasibleITransformer,84,42.82699966430664,42.82699966430664,0.0,66.05218505859375,71.73172760009766,66.05218505859375,71.73172760009766,0.7100953459739685,20260730
2023-09-30,EV,FeasibleITransformer,96,47.4640007019043,47.4640007019043,0.3333333432674408,79.51597595214844,79.51597595214844,79.51597595214844,79.51597595214844,0.6949490308761597,20260730
2023-07-01,ChargerMatched,SeasonalNaive,32,0.0,0.0,0.0,0.0,0.0,0.0,0.0,0.0,20260730
2023-07-01,ChargerMatched,SeasonalNaive,48,0.0,0.0,0.0,0.0,0.0,0.0,0.0,0.0,20260730
2023-07-01,ChargerMatched,SeasonalNaive,64,0.0,8.269000053405762,0.6875,0.0,0.0,0.0,0.0,0.0,20260730
2023-07-01,ChargerMatched,SeasonalNaive,80,0.0,8.269000053405762,1.0,0.0,0.0,0.0,0.0,0.0,20260730
2023-07-01,ChargerMatched,SeasonalNaive,84,1.6690000295639038,8.269000053405762,1.0,0.0,0.0,0.0,0.0,0.0,20260730
2023-07-01,ChargerMatched,SeasonalNaive,96,8.269000053405762,8.269000053405762,0.3333333432674408,0.0,0.0,0.0,0.0,0.0,20260730
2023-07-02,ChargerMatched,SeasonalNaive,32,0.0,0.0,0.0,0.0,0.0,0.0,0.0,0.0,20260730
2023-07-02,ChargerMatched,SeasonalNaive,48,0.0,0.0,0.0,0.8190000057220459,0.8190000057220459,0.8190000057220459,0.8190000057220459,0.0625,20260730
2023-07-02,ChargerMatched,SeasonalNaive,64,0.0,0.0,0.0,8.017000198364258,8.017000198364258,8.017000198364258,8.017000198364258,0.375,20260730
2023-07-02,ChargerMatched,SeasonalNaive,80,14.317999839782715,18.149999618530273,0.6875,8.017000198364258,8.017000198364258,8.017000198364258,8.017000198364258,0.0,20260730
2023-07-02,ChargerMatched,SeasonalNaive,84,20.917999267578125,24.75,1.0,8.017000198364258,8.017000198364258,8.017000198364258,8.017000198364258,0.0,20260730
2023-07-02,ChargerMatched,SeasonalNaive,96,25.868000030517578,25.868000030517578,0.25,8.017000198364258,8.017000198364258,8.017000198364258,8.017000198364258,0.0,20260730
2023-07-03,ChargerMatched,SeasonalNaive,32,0.0,0.0,0.0,0.0,0.0,0.0,0.0,0.0,20260730
2023-07-03,ChargerMatched,SeasonalNaive,48,0.0,8.196000099182129,0.375,0.0,5.919000148773193,0.0,5.919000148773193,0.5625,20260730
2023-07-03,ChargerMatched,SeasonalNaive,64,21.006000518798828,30.029998779296875,2.0,5.919000148773193,5.919000148773193,5.919000148773193,5.919000148773193,0.25,20260730
2023-07-03,ChargerMatched,SeasonalNaive,80,41.68299865722656,41.68299865722656,1.3125,5.919000148773193,5.919000148773193,5.919000148773193,5.919000148773193,0.0,20260730
2023-07-03,ChargerMatched,SeasonalNaive,84,41.68299865722656,41.68299865722656,0.0,5.919000148773193,5.919000148773193,5.919000148773193,5.919000148773193,0.0,20260730
2023-07-03,ChargerMatched,SeasonalNaive,96,41.68299865722656,41.68299865722656,0.0,5.919000148773193,5.919000148773193,5.919000148773193,5.919000148773193,0.0,20260730
2023-07-04,ChargerMatched,SeasonalNaive,32,0.0,0.0,0.0,0.0,0.0,0.0,0.0,0.0,20260730
2023-07-04,ChargerMatched,SeasonalNaive,48,0.0,0.0,0.0,0.029999999329447746,1.649999976158142,0.029999999329447746,1.649999976158142,0.0625,20260730
2023-07-04,ChargerMatched,SeasonalNaive,64,0.0,0.0,0.0,24.493000030517578,26.43000030517578,24.493000030517578,26.43000030517578,1.0,20260730
2023-07-04,ChargerMatched,SeasonalNaive,80,0.0,0.0,0.0,31.093000411987305,32.20100021362305,31.093000411987305,32.20100021362305,0.75,20260730
2023-07-04,ChargerMatched,SeasonalNaive,84,0.0,0.0,0.0,32.20100021362305,32.20100021362305,32.20100021362305,32.20100021362305,0.5,20260730
2023-07-04,ChargerMatched,SeasonalNaive,96,0.0,0.0,0.0,32.20100021362305,32.20100021362305,32.20100021362305,32.20100021362305,0.0,20260730
2023-07-05,ChargerMatched,SeasonalNaive,32,0.0,9.899999618530273,0.1875,0.0,0.0,0.0,0.0,0.0,20260730
2023-07-05,ChargerMatched,SeasonalNaive,48,0.0,32.875,1.875,4.311999797821045,5.961999893188477,4.311999797821045,5.961999893188477,0.9375,20260730
2023-07-05,ChargerMatched,SeasonalNaive,64,36.58399963378906,46.07500076293945,2.4375,5.961999893188477,5.961999893188477,5.961999893188477,5.961999893188477,0.0625,20260730
2023-07-05,ChargerMatched,SeasonalNaive,80,46.48400115966797,46.48400115966797,0.375,5.961999893188477,5.961999893188477,5.961999893188477,5.961999893188477,0.0,20260730
2023-07-05,ChargerMatched,SeasonalNaive,84,46.48400115966797,46.48400115966797,0.0,5.961999893188477,5.961999893188477,5.961999893188477,5.961999893188477,0.0,20260730
2023-07-05,ChargerMatched,SeasonalNaive,96,46.48400115966797,46.48400115966797,0.0,5.961999893188477,5.961999893188477,5.961999893188477,5.961999893188477,0.0,20260730
2023-07-06,ChargerMatched,SeasonalNaive,32,0.0,0.0,0.0,0.0,0.0,0.0,0.0,0.0,20260730
2023-07-06,ChargerMatched,SeasonalNaive,48,0.0,8.276000022888184,0.5,0.0,0.0,0.0,0.0,0.0,20260730
2023-07-06,ChargerMatched,SeasonalNaive,64,8.276000022888184,12.000999450683594,1.1875,0.0,0.0,0.0,0.0,0.0,20260730
2023-07-06,ChargerMatched,SeasonalNaive,80,16.927000045776367,16.927000045776367,0.5,0.0,0.0,0.0,0.0,0.0,20260730
2023-07-06,ChargerMatched,SeasonalNaive,84,16.927000045776367,16.927000045776367,0.0,0.0,0.0,0.0,0.0,0.0,20260730
2023-07-06,ChargerMatched,SeasonalNaive,96,16.927000045776367,16.927000045776367,0.0,0.0,0.0,0.0,0.0,0.0,20260730
2023-07-07,ChargerMatched,SeasonalNaive,32,0.0,0.0,0.0,0.0,0.0,0.0,0.0,0.0,20260730
2023-07-07,ChargerMatched,SeasonalNaive,48,0.0,16.874000549316406,0.875,0.0,3.299999952316284,0.0,3.299999952316284,0.125,20260730
2023-07-07,ChargerMatched,SeasonalNaive,64,15.632999420166016,28.83300018310547,1.875,36.553001403808594,47.57400131225586,36.553001403808594,47.57400131225586,2.3125,20260730
2023-07-07,ChargerMatched,SeasonalNaive,80,28.83300018310547,28.83300018310547,0.5,64.9280014038086,64.9280014038086,64.9280014038086,64.9280014038086,1.1875,20260730
2023-07-07,ChargerMatched,SeasonalNaive,84,28.83300018310547,28.83300018310547,0.0,64.9280014038086,64.9280014038086,64.9280014038086,64.9280014038086,0.0,20260730
2023-07-07,ChargerMatched,SeasonalNaive,96,28.83300018310547,28.83300018310547,0.0,64.9280014038086,64.9280014038086,64.9280014038086,64.9280014038086,0.0,20260730
2023-07-08,ChargerMatched,SeasonalNaive,32,0.0,0.0,0.0,0.0,0.0,0.0,0.0,0.0,20260730
2023-07-08,ChargerMatched,SeasonalNaive,48,0.0,11.701000213623047,1.0,0.0,0.0,0.0,0.0,0.0,20260730
2023-07-08,ChargerMatched,SeasonalNaive,64,11.701000213623047,11.701000213623047,0.625,0.0,8.269000053405762,0.0,8.269000053405762,0.6875,20260730
2023-07-08,ChargerMatched,SeasonalNaive,80,11.701000213623047,11.701000213623047,0.0,0.0,8.269000053405762,0.0,8.269000053405762,1.0,20260730
2023-07-08,ChargerMatched,SeasonalNaive,84,11.701000213623047,11.701000213623047,0.0,1.6690000295639038,8.269000053405762,1.6690000295639038,8.269000053405762,1.0,20260730
2023-07-08,ChargerMatched,SeasonalNaive,96,11.701000213623047,11.701000213623047,0.0,8.269000053405762,8.269000053405762,8.269000053405762,8.269000053405762,0.3333333432674408,20260730
2023-07-09,ChargerMatched,SeasonalNaive,32,0.0,0.0,0.0,0.0,0.0,0.0,0.0,0.0,20260730
2023-07-09,ChargerMatched,SeasonalNaive,48,0.0,0.0,0.0,0.0,0.0,0.0,0.0,0.0,20260730
2023-07-09,ChargerMatched,SeasonalNaive,64,0.0,0.0,0.0,0.0,0.0,0.0,0.0,0.0,20260730
2023-07-09,ChargerMatched,SeasonalNaive,80,0.0,0.0,0.0,14.317999839782715,18.149999618530273,14.317999839782715,18.149999618530273,0.6875,20260730
2023-07-09,ChargerMatched,SeasonalNaive,84,0.0,0.0,0.0,20.917999267578125,24.75,20.917999267578125,24.75,1.0,20260730
2023-07-09,ChargerMatched,SeasonalNaive,96,0.0,0.0,0.0,25.868000030517578,25.868000030517578,25.868000030517578,25.868000030517578,0.25,20260730
2023-07-10,ChargerMatched,SeasonalNaive,32,0.0,0.0,0.0,0.0,0.0,0.0,0.0,0.0,20260730
2023-07-10,ChargerMatched,SeasonalNaive,48,6.285999774932861,6.599999904632568,0.25,0.0,8.196000099182129,0.0,8.196000099182129,0.375,20260730
2023-07-10,ChargerMatched,SeasonalNaive,64,11.236000061035156,12.88599967956543,0.25,21.006000518798828,30.029998779296875,21.006000518798828,30.029998779296875,2.0,20260730
2023-07-10,ChargerMatched,SeasonalNaive,80,36.029998779296875,39.2859992980957,1.0,41.68299865722656,41.68299865722656,41.68299865722656,41.68299865722656,1.3125,20260730
2023-07-10,ChargerMatched,SeasonalNaive,84,39.33000183105469,39.33000183105469,0.5,41.68299865722656,41.68299865722656,41.68299865722656,41.68299865722656,0.0,20260730
2023-07-10,ChargerMatched,SeasonalNaive,96,39.33000183105469,39.33000183105469,0.0,41.68299865722656,41.68299865722656,41.68299865722656,41.68299865722656,0.0,20260730
2023-07-11,ChargerMatched,SeasonalNaive,32,0.0,4.949999809265137,0.09375,0.0,0.0,0.0,0.0,0.0,20260730
2023-07-11,ChargerMatched,SeasonalNaive,48,2.7079999446868896,31.350000381469727,1.0,0.0,0.0,0.0,0.0,0.0,20260730
2023-07-11,ChargerMatched,SeasonalNaive,64,29.107999801635742,39.007999420166016,1.0,0.0,0.0,0.0,0.0,0.0,20260730
2023-07-11,ChargerMatched,SeasonalNaive,80,41.75899887084961,42.30799865722656,0.5,0.0,0.0,0.0,0.0,0.0,20260730
2023-07-11,ChargerMatched,SeasonalNaive,84,43.409000396728516,43.409000396728516,0.25,0.0,0.0,0.0,0.0,0.0,20260730
2023-07-11,ChargerMatched,SeasonalNaive,96,43.409000396728516,43.409000396728516,0.0,0.0,0.0,0.0,0.0,0.0,20260730
2023-07-12,ChargerMatched,SeasonalNaive,32,0.0,0.0,0.0,0.0,9.899999618530273,0.0,9.899999618530273,0.1875,20260730
2023-07-12,ChargerMatched,SeasonalNaive,48,0.0,5.921000003814697,0.875,0.0,32.875,0.0,32.875,1.875,20260730
2023-07-12,ChargerMatched,SeasonalNaive,64,5.921000003814697,13.889999389648438,1.1875,36.58399963378906,46.07500076293945,36.58399963378906,46.07500076293945,2.4375,20260730
2023-07-12,ChargerMatched,SeasonalNaive,80,13.889999389648438,13.889999389648438,0.3125,46.48400115966797,46.48400115966797,46.48400115966797,46.48400115966797,0.375,20260730
2023-07-12,ChargerMatched,SeasonalNaive,84,13.889999389648438,13.889999389648438,0.0,46.48400115966797,46.48400115966797,46.48400115966797,46.48400115966797,0.0,20260730
2023-07-12,ChargerMatched,SeasonalNaive,96,13.889999389648438,13.889999389648438,0.0,46.48400115966797,46.48400115966797,46.48400115966797,46.48400115966797,0.0,20260730
2023-07-13,ChargerMatched,SeasonalNaive,32,0.0,3.299999952316284,0.0625,0.0,0.0,0.0,0.0,0.0,20260730
2023-07-13,ChargerMatched,SeasonalNaive,48,35.59600067138672,37.246002197265625,1.625,0.0,8.276000022888184,0.0,8.276000022888184,0.5,20260730
2023-07-13,ChargerMatched,SeasonalNaive,64,45.45999526977539,45.45999526977539,1.0625,8.276000022888184,12.000999450683594,8.276000022888184,12.000999450683594,1.1875,20260730
2023-07-13,ChargerMatched,SeasonalNaive,80,45.45999526977539,45.45999526977539,0.0,16.927000045776367,16.927000045776367,16.927000045776367,16.927000045776367,0.5,20260730
2023-07-13,ChargerMatched,SeasonalNaive,84,45.45999526977539,45.45999526977539,0.0,16.927000045776367,16.927000045776367,16.927000045776367,16.927000045776367,0.0,20260730
2023-07-13,ChargerMatched,SeasonalNaive,96,45.45999526977539,45.45999526977539,0.0,16.927000045776367,16.927000045776367,16.927000045776367,16.927000045776367,0.0,20260730
2023-07-14,ChargerMatched,SeasonalNaive,32,0.0,0.0,0.0,0.0,0.0,0.0,0.0,0.0,20260730
2023-07-14,ChargerMatched,SeasonalNaive,48,0.0,0.0,0.0,0.0,16.874000549316406,0.0,16.874000549316406,0.875,20260730
2023-07-14,ChargerMatched,SeasonalNaive,64,12.180000305175781,12.180000305175781,0.5,15.632999420166016,28.83300018310547,15.633001327514648,28.83300018310547,1.875,20260730
2023-07-14,ChargerMatched,SeasonalNaive,80,35.163002014160156,38.58000183105469,1.0,28.83300018310547,28.83300018310547,28.83300018310547,28.83300018310547,0.5,20260730
2023-07-14,ChargerMatched,SeasonalNaive,84,41.76300048828125,41.76300048828125,1.0,28.83300018310547,28.83300018310547,28.83300018310547,28.83300018310547,0.0,20260730
2023-07-14,ChargerMatched,SeasonalNaive,96,41.76300048828125,41.76300048828125,0.0,28.83300018310547,28.83300018310547,28.83300018310547,28.83300018310547,0.0,20260730
2023-07-15,ChargerMatched,SeasonalNaive,32,0.0,0.0,0.0,0.0,0.0,0.0,0.0,0.0,20260730
2023-07-15,ChargerMatched,SeasonalNaive,48,0.0,0.0,0.0,0.0,11.701000213623047,0.0,11.701000213623047,1.0,20260730
2023-07-15,ChargerMatched,SeasonalNaive,64,0.0,0.0,0.0,11.701000213623047,11.701000213623047,11.701000213623047,11.701000213623047,0.625,20260730
2023-07-15,ChargerMatched,SeasonalNaive,80,0.0,0.0,0.0,11.701000213623047,11.701000213623047,11.701000213623047,11.701000213623047,0.0,20260730
2023-07-15,ChargerMatched,SeasonalNaive,84,0.0,0.0,0.0,11.701000213623047,11.701000213623047,11.701000213623047,11.701000213623047,0.0,20260730
2023-07-15,ChargerMatched,SeasonalNaive,96,0.0,0.0,0.0,11.701000213623047,11.701000213623047,11.701000213623047,11.701000213623047,0.0,20260730
2023-07-16,ChargerMatched,SeasonalNaive,32,0.0,0.0,0.0,0.0,0.0,0.0,0.0,0.0,20260730
2023-07-16,ChargerMatched,SeasonalNaive,48,0.0,0.0,0.0,0.0,0.0,0.0,0.0,0.0,20260730
2023-07-16,ChargerMatched,SeasonalNaive,64,0.0,0.0,0.0,0.0,0.0,0.0,0.0,0.0,20260730
2023-07-16,ChargerMatched,SeasonalNaive,80,0.0,0.0,0.0,0.0,0.0,0.0,0.0,0.0,20260730
2023-07-16,ChargerMatched,SeasonalNaive,84,0.0,0.0,0.0,0.0,0.0,0.0,0.0,0.0,20260730
2023-07-16,ChargerMatched,SeasonalNaive,96,0.0,0.0,0.0,0.0,0.0,0.0,0.0,0.0,20260730
2023-07-17,ChargerMatched,SeasonalNaive,32,0.0,3.299999952316284,0.0625,0.0,0.0,0.0,0.0,0.0,20260730
2023-07-17,ChargerMatched,SeasonalNaive,48,15.423999786376953,28.35300064086914,1.8125,6.285999774932861,6.599999904632568,6.285999774932861,6.599999904632568,0.25,20260730
2023-07-17,ChargerMatched,SeasonalNaive,64,27.84600067138672,32.79600143432617,1.5,11.236000061035156,12.88599967956543,11.236000061035156,12.88599967956543,0.25,20260730
2023-07-17,ChargerMatched,SeasonalNaive,80,32.79600143432617,32.79600143432617,0.1875,36.029998779296875,39.2859992980957,36.03000259399414,39.2859992980957,1.0,20260730
2023-07-17,ChargerMatched,SeasonalNaive,84,32.79600143432617,32.79600143432617,0.0,39.33000183105469,39.33000183105469,39.33000183105469,39.33000183105469,0.5,20260730
2023-07-17,ChargerMatched,SeasonalNaive,96,32.79600143432617,32.79600143432617,0.0,39.33000183105469,39.33000183105469,39.33000183105469,39.33000183105469,0.0,20260730
2023-07-18,ChargerMatched,SeasonalNaive,32,0.0,1.649999976158142,0.03125,0.0,4.949999809265137,0.0,4.949999809265137,0.09375,20260730
2023-07-18,ChargerMatched,SeasonalNaive,48,30.812999725341797,49.5,1.8125,2.7079999446868896,31.350000381469727,2.7079999446868896,31.350000381469727,1.0,20260730
2023-07-18,ChargerMatched,SeasonalNaive,64,68.76300048828125,68.76300048828125,1.4375,29.107999801635742,39.007999420166016,29.107999801635742,39.007999420166016,1.0,20260730
2023-07-18,ChargerMatched,SeasonalNaive,80,68.76300048828125,68.76300048828125,0.0,41.75899887084961,42.30799865722656,41.75899887084961,42.30799865722656,0.5,20260730
2023-07-18,ChargerMatched,SeasonalNaive,84,68.76300048828125,68.76300048828125,0.0,43.409000396728516,43.409000396728516,43.409000396728516,43.409000396728516,0.25,20260730
2023-07-18,ChargerMatched,SeasonalNaive,96,68.76300048828125,68.76300048828125,0.0,43.409000396728516,43.409000396728516,43.409000396728516,43.409000396728516,0.0,20260730
2023-07-19,ChargerMatched,SeasonalNaive,32,0.0,25.990999221801758,0.5,0.0,0.0,0.0,0.0,0.0,20260730
2023-07-19,ChargerMatched,SeasonalNaive,48,25.095001220703125,31.69499969482422,1.5625,0.0,5.921000003814697,0.0,5.921000003814697,0.875,20260730
2023-07-19,ChargerMatched,SeasonalNaive,64,40.73999786376953,40.73999786376953,0.875,5.921000003814697,13.889999389648438,5.921000003814697,13.889999389648438,1.1875,20260730
2023-07-19,ChargerMatched,SeasonalNaive,80,40.73999786376953,40.73999786376953,0.0,13.889999389648438,13.889999389648438,13.889999389648438,13.889999389648438,0.3125,20260730
2023-07-19,ChargerMatched,SeasonalNaive,84,40.73999786376953,40.73999786376953,0.0,13.889999389648438,13.889999389648438,13.889999389648438,13.889999389648438,0.0,20260730
2023-07-19,ChargerMatched,SeasonalNaive,96,40.73999786376953,40.73999786376953,0.0,13.889999389648438,13.889999389648438,13.889999389648438,13.889999389648438,0.0,20260730
2023-07-20,ChargerMatched,SeasonalNaive,32,0.0,0.0,0.0,0.0,3.299999952316284,0.0,3.299999952316284,0.0625,20260730
2023-07-20,ChargerMatched,SeasonalNaive,48,11.159000396728516,17.759000778198242,0.9375,35.59600067138672,37.246002197265625,35.59600067138672,37.246002197265625,1.625,20260730
2023-07-20,ChargerMatched,SeasonalNaive,64,17.759000778198242,17.759000778198242,0.25,45.45999526977539,45.45999526977539,45.45999526977539,45.45999526977539,1.0625,20260730
2023-07-20,ChargerMatched,SeasonalNaive,80,17.759000778198242,17.759000778198242,0.0,45.45999526977539,45.45999526977539,45.45999526977539,45.45999526977539,0.0,20260730
2023-07-20,ChargerMatched,SeasonalNaive,84,17.759000778198242,17.759000778198242,0.0,45.45999526977539,45.45999526977539,45.45999526977539,45.45999526977539,0.0,20260730
2023-07-20,ChargerMatched,SeasonalNaive,96,17.759000778198242,17.759000778198242,0.0,45.45999526977539,45.45999526977539,45.45999526977539,45.45999526977539,0.0,20260730
2023-07-21,ChargerMatched,SeasonalNaive,32,0.0,0.0,0.0,0.0,0.0,0.0,0.0,0.0,20260730
2023-07-21,ChargerMatched,SeasonalNaive,48,0.7179999947547913,4.01800012588501,0.1875,0.0,0.0,0.0,0.0,0.0,20260730
2023-07-21,ChargerMatched,SeasonalNaive,64,4.01800012588501,4.01800012588501,0.125,12.180000305175781,12.180000305175781,12.180000305175781,12.180000305175781,0.5,20260730
2023-07-21,ChargerMatched,SeasonalNaive,80,7.895999908447266,7.895999908447266,0.1875,35.163002014160156,38.58000183105469,35.163002014160156,38.58000183105469,1.0,20260730
2023-07-21,ChargerMatched,SeasonalNaive,84,7.895999908447266,7.895999908447266,0.0,41.76300048828125,41.76300048828125,41.76300048828125,41.76300048828125,1.0,20260730
2023-07-21,ChargerMatched,SeasonalNaive,96,7.895999908447266,7.895999908447266,0.0,41.76300048828125,41.76300048828125,41.76300048828125,41.76300048828125,0.0,20260730
2023-07-22,ChargerMatched,SeasonalNaive,32,0.0,1.649999976158142,0.03125,0.0,0.0,0.0,0.0,0.0,20260730
2023-07-22,ChargerMatched,SeasonalNaive,48,0.0,11.82699966430664,1.0,0.0,0.0,0.0,0.0,0.0,20260730
2023-07-22,ChargerMatched,SeasonalNaive,64,11.82699966430664,11.82699966430664,0.5,0.0,0.0,0.0,0.0,0.0,20260730
2023-07-22,ChargerMatched,SeasonalNaive,80,11.82699966430664,11.82699966430664,0.0,0.0,0.0,0.0,0.0,0.0,20260730
2023-07-22,ChargerMatched,SeasonalNaive,84,11.82699966430664,11.82699966430664,0.0,0.0,0.0,0.0,0.0,0.0,20260730
2023-07-22,ChargerMatched,SeasonalNaive,96,11.82699966430664,11.82699966430664,0.0,0.0,0.0,0.0,0.0,0.0,20260730
2023-07-23,ChargerMatched,SeasonalNaive,32,0.0,0.0,0.0,0.0,0.0,0.0,0.0,0.0,20260730
2023-07-23,ChargerMatched,SeasonalNaive,48,0.0,0.0,0.0,0.0,0.0,0.0,0.0,0.0,20260730
2023-07-23,ChargerMatched,SeasonalNaive,64,0.0,0.0,0.0,0.0,0.0,0.0,0.0,0.0,20260730
2023-07-23,ChargerMatched,SeasonalNaive,80,11.973999977111816,11.973999977111816,1.125,0.0,0.0,0.0,0.0,0.0,20260730
2023-07-23,ChargerMatched,SeasonalNaive,84,11.973999977111816,11.973999977111816,0.0,0.0,0.0,0.0,0.0,0.0,20260730
2023-07-23,ChargerMatched,SeasonalNaive,96,11.973999977111816,11.973999977111816,0.0,0.0,0.0,0.0,0.0,0.0,20260730
2023-07-24,ChargerMatched,SeasonalNaive,32,0.0,0.0,0.0,0.0,3.299999952316284,0.0,3.299999952316284,0.0625,20260730
2023-07-24,ChargerMatched,SeasonalNaive,48,32.415000915527344,36.92000198364258,2.4375,15.423999786376953,28.35300064086914,15.42400074005127,28.35300064086914,1.8125,20260730
2023-07-24,ChargerMatched,SeasonalNaive,64,57.165000915527344,57.165000915527344,0.9375,27.84600067138672,32.79600143432617,27.84600067138672,32.79600143432617,1.5,20260730
2023-07-24,ChargerMatched,SeasonalNaive,80,57.165000915527344,57.165000915527344,0.0,32.79600143432617,32.79600143432617,32.79600143432617,32.79600143432617,0.1875,20260730
2023-07-24,ChargerMatched,SeasonalNaive,84,57.165000915527344,57.165000915527344,0.0,32.79600143432617,32.79600143432617,32.79600143432617,32.79600143432617,0.0,20260730
2023-07-24,ChargerMatched,SeasonalNaive,96,57.165000915527344,57.165000915527344,0.0,32.79600143432617,32.79600143432617,32.79600143432617,32.79600143432617,0.0,20260730
2023-07-25,ChargerMatched,SeasonalNaive,32,0.0,0.0,0.0,0.0,1.649999976158142,0.0,1.649999976158142,0.03125,20260730
2023-07-25,ChargerMatched,SeasonalNaive,48,30.4950008392334,30.4950008392334,1.625,30.812999725341797,49.5,30.812999725341797,49.5,1.8125,20260730
2023-07-25,ChargerMatched,SeasonalNaive,64,30.4950008392334,30.4950008392334,0.0,68.76300048828125,68.76300048828125,68.76300048828125,68.76300048828125,1.4375,20260730
2023-07-25,ChargerMatched,SeasonalNaive,80,39.10100173950195,39.10100173950195,0.375,68.76300048828125,68.76300048828125,68.76300048828125,68.76300048828125,0.0,20260730
2023-07-25,ChargerMatched,SeasonalNaive,84,39.10100173950195,39.10100173950195,0.0,68.76300048828125,68.76300048828125,68.76300048828125,68.76300048828125,0.0,20260730
2023-07-25,ChargerMatched,SeasonalNaive,96,39.10100173950195,39.10100173950195,0.0,68.76300048828125,68.76300048828125,68.76300048828125,68.76300048828125,0.0,20260730
2023-07-26,ChargerMatched,SeasonalNaive,32,0.0,0.0,0.0,0.0,25.990999221801758,0.0,25.990999221801758,0.5,20260730
2023-07-26,ChargerMatched,SeasonalNaive,48,4.068999767303467,15.503999710083008,1.75,25.095001220703125,31.69499969482422,25.095001220703125,31.69499969482422,1.5625,20260730
2023-07-26,ChargerMatched,SeasonalNaive,64,33.7140007019043,33.7140007019043,1.9375,40.73999786376953,40.73999786376953,40.73999786376953,40.73999786376953,0.875,20260730
2023-07-26,ChargerMatched,SeasonalNaive,80,33.7140007019043,33.7140007019043,0.0,40.73999786376953,40.73999786376953,40.73999786376953,40.73999786376953,0.0,20260730
2023-07-26,ChargerMatched,SeasonalNaive,84,33.7140007019043,33.7140007019043,0.0,40.73999786376953,40.73999786376953,40.73999786376953,40.73999786376953,0.0,20260730
2023-07-26,ChargerMatched,SeasonalNaive,96,33.7140007019043,33.7140007019043,0.0,40.73999786376953,40.73999786376953,40.73999786376953,40.73999786376953,0.0,20260730
2023-07-27,ChargerMatched,SeasonalNaive,32,0.0,0.0,0.0,0.0,0.0,0.0,0.0,0.0,20260730
2023-07-27,ChargerMatched,SeasonalNaive,48,3.9719998836517334,13.871999740600586,0.75,11.159000396728516,17.759000778198242,11.159000396728516,17.759000778198242,0.9375,20260730
2023-07-27,ChargerMatched,SeasonalNaive,64,13.871999740600586,13.871999740600586,0.375,17.759000778198242,17.759000778198242,17.759000778198242,17.759000778198242,0.25,20260730
2023-07-27,ChargerMatched,SeasonalNaive,80,13.871999740600586,13.871999740600586,0.0,17.759000778198242,17.759000778198242,17.759000778198242,17.759000778198242,0.0,20260730
2023-07-27,ChargerMatched,SeasonalNaive,84,13.871999740600586,13.871999740600586,0.0,17.759000778198242,17.759000778198242,17.759000778198242,17.759000778198242,0.0,20260730
2023-07-27,ChargerMatched,SeasonalNaive,96,13.871999740600586,13.871999740600586,0.0,17.759000778198242,17.759000778198242,17.759000778198242,17.759000778198242,0.0,20260730
2023-07-28,ChargerMatched,SeasonalNaive,32,0.0,0.0,0.0,0.0,0.0,0.0,0.0,0.0,20260730
2023-07-28,ChargerMatched,SeasonalNaive,48,0.0,0.0,0.0,0.7179999947547913,4.01800012588501,0.7179999947547913,4.01800012588501,0.1875,20260730
2023-07-28,ChargerMatched,SeasonalNaive,64,0.0,0.0,0.0,4.01800012588501,4.01800012588501,4.01800012588501,4.01800012588501,0.125,20260730
2023-07-28,ChargerMatched,SeasonalNaive,80,0.0,0.0,0.0,7.895999908447266,7.895999908447266,7.895999908447266,7.895999908447266,0.1875,20260730
2023-07-28,ChargerMatched,SeasonalNaive,84,0.0,0.0,0.0,7.895999908447266,7.895999908447266,7.895999908447266,7.895999908447266,0.0,20260730
2023-07-28,ChargerMatched,SeasonalNaive,96,0.0,0.0,0.0,7.895999908447266,7.895999908447266,7.895999908447266,7.895999908447266,0.0,20260730
2023-07-29,ChargerMatched,SeasonalNaive,32,0.0,0.0,0.0,0.0,1.649999976158142,0.0,1.649999976158142,0.03125,20260730
2023-07-29,ChargerMatched,SeasonalNaive,48,0.0,0.0,0.0,0.0,11.82699966430664,0.0,11.82699966430664,1.0,20260730
2023-07-29,ChargerMatched,SeasonalNaive,64,1.225000023841858,1.225000023841858,0.125,11.82699966430664,11.82699966430664,11.82699966430664,11.82699966430664,0.5,20260730
2023-07-29,ChargerMatched,SeasonalNaive,80,1.225000023841858,1.225000023841858,0.0,11.82699966430664,11.82699966430664,11.82699966430664,11.82699966430664,0.0,20260730
2023-07-29,ChargerMatched,SeasonalNaive,84,1.225000023841858,1.225000023841858,0.0,11.82699966430664,11.82699966430664,11.82699966430664,11.82699966430664,0.0,20260730
2023-07-29,ChargerMatched,SeasonalNaive,96,1.225000023841858,1.225000023841858,0.0,11.82699966430664,11.82699966430664,11.82699966430664,11.82699966430664,0.0,20260730
2023-07-30,ChargerMatched,SeasonalNaive,32,0.0,4.949999809265137,0.09375,0.0,0.0,0.0,0.0,0.0,20260730
2023-07-30,ChargerMatched,SeasonalNaive,48,8.61400032043457,11.913999557495117,1.0,0.0,0.0,0.0,0.0,0.0,20260730
2023-07-30,ChargerMatched,SeasonalNaive,64,17.972999572753906,17.972999572753906,0.5,0.0,0.0,0.0,0.0,0.0,20260730
2023-07-30,ChargerMatched,SeasonalNaive,80,17.972999572753906,17.972999572753906,0.0,11.973999977111816,11.973999977111816,11.973999977111816,11.973999977111816,1.125,20260730
2023-07-30,ChargerMatched,SeasonalNaive,84,17.972999572753906,17.972999572753906,0.0,11.973999977111816,11.973999977111816,11.973999977111816,11.973999977111816,0.0,20260730
2023-07-30,ChargerMatched,SeasonalNaive,96,17.972999572753906,17.972999572753906,0.0,11.973999977111816,11.973999977111816,11.973999977111816,11.973999977111816,0.0,20260730
2023-07-31,ChargerMatched,SeasonalNaive,32,0.0,0.0,0.0,0.0,0.0,0.0,0.0,0.0,20260730
2023-07-31,ChargerMatched,SeasonalNaive,48,2.813000202178955,4.564000129699707,0.75,32.415000915527344,36.92000198364258,32.415000915527344,36.92000198364258,2.4375,20260730
2023-07-31,ChargerMatched,SeasonalNaive,64,45.78700256347656,48.26000213623047,1.8125,57.165000915527344,57.165000915527344,57.165000915527344,57.165000915527344,0.9375,20260730
2023-07-31,ChargerMatched,SeasonalNaive,80,49.086997985839844,49.086997985839844,0.125,57.165000915527344,57.165000915527344,57.165000915527344,57.165000915527344,0.0,20260730
2023-07-31,ChargerMatched,SeasonalNaive,84,49.086997985839844,49.086997985839844,0.0,57.165000915527344,57.165000915527344,57.165000915527344,57.165000915527344,0.0,20260730
2023-07-31,ChargerMatched,SeasonalNaive,96,49.086997985839844,49.086997985839844,0.0,57.165000915527344,57.165000915527344,57.165000915527344,57.165000915527344,0.0,20260730
2023-08-01,ChargerMatched,SeasonalNaive,32,3.190000057220459,6.489999771118164,0.125,0.0,0.0,0.0,0.0,0.0,20260730
2023-08-01,ChargerMatched,SeasonalNaive,48,16.391000747680664,18.03999900817871,0.5625,30.4950008392334,30.4950008392334,30.4950008392334,30.4950008392334,1.625,20260730
2023-08-01,ChargerMatched,SeasonalNaive,64,36.191001892089844,37.33399963378906,1.0625,30.4950008392334,30.4950008392334,30.4950008392334,30.4950008392334,0.0,20260730
2023-08-01,ChargerMatched,SeasonalNaive,80,37.33399963378906,37.33399963378906,0.125,39.10100173950195,39.10100173950195,39.10100173950195,39.10100173950195,0.375,20260730
2023-08-01,ChargerMatched,SeasonalNaive,84,42.01899719238281,43.933998107910156,1.0,39.10100173950195,39.10100173950195,39.10100173950195,39.10100173950195,0.0,20260730
2023-08-01,ChargerMatched,SeasonalNaive,96,48.61899948120117,48.61899948120117,0.3333333432674408,39.10100173950195,39.10100173950195,39.10100173950195,39.10100173950195,0.0,20260730
2023-08-02,ChargerMatched,SeasonalNaive,32,0.0,0.0,0.0,0.0,0.0,0.0,0.0,0.0,20260730
2023-08-02,ChargerMatched,SeasonalNaive,48,0.0,6.005000114440918,0.9375,4.068999767303467,15.503999710083008,4.068999767303467,15.503999710083008,1.75,20260730
2023-08-02,ChargerMatched,SeasonalNaive,64,27.388999938964844,30.68899917602539,1.6875,33.7140007019043,33.7140007019043,33.7140007019043,33.7140007019043,1.9375,20260730
2023-08-02,ChargerMatched,SeasonalNaive,80,30.68899917602539,30.68899917602539,0.125,33.7140007019043,33.7140007019043,33.7140007019043,33.7140007019043,0.0,20260730
2023-08-02,ChargerMatched,SeasonalNaive,84,30.68899917602539,30.68899917602539,0.0,33.7140007019043,33.7140007019043,33.7140007019043,33.7140007019043,0.0,20260730
2023-08-02,ChargerMatched,SeasonalNaive,96,30.68899917602539,30.68899917602539,0.0,33.7140007019043,33.7140007019043,33.7140007019043,33.7140007019043,0.0,20260730
2023-08-03,ChargerMatched,SeasonalNaive,32,0.0,0.0,0.0,0.0,0.0,0.0,0.0,0.0,20260730
2023-08-03,ChargerMatched,SeasonalNaive,48,18.555999755859375,31.756000518798828,2.0625,3.9719998836517334,13.871999740600586,3.9719998836517334,13.871999740600586,0.75,20260730
2023-08-03,ChargerMatched,SeasonalNaive,64,45.60099792480469,72.56700134277344,1.75,13.871999740600586,13.871999740600586,13.871999740600586,13.871999740600586,0.375,20260730
2023-08-03,ChargerMatched,SeasonalNaive,80,76.95099639892578,76.95099639892578,1.1875,13.871999740600586,13.871999740600586,13.871999740600586,13.871999740600586,0.0,20260730
2023-08-03,ChargerMatched,SeasonalNaive,84,76.95099639892578,76.95099639892578,0.0,13.871999740600586,13.871999740600586,13.871999740600586,13.871999740600586,0.0,20260730
2023-08-03,ChargerMatched,SeasonalNaive,96,76.95099639892578,76.95099639892578,0.0,13.871999740600586,13.871999740600586,13.871999740600586,13.871999740600586,0.0,20260730
2023-08-04,ChargerMatched,SeasonalNaive,32,0.0,0.0,0.0,0.0,0.0,0.0,0.0,0.0,20260730
2023-08-04,ChargerMatched,SeasonalNaive,48,0.0,8.25,0.3125,0.0,0.0,0.0,0.0,0.0,20260730
2023-08-04,ChargerMatched,SeasonalNaive,64,15.270999908447266,18.570999145507812,1.0,0.0,0.0,0.0,0.0,0.0,20260730
2023-08-04,ChargerMatched,SeasonalNaive,80,22.779998779296875,22.779998779296875,0.625,0.0,0.0,0.0,0.0,0.0,20260730
2023-08-04,ChargerMatched,SeasonalNaive,84,22.779998779296875,22.779998779296875,0.0,0.0,0.0,0.0,0.0,0.0,20260730
2023-08-04,ChargerMatched,SeasonalNaive,96,22.779998779296875,22.779998779296875,0.0,0.0,0.0,0.0,0.0,0.0,20260730
2023-08-05,ChargerMatched,SeasonalNaive,32,0.0,0.0,0.0,0.0,0.0,0.0,0.0,0.0,20260730
2023-08-05,ChargerMatched,SeasonalNaive,48,11.979999542236328,33.75,1.8125,0.0,0.0,0.0,0.0,0.0,20260730
2023-08-05,ChargerMatched,SeasonalNaive,64,42.43000030517578,47.73899841308594,1.875,1.225000023841858,1.225000023841858,1.225000023841858,1.225000023841858,0.125,20260730
2023-08-05,ChargerMatched,SeasonalNaive,80,47.73899841308594,47.73899841308594,0.3125,1.225000023841858,1.225000023841858,1.225000023841858,1.225000023841858,0.0,20260730
2023-08-05,ChargerMatched,SeasonalNaive,84,47.73899841308594,47.73899841308594,0.0,1.225000023841858,1.225000023841858,1.225000023841858,1.225000023841858,0.0,20260730
2023-08-05,ChargerMatched,SeasonalNaive,96,47.73899841308594,47.73899841308594,0.0,1.225000023841858,1.225000023841858,1.225000023841858,1.225000023841858,0.0,20260730
2023-08-06,ChargerMatched,SeasonalNaive,32,0.0,0.0,0.0,0.0,4.949999809265137,0.0,4.949999809265137,0.09375,20260730
2023-08-06,ChargerMatched,SeasonalNaive,48,0.0,0.0,0.0,8.61400032043457,11.913999557495117,8.61400032043457,11.913999557495117,1.0,20260730
2023-08-06,ChargerMatched,SeasonalNaive,64,0.0,4.553999900817871,0.1875,17.972999572753906,17.972999572753906,17.972999572753906,17.972999572753906,0.5,20260730
2023-08-06,ChargerMatched,SeasonalNaive,80,10.121999740600586,10.121999740600586,1.25,17.972999572753906,17.972999572753906,17.972999572753906,17.972999572753906,0.0,20260730
2023-08-06,ChargerMatched,SeasonalNaive,84,10.121999740600586,10.121999740600586,0.0,17.972999572753906,17.972999572753906,17.972999572753906,17.972999572753906,0.0,20260730
2023-08-06,ChargerMatched,SeasonalNaive,96,10.121999740600586,10.121999740600586,0.0,17.972999572753906,17.972999572753906,17.972999572753906,17.972999572753906,0.0,20260730
2023-08-07,ChargerMatched,SeasonalNaive,32,0.0,0.0,0.0,0.0,0.0,0.0,0.0,0.0,20260730
2023-08-07,ChargerMatched,SeasonalNaive,48,11.246999740600586,19.496999740600586,1.1875,2.813000202178955,4.564000129699707,2.813000202178955,4.564000129699707,0.75,20260730
2023-08-07,ChargerMatched,SeasonalNaive,64,24.957000732421875,24.957000732421875,1.25,45.78700256347656,48.26000213623047,45.78700256347656,48.26000213623047,1.8125,20260730
2023-08-07,ChargerMatched,SeasonalNaive,80,25.562000274658203,27.21200180053711,0.8125,49.086997985839844,49.086997985839844,49.086997985839844,49.086997985839844,0.125,20260730
2023-08-07,ChargerMatched,SeasonalNaive,84,27.21200180053711,27.21200180053711,0.25,49.086997985839844,49.086997985839844,49.086997985839844,49.086997985839844,0.0,20260730
2023-08-07,ChargerMatched,SeasonalNaive,96,27.21200180053711,27.21200180053711,0.0,49.086997985839844,49.086997985839844,49.086997985839844,49.086997985839844,0.0,20260730
2023-08-08,ChargerMatched,SeasonalNaive,32,0.5640000104904175,3.299999952316284,0.0625,3.190000057220459,6.489999771118164,3.190000057220459,6.489999771118164,0.125,20260730
2023-08-08,ChargerMatched,SeasonalNaive,48,20.36400032043457,31.91400146484375,1.1875,16.391000747680664,18.03999900817871,16.391000747680664,18.03999900817871,0.5625,20260730
2023-08-08,ChargerMatched,SeasonalNaive,64,39.49199676513672,57.641998291015625,1.75,36.191001892089844,37.33399963378906,36.191001892089844,37.33399963378906,1.0625,20260730
2023-08-08,ChargerMatched,SeasonalNaive,80,57.641998291015625,57.641998291015625,0.6875,37.33399963378906,37.33399963378906,37.33399963378906,37.33399963378906,0.125,20260730
2023-08-08,ChargerMatched,SeasonalNaive,84,57.641998291015625,57.641998291015625,0.0,42.01899719238281,43.933998107910156,42.01899719238281,43.933998107910156,1.0,20260730
2023-08-08,ChargerMatched,SeasonalNaive,96,57.641998291015625,57.641998291015625,0.0,48.61899948120117,48.61899948120117,48.61899948120117,48.61899948120117,0.3333333432674408,20260730
2023-08-09,ChargerMatched,SeasonalNaive,32,0.0,0.0,0.0,0.0,0.0,0.0,0.0,0.0,20260730
2023-08-09,ChargerMatched,SeasonalNaive,48,8.795999526977539,18.696001052856445,1.3125,0.0,6.005000114440918,0.0,6.005000114440918,0.9375,20260730
2023-08-09,ChargerMatched,SeasonalNaive,64,18.696001052856445,18.696001052856445,0.375,27.388999938964844,30.68899917602539,27.388999938964844,30.68899917602539,1.6875,20260730
2023-08-09,ChargerMatched,SeasonalNaive,80,18.696001052856445,18.696001052856445,0.0,30.68899917602539,30.68899917602539,30.68899917602539,30.68899917602539,0.125,20260730
2023-08-09,ChargerMatched,SeasonalNaive,84,18.696001052856445,18.696001052856445,0.0,30.68899917602539,30.68899917602539,30.68899917602539,30.68899917602539,0.0,20260730
2023-08-09,ChargerMatched,SeasonalNaive,96,18.696001052856445,18.696001052856445,0.0,30.68899917602539,30.68899917602539,30.68899917602539,30.68899917602539,0.0,20260730
2023-08-10,ChargerMatched,SeasonalNaive,32,6.682000160217285,9.071999549865723,0.25,0.0,0.0,0.0,0.0,0.0,20260730
2023-08-10,ChargerMatched,SeasonalNaive,48,26.48200035095215,46.24100112915039,2.3125,18.555999755859375,31.756000518798828,18.555999755859375,31.756000518798828,2.0625,20260730
2023-08-10,ChargerMatched,SeasonalNaive,64,45.5620002746582,53.770999908447266,2.3125,45.60099792480469,72.56700134277344,45.60099792480469,72.56700134277344,1.75,20260730
2023-08-10,ChargerMatched,SeasonalNaive,80,53.770999908447266,53.770999908447266,0.375,76.95099639892578,76.95099639892578,76.95099639892578,76.95099639892578,1.1875,20260730
2023-08-10,ChargerMatched,SeasonalNaive,84,53.770999908447266,53.770999908447266,0.0,76.95099639892578,76.95099639892578,76.95099639892578,76.95099639892578,0.0,20260730
2023-08-10,ChargerMatched,SeasonalNaive,96,53.770999908447266,53.770999908447266,0.0,76.95099639892578,76.95099639892578,76.95099639892578,76.95099639892578,0.0,20260730
2023-08-11,ChargerMatched,SeasonalNaive,32,0.0,0.0,0.0,0.0,0.0,0.0,0.0,0.0,20260730
2023-08-11,ChargerMatched,SeasonalNaive,48,0.0,0.0,0.0,0.0,8.25,0.0,8.25,0.3125,20260730
2023-08-11,ChargerMatched,SeasonalNaive,64,5.497000217437744,5.497000217437744,1.1875,15.270999908447266,18.570999145507812,15.270999908447266,18.570999145507812,1.0,20260730
2023-08-11,ChargerMatched,SeasonalNaive,80,5.497000217437744,5.497000217437744,0.0,22.779998779296875,22.779998779296875,22.779998779296875,22.779998779296875,0.625,20260730
2023-08-11,ChargerMatched,SeasonalNaive,84,5.497000217437744,5.497000217437744,0.0,22.779998779296875,22.779998779296875,22.779998779296875,22.779998779296875,0.0,20260730
2023-08-11,ChargerMatched,SeasonalNaive,96,5.497000217437744,5.497000217437744,0.0,22.779998779296875,22.779998779296875,22.779998779296875,22.779998779296875,0.0,20260730
2023-08-12,ChargerMatched,SeasonalNaive,32,0.0,0.0,0.0,0.0,0.0,0.0,0.0,0.0,20260730
2023-08-12,ChargerMatched,SeasonalNaive,48,0.0,4.296000003814697,0.5,11.979999542236328,33.75,11.979999542236328,33.75,1.8125,20260730
2023-08-12,ChargerMatched,SeasonalNaive,64,5.421000003814697,9.717000007629395,1.375,42.43000030517578,47.73899841308594,42.43000030517578,47.73899841308594,1.875,20260730
2023-08-12,ChargerMatched,SeasonalNaive,80,9.717000007629395,9.717000007629395,0.3125,47.73899841308594,47.73899841308594,47.73899841308594,47.73899841308594,0.3125,20260730
2023-08-12,ChargerMatched,SeasonalNaive,84,9.717000007629395,9.717000007629395,0.0,47.73899841308594,47.73899841308594,47.73899841308594,47.73899841308594,0.0,20260730
2023-08-12,ChargerMatched,SeasonalNaive,96,9.717000007629395,9.717000007629395,0.0,47.73899841308594,47.73899841308594,47.73899841308594,47.73899841308594,0.0,20260730
2023-08-13,ChargerMatched,SeasonalNaive,32,0.0,0.0,0.0,0.0,0.0,0.0,0.0,0.0,20260730
2023-08-13,ChargerMatched,SeasonalNaive,48,0.0,0.0,0.0,0.0,0.0,0.0,0.0,0.0,20260730
2023-08-13,ChargerMatched,SeasonalNaive,64,5.197999954223633,8.25,0.3125,0.0,4.553999900817871,0.0,4.553999900817871,0.1875,20260730
2023-08-13,ChargerMatched,SeasonalNaive,80,25.750999450683594,27.4010009765625,1.25,10.121999740600586,10.121999740600586,10.121999740600586,10.121999740600586,1.25,20260730
2023-08-13,ChargerMatched,SeasonalNaive,84,27.4010009765625,27.4010009765625,0.25,10.121999740600586,10.121999740600586,10.121999740600586,10.121999740600586,0.0,20260730
2023-08-13,ChargerMatched,SeasonalNaive,96,27.4010009765625,27.4010009765625,0.0,10.121999740600586,10.121999740600586,10.121999740600586,10.121999740600586,0.0,20260730
2023-08-14,ChargerMatched,SeasonalNaive,32,0.0,1.649999976158142,0.03125,0.0,0.0,0.0,0.0,0.0,20260730
2023-08-14,ChargerMatched,SeasonalNaive,48,21.06399917602539,24.10099983215332,1.5,11.246999740600586,19.496999740600586,11.246999740600586,19.496999740600586,1.1875,20260730
2023-08-14,ChargerMatched,SeasonalNaive,64,41.26499938964844,41.26499938964844,0.875,24.957000732421875,24.957000732421875,24.957000732421875,24.957000732421875,1.25,20260730
2023-08-14,ChargerMatched,SeasonalNaive,80,41.26499938964844,41.26499938964844,0.0,25.562000274658203,27.21200180053711,25.562000274658203,27.21200180053711,0.8125,20260730
2023-08-14,ChargerMatched,SeasonalNaive,84,41.26499938964844,41.26499938964844,0.0,27.21200180053711,27.21200180053711,27.21200180053711,27.21200180053711,0.25,20260730
2023-08-14,ChargerMatched,SeasonalNaive,96,41.26499938964844,41.26499938964844,0.0,27.21200180053711,27.21200180053711,27.21200180053711,27.21200180053711,0.0,20260730
2023-08-15,ChargerMatched,SeasonalNaive,32,1.9529999494552612,3.299999952316284,0.0625,0.5640000104904175,3.299999952316284,0.5640003085136414,3.299999952316284,0.0625,20260730
2023-08-15,ChargerMatched,SeasonalNaive,48,27.69700050354004,30.003000259399414,1.0625,20.36400032043457,31.91400146484375,20.36400032043457,31.91400146484375,1.1875,20260730
2023-08-15,ChargerMatched,SeasonalNaive,64,54.09700012207031,56.40299987792969,1.0,39.49199676513672,57.641998291015625,39.49199676513672,57.641998291015625,1.75,20260730
2023-08-15,ChargerMatched,SeasonalNaive,80,57.397003173828125,57.397003173828125,0.125,57.641998291015625,57.641998291015625,57.641998291015625,57.641998291015625,0.6875,20260730
2023-08-15,ChargerMatched,SeasonalNaive,84,57.397003173828125,57.397003173828125,0.0,57.641998291015625,57.641998291015625,57.641998291015625,57.641998291015625,0.0,20260730
2023-08-15,ChargerMatched,SeasonalNaive,96,57.397003173828125,57.397003173828125,0.0,57.641998291015625,57.641998291015625,57.641998291015625,57.641998291015625,0.0,20260730
2023-08-16,ChargerMatched,SeasonalNaive,32,0.0,1.649999976158142,0.03125,0.0,0.0,0.0,0.0,0.0,20260730
2023-08-16,ChargerMatched,SeasonalNaive,48,32.1609992980957,57.547000885009766,3.125,8.795999526977539,18.696001052856445,8.796000480651855,18.696001052856445,1.3125,20260730
2023-08-16,ChargerMatched,SeasonalNaive,64,83.65299987792969,93.55299377441406,2.75,18.696001052856445,18.696001052856445,18.696001052856445,18.696001052856445,0.375,20260730
2023-08-16,ChargerMatched,SeasonalNaive,80,94.55500030517578,94.55500030517578,0.5625,18.696001052856445,18.696001052856445,18.696001052856445,18.696001052856445,0.0,20260730
2023-08-16,ChargerMatched,SeasonalNaive,84,94.55500030517578,94.55500030517578,0.0,18.696001052856445,18.696001052856445,18.696001052856445,18.696001052856445,0.0,20260730
2023-08-16,ChargerMatched,SeasonalNaive,96,94.55500030517578,94.55500030517578,0.0,18.696001052856445,18.696001052856445,18.696001052856445,18.696001052856445,0.0,20260730
2023-08-17,ChargerMatched,SeasonalNaive,32,0.0,0.0,0.0,6.682000160217285,9.071999549865723,6.682000160217285,9.071999549865723,0.25,20260730
2023-08-17,ChargerMatched,SeasonalNaive,48,5.326000213623047,33.375999450683594,1.875,26.48200035095215,46.24100112915039,26.48200035095215,46.24100112915039,2.3125,20260730
2023-08-17,ChargerMatched,SeasonalNaive,64,36.37699890136719,62.777000427246094,2.0,45.5620002746582,53.770999908447266,45.5620002746582,53.770999908447266,2.3125,20260730
2023-08-17,ChargerMatched,SeasonalNaive,80,62.777000427246094,62.777000427246094,1.0,53.770999908447266,53.770999908447266,53.770999908447266,53.770999908447266,0.375,20260730
2023-08-17,ChargerMatched,SeasonalNaive,84,62.777000427246094,62.777000427246094,0.0,53.770999908447266,53.770999908447266,53.770999908447266,53.770999908447266,0.0,20260730
2023-08-17,ChargerMatched,SeasonalNaive,96,62.777000427246094,62.777000427246094,0.0,53.770999908447266,53.770999908447266,53.770999908447266,53.770999908447266,0.0,20260730
2023-08-18,ChargerMatched,SeasonalNaive,32,0.0,0.0,0.0,0.0,0.0,0.0,0.0,0.0,20260730
2023-08-18,ChargerMatched,SeasonalNaive,48,4.329999923706055,10.930000305175781,1.125,0.0,0.0,0.0,0.0,0.0,20260730
2023-08-18,ChargerMatched,SeasonalNaive,64,11.901000022888184,11.901000022888184,0.5625,5.497000217437744,5.497000217437744,5.497000217437744,5.497000217437744,1.1875,20260730
2023-08-18,ChargerMatched,SeasonalNaive,80,11.901000022888184,11.901000022888184,0.0,5.497000217437744,5.497000217437744,5.497000217437744,5.497000217437744,0.0,20260730
2023-08-18,ChargerMatched,SeasonalNaive,84,11.901000022888184,11.901000022888184,0.0,5.497000217437744,5.497000217437744,5.497000217437744,5.497000217437744,0.0,20260730
2023-08-18,ChargerMatched,SeasonalNaive,96,11.901000022888184,11.901000022888184,0.0,5.497000217437744,5.497000217437744,5.497000217437744,5.497000217437744,0.0,20260730
2023-08-19,ChargerMatched,SeasonalNaive,32,0.0,0.0,0.0,0.0,0.0,0.0,0.0,0.0,20260730
2023-08-19,ChargerMatched,SeasonalNaive,48,0.0,0.0,0.0,0.0,4.296000003814697,0.0,4.296000003814697,0.5,20260730
2023-08-19,ChargerMatched,SeasonalNaive,64,0.0,1.649999976158142,0.0625,5.421000003814697,9.717000007629395,5.421000003814697,9.717000007629395,1.375,20260730
2023-08-19,ChargerMatched,SeasonalNaive,80,24.80900001525879,28.049999237060547,1.0,9.717000007629395,9.717000007629395,9.717000007629395,9.717000007629395,0.3125,20260730
2023-08-19,ChargerMatched,SeasonalNaive,84,31.409000396728516,33.058998107910156,1.0,9.717000007629395,9.717000007629395,9.717000007629395,9.717000007629395,0.0,20260730
2023-08-19,ChargerMatched,SeasonalNaive,96,33.058998107910156,33.058998107910156,0.0833333358168602,9.717000007629395,9.717000007629395,9.717000007629395,9.717000007629395,0.0,20260730
2023-08-20,ChargerMatched,SeasonalNaive,32,0.0,0.0,0.0,0.0,0.0,0.0,0.0,0.0,20260730
2023-08-20,ChargerMatched,SeasonalNaive,48,0.0,0.0,0.0,0.0,0.0,0.0,0.0,0.0,20260730
2023-08-20,ChargerMatched,SeasonalNaive,64,0.0,0.0,0.0,5.197999954223633,8.25,5.197999954223633,8.25,0.3125,20260730
2023-08-20,ChargerMatched,SeasonalNaive,80,0.0,0.0,0.0,25.750999450683594,27.4010009765625,25.750999450683594,27.4010009765625,1.25,20260730
2023-08-20,ChargerMatched,SeasonalNaive,84,0.0,0.0,0.0,27.4010009765625,27.4010009765625,27.4010009765625,27.4010009765625,0.25,20260730
2023-08-20,ChargerMatched,SeasonalNaive,96,0.0,0.0,0.0,27.4010009765625,27.4010009765625,27.4010009765625,27.4010009765625,0.0,20260730
2023-08-21,ChargerMatched,SeasonalNaive,32,0.0,4.949999809265137,0.09375,0.0,1.649999976158142,0.0,1.649999976158142,0.03125,20260730
2023-08-21,ChargerMatched,SeasonalNaive,48,14.255000114440918,17.55500030517578,1.0,21.06399917602539,24.10099983215332,21.06399917602539,24.10099983215332,1.5,20260730
2023-08-21,ChargerMatched,SeasonalNaive,64,17.55500030517578,17.55500030517578,0.125,41.26499938964844,41.26499938964844,41.26499938964844,41.26499938964844,0.875,20260730
2023-08-21,ChargerMatched,SeasonalNaive,80,17.55500030517578,17.55500030517578,0.0,41.26499938964844,41.26499938964844,41.26499938964844,41.26499938964844,0.0,20260730
2023-08-21,ChargerMatched,SeasonalNaive,84,17.55500030517578,17.55500030517578,0.0,41.26499938964844,41.26499938964844,41.26499938964844,41.26499938964844,0.0,20260730
2023-08-21,ChargerMatched,SeasonalNaive,96,17.55500030517578,17.55500030517578,0.0,41.26499938964844,41.26499938964844,41.26499938964844,41.26499938964844,0.0,20260730
2023-08-22,ChargerMatched,SeasonalNaive,32,0.0,0.0,0.0,1.9529999494552612,3.299999952316284,1.9530003070831299,3.299999952316284,0.0625,20260730
2023-08-22,ChargerMatched,SeasonalNaive,48,3.1579999923706055,3.1579999923706055,0.4375,27.69700050354004,30.003000259399414,27.697002410888672,30.003000259399414,1.0625,20260730
2023-08-22,ChargerMatched,SeasonalNaive,64,3.1579999923706055,3.1579999923706055,0.0,54.09700012207031,56.40299987792969,54.09700012207031,56.40299987792969,1.0,20260730
2023-08-22,ChargerMatched,SeasonalNaive,80,3.1579999923706055,3.1579999923706055,0.0,57.397003173828125,57.397003173828125,57.397003173828125,57.397003173828125,0.125,20260730
2023-08-22,ChargerMatched,SeasonalNaive,84,3.1579999923706055,3.1579999923706055,0.0,57.397003173828125,57.397003173828125,57.397003173828125,57.397003173828125,0.0,20260730
2023-08-22,ChargerMatched,SeasonalNaive,96,3.1579999923706055,3.1579999923706055,0.0,57.397003173828125,57.397003173828125,57.397003173828125,57.397003173828125,0.0,20260730
2023-08-23,ChargerMatched,SeasonalNaive,32,0.0,0.0,0.0,0.0,1.649999976158142,0.0,1.649999976158142,0.03125,20260730
2023-08-23,ChargerMatched,SeasonalNaive,48,2.822000026702881,10.457000732421875,1.5,32.1609992980957,57.547000885009766,32.1609992980957,57.547000885009766,3.125,20260730
2023-08-23,ChargerMatched,SeasonalNaive,64,10.457000732421875,15.045000076293945,0.9375,83.65299987792969,93.55299377441406,83.65299987792969,93.55299377441406,2.75,20260730
2023-08-23,ChargerMatched,SeasonalNaive,80,26.45600128173828,26.45600128173828,1.0625,94.55500030517578,94.55500030517578,94.55500030517578,94.55500030517578,0.5625,20260730
2023-08-23,ChargerMatched,SeasonalNaive,84,26.45600128173828,26.45600128173828,0.0,94.55500030517578,94.55500030517578,94.55500030517578,94.55500030517578,0.0,20260730
2023-08-23,ChargerMatched,SeasonalNaive,96,26.45600128173828,26.45600128173828,0.0,94.55500030517578,94.55500030517578,94.55500030517578,94.55500030517578,0.0,20260730
2023-08-24,ChargerMatched,SeasonalNaive,32,0.0,3.299999952316284,0.0625,0.0,0.0,0.0,0.0,0.0,20260730
2023-08-24,ChargerMatched,SeasonalNaive,48,11.46399974822998,27.964000701904297,1.0,5.326000213623047,33.375999450683594,5.326000213623047,33.375999450683594,1.875,20260730
2023-08-24,ChargerMatched,SeasonalNaive,64,27.964000701904297,34.374000549316406,1.3125,36.37699890136719,62.777000427246094,36.37700271606445,62.777000427246094,2.0,20260730
2023-08-24,ChargerMatched,SeasonalNaive,80,34.374000549316406,34.374000549316406,0.3125,62.777000427246094,62.777000427246094,62.777000427246094,62.777000427246094,1.0,20260730
2023-08-24,ChargerMatched,SeasonalNaive,84,36.345001220703125,37.67399978637695,0.5,62.777000427246094,62.777000427246094,62.777000427246094,62.777000427246094,0.0,20260730
2023-08-24,ChargerMatched,SeasonalNaive,96,46.24500274658203,46.24500274658203,0.5,62.777000427246094,62.777000427246094,62.777000427246094,62.777000427246094,0.0,20260730
2023-08-25,ChargerMatched,SeasonalNaive,32,0.0,0.0,0.0,0.0,0.0,0.0,0.0,0.0,20260730
2023-08-25,ChargerMatched,SeasonalNaive,48,4.1020002365112305,12.452000617980957,1.6875,4.329999923706055,10.930000305175781,4.329999923706055,10.930000305175781,1.125,20260730
2023-08-25,ChargerMatched,SeasonalNaive,64,12.097000122070312,25.652000427246094,1.875,11.901000022888184,11.901000022888184,11.901000022888184,11.901000022888184,0.5625,20260730
2023-08-25,ChargerMatched,SeasonalNaive,80,48.992000579833984,50.641998291015625,2.0625,11.901000022888184,11.901000022888184,11.901000022888184,11.901000022888184,0.0,20260730
2023-08-25,ChargerMatched,SeasonalNaive,84,50.641998291015625,50.641998291015625,0.25,11.901000022888184,11.901000022888184,11.901000022888184,11.901000022888184,0.0,20260730
2023-08-25,ChargerMatched,SeasonalNaive,96,50.641998291015625,50.641998291015625,0.0,11.901000022888184,11.901000022888184,11.901000022888184,11.901000022888184,0.0,20260730
2023-08-26,ChargerMatched,SeasonalNaive,32,0.0,0.0,0.0,0.0,0.0,0.0,0.0,0.0,20260730
2023-08-26,ChargerMatched,SeasonalNaive,48,0.0,0.0,0.0,0.0,0.0,0.0,0.0,0.0,20260730
2023-08-26,ChargerMatched,SeasonalNaive,64,8.35200023651123,8.35200023651123,0.5,0.0,1.649999976158142,0.0,1.649999976158142,0.0625,20260730
2023-08-26,ChargerMatched,SeasonalNaive,80,8.35200023651123,8.35200023651123,0.0,24.80900001525879,28.049999237060547,24.80900001525879,28.049999237060547,1.0,20260730
2023-08-26,ChargerMatched,SeasonalNaive,84,8.35200023651123,8.35200023651123,0.0,31.409000396728516,33.058998107910156,31.409000396728516,33.058998107910156,1.0,20260730
2023-08-26,ChargerMatched,SeasonalNaive,96,8.35200023651123,8.35200023651123,0.0,33.058998107910156,33.058998107910156,33.058998107910156,33.058998107910156,0.0833333358168602,20260730
2023-08-27,ChargerMatched,SeasonalNaive,32,0.0,0.0,0.0,0.0,0.0,0.0,0.0,0.0,20260730
2023-08-27,ChargerMatched,SeasonalNaive,48,15.612000465393066,19.799999237060547,0.75,0.0,0.0,0.0,0.0,0.0,20260730
2023-08-27,ChargerMatched,SeasonalNaive,64,39.31399917602539,39.31399917602539,0.9375,0.0,0.0,0.0,0.0,0.0,20260730
2023-08-27,ChargerMatched,SeasonalNaive,80,44.54800033569336,44.54800033569336,0.6875,0.0,0.0,0.0,0.0,0.0,20260730
2023-08-27,ChargerMatched,SeasonalNaive,84,44.54800033569336,44.54800033569336,0.0,0.0,0.0,0.0,0.0,0.0,20260730
2023-08-27,ChargerMatched,SeasonalNaive,96,44.54800033569336,44.54800033569336,0.0,0.0,0.0,0.0,0.0,0.0,20260730
2023-08-28,ChargerMatched,SeasonalNaive,32,0.0,0.0,0.0,0.0,4.949999809265137,0.0,4.949999809265137,0.09375,20260730
2023-08-28,ChargerMatched,SeasonalNaive,48,42.83799743652344,55.73099899291992,2.4375,14.255000114440918,17.55500030517578,14.255000114440918,17.55500030517578,1.0,20260730
2023-08-28,ChargerMatched,SeasonalNaive,64,97.28800201416016,97.28800201416016,2.0625,17.55500030517578,17.55500030517578,17.55500030517578,17.55500030517578,0.125,20260730
2023-08-28,ChargerMatched,SeasonalNaive,80,105.98500061035156,105.98500061035156,0.375,17.55500030517578,17.55500030517578,17.55500030517578,17.55500030517578,0.0,20260730
2023-08-28,ChargerMatched,SeasonalNaive,84,105.98500061035156,105.98500061035156,0.0,17.55500030517578,17.55500030517578,17.55500030517578,17.55500030517578,0.0,20260730
2023-08-28,ChargerMatched,SeasonalNaive,96,105.98500061035156,105.98500061035156,0.0,17.55500030517578,17.55500030517578,17.55500030517578,17.55500030517578,0.0,20260730
2023-08-29,ChargerMatched,SeasonalNaive,32,2.5190000534057617,4.949999809265137,0.09375,0.0,0.0,0.0,0.0,0.0,20260730
2023-08-29,ChargerMatched,SeasonalNaive,48,22.319000244140625,22.319000244140625,0.75,3.1579999923706055,3.1579999923706055,3.1579999923706055,3.1579999923706055,0.4375,20260730
2023-08-29,ChargerMatched,SeasonalNaive,64,22.319000244140625,22.319000244140625,0.0,3.1579999923706055,3.1579999923706055,3.1579999923706055,3.1579999923706055,0.0,20260730
2023-08-29,ChargerMatched,SeasonalNaive,80,22.319000244140625,22.319000244140625,0.0,3.1579999923706055,3.1579999923706055,3.1579999923706055,3.1579999923706055,0.0,20260730
2023-08-29,ChargerMatched,SeasonalNaive,84,22.319000244140625,22.319000244140625,0.0,3.1579999923706055,3.1579999923706055,3.1579999923706055,3.1579999923706055,0.0,20260730
2023-08-29,ChargerMatched,SeasonalNaive,96,22.319000244140625,22.319000244140625,0.0,3.1579999923706055,3.1579999923706055,3.1579999923706055,3.1579999923706055,0.0,20260730
2023-08-30,ChargerMatched,SeasonalNaive,32,0.0,0.0,0.0,0.0,0.0,0.0,0.0,0.0,20260730
2023-08-30,ChargerMatched,SeasonalNaive,48,0.0,4.2179999351501465,0.625,2.822000026702881,10.457000732421875,2.82200026512146,10.457000732421875,1.5,20260730
2023-08-30,ChargerMatched,SeasonalNaive,64,4.2179999351501465,5.711999893188477,1.6875,10.457000732421875,15.045000076293945,10.457000732421875,15.045000076293945,0.9375,20260730
2023-08-30,ChargerMatched,SeasonalNaive,80,25.583999633789062,25.583999633789062,1.0625,26.45600128173828,26.45600128173828,26.45600128173828,26.45600128173828,1.0625,20260730
2023-08-30,ChargerMatched,SeasonalNaive,84,25.583999633789062,25.583999633789062,0.0,26.45600128173828,26.45600128173828,26.45600128173828,26.45600128173828,0.0,20260730
2023-08-30,ChargerMatched,SeasonalNaive,96,25.583999633789062,25.583999633789062,0.0,26.45600128173828,26.45600128173828,26.45600128173828,26.45600128173828,0.0,20260730
2023-08-31,ChargerMatched,SeasonalNaive,32,2.924999952316284,4.949999809265137,0.09375,0.0,3.299999952316284,0.0,3.299999952316284,0.0625,20260730
2023-08-31,ChargerMatched,SeasonalNaive,48,19.424999237060547,19.424999237060547,0.625,11.46399974822998,27.964000701904297,11.464000701904297,27.964000701904297,1.0,20260730
2023-08-31,ChargerMatched,SeasonalNaive,64,19.424999237060547,24.875999450683594,0.5,27.964000701904297,34.374000549316406,27.964000701904297,34.374000549316406,1.3125,20260730
2023-08-31,ChargerMatched,SeasonalNaive,80,30.01799964904785,30.01799964904785,0.8125,34.374000549316406,34.374000549316406,34.374000549316406,34.374000549316406,0.3125,20260730
2023-08-31,ChargerMatched,SeasonalNaive,84,30.01799964904785,30.01799964904785,0.0,36.345001220703125,37.67399978637695,36.345001220703125,37.67399978637695,0.5,20260730
2023-08-31,ChargerMatched,SeasonalNaive,96,30.01799964904785,30.01799964904785,0.0,46.24500274658203,46.24500274658203,46.24500274658203,46.24500274658203,0.5,20260730
2023-09-01,ChargerMatched,SeasonalNaive,32,0.0,0.0,0.0,0.0,0.0,0.0,0.0,0.0,20260730
2023-09-01,ChargerMatched,SeasonalNaive,48,17.350000381469727,19.799999237060547,0.75,4.1020002365112305,12.452000617980957,4.1020002365112305,12.452000617980957,1.6875,20260730
2023-09-01,ChargerMatched,SeasonalNaive,64,25.600000381469727,25.600000381469727,0.3125,12.097000122070312,25.652000427246094,12.097000122070312,25.652000427246094,1.875,20260730
2023-09-01,ChargerMatched,SeasonalNaive,80,25.600000381469727,25.600000381469727,0.0,48.992000579833984,50.641998291015625,48.992000579833984,50.641998291015625,2.0625,20260730
2023-09-01,ChargerMatched,SeasonalNaive,84,25.600000381469727,25.600000381469727,0.0,50.641998291015625,50.641998291015625,50.641998291015625,50.641998291015625,0.25,20260730
2023-09-01,ChargerMatched,SeasonalNaive,96,25.600000381469727,25.600000381469727,0.0,50.641998291015625,50.641998291015625,50.641998291015625,50.641998291015625,0.0,20260730
2023-09-02,ChargerMatched,SeasonalNaive,32,0.0,0.0,0.0,0.0,0.0,0.0,0.0,0.0,20260730
2023-09-02,ChargerMatched,SeasonalNaive,48,0.0,0.0,0.0,0.0,0.0,0.0,0.0,0.0,20260730
2023-09-02,ChargerMatched,SeasonalNaive,64,0.0,0.0,0.0,8.35200023651123,8.35200023651123,8.35200023651123,8.35200023651123,0.5,20260730
2023-09-02,ChargerMatched,SeasonalNaive,80,0.0,0.0,0.0,8.35200023651123,8.35200023651123,8.35200023651123,8.35200023651123,0.0,20260730
2023-09-02,ChargerMatched,SeasonalNaive,84,0.0,0.0,0.0,8.35200023651123,8.35200023651123,8.35200023651123,8.35200023651123,0.0,20260730
2023-09-02,ChargerMatched,SeasonalNaive,96,0.0,0.0,0.0,8.35200023651123,8.35200023651123,8.35200023651123,8.35200023651123,0.0,20260730
2023-09-03,ChargerMatched,SeasonalNaive,32,0.0,0.0,0.0,0.0,0.0,0.0,0.0,0.0,20260730
2023-09-03,ChargerMatched,SeasonalNaive,48,0.0,0.0,0.0,15.612000465393066,19.799999237060547,15.612000465393066,19.799999237060547,0.75,20260730
2023-09-03,ChargerMatched,SeasonalNaive,64,0.0,0.0,0.0,39.31399917602539,39.31399917602539,39.31399917602539,39.31399917602539,0.9375,20260730
2023-09-03,ChargerMatched,SeasonalNaive,80,5.257999897003174,5.257999897003174,0.6875,44.54800033569336,44.54800033569336,44.54800033569336,44.54800033569336,0.6875,20260730
2023-09-03,ChargerMatched,SeasonalNaive,84,5.257999897003174,5.257999897003174,0.0,44.54800033569336,44.54800033569336,44.54800033569336,44.54800033569336,0.0,20260730
2023-09-03,ChargerMatched,SeasonalNaive,96,5.257999897003174,5.257999897003174,0.0,44.54800033569336,44.54800033569336,44.54800033569336,44.54800033569336,0.0,20260730
2023-09-04,ChargerMatched,SeasonalNaive,32,0.0,0.0,0.0,0.0,0.0,0.0,0.0,0.0,20260730
2023-09-04,ChargerMatched,SeasonalNaive,48,0.0,0.0,0.0,42.83799743652344,55.73099899291992,42.83799743652344,55.73099899291992,2.4375,20260730
2023-09-04,ChargerMatched,SeasonalNaive,64,0.0,0.0,0.0,97.28800201416016,97.28800201416016,97.28800201416016,97.28800201416016,2.0625,20260730
2023-09-04,ChargerMatched,SeasonalNaive,80,5.604000091552734,5.604000091552734,0.25,105.98500061035156,105.98500061035156,105.98500061035156,105.98500061035156,0.375,20260730
2023-09-04,ChargerMatched,SeasonalNaive,84,5.604000091552734,5.604000091552734,0.0,105.98500061035156,105.98500061035156,105.98500061035156,105.98500061035156,0.0,20260730
2023-09-04,ChargerMatched,SeasonalNaive,96,5.604000091552734,5.604000091552734,0.0,105.98500061035156,105.98500061035156,105.98500061035156,105.98500061035156,0.0,20260730
2023-09-05,ChargerMatched,SeasonalNaive,32,0.9459999799728394,3.299999952316284,0.0625,2.5190000534057617,4.949999809265137,2.519000291824341,4.949999809265137,0.09375,20260730
2023-09-05,ChargerMatched,SeasonalNaive,48,19.09600067138672,32.05500030517578,1.3125,22.319000244140625,22.319000244140625,22.319000244140625,22.319000244140625,0.75,20260730
2023-09-05,ChargerMatched,SeasonalNaive,64,28.755001068115234,34.91699981689453,1.375,22.319000244140625,22.319000244140625,22.319000244140625,22.319000244140625,0.0,20260730
2023-09-05,ChargerMatched,SeasonalNaive,80,34.91699981689453,34.91699981689453,0.25,22.319000244140625,22.319000244140625,22.319000244140625,22.319000244140625,0.0,20260730
2023-09-05,ChargerMatched,SeasonalNaive,84,34.91699981689453,34.91699981689453,0.0,22.319000244140625,22.319000244140625,22.319000244140625,22.319000244140625,0.0,20260730
2023-09-05,ChargerMatched,SeasonalNaive,96,34.91699981689453,34.91699981689453,0.0,22.319000244140625,22.319000244140625,22.319000244140625,22.319000244140625,0.0,20260730
2023-09-06,ChargerMatched,SeasonalNaive,32,0.0,0.0,0.0,0.0,0.0,0.0,0.0,0.0,20260730
2023-09-06,ChargerMatched,SeasonalNaive,48,11.413000106811523,19.345001220703125,1.5,0.0,4.2179999351501465,0.0,4.2179999351501465,0.625,20260730
2023-09-06,ChargerMatched,SeasonalNaive,64,27.45800018310547,27.45800018310547,0.75,4.2179999351501465,5.711999893188477,4.2179999351501465,5.711999893188477,1.6875,20260730
2023-09-06,ChargerMatched,SeasonalNaive,80,45.624996185302734,45.624996185302734,0.75,25.583999633789062,25.583999633789062,25.583999633789062,25.583999633789062,1.0625,20260730
2023-09-06,ChargerMatched,SeasonalNaive,84,45.624996185302734,45.624996185302734,0.0,25.583999633789062,25.583999633789062,25.583999633789062,25.583999633789062,0.0,20260730
2023-09-06,ChargerMatched,SeasonalNaive,96,45.624996185302734,45.624996185302734,0.0,25.583999633789062,25.583999633789062,25.583999633789062,25.583999633789062,0.0,20260730
2023-09-07,ChargerMatched,SeasonalNaive,32,0.0,0.0,0.0,2.924999952316284,4.949999809265137,2.924999952316284,4.949999809265137,0.09375,20260730
2023-09-07,ChargerMatched,SeasonalNaive,48,32.8129997253418,40.49800109863281,2.0625,19.424999237060547,19.424999237060547,19.424999237060547,19.424999237060547,0.625,20260730
2023-09-07,ChargerMatched,SeasonalNaive,64,38.847999572753906,46.33100128173828,1.875,19.424999237060547,24.875999450683594,19.424999237060547,24.875999450683594,0.5,20260730
2023-09-07,ChargerMatched,SeasonalNaive,80,52.51499938964844,52.51499938964844,1.1875,30.01799964904785,30.01799964904785,30.01799964904785,30.01799964904785,0.8125,20260730
2023-09-07,ChargerMatched,SeasonalNaive,84,52.51499938964844,52.51499938964844,0.0,30.01799964904785,30.01799964904785,30.01799964904785,30.01799964904785,0.0,20260730
2023-09-07,ChargerMatched,SeasonalNaive,96,52.51499938964844,52.51499938964844,0.0,30.01799964904785,30.01799964904785,30.01799964904785,30.01799964904785,0.0,20260730
2023-09-08,ChargerMatched,SeasonalNaive,32,0.0,0.0,0.0,0.0,0.0,0.0,0.0,0.0,20260730
2023-09-08,ChargerMatched,SeasonalNaive,48,0.0,6.215000152587891,0.375,17.350000381469727,19.799999237060547,17.350000381469727,19.799999237060547,0.75,20260730
2023-09-08,ChargerMatched,SeasonalNaive,64,6.215000152587891,6.215000152587891,0.3125,25.600000381469727,25.600000381469727,25.600000381469727,25.600000381469727,0.3125,20260730
2023-09-08,ChargerMatched,SeasonalNaive,80,6.215000152587891,6.215000152587891,0.0,25.600000381469727,25.600000381469727,25.600000381469727,25.600000381469727,0.0,20260730
2023-09-08,ChargerMatched,SeasonalNaive,84,6.215000152587891,6.215000152587891,0.0,25.600000381469727,25.600000381469727,25.600000381469727,25.600000381469727,0.0,20260730
2023-09-08,ChargerMatched,SeasonalNaive,96,6.215000152587891,6.215000152587891,0.0,25.600000381469727,25.600000381469727,25.600000381469727,25.600000381469727,0.0,20260730
2023-09-09,ChargerMatched,SeasonalNaive,32,0.0,0.0,0.0,0.0,0.0,0.0,0.0,0.0,20260730
2023-09-09,ChargerMatched,SeasonalNaive,48,2.940000057220459,2.940000057220459,0.375,0.0,0.0,0.0,0.0,0.0,20260730
2023-09-09,ChargerMatched,SeasonalNaive,64,10.229000091552734,11.878999710083008,0.375,0.0,0.0,0.0,0.0,0.0,20260730
2023-09-09,ChargerMatched,SeasonalNaive,80,14.732999801635742,14.732999801635742,0.1875,0.0,0.0,0.0,0.0,0.0,20260730
2023-09-09,ChargerMatched,SeasonalNaive,84,14.732999801635742,14.732999801635742,0.0,0.0,0.0,0.0,0.0,0.0,20260730
2023-09-09,ChargerMatched,SeasonalNaive,96,14.732999801635742,14.732999801635742,0.0,0.0,0.0,0.0,0.0,0.0,20260730
2023-09-10,ChargerMatched,SeasonalNaive,32,3.1419999599456787,3.1419999599456787,0.125,0.0,0.0,0.0,0.0,0.0,20260730
2023-09-10,ChargerMatched,SeasonalNaive,48,3.1419999599456787,3.1419999599456787,0.0,0.0,0.0,0.0,0.0,0.0,20260730
2023-09-10,ChargerMatched,SeasonalNaive,64,3.1419999599456787,3.1419999599456787,0.0,0.0,0.0,0.0,0.0,0.0,20260730
2023-09-10,ChargerMatched,SeasonalNaive,80,8.602999687194824,8.602999687194824,0.625,5.257999897003174,5.257999897003174,5.257999897003174,5.257999897003174,0.6875,20260730
2023-09-10,ChargerMatched,SeasonalNaive,84,8.602999687194824,8.602999687194824,0.0,5.257999897003174,5.257999897003174,5.257999897003174,5.257999897003174,0.0,20260730
2023-09-10,ChargerMatched,SeasonalNaive,96,8.602999687194824,8.602999687194824,0.0,5.257999897003174,5.257999897003174,5.257999897003174,5.257999897003174,0.0,20260730
2023-09-11,ChargerMatched,SeasonalNaive,32,0.5879999995231628,1.649999976158142,0.03125,0.0,0.0,0.0,0.0,0.0,20260730
2023-09-11,ChargerMatched,SeasonalNaive,48,15.145000457763672,23.39900016784668,2.0,0.0,0.0,0.0,0.0,0.0,20260730
2023-09-11,ChargerMatched,SeasonalNaive,64,24.174999237060547,29.128999710083008,1.875,0.0,0.0,0.0,0.0,0.0,20260730
2023-09-11,ChargerMatched,SeasonalNaive,80,33.66699981689453,33.66699981689453,0.875,5.604000091552734,5.604000091552734,5.604000091552734,5.604000091552734,0.25,20260730
2023-09-11,ChargerMatched,SeasonalNaive,84,33.66699981689453,33.66699981689453,0.0,5.604000091552734,5.604000091552734,5.604000091552734,5.604000091552734,0.0,20260730
2023-09-11,ChargerMatched,SeasonalNaive,96,33.66699981689453,33.66699981689453,0.0,5.604000091552734,5.604000091552734,5.604000091552734,5.604000091552734,0.0,20260730
2023-09-12,ChargerMatched,SeasonalNaive,32,0.0,4.949999809265137,0.09375,0.9459999799728394,3.299999952316284,0.9459999799728394,3.299999952316284,0.0625,20260730
2023-09-12,ChargerMatched,SeasonalNaive,48,0.0,12.61299991607666,2.0,19.09600067138672,32.05500030517578,19.09600067138672,32.05500030517578,1.3125,20260730
2023-09-12,ChargerMatched,SeasonalNaive,64,8.376999855041504,18.39099884033203,1.875,28.755001068115234,34.91699981689453,28.755001068115234,34.91699981689453,1.375,20260730
2023-09-12,ChargerMatched,SeasonalNaive,80,27.992000579833984,27.992000579833984,1.875,34.91699981689453,34.91699981689453,34.91699981689453,34.91699981689453,0.25,20260730
2023-09-12,ChargerMatched,SeasonalNaive,84,27.992000579833984,27.992000579833984,0.0,34.91699981689453,34.91699981689453,34.91699981689453,34.91699981689453,0.0,20260730
2023-09-12,ChargerMatched,SeasonalNaive,96,27.992000579833984,27.992000579833984,0.0,34.91699981689453,34.91699981689453,34.91699981689453,34.91699981689453,0.0,20260730
2023-09-13,ChargerMatched,SeasonalNaive,32,0.0,0.0,0.0,0.0,0.0,0.0,0.0,0.0,20260730
2023-09-13,ChargerMatched,SeasonalNaive,48,6.0289998054504395,9.81399917602539,0.875,11.413000106811523,19.345001220703125,11.413000106811523,19.345001220703125,1.5,20260730
2023-09-13,ChargerMatched,SeasonalNaive,64,10.979000091552734,10.979000091552734,0.1875,27.45800018310547,27.45800018310547,27.45800018310547,27.45800018310547,0.75,20260730
2023-09-13,ChargerMatched,SeasonalNaive,80,12.177999496459961,12.177999496459961,0.125,45.624996185302734,45.624996185302734,45.624996185302734,45.624996185302734,0.75,20260730
2023-09-13,ChargerMatched,SeasonalNaive,84,12.177999496459961,12.177999496459961,0.0,45.624996185302734,45.624996185302734,45.624996185302734,45.624996185302734,0.0,20260730
2023-09-13,ChargerMatched,SeasonalNaive,96,12.177999496459961,12.177999496459961,0.0,45.624996185302734,45.624996185302734,45.624996185302734,45.624996185302734,0.0,20260730
2023-09-14,ChargerMatched,SeasonalNaive,32,0.0,0.0,0.0,0.0,0.0,0.0,0.0,0.0,20260730
2023-09-14,ChargerMatched,SeasonalNaive,48,0.0,0.0,0.0,32.8129997253418,40.49800109863281,32.8129997253418,40.49800109863281,2.0625,20260730
2023-09-14,ChargerMatched,SeasonalNaive,64,2.309999942779541,2.309999942779541,0.125,38.847999572753906,46.33100128173828,38.847999572753906,46.33100128173828,1.875,20260730
2023-09-14,ChargerMatched,SeasonalNaive,80,2.309999942779541,2.309999942779541,0.0,52.51499938964844,52.51499938964844,52.51499938964844,52.51499938964844,1.1875,20260730
2023-09-14,ChargerMatched,SeasonalNaive,84,2.309999942779541,2.309999942779541,0.0,52.51499938964844,52.51499938964844,52.51499938964844,52.51499938964844,0.0,20260730
2023-09-14,ChargerMatched,SeasonalNaive,96,2.309999942779541,2.309999942779541,0.0,52.51499938964844,52.51499938964844,52.51499938964844,52.51499938964844,0.0,20260730
2023-09-15,ChargerMatched,SeasonalNaive,32,0.0,0.0,0.0,0.0,0.0,0.0,0.0,0.0,20260730
2023-09-15,ChargerMatched,SeasonalNaive,48,0.0,5.942999839782715,0.625,0.0,6.215000152587891,0.0,6.215000152587891,0.375,20260730
2023-09-15,ChargerMatched,SeasonalNaive,64,5.942999839782715,5.942999839782715,0.4375,6.215000152587891,6.215000152587891,6.215000152587891,6.215000152587891,0.3125,20260730
2023-09-15,ChargerMatched,SeasonalNaive,80,5.942999839782715,5.942999839782715,0.0,6.215000152587891,6.215000152587891,6.215000152587891,6.215000152587891,0.0,20260730
2023-09-15,ChargerMatched,SeasonalNaive,84,5.942999839782715,5.942999839782715,0.0,6.215000152587891,6.215000152587891,6.215000152587891,6.215000152587891,0.0,20260730
2023-09-15,ChargerMatched,SeasonalNaive,96,5.942999839782715,5.942999839782715,0.0,6.215000152587891,6.215000152587891,6.215000152587891,6.215000152587891,0.0,20260730
2023-09-16,ChargerMatched,SeasonalNaive,32,0.0,0.0,0.0,0.0,0.0,0.0,0.0,0.0,20260730
2023-09-16,ChargerMatched,SeasonalNaive,48,0.0,0.0,0.0,2.940000057220459,2.940000057220459,2.940000057220459,2.940000057220459,0.375,20260730
2023-09-16,ChargerMatched,SeasonalNaive,64,0.0,0.0,0.0,10.229000091552734,11.878999710083008,10.229000091552734,11.878999710083008,0.375,20260730
2023-09-16,ChargerMatched,SeasonalNaive,80,0.0,0.0,0.0,14.732999801635742,14.732999801635742,14.732999801635742,14.732999801635742,0.1875,20260730
2023-09-16,ChargerMatched,SeasonalNaive,84,0.0,0.0,0.0,14.732999801635742,14.732999801635742,14.732999801635742,14.732999801635742,0.0,20260730
2023-09-16,ChargerMatched,SeasonalNaive,96,0.0,0.0,0.0,14.732999801635742,14.732999801635742,14.732999801635742,14.732999801635742,0.0,20260730
2023-09-17,ChargerMatched,SeasonalNaive,32,0.0,0.0,0.0,3.1419999599456787,3.1419999599456787,3.1419999599456787,3.1419999599456787,0.125,20260730
2023-09-17,ChargerMatched,SeasonalNaive,48,0.0,0.0,0.0,3.1419999599456787,3.1419999599456787,3.1419999599456787,3.1419999599456787,0.0,20260730
2023-09-17,ChargerMatched,SeasonalNaive,64,0.0,0.0,0.0,3.1419999599456787,3.1419999599456787,3.1419999599456787,3.1419999599456787,0.0,20260730
2023-09-17,ChargerMatched,SeasonalNaive,80,19.96299934387207,23.738000869750977,0.9375,8.602999687194824,8.602999687194824,8.602999687194824,8.602999687194824,0.625,20260730
2023-09-17,ChargerMatched,SeasonalNaive,84,26.562999725341797,30.33799934387207,1.0,8.602999687194824,8.602999687194824,8.602999687194824,8.602999687194824,0.0,20260730
2023-09-17,ChargerMatched,SeasonalNaive,96,43.06300354003906,43.06300354003906,0.8333333134651184,8.602999687194824,8.602999687194824,8.602999687194824,8.602999687194824,0.0,20260730
2023-09-18,ChargerMatched,SeasonalNaive,32,0.0,0.0,0.0,0.5879999995231628,1.649999976158142,0.5880001783370972,1.649999976158142,0.03125,20260730
2023-09-18,ChargerMatched,SeasonalNaive,48,0.0,4.401000022888184,0.625,15.145000457763672,23.39900016784668,15.145000457763672,23.39900016784668,2.0,20260730
2023-09-18,ChargerMatched,SeasonalNaive,64,4.401000022888184,4.401000022888184,0.4375,24.174999237060547,29.128999710083008,24.174999237060547,29.128999710083008,1.875,20260730
2023-09-18,ChargerMatched,SeasonalNaive,80,6.171000003814697,14.300999641418457,0.375,33.66699981689453,33.66699981689453,33.66699981689453,33.66699981689453,0.875,20260730
2023-09-18,ChargerMatched,SeasonalNaive,84,12.770999908447266,16.070999145507812,1.0,33.66699981689453,33.66699981689453,33.66699981689453,33.66699981689453,0.0,20260730
2023-09-18,ChargerMatched,SeasonalNaive,96,17.8439998626709,17.8439998626709,0.4166666865348816,33.66699981689453,33.66699981689453,33.66699981689453,33.66699981689453,0.0,20260730
2023-09-19,ChargerMatched,SeasonalNaive,32,0.0,0.0,0.0,0.0,4.949999809265137,0.0,4.949999809265137,0.09375,20260730
2023-09-19,ChargerMatched,SeasonalNaive,48,18.121000289916992,22.28999900817871,1.0625,0.0,12.61299991607666,0.0,12.61299991607666,2.0,20260730
2023-09-19,ChargerMatched,SeasonalNaive,64,39.57099914550781,39.57099914550781,0.8125,8.376999855041504,18.39099884033203,8.376999855041504,18.39099884033203,1.875,20260730
2023-09-19,ChargerMatched,SeasonalNaive,80,39.57099914550781,39.57099914550781,0.0,27.992000579833984,27.992000579833984,27.992000579833984,27.992000579833984,1.875,20260730
2023-09-19,ChargerMatched,SeasonalNaive,84,39.57099914550781,39.57099914550781,0.0,27.992000579833984,27.992000579833984,27.992000579833984,27.992000579833984,0.0,20260730
2023-09-19,ChargerMatched,SeasonalNaive,96,39.57099914550781,39.57099914550781,0.0,27.992000579833984,27.992000579833984,27.992000579833984,27.992000579833984,0.0,20260730
2023-09-20,ChargerMatched,SeasonalNaive,32,0.0,0.0,0.0,0.0,0.0,0.0,0.0,0.0,20260730
2023-09-20,ChargerMatched,SeasonalNaive,48,8.416999816894531,10.910999298095703,0.625,6.0289998054504395,9.81399917602539,6.0289998054504395,9.81399917602539,0.875,20260730
2023-09-20,ChargerMatched,SeasonalNaive,64,34.91600036621094,34.91600036621094,1.3125,10.979000091552734,10.979000091552734,10.979000091552734,10.979000091552734,0.1875,20260730
2023-09-20,ChargerMatched,SeasonalNaive,80,34.91600036621094,34.91600036621094,0.0,12.177999496459961,12.177999496459961,12.177999496459961,12.177999496459961,0.125,20260730
2023-09-20,ChargerMatched,SeasonalNaive,84,34.91600036621094,34.91600036621094,0.0,12.177999496459961,12.177999496459961,12.177999496459961,12.177999496459961,0.0,20260730
2023-09-20,ChargerMatched,SeasonalNaive,96,34.91600036621094,34.91600036621094,0.0,12.177999496459961,12.177999496459961,12.177999496459961,12.177999496459961,0.0,20260730
2023-09-21,ChargerMatched,SeasonalNaive,32,1.4249999523162842,4.949999809265137,0.09375,0.0,0.0,0.0,0.0,0.0,20260730
2023-09-21,ChargerMatched,SeasonalNaive,48,24.524999618530273,24.524999618530273,0.875,0.0,0.0,0.0,0.0,0.0,20260730
2023-09-21,ChargerMatched,SeasonalNaive,64,25.850000381469727,25.850000381469727,0.0625,2.309999942779541,2.309999942779541,2.309999942779541,2.309999942779541,0.125,20260730
2023-09-21,ChargerMatched,SeasonalNaive,80,32.01799774169922,32.01799774169922,0.4375,2.309999942779541,2.309999942779541,2.309999942779541,2.309999942779541,0.0,20260730
2023-09-21,ChargerMatched,SeasonalNaive,84,32.01799774169922,32.01799774169922,0.0,2.309999942779541,2.309999942779541,2.309999942779541,2.309999942779541,0.0,20260730
2023-09-21,ChargerMatched,SeasonalNaive,96,32.01799774169922,32.01799774169922,0.0,2.309999942779541,2.309999942779541,2.309999942779541,2.309999942779541,0.0,20260730
2023-09-22,ChargerMatched,SeasonalNaive,32,0.2199999988079071,3.299999952316284,0.0625,0.0,0.0,0.0,0.0,0.0,20260730
2023-09-22,ChargerMatched,SeasonalNaive,48,23.31999969482422,23.31999969482422,0.875,0.0,5.942999839782715,0.0,5.942999839782715,0.625,20260730
2023-09-22,ChargerMatched,SeasonalNaive,64,23.31999969482422,23.31999969482422,0.0,5.942999839782715,5.942999839782715,5.942999839782715,5.942999839782715,0.4375,20260730
2023-09-22,ChargerMatched,SeasonalNaive,80,24.124000549316406,24.124000549316406,0.0625,5.942999839782715,5.942999839782715,5.942999839782715,5.942999839782715,0.0,20260730
2023-09-22,ChargerMatched,SeasonalNaive,84,24.124000549316406,24.124000549316406,0.0,5.942999839782715,5.942999839782715,5.942999839782715,5.942999839782715,0.0,20260730
2023-09-22,ChargerMatched,SeasonalNaive,96,24.124000549316406,24.124000549316406,0.0,5.942999839782715,5.942999839782715,5.942999839782715,5.942999839782715,0.0,20260730
2023-09-23,ChargerMatched,SeasonalNaive,32,0.0,0.0,0.0,0.0,0.0,0.0,0.0,0.0,20260730
2023-09-23,ChargerMatched,SeasonalNaive,48,0.0,0.0,0.0,0.0,0.0,0.0,0.0,0.0,20260730
2023-09-23,ChargerMatched,SeasonalNaive,64,0.0,0.0,0.0,0.0,0.0,0.0,0.0,0.0,20260730
2023-09-23,ChargerMatched,SeasonalNaive,80,0.0,0.0,0.0,0.0,0.0,0.0,0.0,0.0,20260730
2023-09-23,ChargerMatched,SeasonalNaive,84,0.0,0.0,0.0,0.0,0.0,0.0,0.0,0.0,20260730
2023-09-23,ChargerMatched,SeasonalNaive,96,0.0,0.0,0.0,0.0,0.0,0.0,0.0,0.0,20260730
2023-09-24,ChargerMatched,SeasonalNaive,32,0.0,0.0,0.0,0.0,0.0,0.0,0.0,0.0,20260730
2023-09-24,ChargerMatched,SeasonalNaive,48,0.0,0.0,0.0,0.0,0.0,0.0,0.0,0.0,20260730
2023-09-24,ChargerMatched,SeasonalNaive,64,11.263999938964844,11.263999938964844,0.5,0.0,0.0,0.0,0.0,0.0,20260730
2023-09-24,ChargerMatched,SeasonalNaive,80,30.326000213623047,30.326000213623047,0.75,19.96299934387207,23.738000869750977,19.963001251220703,23.738000869750977,0.9375,20260730
2023-09-24,ChargerMatched,SeasonalNaive,84,30.326000213623047,30.326000213623047,0.0,26.562999725341797,30.33799934387207,26.56300163269043,30.33799934387207,1.0,20260730
2023-09-24,ChargerMatched,SeasonalNaive,96,30.326000213623047,30.326000213623047,0.0,43.06300354003906,43.06300354003906,43.06300354003906,43.06300354003906,0.8333333134651184,20260730
2023-09-25,ChargerMatched,SeasonalNaive,32,0.0,0.0,0.0,0.0,0.0,0.0,0.0,0.0,20260730
2023-09-25,ChargerMatched,SeasonalNaive,48,0.0,4.949999809265137,0.1875,0.0,4.401000022888184,0.0,4.401000022888184,0.625,20260730
2023-09-25,ChargerMatched,SeasonalNaive,64,27.452999114990234,30.588998794555664,2.1875,4.401000022888184,4.401000022888184,4.401000022888184,4.401000022888184,0.4375,20260730
2023-09-25,ChargerMatched,SeasonalNaive,80,38.21699905395508,38.21699905395508,0.6875,6.171000003814697,14.300999641418457,6.171000003814697,14.300999641418457,0.375,20260730
2023-09-25,ChargerMatched,SeasonalNaive,84,38.21699905395508,38.21699905395508,0.0,12.770999908447266,16.070999145507812,12.770999908447266,16.070999145507812,1.0,20260730
2023-09-25,ChargerMatched,SeasonalNaive,96,38.21699905395508,38.21699905395508,0.0,17.8439998626709,17.8439998626709,17.8439998626709,17.8439998626709,0.4166666865348816,20260730
2023-09-26,ChargerMatched,SeasonalNaive,32,0.7059999704360962,0.7059999704360962,0.3125,0.0,0.0,0.0,0.0,0.0,20260730
2023-09-26,ChargerMatched,SeasonalNaive,48,0.7059999704360962,15.610000610351562,0.875,18.121000289916992,22.28999900817871,18.121000289916992,22.28999900817871,1.0625,20260730
2023-09-26,ChargerMatched,SeasonalNaive,64,25.224000930786133,35.124000549316406,1.875,39.57099914550781,39.57099914550781,39.57099914550781,39.57099914550781,0.8125,20260730
2023-09-26,ChargerMatched,SeasonalNaive,80,35.124000549316406,35.124000549316406,0.375,39.57099914550781,39.57099914550781,39.57099914550781,39.57099914550781,0.0,20260730
2023-09-26,ChargerMatched,SeasonalNaive,84,35.124000549316406,35.124000549316406,0.0,39.57099914550781,39.57099914550781,39.57099914550781,39.57099914550781,0.0,20260730
2023-09-26,ChargerMatched,SeasonalNaive,96,35.124000549316406,35.124000549316406,0.0,39.57099914550781,39.57099914550781,39.57099914550781,39.57099914550781,0.0,20260730
2023-09-27,ChargerMatched,SeasonalNaive,32,0.0,1.649999976158142,0.03125,0.0,0.0,0.0,0.0,0.0,20260730
2023-09-27,ChargerMatched,SeasonalNaive,48,33.77899932861328,40.93899917602539,2.4375,8.416999816894531,10.910999298095703,8.417000770568848,10.910999298095703,0.625,20260730
2023-09-27,ChargerMatched,SeasonalNaive,64,81.39800262451172,81.39800262451172,2.0625,34.91600036621094,34.91600036621094,34.91600036621094,34.91600036621094,1.3125,20260730
2023-09-27,ChargerMatched,SeasonalNaive,80,95.2760009765625,95.2760009765625,0.5625,34.91600036621094,34.91600036621094,34.91600036621094,34.91600036621094,0.0,20260730
2023-09-27,ChargerMatched,SeasonalNaive,84,95.2760009765625,95.2760009765625,0.0,34.91600036621094,34.91600036621094,34.91600036621094,34.91600036621094,0.0,20260730
2023-09-27,ChargerMatched,SeasonalNaive,96,95.2760009765625,95.2760009765625,0.0,34.91600036621094,34.91600036621094,34.91600036621094,34.91600036621094,0.0,20260730
2023-09-28,ChargerMatched,SeasonalNaive,32,2.5880000591278076,4.949999809265137,0.09375,1.4249999523162842,4.949999809265137,1.4249999523162842,4.949999809265137,0.09375,20260730
2023-09-28,ChargerMatched,SeasonalNaive,48,11.854000091552734,13.503999710083008,1.0625,24.524999618530273,24.524999618530273,24.524999618530273,24.524999618530273,0.875,20260730
2023-09-28,ChargerMatched,SeasonalNaive,64,24.44700050354004,24.44700050354004,0.5,25.850000381469727,25.850000381469727,25.850000381469727,25.850000381469727,0.0625,20260730
2023-09-28,ChargerMatched,SeasonalNaive,80,24.44700050354004,24.44700050354004,0.0,32.01799774169922,32.01799774169922,32.01799774169922,32.01799774169922,0.4375,20260730
2023-09-28,ChargerMatched,SeasonalNaive,84,24.44700050354004,24.44700050354004,0.0,32.01799774169922,32.01799774169922,32.01799774169922,32.01799774169922,0.0,20260730
2023-09-28,ChargerMatched,SeasonalNaive,96,24.44700050354004,24.44700050354004,0.0,32.01799774169922,32.01799774169922,32.01799774169922,32.01799774169922,0.0,20260730
2023-09-29,ChargerMatched,SeasonalNaive,32,0.0,0.0,0.0,0.2199999988079071,3.299999952316284,0.2199999988079071,3.299999952316284,0.0625,20260730
2023-09-29,ChargerMatched,SeasonalNaive,48,0.0,9.854999542236328,1.5625,23.31999969482422,23.31999969482422,23.31999969482422,23.31999969482422,0.875,20260730
2023-09-29,ChargerMatched,SeasonalNaive,64,3.5899999141693115,12.67300033569336,2.5,23.31999969482422,23.31999969482422,23.31999969482422,23.31999969482422,0.0,20260730
2023-09-29,ChargerMatched,SeasonalNaive,80,12.67300033569336,12.67300033569336,0.625,24.124000549316406,24.124000549316406,24.124000549316406,24.124000549316406,0.0625,20260730
2023-09-29,ChargerMatched,SeasonalNaive,84,12.67300033569336,12.67300033569336,0.0,24.124000549316406,24.124000549316406,24.124000549316406,24.124000549316406,0.0,20260730
2023-09-29,ChargerMatched,SeasonalNaive,96,12.67300033569336,12.67300033569336,0.0,24.124000549316406,24.124000549316406,24.124000549316406,24.124000549316406,0.0,20260730
2023-09-30,ChargerMatched,SeasonalNaive,32,0.0,0.0,0.0,0.0,0.0,0.0,0.0,0.0,20260730
2023-09-30,ChargerMatched,SeasonalNaive,48,14.746000289916992,16.889999389648438,1.0625,0.0,0.0,0.0,0.0,0.0,20260730
2023-09-30,ChargerMatched,SeasonalNaive,64,26.32699966430664,37.84600067138672,0.875,0.0,0.0,0.0,0.0,0.0,20260730
2023-09-30,ChargerMatched,SeasonalNaive,80,42.82699966430664,42.82699966430664,0.625,0.0,0.0,0.0,0.0,0.0,20260730
2023-09-30,ChargerMatched,SeasonalNaive,84,42.82699966430664,42.82699966430664,0.0,0.0,0.0,0.0,0.0,0.0,20260730
2023-09-30,ChargerMatched,SeasonalNaive,96,47.46399688720703,47.46399688720703,0.3333333432674408,0.0,0.0,0.0,0.0,0.0,20260730
2023-07-01,ChargerMatched,iTransformer,32,0.0,0.0,0.0,1.0792953968048096,8.728014945983887,0.2737715542316437,0.3462274968624115,0.006557338871061802,20260730
2023-07-01,ChargerMatched,iTransformer,48,0.0,0.0,0.0,21.990020751953125,3.705730676651001,1.7897083759307861,1.7897083759307861,0.16330428421497345,20260730
2023-07-01,ChargerMatched,iTransformer,64,0.0,8.269000053405762,0.6875,22.679590225219727,46.701744079589844,33.09381103515625,35.4936637878418,1.4001338481903076,20260730
2023-07-01,ChargerMatched,iTransformer,80,0.0,8.269000053405762,1.0,83.90119171142578,32.82592010498047,37.84223175048828,37.84223175048828,0.11192820221185684,20260730
2023-07-01,ChargerMatched,iTransformer,84,1.6690000295639038,8.269000053405762,1.0,23.950098037719727,9.303215026855469,37.84223175048828,37.84223175048828,0.0,20260730
2023-07-01,ChargerMatched,iTransformer,96,8.269000053405762,8.269000053405762,0.3333333432674408,46.61656188964844,62.63678741455078,45.3772087097168,45.3772087097168,0.4711360037326813,20260730
2023-07-02,ChargerMatched,iTransformer,32,0.0,0.0,0.0,1.6878321170806885,7.954159259796143,3.3282346725463867,4.342948913574219,0.08225281536579132,20260730
2023-07-02,ChargerMatched,iTransformer,48,0.0,0.0,0.0,21.04119110107422,15.863251686096191,15.771417617797852,16.80373764038086,0.5743788480758667,20260730
2023-07-02,ChargerMatched,iTransformer,64,0.0,0.0,0.0,22.696657180786133,33.792694091796875,44.567955017089844,44.567955017089844,1.3233397006988525,20260730
2023-07-02,ChargerMatched,iTransformer,80,14.317999839782715,18.149999618530273,0.6875,58.07120895385742,31.873058319091797,46.85262680053711,46.85262680053711,0.08654066920280457,20260730
2023-07-02,ChargerMatched,iTransformer,84,20.917999267578125,24.75,1.0,38.85511016845703,3.2582530975341797,47.35289001464844,47.35289001464844,0.07579752802848816,20260730
2023-07-02,ChargerMatched,iTransformer,96,25.868000030517578,25.868000030517578,0.25,44.732791900634766,73.19574737548828,49.551475524902344,49.551475524902344,0.11103959381580353,20260730
2023-07-03,ChargerMatched,iTransformer,32,0.0,0.0,0.0,3.322139263153076,6.584201812744141,3.322139263153076,6.038938522338867,0.11995548754930496,20260730
2023-07-03,ChargerMatched,iTransformer,48,0.0,8.196000099182129,0.375,13.886739730834961,29.26681137084961,16.83361053466797,29.162145614624023,1.3562120199203491,20260730
2023-07-03,ChargerMatched,iTransformer,64,21.006000518798828,30.029998779296875,2.0,20.542667388916016,36.24400329589844,48.453102111816406,48.453102111816406,1.2803949117660522,20260730
2023-07-03,ChargerMatched,iTransformer,80,41.68299865722656,41.68299865722656,1.3125,34.420345306396484,40.69062805175781,52.7823371887207,52.7823371887207,0.16398616135120392,20260730
2023-07-03,ChargerMatched,iTransformer,84,41.68299865722656,41.68299865722656,0.0,45.702919006347656,-3.307055950164795,53.155338287353516,53.155338287353516,0.05651557445526123,20260730
2023-07-03,ChargerMatched,iTransformer,96,41.68299865722656,41.68299865722656,0.0,40.62400436401367,65.6866683959961,53.155338287353516,53.155338287353516,0.0,20260730
2023-07-04,ChargerMatched,iTransformer,32,0.0,0.0,0.0,4.49070930480957,5.347712993621826,3.3237838745117188,3.51300048828125,0.06653410196304321,20260730
2023-07-04,ChargerMatched,iTransformer,48,0.0,0.0,0.0,-0.5579879283905029,31.33176040649414,5.644038677215576,31.16866111755371,1.452515721321106,20260730
2023-07-04,ChargerMatched,iTransformer,64,0.0,0.0,0.0,14.771467208862305,54.236061096191406,27.164548873901367,42.67599868774414,1.8375780582427979,20260730
2023-07-04,ChargerMatched,iTransformer,80,0.0,0.0,0.0,33.07470703125,57.50679016113281,41.26753234863281,44.117225646972656,0.6160531044006348,20260730
2023-07-04,ChargerMatched,iTransformer,84,0.0,0.0,0.0,40.25107192993164,-4.499087333679199,44.117225646972656,44.117225646972656,0.43177175521850586,20260730
2023-07-04,ChargerMatched,iTransformer,96,0.0,0.0,0.0,43.63667297363281,44.597782135009766,44.117225646972656,44.117225646972656,0.0,20260730
2023-07-05,ChargerMatched,iTransformer,32,0.0,9.899999618530273,0.1875,4.923320293426514,6.116401672363281,0.37253838777542114,0.37253838777542114,0.007055651396512985,20260730
2023-07-05,ChargerMatched,iTransformer,48,0.0,32.875,1.875,-4.708146572113037,22.31460952758789,4.923320293426514,17.822608947753906,0.8121253252029419,20260730
2023-07-05,ChargerMatched,iTransformer,64,36.58399963378906,46.07500076293945,2.4375,14.45409107208252,77.17607879638672,20.761201858520508,33.54006576538086,2.122180461883545,20260730
2023-07-05,ChargerMatched,iTransformer,80,46.48400115966797,46.48400115966797,0.375,54.73691177368164,62.87471008300781,33.54006576538086,33.54006576538086,0.5583826899528503,20260730
2023-07-05,ChargerMatched,iTransformer,84,46.48400115966797,46.48400115966797,0.0,26.32640266418457,0.6939353942871094,33.54006576538086,33.54006576538086,0.1510896384716034,20260730
2023-07-05,ChargerMatched,iTransformer,96,46.48400115966797,46.48400115966797,0.0,41.70514678955078,25.374982833862305,33.54006576538086,33.54006576538086,0.0,20260730
2023-07-06,ChargerMatched,iTransformer,32,0.0,0.0,0.0,3.580235004425049,7.671621322631836,0.0,0.0,0.0,20260730
2023-07-06,ChargerMatched,iTransformer,48,0.0,8.276000022888184,0.5,-2.735743522644043,6.994550704956055,1.0341981649398804,2.0014843940734863,0.08341379463672638,20260730
2023-07-06,ChargerMatched,iTransformer,64,8.276000022888184,12.000999450683594,1.1875,11.362892150878906,81.7196044921875,15.887334823608398,31.90985870361328,2.1957626342773438,20260730
2023-07-06,ChargerMatched,iTransformer,80,16.927000045776367,16.927000045776367,0.5,75.35533142089844,58.31637954711914,31.90985870361328,31.90985870361328,0.4280683696269989,20260730
2023-07-06,ChargerMatched,iTransformer,84,16.927000045776367,16.927000045776367,0.0,12.829912185668945,5.292063236236572,31.90985870361328,31.90985870361328,0.27614349126815796,20260730
2023-07-06,ChargerMatched,iTransformer,96,16.927000045776367,16.927000045776367,0.0,44.44028091430664,19.379436492919922,31.90985870361328,31.90985870361328,0.23378920555114746,20260730
2023-07-07,ChargerMatched,iTransformer,32,0.0,0.0,0.0,1.2171871662139893,8.628599166870117,0.308357298374176,0.8209165930747986,0.01554766297340393,20260730
2023-07-07,ChargerMatched,iTransformer,48,0.0,16.874000549316406,0.875,7.431609153747559,0.14776372909545898,1.4492824077606201,3.1511831283569336,0.09435003995895386,20260730
2023-07-07,ChargerMatched,iTransformer,64,15.632999420166016,28.83300018310547,1.875,20.021045684814453,74.61276245117188,26.703792572021484,45.307804107666016,2.143937349319458,20260730
2023-07-07,ChargerMatched,iTransformer,80,28.83300018310547,28.83300018310547,0.5,95.26502227783203,50.81193923950195,45.78267288208008,45.78267288208008,0.3505573570728302,20260730
2023-07-07,ChargerMatched,iTransformer,84,28.83300018310547,28.83300018310547,0.0,19.56564712524414,15.845569610595703,45.78267288208008,45.78267288208008,0.15368399024009705,20260730
2023-07-07,ChargerMatched,iTransformer,96,28.83300018310547,28.83300018310547,0.0,50.808876037597656,40.756473541259766,45.78267288208008,45.78267288208008,0.5447918772697449,20260730
2023-07-08,ChargerMatched,iTransformer,32,0.0,0.0,0.0,0.15501785278320312,7.220461845397949,0.0,0.38821735978126526,0.007352601736783981,20260730
2023-07-08,ChargerMatched,iTransformer,48,0.0,11.701000213623047,1.0,17.632984161376953,1.6723387241363525,2.927577257156372,2.927577257156372,0.09618787467479706,20260730
2023-07-08,ChargerMatched,iTransformer,64,11.701000213623047,11.701000213623047,0.625,21.185922622680664,46.18244171142578,29.630966186523438,35.830196380615234,1.3564165830612183,20260730
2023-07-08,ChargerMatched,iTransformer,80,11.701000213623047,11.701000213623047,0.0,75.26805114746094,28.24985122680664,37.67951965332031,37.67951965332031,0.16102808713912964,20260730
2023-07-08,ChargerMatched,iTransformer,84,11.701000213623047,11.701000213623047,0.0,24.71209716796875,8.077044486999512,38.1744384765625,38.1744384765625,0.2034163475036621,20260730
2023-07-08,ChargerMatched,iTransformer,96,11.701000213623047,11.701000213623047,0.0,43.95612335205078,56.333290100097656,47.10323715209961,47.10323715209961,0.6008617281913757,20260730
2023-07-09,ChargerMatched,iTransformer,32,0.0,0.0,0.0,1.1438148021697998,6.305629730224609,1.018367886543274,2.936614513397217,0.05561770126223564,20260730
2023-07-09,ChargerMatched,iTransformer,48,0.0,0.0,0.0,16.548995971679688,15.097711563110352,12.350576400756836,15.354055404663086,0.7468429207801819,20260730
2023-07-09,ChargerMatched,iTransformer,64,0.0,0.0,0.0,20.849111557006836,28.072141647338867,37.935855865478516,37.935855865478516,1.1891874074935913,20260730
2023-07-09,ChargerMatched,iTransformer,80,0.0,0.0,0.0,48.696598052978516,26.801700592041016,41.491371154785156,41.491371154785156,0.13467857241630554,20260730
2023-07-09,ChargerMatched,iTransformer,84,0.0,0.0,0.0,39.899803161621094,2.6955952644348145,42.38764953613281,42.38764953613281,0.13579970598220825,20260730
2023-07-09,ChargerMatched,iTransformer,96,0.0,0.0,0.0,41.587833404541016,67.0166015625,44.36249542236328,44.36249542236328,0.09973986446857452,20260730
2023-07-10,ChargerMatched,iTransformer,32,0.0,0.0,0.0,2.8815407752990723,4.923002243041992,2.8815407752990723,4.896442890167236,0.11142817884683609,20260730
2023-07-10,ChargerMatched,iTransformer,48,6.285999774932861,6.599999904632568,0.25,9.535625457763672,28.413280487060547,12.967761993408203,28.271663665771484,1.4756351709365845,20260730
2023-07-10,ChargerMatched,iTransformer,64,11.236000061035156,12.88599967956543,0.25,22.93776512145996,36.63245391845703,45.241539001464844,48.11000061035156,1.5655429363250732,20260730
2023-07-10,ChargerMatched,iTransformer,80,36.029998779296875,39.2859992980957,1.0,30.20230484008789,39.8184700012207,51.6212043762207,51.6212043762207,0.24165402352809906,20260730
2023-07-10,ChargerMatched,iTransformer,84,39.33000183105469,39.33000183105469,0.5,49.414703369140625,-2.4683680534362793,51.66790771484375,51.66790771484375,0.00707630068063736,20260730
2023-07-10,ChargerMatched,iTransformer,96,39.33000183105469,39.33000183105469,0.0,43.143028259277344,60.192787170410156,51.66790771484375,51.66790771484375,0.0,20260730
2023-07-11,ChargerMatched,iTransformer,32,0.0,4.949999809265137,0.09375,4.881317138671875,4.829709529876709,3.1246063709259033,4.062450885772705,0.07694035768508911,20260730
2023-07-11,ChargerMatched,iTransformer,48,2.7079999446868896,31.350000381469727,1.0,-2.1507766246795654,32.63446807861328,5.391669273376465,32.49495315551758,1.6471469402313232,20260730
2023-07-11,ChargerMatched,iTransformer,64,29.107999801635742,39.007999420166016,1.0,16.540420532226562,59.15116882324219,31.174663543701172,43.83317565917969,1.9402693510055542,20260730
2023-07-11,ChargerMatched,iTransformer,80,41.75899887084961,42.30799865722656,0.5,29.792686462402344,57.67646789550781,42.86466979980469,43.83317565917969,0.4486570954322815,20260730
2023-07-11,ChargerMatched,iTransformer,84,43.409000396728516,43.409000396728516,0.25,49.383792877197266,1.239598274230957,43.83317565917969,43.83317565917969,0.14674332737922668,20260730
2023-07-11,ChargerMatched,iTransformer,96,43.409000396728516,43.409000396728516,0.0,45.30387878417969,42.36247253417969,43.83317565917969,43.83317565917969,0.0,20260730
2023-07-12,ChargerMatched,iTransformer,32,0.0,0.0,0.0,4.817476749420166,7.209964752197266,0.7345697283744812,2.2414772510528564,0.04245221987366676,20260730
2023-07-12,ChargerMatched,iTransformer,48,0.0,5.921000003814697,0.875,-6.946227073669434,26.604595184326172,4.817476749420166,24.52974510192871,1.1209933757781982,20260730
2023-07-12,ChargerMatched,iTransformer,64,5.921000003814697,13.889999389648438,1.1875,18.741966247558594,79.80805206298828,24.587051391601562,34.83160400390625,2.1640243530273438,20260730
2023-07-12,ChargerMatched,iTransformer,80,13.889999389648438,13.889999389648438,0.3125,52.88648986816406,66.88516235351562,34.83160400390625,34.83160400390625,0.4403180778026581,20260730
2023-07-12,ChargerMatched,iTransformer,84,13.889999389648438,13.889999389648438,0.0,32.55687713623047,3.5178585052490234,34.83160400390625,34.83160400390625,0.11516356468200684,20260730
2023-07-12,ChargerMatched,iTransformer,96,13.889999389648438,13.889999389648438,0.0,45.8843994140625,23.778812408447266,34.83160400390625,34.83160400390625,0.0,20260730
2023-07-13,ChargerMatched,iTransformer,32,0.0,3.299999952316284,0.0625,3.2501587867736816,6.322618007659912,0.0,0.0,0.0,20260730
2023-07-13,ChargerMatched,iTransformer,48,35.59600067138672,37.246002197265625,1.625,-5.8648576736450195,5.143951892852783,1.613218069076538,3.937678337097168,0.2957027554512024,20260730
2023-07-13,ChargerMatched,iTransformer,64,45.45999526977539,45.45999526977539,1.0625,10.024566650390625,79.53604125976562,15.944011688232422,26.293514251708984,2.1415817737579346,20260730
2023-07-13,ChargerMatched,iTransformer,80,45.45999526977539,45.45999526977539,0.0,66.03654479980469,51.63778305053711,26.293514251708984,26.293514251708984,0.3790209889411926,20260730
2023-07-13,ChargerMatched,iTransformer,84,45.45999526977539,45.45999526977539,0.0,14.832923889160156,3.4571499824523926,26.293514251708984,26.293514251708984,0.14453332126140594,20260730
2023-07-13,ChargerMatched,iTransformer,96,45.45999526977539,45.45999526977539,0.0,40.289764404296875,12.297263145446777,26.293514251708984,26.293514251708984,0.19702526926994324,20260730
2023-07-14,ChargerMatched,iTransformer,32,0.0,0.0,0.0,1.8952982425689697,7.983789443969727,0.0,0.0,0.0,20260730
2023-07-14,ChargerMatched,iTransformer,48,0.0,0.0,0.0,9.717743873596191,-0.644681453704834,0.7512727975845337,0.8672603964805603,0.03285077214241028,20260730
2023-07-14,ChargerMatched,iTransformer,64,12.180000305175781,12.180000305175781,0.5,22.33733367919922,75.20193481445312,27.555856704711914,43.72285079956055,2.059180974960327,20260730
2023-07-14,ChargerMatched,iTransformer,80,35.163002014160156,38.58000183105469,1.0,86.53099060058594,46.08519744873047,43.72285079956055,43.72285079956055,0.22139540314674377,20260730
2023-07-14,ChargerMatched,iTransformer,84,41.76300048828125,41.76300048828125,1.0,28.117765426635742,17.94974708557129,43.72285079956055,43.72285079956055,0.10940378904342651,20260730
2023-07-14,ChargerMatched,iTransformer,96,41.76300048828125,41.76300048828125,0.0,51.26771545410156,36.17799377441406,43.72285079956055,43.72285079956055,0.5295538902282715,20260730
2023-07-15,ChargerMatched,iTransformer,32,0.0,0.0,0.0,0.3357929587364197,7.654077529907227,0.04164089262485504,0.04164089262485504,0.0007886532694101334,20260730
2023-07-15,ChargerMatched,iTransformer,48,0.0,0.0,0.0,17.224578857421875,1.0413508415222168,4.17915678024292,4.17915678024292,0.2031814008951187,20260730
2023-07-15,ChargerMatched,iTransformer,64,0.0,0.0,0.0,21.275346755981445,46.358036041259766,32.41740417480469,36.15739059448242,1.2943669557571411,20260730
2023-07-15,ChargerMatched,iTransformer,80,0.0,0.0,0.0,76.13432312011719,32.34776306152344,40.442840576171875,40.442840576171875,0.16232767701148987,20260730
2023-07-15,ChargerMatched,iTransformer,84,0.0,0.0,0.0,30.944406509399414,11.089742660522461,41.20037078857422,41.20037078857422,0.16403502225875854,20260730
2023-07-15,ChargerMatched,iTransformer,96,0.0,0.0,0.0,48.08308792114258,54.657814025878906,48.38270950317383,48.38270950317383,0.5352133512496948,20260730
2023-07-16,ChargerMatched,iTransformer,32,0.0,0.0,0.0,1.3414006233215332,6.620469093322754,1.8833441734313965,4.333911895751953,0.08208166062831879,20260730
2023-07-16,ChargerMatched,iTransformer,48,0.0,0.0,0.0,16.704322814941406,13.488943099975586,16.43747329711914,18.596763610839844,0.8520265221595764,20260730
2023-07-16,ChargerMatched,iTransformer,64,0.0,0.0,0.0,20.204557418823242,27.494686126708984,43.48784637451172,43.48784637451172,1.2339529991149902,20260730
2023-07-16,ChargerMatched,iTransformer,80,0.0,0.0,0.0,42.503807067871094,25.193618774414062,48.25790023803711,48.25790023803711,0.18068380653858185,20260730
2023-07-16,ChargerMatched,iTransformer,84,0.0,0.0,0.0,48.18470764160156,7.39598274230957,49.60175323486328,49.60175323486328,0.20361369848251343,20260730
2023-07-16,ChargerMatched,iTransformer,96,0.0,0.0,0.0,44.70764923095703,65.4322509765625,51.479087829589844,51.479087829589844,0.09481510519981384,20260730
2023-07-17,ChargerMatched,iTransformer,32,0.0,3.299999952316284,0.0625,3.2394425868988037,4.811855792999268,3.2394425868988037,4.811855792999268,0.12905780971050262,20260730
2023-07-17,ChargerMatched,iTransformer,48,15.423999786376953,28.35300064086914,1.8125,9.08900260925293,27.631572723388672,13.954483032226562,28.06277847290039,1.573601245880127,20260730
2023-07-17,ChargerMatched,iTransformer,64,27.84600067138672,32.79600143432617,1.5,20.1829776763916,35.96561050415039,45.84236526489258,47.026641845703125,1.3401908874511719,20260730
2023-07-17,ChargerMatched,iTransformer,80,32.79600143432617,32.79600143432617,0.1875,28.146408081054688,41.68963623046875,53.36198425292969,53.36198425292969,0.28483402729034424,20260730
2023-07-17,ChargerMatched,iTransformer,84,32.79600143432617,32.79600143432617,0.0,60.6927604675293,3.375356674194336,54.325599670410156,54.325599670410156,0.14600209891796112,20260730
2023-07-17,ChargerMatched,iTransformer,96,32.79600143432617,32.79600143432617,0.0,45.70426940917969,62.946929931640625,54.325599670410156,54.325599670410156,0.0,20260730
2023-07-18,ChargerMatched,iTransformer,32,0.0,1.649999976158142,0.03125,5.660380840301514,6.375818252563477,4.90428352355957,6.375818252563477,0.14973895251750946,20260730
2023-07-18,ChargerMatched,iTransformer,48,30.812999725341797,49.5,1.8125,-1.4236842393875122,35.07738494873047,5.660380840301514,34.014808654785156,1.918348789215088,20260730
2023-07-18,ChargerMatched,iTransformer,64,68.76300048828125,68.76300048828125,1.4375,16.468082427978516,59.94645690917969,32.94499206542969,42.400787353515625,1.8321115970611572,20260730
2023-07-18,ChargerMatched,iTransformer,80,68.76300048828125,68.76300048828125,0.0,25.200145721435547,56.77623748779297,41.01222229003906,42.400787353515625,0.3055769205093384,20260730
2023-07-18,ChargerMatched,iTransformer,84,68.76300048828125,68.76300048828125,0.0,48.0210075378418,-0.6051998138427734,42.400787353515625,42.400787353515625,0.21038904786109924,20260730
2023-07-18,ChargerMatched,iTransformer,96,68.76300048828125,68.76300048828125,0.0,44.357181549072266,40.44439697265625,42.400787353515625,42.400787353515625,0.0,20260730
2023-07-19,ChargerMatched,iTransformer,32,0.0,25.990999221801758,0.5,5.79939079284668,8.074905395507812,2.7302660942077637,2.9849343299865723,0.0565328486263752,20260730
2023-07-19,ChargerMatched,iTransformer,48,25.095001220703125,31.69499969482422,1.5625,-2.325493574142456,30.827957153320312,5.79939079284668,29.655485153198242,1.5444148778915405,20260730
2023-07-19,ChargerMatched,iTransformer,64,40.73999786376953,40.73999786376953,0.875,21.00809669494629,84.8143081665039,27.835481643676758,32.68598175048828,2.0856029987335205,20260730
2023-07-19,ChargerMatched,iTransformer,80,40.73999786376953,40.73999786376953,0.0,47.40272521972656,67.07878875732422,32.68598175048828,32.68598175048828,0.23914481699466705,20260730
2023-07-19,ChargerMatched,iTransformer,84,40.73999786376953,40.73999786376953,0.0,38.662811279296875,4.841499328613281,32.68598175048828,32.68598175048828,0.1071944534778595,20260730
2023-07-19,ChargerMatched,iTransformer,96,40.73999786376953,40.73999786376953,0.0,44.00682830810547,21.365131378173828,32.68598175048828,32.68598175048828,0.0,20260730
2023-07-20,ChargerMatched,iTransformer,32,0.0,0.0,0.0,3.943728446960449,9.071040153503418,0.7513877153396606,2.0196590423583984,0.0382511168718338,20260730
2023-07-20,ChargerMatched,iTransformer,48,11.159000396728516,17.759000778198242,0.9375,5.564601421356201,17.090560913085938,6.122878074645996,15.669931411743164,0.6315890550613403,20260730
2023-07-20,ChargerMatched,iTransformer,64,17.759000778198242,17.759000778198242,0.25,27.990554809570312,97.66341400146484,30.308305740356445,39.03700256347656,2.188627243041992,20260730
2023-07-20,ChargerMatched,iTransformer,80,17.759000778198242,17.759000778198242,0.0,83.162841796875,71.44894409179688,39.03700256347656,39.03700256347656,0.22338564693927765,20260730
2023-07-20,ChargerMatched,iTransformer,84,17.759000778198242,17.759000778198242,0.0,33.57402801513672,17.73883056640625,39.03700256347656,39.03700256347656,0.13657361268997192,20260730
2023-07-20,ChargerMatched,iTransformer,96,17.759000778198242,17.759000778198242,0.0,54.423465728759766,23.65053367614746,39.03700256347656,39.03700256347656,0.19951024651527405,20260730
2023-07-21,ChargerMatched,iTransformer,32,0.0,0.0,0.0,2.1221983432769775,8.536703109741211,0.5482244491577148,0.8120514750480652,0.015379762277007103,20260730
2023-07-21,ChargerMatched,iTransformer,48,0.7179999947547913,4.01800012588501,0.1875,9.883857727050781,0.8546173572540283,5.606292724609375,7.074233055114746,0.2827049493789673,20260730
2023-07-21,ChargerMatched,iTransformer,64,4.01800012588501,4.01800012588501,0.125,23.900297164916992,76.88789367675781,28.073410034179688,44.92338562011719,1.6144094467163086,20260730
2023-07-21,ChargerMatched,iTransformer,80,7.895999908447266,7.895999908447266,0.1875,85.99745178222656,49.29889678955078,45.852046966552734,45.852046966552734,0.20930635929107666,20260730
2023-07-21,ChargerMatched,iTransformer,84,7.895999908447266,7.895999908447266,0.0,35.436065673828125,21.695608139038086,45.852046966552734,45.852046966552734,0.20619237422943115,20260730
2023-07-21,ChargerMatched,iTransformer,96,7.895999908447266,7.895999908447266,0.0,52.78346252441406,38.92063903808594,45.852046966552734,45.852046966552734,0.5553297996520996,20260730
2023-07-22,ChargerMatched,iTransformer,32,0.0,1.649999976158142,0.03125,0.6356607675552368,6.944601058959961,0.0,0.22672933340072632,0.004294116050004959,20260730
2023-07-22,ChargerMatched,iTransformer,48,0.0,11.82699966430664,1.0,17.434078216552734,3.1455512046813965,4.9461669921875,4.9461669921875,0.17876657843589783,20260730
2023-07-22,ChargerMatched,iTransformer,64,11.82699966430664,11.82699966430664,0.5,26.46530532836914,47.34535217285156,34.596961975097656,36.49618148803711,1.1950763463974,20260730
2023-07-22,ChargerMatched,iTransformer,80,11.82699966430664,11.82699966430664,0.0,68.94609069824219,29.948822021484375,36.49618148803711,36.49618148803711,0.0,20260730
2023-07-22,ChargerMatched,iTransformer,84,11.82699966430664,11.82699966430664,0.0,33.23945236206055,10.709505081176758,36.88648986816406,36.88648986816406,0.0591372549533844,20260730
2023-07-22,ChargerMatched,iTransformer,96,11.82699966430664,11.82699966430664,0.0,45.38606262207031,49.72683334350586,45.24284362792969,45.24284362792969,0.5179581046104431,20260730
2023-07-23,ChargerMatched,iTransformer,32,0.0,0.0,0.0,1.5017716884613037,5.843142032623291,1.9678707122802734,4.693182468414307,0.09145604819059372,20260730
2023-07-23,ChargerMatched,iTransformer,48,0.0,0.0,0.0,17.60086441040039,14.122549057006836,20.536724090576172,20.783056259155273,0.9374718070030212,20260730
2023-07-23,ChargerMatched,iTransformer,64,0.0,0.0,0.0,24.146804809570312,30.69488525390625,47.31196594238281,47.31196594238281,1.065464735031128,20260730
2023-07-23,ChargerMatched,iTransformer,80,11.973999977111816,11.973999977111816,1.125,43.30615234375,27.600982666015625,48.690101623535156,48.690101623535156,0.052202075719833374,20260730
2023-07-23,ChargerMatched,iTransformer,84,11.973999977111816,11.973999977111816,0.0,45.743125915527344,2.821913719177246,49.424137115478516,49.424137115478516,0.11121757328510284,20260730
2023-07-23,ChargerMatched,iTransformer,96,11.973999977111816,11.973999977111816,0.0,44.566917419433594,60.28257369995117,51.358089447021484,51.358089447021484,0.09767468273639679,20260730
2023-07-24,ChargerMatched,iTransformer,32,0.0,0.0,0.0,3.9253318309783936,6.081287384033203,3.9253318309783936,6.081287384033203,0.17713332176208496,20260730
2023-07-24,ChargerMatched,iTransformer,48,32.415000915527344,36.92000198364258,2.4375,15.078535079956055,34.603912353515625,21.113080978393555,34.603912353515625,2.1826882362365723,20260730
2023-07-24,ChargerMatched,iTransformer,64,57.165000915527344,57.165000915527344,0.9375,27.70631980895996,43.405452728271484,50.028350830078125,50.53253173828125,1.2550848722457886,20260730
2023-07-24,ChargerMatched,iTransformer,80,57.165000915527344,57.165000915527344,0.0,25.55200958251953,46.14356231689453,53.64944839477539,53.805301666259766,0.13716277480125427,20260730
2023-07-24,ChargerMatched,iTransformer,84,57.165000915527344,57.165000915527344,0.0,66.84150695800781,6.466892242431641,54.40104293823242,54.40104293823242,0.11387781798839569,20260730
2023-07-24,ChargerMatched,iTransformer,96,57.165000915527344,57.165000915527344,0.0,47.7640495300293,61.03804016113281,54.40104293823242,54.40104293823242,0.0,20260730
2023-07-25,ChargerMatched,iTransformer,32,0.0,0.0,0.0,5.265653610229492,5.8041911125183105,4.233215808868408,5.769876003265381,0.14257767796516418,20260730
2023-07-25,ChargerMatched,iTransformer,48,30.4950008392334,30.4950008392334,1.625,4.33416748046875,37.01438903808594,10.282855987548828,36.383819580078125,2.085310697555542,20260730
2023-07-25,ChargerMatched,iTransformer,64,30.4950008392334,30.4950008392334,0.0,26.70878028869629,65.15821838378906,37.28504943847656,45.02766036987305,1.5525529384613037,20260730
2023-07-25,ChargerMatched,iTransformer,80,39.10100173950195,39.10100173950195,0.375,29.07682991027832,63.22138214111328,43.68201446533203,45.02766036987305,0.24230915307998657,20260730
2023-07-25,ChargerMatched,iTransformer,84,39.10100173950195,39.10100173950195,0.0,61.08203887939453,4.8579301834106445,45.02766036987305,45.02766036987305,0.20388579368591309,20260730
2023-07-25,ChargerMatched,iTransformer,96,39.10100173950195,39.10100173950195,0.0,48.57936096191406,41.47595977783203,45.02766036987305,45.02766036987305,0.0,20260730
2023-07-26,ChargerMatched,iTransformer,32,0.0,0.0,0.0,5.206775665283203,7.296113967895508,1.4835041761398315,4.030979156494141,0.08673843741416931,20260730
2023-07-26,ChargerMatched,iTransformer,48,4.068999767303467,15.503999710083008,1.75,-0.29190826416015625,30.012727737426758,8.73476505279541,29.476301193237305,1.6829382181167603,20260730
2023-07-26,ChargerMatched,iTransformer,64,33.7140007019043,33.7140007019043,1.9375,26.902666091918945,90.94489288330078,31.25053596496582,38.08409118652344,1.9825761318206787,20260730
2023-07-26,ChargerMatched,iTransformer,80,33.7140007019043,33.7140007019043,0.0,51.056602478027344,73.42662048339844,38.08409118652344,38.08409118652344,0.3192794919013977,20260730
2023-07-26,ChargerMatched,iTransformer,84,33.7140007019043,33.7140007019043,0.0,50.474578857421875,12.863937377929688,38.08409118652344,38.08409118652344,0.03247280418872833,20260730
2023-07-26,ChargerMatched,iTransformer,96,33.7140007019043,33.7140007019043,0.0,51.72394943237305,24.44424057006836,38.08409118652344,38.08409118652344,0.0,20260730
2023-07-27,ChargerMatched,iTransformer,32,0.0,0.0,0.0,3.776838779449463,6.703970909118652,0.0,0.0,0.0,20260730
2023-07-27,ChargerMatched,iTransformer,48,3.9719998836517334,13.871999740600586,0.75,-0.08517825603485107,9.492486953735352,3.3193867206573486,9.783269882202148,0.5374478697776794,20260730
2023-07-27,ChargerMatched,iTransformer,64,13.871999740600586,13.871999740600586,0.375,20.591474533081055,87.95524597167969,22.575197219848633,28.375452041625977,1.7961115837097168,20260730
2023-07-27,ChargerMatched,iTransformer,80,13.871999740600586,13.871999740600586,0.0,66.9865493774414,60.806793212890625,28.375452041625977,28.375452041625977,0.06729961931705475,20260730
2023-07-27,ChargerMatched,iTransformer,84,13.871999740600586,13.871999740600586,0.0,28.109895706176758,10.403390884399414,28.375452041625977,28.375452041625977,0.05552000552415848,20260730
2023-07-27,ChargerMatched,iTransformer,96,13.871999740600586,13.871999740600586,0.0,46.230838775634766,10.520063400268555,28.375452041625977,28.375452041625977,0.24026444554328918,20260730
2023-07-28,ChargerMatched,iTransformer,32,0.0,0.0,0.0,1.1391618251800537,5.744994163513184,0.0,0.0,0.0,20260730
2023-07-28,ChargerMatched,iTransformer,48,0.0,0.0,0.0,6.354578018188477,-1.153606653213501,1.744198203086853,3.6797046661376953,0.34738999605178833,20260730
2023-07-28,ChargerMatched,iTransformer,64,0.0,0.0,0.0,27.360713958740234,76.06846618652344,29.21343994140625,42.067928314208984,1.7940512895584106,20260730
2023-07-28,ChargerMatched,iTransformer,80,0.0,0.0,0.0,82.67366027832031,49.124183654785156,42.39524459838867,42.39524459838867,0.08946210891008377,20260730
2023-07-28,ChargerMatched,iTransformer,84,0.0,0.0,0.0,35.02116394042969,20.50235366821289,42.39524459838867,42.39524459838867,0.1079915389418602,20260730
2023-07-28,ChargerMatched,iTransformer,96,0.0,0.0,0.0,53.7688102722168,31.02167510986328,42.39524459838867,42.39524459838867,0.520407497882843,20260730
2023-07-29,ChargerMatched,iTransformer,32,0.0,0.0,0.0,0.7369297742843628,5.876508712768555,0.24001771211624146,0.24001771211624146,0.004545790143311024,20260730
2023-07-29,ChargerMatched,iTransformer,48,0.0,0.0,0.0,14.88284969329834,-2.2451324462890625,4.080195903778076,4.080195903778076,0.22109340131282806,20260730
2023-07-29,ChargerMatched,iTransformer,64,1.225000023841858,1.225000023841858,0.125,23.036876678466797,46.81290817260742,31.013050079345703,35.56618118286133,1.1407151222229004,20260730
2023-07-29,ChargerMatched,iTransformer,80,1.225000023841858,1.225000023841858,0.0,61.23875045776367,25.827526092529297,35.56618118286133,35.56618118286133,0.0,20260730
2023-07-29,ChargerMatched,iTransformer,84,1.225000023841858,1.225000023841858,0.0,34.37913131713867,9.760089874267578,35.767852783203125,35.767852783203125,0.03055664896965027,20260730
2023-07-29,ChargerMatched,iTransformer,96,1.225000023841858,1.225000023841858,0.0,42.84563064575195,43.106082916259766,42.10859680175781,42.10859680175781,0.5501956343650818,20260730
2023-07-30,ChargerMatched,iTransformer,32,0.0,4.949999809265137,0.09375,1.0115909576416016,5.352405548095703,1.0115909576416016,4.228489875793457,0.08434149622917175,20260730
2023-07-30,ChargerMatched,iTransformer,48,8.61400032043457,11.913999557495117,1.0,17.27008819580078,11.87434196472168,23.033823013305664,23.033823013305664,1.2049745321273804,20260730
2023-07-30,ChargerMatched,iTransformer,64,17.972999572753906,17.972999572753906,0.5,23.91810417175293,29.475109100341797,44.056312561035156,44.056312561035156,0.7963064908981323,20260730
2023-07-30,ChargerMatched,iTransformer,80,17.972999572753906,17.972999572753906,0.0,33.30550765991211,23.718017578125,44.056312561035156,44.056312561035156,0.0,20260730
2023-07-30,ChargerMatched,iTransformer,84,17.972999572753906,17.972999572753906,0.0,49.436058044433594,3.0805044174194336,44.08464813232422,44.08464813232422,0.004293173551559448,20260730
2023-07-30,ChargerMatched,iTransformer,96,17.972999572753906,17.972999572753906,0.0,37.590721130371094,54.814453125,46.20258331298828,46.20258331298828,0.10696660727262497,20260730
2023-07-31,ChargerMatched,iTransformer,32,0.0,0.0,0.0,3.374687910079956,4.39863395690918,3.29348087310791,4.39863395690918,0.15754881501197815,20260730
2023-07-31,ChargerMatched,iTransformer,48,2.813000202178955,4.564000129699707,0.75,15.00278377532959,34.803775787353516,20.234893798828125,34.803775787353516,2.1541807651519775,20260730
2023-07-31,ChargerMatched,iTransformer,64,45.78700256347656,48.26000213623047,1.8125,30.842374801635742,47.24500274658203,52.643310546875,52.643310546875,1.2939664125442505,20260730
2023-07-31,ChargerMatched,iTransformer,80,49.086997985839844,49.086997985839844,0.125,25.873764038085938,48.89947509765625,54.11537551879883,54.55945587158203,0.05576007068157196,20260730
2023-07-31,ChargerMatched,iTransformer,84,49.086997985839844,49.086997985839844,0.0,68.48675537109375,6.842080593109131,54.601722717285156,54.601722717285156,0.07368871569633484,20260730
2023-07-31,ChargerMatched,iTransformer,96,49.086997985839844,49.086997985839844,0.0,50.77428436279297,58.42915344238281,54.601722717285156,54.601722717285156,0.0,20260730
2023-08-01,ChargerMatched,iTransformer,32,3.190000057220459,6.489999771118164,0.125,5.353297710418701,4.686509132385254,4.079706192016602,4.686509132385254,0.13554158806800842,20260730
2023-08-01,ChargerMatched,iTransformer,48,16.391000747680664,18.03999900817871,0.5625,2.576340675354004,33.35594177246094,9.49640941619873,33.35594177246094,2.2091500759124756,20260730
2023-08-01,ChargerMatched,iTransformer,64,36.191001892089844,37.33399963378906,1.0625,25.734722137451172,65.03217315673828,35.79751205444336,39.68824005126953,1.576887845993042,20260730
2023-08-01,ChargerMatched,iTransformer,80,37.33399963378906,37.33399963378906,0.125,20.149044036865234,62.18442916870117,39.492820739746094,39.68824005126953,0.13997380435466766,20260730
2023-08-01,ChargerMatched,iTransformer,84,42.01899719238281,43.933998107910156,1.0,62.929954528808594,3.4243369102478027,39.68824005126953,39.68824005126953,0.029609233140945435,20260730
2023-08-01,ChargerMatched,iTransformer,96,48.61899948120117,48.61899948120117,0.3333333432674408,45.06501388549805,34.31147003173828,39.68824005126953,39.68824005126953,0.0,20260730
2023-08-02,ChargerMatched,iTransformer,32,0.0,0.0,0.0,5.093132019042969,6.41744327545166,2.213979721069336,3.463346242904663,0.06559368222951889,20260730
2023-08-02,ChargerMatched,iTransformer,48,0.0,6.005000114440918,0.9375,-5.885860443115234,23.370874404907227,6.358856201171875,22.467487335205078,1.812678575515747,20260730
2023-08-02,ChargerMatched,iTransformer,64,27.388999938964844,30.68899917602539,1.6875,24.683151245117188,86.20496368408203,27.386667251586914,29.50031280517578,2.0551416873931885,20260730
2023-08-02,ChargerMatched,iTransformer,80,30.68899917602539,30.68899917602539,0.125,35.49543762207031,65.60443115234375,29.50031280517578,29.50031280517578,0.11589965969324112,20260730
2023-08-02,ChargerMatched,iTransformer,84,30.68899917602539,30.68899917602539,0.0,49.3116455078125,8.528493881225586,29.50031280517578,29.50031280517578,0.198470801115036,20260730
2023-08-02,ChargerMatched,iTransformer,96,30.68899917602539,30.68899917602539,0.0,44.37727355957031,14.62335205078125,29.50031280517578,29.50031280517578,0.0,20260730
2023-08-03,ChargerMatched,iTransformer,32,0.0,0.0,0.0,3.482937812805176,5.983438491821289,0.0,0.0,0.0,20260730
2023-08-03,ChargerMatched,iTransformer,48,18.555999755859375,31.756000518798828,2.0625,-3.08369779586792,7.839632034301758,2.015800714492798,8.171781539916992,0.5805773138999939,20260730
2023-08-03,ChargerMatched,iTransformer,64,45.60099792480469,72.56700134277344,1.75,23.087505340576172,88.67699432373047,24.129322052001953,28.747161865234375,1.8926185369491577,20260730
2023-08-03,ChargerMatched,iTransformer,80,76.95099639892578,76.95099639892578,1.1875,61.72029113769531,58.442718505859375,28.747161865234375,28.747161865234375,0.041220009326934814,20260730
2023-08-03,ChargerMatched,iTransformer,84,76.95099639892578,76.95099639892578,0.0,34.81842041015625,13.31214714050293,28.747161865234375,28.747161865234375,0.0892525315284729,20260730
2023-08-03,ChargerMatched,iTransformer,96,76.95099639892578,76.95099639892578,0.0,47.168113708496094,10.32620620727539,28.747161865234375,28.747161865234375,0.2372373342514038,20260730
2023-08-04,ChargerMatched,iTransformer,32,0.0,0.0,0.0,1.8216042518615723,6.129002094268799,0.0,0.0,0.0,20260730
2023-08-04,ChargerMatched,iTransformer,48,0.0,8.25,0.3125,6.532021522521973,-3.835318088531494,1.0020259618759155,1.2548054456710815,0.14247256517410278,20260730
2023-08-04,ChargerMatched,iTransformer,64,15.270999908447266,18.570999145507812,1.0,27.180931091308594,77.57415008544922,31.262069702148438,41.5949821472168,1.803827166557312,20260730
2023-08-04,ChargerMatched,iTransformer,80,22.779998779296875,22.779998779296875,0.625,81.45037841796875,53.22706985473633,43.8898811340332,43.8898811340332,0.09861979633569717,20260730
2023-08-04,ChargerMatched,iTransformer,84,22.779998779296875,22.779998779296875,0.0,37.92728042602539,23.933639526367188,44.14347457885742,44.14347457885742,0.1174592524766922,20260730
2023-08-04,ChargerMatched,iTransformer,96,22.779998779296875,22.779998779296875,0.0,56.84960174560547,31.43734359741211,44.14347457885742,44.14347457885742,0.6345550417900085,20260730
2023-08-05,ChargerMatched,iTransformer,32,0.0,0.0,0.0,0.8188785910606384,5.853791236877441,0.34774643182754517,0.34774643182754517,0.006586106494069099,20260730
2023-08-05,ChargerMatched,iTransformer,48,11.979999542236328,33.75,1.8125,14.251838684082031,-2.626340866088867,4.356579780578613,4.356579780578613,0.16641005873680115,20260730
2023-08-05,ChargerMatched,iTransformer,64,42.43000030517578,47.73899841308594,1.875,24.39872932434082,48.90105438232422,30.325368881225586,36.7308464050293,1.2117376327514648,20260730
2023-08-05,ChargerMatched,iTransformer,80,47.73899841308594,47.73899841308594,0.3125,59.416648864746094,29.46221923828125,36.7308464050293,36.7308464050293,0.0,20260730
2023-08-05,ChargerMatched,iTransformer,84,47.73899841308594,47.73899841308594,0.0,40.723365783691406,12.60743522644043,37.47111129760742,37.47111129760742,0.11216121166944504,20260730
2023-08-05,ChargerMatched,iTransformer,96,47.73899841308594,47.73899841308594,0.0,43.470375061035156,42.0867919921875,42.52946472167969,42.52946472167969,0.5868272185325623,20260730
2023-08-06,ChargerMatched,iTransformer,32,0.0,0.0,0.0,1.6925034523010254,4.729973793029785,1.6925034523010254,4.474616527557373,0.08882597088813782,20260730
2023-08-06,ChargerMatched,iTransformer,48,0.0,0.0,0.0,15.285542488098145,13.81879997253418,15.07249927520752,17.529144287109375,1.3143062591552734,20260730
2023-08-06,ChargerMatched,iTransformer,64,0.0,4.553999900817871,0.1875,31.638973236083984,40.706417083740234,47.274295806884766,47.60396957397461,1.4150221347808838,20260730
2023-08-06,ChargerMatched,iTransformer,80,10.121999740600586,10.121999740600586,1.25,39.48123550415039,35.875465393066406,48.896148681640625,48.896148681640625,0.061433881521224976,20260730
2023-08-06,ChargerMatched,iTransformer,84,10.121999740600586,10.121999740600586,0.0,61.07395935058594,11.346185684204102,49.44855499267578,49.44855499267578,0.08369720727205276,20260730
2023-08-06,ChargerMatched,iTransformer,96,10.121999740600586,10.121999740600586,0.0,47.891754150390625,59.619354248046875,53.75555419921875,53.75555419921875,0.21752548217773438,20260730
2023-08-07,ChargerMatched,iTransformer,32,0.0,0.0,0.0,3.3775529861450195,3.4068849086761475,2.9469878673553467,3.4068849086761475,0.12988902628421783,20260730
2023-08-07,ChargerMatched,iTransformer,48,11.246999740600586,19.496999740600586,1.1875,11.601604461669922,28.490230560302734,12.963438034057617,28.490230560302734,2.224160671234131,20260730
2023-08-07,ChargerMatched,iTransformer,64,24.957000732421875,24.957000732421875,1.25,31.288829803466797,48.5013427734375,46.77710723876953,50.0159912109375,1.5059099197387695,20260730
2023-08-07,ChargerMatched,iTransformer,80,25.562000274658203,27.21200180053711,0.8125,19.927330017089844,48.98163986206055,51.93486404418945,52.524810791015625,0.19536946713924408,20260730
2023-08-07,ChargerMatched,iTransformer,84,27.21200180053711,27.21200180053711,0.25,77.90676879882812,11.48659610748291,52.98737335205078,52.98737335205078,0.1594713181257248,20260730
2023-08-07,ChargerMatched,iTransformer,96,27.21200180053711,27.21200180053711,0.0,48.84458923339844,57.20443344116211,53.024505615234375,53.024505615234375,0.001875653862953186,20260730
2023-08-08,ChargerMatched,iTransformer,32,0.5640000104904175,3.299999952316284,0.0625,5.375152587890625,3.6331207752227783,2.8741610050201416,3.4884588718414307,0.1178327351808548,20260730
2023-08-08,ChargerMatched,iTransformer,48,20.36400032043457,31.91400146484375,1.1875,2.546154022216797,36.5517692565918,7.088565349578857,35.37150955200195,2.236178398132324,20260730
2023-08-08,ChargerMatched,iTransformer,64,39.49199676513672,57.641998291015625,1.75,31.612321853637695,72.00901794433594,39.524169921875,46.914085388183594,1.9406224489212036,20260730
2023-08-08,ChargerMatched,iTransformer,80,57.641998291015625,57.641998291015625,0.6875,22.303421020507812,67.4450454711914,45.18020248413086,46.914085388183594,0.27507495880126953,20260730
2023-08-08,ChargerMatched,iTransformer,84,57.641998291015625,57.641998291015625,0.0,72.95558166503906,12.42249584197998,46.914085388183594,46.914085388183594,0.26270967721939087,20260730
2023-08-08,ChargerMatched,iTransformer,96,57.641998291015625,57.641998291015625,0.0,53.965431213378906,39.86275100708008,46.914085388183594,46.914085388183594,0.0,20260730
2023-08-09,ChargerMatched,iTransformer,32,0.0,0.0,0.0,5.172453880310059,4.481151580810547,1.4392726421356201,1.5660760402679443,0.029660530388355255,20260730
2023-08-09,ChargerMatched,iTransformer,48,8.795999526977539,18.696001052856445,1.3125,-5.620368957519531,25.78205680847168,5.3549017906188965,25.046621322631836,1.7441632747650146,20260730
2023-08-09,ChargerMatched,iTransformer,64,18.696001052856445,18.696001052856445,0.375,30.888843536376953,93.95977783203125,31.839630126953125,39.36976623535156,2.3972182273864746,20260730
2023-08-09,ChargerMatched,iTransformer,80,18.696001052856445,18.696001052856445,0.0,43.861183166503906,77.78611755371094,39.26641082763672,39.36976623535156,0.5522531867027283,20260730
2023-08-09,ChargerMatched,iTransformer,84,18.696001052856445,18.696001052856445,0.0,63.24868392944336,20.266782760620117,39.36976623535156,39.36976623535156,0.10193003714084625,20260730
2023-08-09,ChargerMatched,iTransformer,96,18.696001052856445,18.696001052856445,0.0,56.11158752441406,22.627948760986328,39.36976623535156,39.36976623535156,0.0,20260730
2023-08-10,ChargerMatched,iTransformer,32,6.682000160217285,9.071999549865723,0.25,3.6493759155273438,4.978868007659912,0.0,0.0,0.0,20260730
2023-08-10,ChargerMatched,iTransformer,48,26.48200035095215,46.24100112915039,2.3125,1.1632856130599976,13.155420303344727,4.529696464538574,14.245654106140137,1.0063276290893555,20260730
2023-08-10,ChargerMatched,iTransformer,64,45.5620002746582,53.770999908447266,2.3125,27.95008087158203,97.08814239501953,27.095821380615234,34.97858428955078,2.143601894378662,20260730
2023-08-10,ChargerMatched,iTransformer,80,53.770999908447266,53.770999908447266,0.375,65.71575927734375,68.16899108886719,34.97858428955078,34.97858428955078,0.42040908336639404,20260730
2023-08-10,ChargerMatched,iTransformer,84,53.770999908447266,53.770999908447266,0.0,48.001434326171875,25.6270809173584,34.97858428955078,34.97858428955078,0.03154589235782623,20260730
2023-08-10,ChargerMatched,iTransformer,96,53.770999908447266,53.770999908447266,0.0,54.7115478515625,15.245615005493164,34.97858428955078,34.97858428955078,0.2837240695953369,20260730
2023-08-11,ChargerMatched,iTransformer,32,0.0,0.0,0.0,2.0556702613830566,6.147174835205078,0.5373903512954712,0.5373903512954712,0.010177847929298878,20260730
2023-08-11,ChargerMatched,iTransformer,48,0.0,0.0,0.0,4.845999717712402,-1.1638689041137695,4.209153175354004,8.134347915649414,0.32970017194747925,20260730
2023-08-11,ChargerMatched,iTransformer,64,5.497000217437744,5.497000217437744,1.1875,26.408964157104492,77.46935272216797,26.76920509338379,39.155120849609375,1.9152637720108032,20260730
2023-08-11,ChargerMatched,iTransformer,80,5.497000217437744,5.497000217437744,0.0,72.83782196044922,48.88691329956055,39.155120849609375,39.155120849609375,0.2390943467617035,20260730
2023-08-11,ChargerMatched,iTransformer,84,5.497000217437744,5.497000217437744,0.0,43.670448303222656,27.367061614990234,39.155120849609375,39.155120849609375,0.06529764086008072,20260730
2023-08-11,ChargerMatched,iTransformer,96,5.497000217437744,5.497000217437744,0.0,50.62936019897461,27.680892944335938,39.155120849609375,39.155120849609375,0.6109616160392761,20260730
2023-08-12,ChargerMatched,iTransformer,32,0.0,0.0,0.0,1.2508147954940796,6.349637985229492,1.133079171180725,2.04245662689209,0.03868289291858673,20260730
2023-08-12,ChargerMatched,iTransformer,48,0.0,4.296000003814697,0.5,15.442052841186523,3.326685667037964,6.824080467224121,7.076728820800781,0.3748982548713684,20260730
2023-08-12,ChargerMatched,iTransformer,64,5.421000003814697,9.717000007629395,1.375,30.890878677368164,55.0804328918457,34.43397521972656,43.82499694824219,1.545880675315857,20260730
2023-08-12,ChargerMatched,iTransformer,80,9.717000007629395,9.717000007629395,0.3125,59.2877197265625,34.282920837402344,43.82499694824219,43.82499694824219,0.07747440040111542,20260730
2023-08-12,ChargerMatched,iTransformer,84,9.717000007629395,9.717000007629395,0.0,51.013301849365234,20.906946182250977,44.0728759765625,44.0728759765625,0.03755742311477661,20260730
2023-08-12,ChargerMatched,iTransformer,96,9.717000007629395,9.717000007629395,0.0,47.090877532958984,43.948219299316406,45.51954650878906,45.51954650878906,0.6116917729377747,20260730
2023-08-13,ChargerMatched,iTransformer,32,0.0,0.0,0.0,1.2162572145462036,3.536611557006836,1.2162572145462036,3.3323748111724854,0.08023431152105331,20260730
2023-08-13,ChargerMatched,iTransformer,48,0.0,0.0,0.0,13.214755058288574,10.03795051574707,11.415985107421875,12.752351760864258,1.2477917671203613,20260730
2023-08-13,ChargerMatched,iTransformer,64,5.197999954223633,8.25,0.3125,27.628454208374023,37.12902069091797,38.806983947753906,40.78723907470703,1.2701568603515625,20260730
2023-08-13,ChargerMatched,iTransformer,80,25.750999450683594,27.4010009765625,1.25,28.074848175048828,28.2525634765625,42.317176818847656,42.317176818847656,0.13296197354793549,20260730
2023-08-13,ChargerMatched,iTransformer,84,27.4010009765625,27.4010009765625,0.25,59.759056091308594,10.462004661560059,42.317176818847656,42.317176818847656,0.0,20260730
2023-08-13,ChargerMatched,iTransformer,96,27.4010009765625,27.4010009765625,0.0,40.72614669799805,50.62619400024414,45.676170349121094,45.676170349121094,0.1696459800004959,20260730
2023-08-14,ChargerMatched,iTransformer,32,0.0,1.649999976158142,0.03125,3.5271472930908203,3.865773916244507,2.9685604572296143,3.865773916244507,0.18883945047855377,20260730
2023-08-14,ChargerMatched,iTransformer,48,21.06399917602539,24.10099983215332,1.5,10.339828491210938,30.364013671875,11.789916038513184,30.364013671875,2.307577610015869,20260730
2023-08-14,ChargerMatched,iTransformer,64,41.26499938964844,41.26499938964844,0.875,33.176963806152344,47.936744689941406,43.53889465332031,48.55232620239258,1.8093442916870117,20260730
2023-08-14,ChargerMatched,iTransformer,80,41.26499938964844,41.26499938964844,0.0,15.433769226074219,50.856201171875,51.62572479248047,52.051002502441406,0.32562533020973206,20260730
2023-08-14,ChargerMatched,iTransformer,84,41.26499938964844,41.26499938964844,0.0,80.35063171386719,13.726512908935547,52.16065216064453,52.16065216064453,0.08104952424764633,20260730
2023-08-14,ChargerMatched,iTransformer,96,41.26499938964844,41.26499938964844,0.0,51.46360397338867,52.857696533203125,52.16065216064453,52.16065216064453,0.0,20260730
2023-08-15,ChargerMatched,iTransformer,32,1.9529999494552612,3.299999952316284,0.0625,5.11984395980835,3.2651686668395996,2.784979820251465,3.289721965789795,0.11878106743097305,20260730
2023-08-15,ChargerMatched,iTransformer,48,27.69700050354004,30.003000259399414,1.0625,0.10789954662322998,33.82697296142578,7.85908842086792,33.28627014160156,2.3167500495910645,20260730
2023-08-15,ChargerMatched,iTransformer,64,54.09700012207031,56.40299987792969,1.0,28.53228759765625,66.95635223388672,33.4581298828125,40.615989685058594,1.792182445526123,20260730
2023-08-15,ChargerMatched,iTransformer,80,57.397003173828125,57.397003173828125,0.125,12.178873062133789,61.94775390625,39.889808654785156,40.615989685058594,0.40109026432037354,20260730
2023-08-15,ChargerMatched,iTransformer,84,57.397003173828125,57.397003173828125,0.0,75.27114868164062,12.550525665283203,40.615989685058594,40.615989685058594,0.11002760380506516,20260730
2023-08-15,ChargerMatched,iTransformer,96,57.397003173828125,57.397003173828125,0.0,48.363521575927734,32.86846160888672,40.615989685058594,40.615989685058594,0.0,20260730
2023-08-16,ChargerMatched,iTransformer,32,0.0,1.649999976158142,0.03125,5.566065311431885,4.567107677459717,2.933424234390259,3.373302459716797,0.06464852392673492,20260730
2023-08-16,ChargerMatched,iTransformer,48,32.1609992980957,57.547000885009766,3.125,-4.9862494468688965,28.18190574645996,7.299408435821533,26.461925506591797,2.0600693225860596,20260730
2023-08-16,ChargerMatched,iTransformer,64,83.65299987792969,93.55299377441406,2.75,32.89253616333008,95.60922241210938,33.78931427001953,38.40941619873047,2.3409996032714844,20260730
2023-08-16,ChargerMatched,iTransformer,80,94.55500030517578,94.55500030517578,0.5625,38.10561752319336,75.74642944335938,38.40941619873047,38.40941619873047,0.268576979637146,20260730
2023-08-16,ChargerMatched,iTransformer,84,94.55500030517578,94.55500030517578,0.0,70.55071258544922,26.298738479614258,38.40941619873047,38.40941619873047,0.05369289964437485,20260730
2023-08-16,ChargerMatched,iTransformer,96,94.55500030517578,94.55500030517578,0.0,55.70604705810547,21.112781524658203,38.40941619873047,38.40941619873047,0.0,20260730
2023-08-17,ChargerMatched,iTransformer,32,0.0,0.0,0.0,4.515474796295166,6.329360485076904,1.5399816036224365,1.5399816036224365,0.029166318476200104,20260730
2023-08-17,ChargerMatched,iTransformer,48,5.326000213623047,33.375999450683594,1.875,-1.7679550647735596,14.61038875579834,6.275518417358398,16.463638305664062,0.9492138028144836,20260730
2023-08-17,ChargerMatched,iTransformer,64,36.37699890136719,62.777000427246094,2.0,34.00088882446289,103.5975570678711,33.30353546142578,42.65617370605469,2.3954391479492188,20260730
2023-08-17,ChargerMatched,iTransformer,80,62.777000427246094,62.777000427246094,1.0,72.23680877685547,78.4608383178711,42.65617370605469,42.65617370605469,0.5172804594039917,20260730
2023-08-17,ChargerMatched,iTransformer,84,62.777000427246094,62.777000427246094,0.0,58.94293212890625,34.451290130615234,42.65617370605469,42.65617370605469,0.09260300546884537,20260730
2023-08-17,ChargerMatched,iTransformer,96,62.777000427246094,62.777000427246094,0.0,64.05998992919922,21.25234603881836,42.65617370605469,42.65617370605469,0.2890623211860657,20260730
2023-08-18,ChargerMatched,iTransformer,32,0.0,0.0,0.0,1.2272449731826782,4.590048789978027,0.0,0.0,0.0,20260730
2023-08-18,ChargerMatched,iTransformer,48,4.329999923706055,10.930000305175781,1.125,5.0566487312316895,-0.8727431297302246,4.223492622375488,5.955803871154785,0.3635571599006653,20260730
2023-08-18,ChargerMatched,iTransformer,64,11.901000022888184,11.901000022888184,0.5625,31.25567626953125,83.94703674316406,30.86965560913086,38.57393264770508,2.0329604148864746,20260730
2023-08-18,ChargerMatched,iTransformer,80,11.901000022888184,11.901000022888184,0.0,71.14407348632812,51.43696594238281,38.57393264770508,38.57393264770508,0.19678421318531036,20260730
2023-08-18,ChargerMatched,iTransformer,84,11.901000022888184,11.901000022888184,0.0,51.15264129638672,32.23139190673828,38.57393264770508,38.57393264770508,0.0,20260730
2023-08-18,ChargerMatched,iTransformer,96,11.901000022888184,11.901000022888184,0.0,50.76048278808594,26.387378692626953,38.57393264770508,38.57393264770508,0.66826993227005,20260730
2023-08-19,ChargerMatched,iTransformer,32,0.0,0.0,0.0,-0.3065949082374573,3.4130489826202393,0.13931716978549957,0.7018078565597534,0.013291815295815468,20260730
2023-08-19,ChargerMatched,iTransformer,48,0.0,0.0,0.0,13.700346946716309,0.9790849685668945,6.229158401489258,6.229158401489258,0.6413804292678833,20260730
2023-08-19,ChargerMatched,iTransformer,64,0.0,1.649999976158142,0.0625,34.27366638183594,59.525901794433594,36.43848419189453,47.66859817504883,1.4975053071975708,20260730
2023-08-19,ChargerMatched,iTransformer,80,24.80900001525879,28.049999237060547,1.0,60.82917785644531,39.581600189208984,47.66859817504883,47.66859817504883,0.1109905019402504,20260730
2023-08-19,ChargerMatched,iTransformer,84,31.409000396728516,33.058998107910156,1.0,62.571266174316406,28.844402313232422,47.80126190185547,47.80126190185547,0.02010059356689453,20260730
2023-08-19,ChargerMatched,iTransformer,96,33.058998107910156,33.058998107910156,0.0833333358168602,52.37861251831055,46.2364616394043,49.25480270385742,49.25480270385742,0.5856069326400757,20260730
2023-08-20,ChargerMatched,iTransformer,32,0.0,0.0,0.0,0.20019853115081787,1.7551647424697876,0.49050483107566833,1.8318580389022827,0.05906081572175026,20260730
2023-08-20,ChargerMatched,iTransformer,48,0.0,0.0,0.0,13.2643461227417,13.759832382202148,16.80944061279297,18.183509826660156,1.6871607303619385,20260730
2023-08-20,ChargerMatched,iTransformer,64,0.0,0.0,0.0,35.711395263671875,41.04109573364258,48.706459045410156,49.41542053222656,1.2849851846694946,20260730
2023-08-20,ChargerMatched,iTransformer,80,0.0,0.0,0.0,37.526065826416016,41.613529205322266,53.51776123046875,53.76279830932617,0.1822463423013687,20260730
2023-08-20,ChargerMatched,iTransformer,84,0.0,0.0,0.0,78.42909240722656,24.26650619506836,54.94001007080078,54.94001007080078,0.1783655434846878,20260730
2023-08-20,ChargerMatched,iTransformer,96,0.0,0.0,0.0,53.55535125732422,61.926002502441406,57.74067687988281,57.74067687988281,0.1538233608007431,20260730
2023-08-21,ChargerMatched,iTransformer,32,0.0,4.949999809265137,0.09375,3.8983747959136963,3.1121838092803955,2.4358458518981934,3.1121838092803955,0.18555374443531036,20260730
2023-08-21,ChargerMatched,iTransformer,48,14.255000114440918,17.55500030517578,1.0,10.488408088684082,32.825382232666016,15.718184471130371,32.825382232666016,2.6494386196136475,20260730
2023-08-21,ChargerMatched,iTransformer,64,17.55500030517578,17.55500030517578,0.125,39.745849609375,57.113853454589844,52.817115783691406,53.791473388671875,1.6783545017242432,20260730
2023-08-21,ChargerMatched,iTransformer,80,17.55500030517578,17.55500030517578,0.0,17.13460922241211,54.01081848144531,56.69548034667969,56.75518798828125,0.14690759778022766,20260730
2023-08-21,ChargerMatched,iTransformer,84,17.55500030517578,17.55500030517578,0.0,90.4775390625,25.234336853027344,57.473106384277344,57.473106384277344,0.11782168596982956,20260730
2023-08-21,ChargerMatched,iTransformer,96,17.55500030517578,17.55500030517578,0.0,55.7724494934082,59.17375946044922,57.473106384277344,57.473106384277344,0.0,20260730
2023-08-22,ChargerMatched,iTransformer,32,0.0,0.0,0.0,4.661330223083496,3.14070200920105,2.7969229221343994,3.14070200920105,0.1450589895248413,20260730
2023-08-22,ChargerMatched,iTransformer,48,3.1579999923706055,3.1579999923706055,0.4375,3.8895928859710693,38.37653732299805,8.394905090332031,36.468196868896484,2.6441898345947266,20260730
2023-08-22,ChargerMatched,iTransformer,64,3.1579999923706055,3.1579999923706055,0.0,36.43165969848633,75.38419342041016,37.96928024291992,44.30846405029297,1.7740745544433594,20260730
2023-08-22,ChargerMatched,iTransformer,80,3.1579999923706055,3.1579999923706055,0.0,18.399917602539062,72.41482543945312,42.61192321777344,44.30846405029297,0.36183053255081177,20260730
2023-08-22,ChargerMatched,iTransformer,84,3.1579999923706055,3.1579999923706055,0.0,83.31704711914062,18.739276885986328,44.30846405029297,44.30846405029297,0.2570512890815735,20260730
2023-08-22,ChargerMatched,iTransformer,96,3.1579999923706055,3.1579999923706055,0.0,53.422813415527344,35.194114685058594,44.30846405029297,44.30846405029297,0.0,20260730
2023-08-23,ChargerMatched,iTransformer,32,0.0,0.0,0.0,4.8199944496154785,2.9522175788879395,1.3653029203414917,1.3653029203414917,0.029542099684476852,20260730
2023-08-23,ChargerMatched,iTransformer,48,2.822000026702881,10.457000732421875,1.5,-5.911219596862793,25.898513793945312,5.989817142486572,24.378868103027344,2.0113186836242676,20260730
2023-08-23,ChargerMatched,iTransformer,64,10.457000732421875,15.045000076293945,0.9375,32.35493469238281,98.41600036621094,30.102731704711914,33.555992126464844,2.1111249923706055,20260730
2023-08-23,ChargerMatched,iTransformer,80,26.45600128173828,26.45600128173828,1.0625,33.38942337036133,76.26252746582031,33.38532638549805,33.555992126464844,0.5292353630065918,20260730
2023-08-23,ChargerMatched,iTransformer,84,26.45600128173828,26.45600128173828,0.0,71.13536834716797,24.564260482788086,33.555992126464844,33.555992126464844,0.3005080223083496,20260730
2023-08-23,ChargerMatched,iTransformer,96,26.45600128173828,26.45600128173828,0.0,52.41654586791992,14.6954345703125,33.555992126464844,33.555992126464844,0.0,20260730
2023-08-24,ChargerMatched,iTransformer,32,0.0,3.299999952316284,0.0625,3.555602550506592,4.3767290115356445,0.0,0.0,0.0,20260730
2023-08-24,ChargerMatched,iTransformer,48,11.46399974822998,27.964000701904297,1.0,-3.6533451080322266,9.5455904006958,3.4877400398254395,11.573847770690918,1.161177158355713,20260730
2023-08-24,ChargerMatched,iTransformer,64,27.964000701904297,34.374000549316406,1.3125,24.83873176574707,94.52416229248047,22.209760665893555,27.652305603027344,1.7265816926956177,20260730
2023-08-24,ChargerMatched,iTransformer,80,34.374000549316406,34.374000549316406,0.3125,51.5485954284668,62.29389572143555,27.652305603027344,27.652305603027344,0.4292292892932892,20260730
2023-08-24,ChargerMatched,iTransformer,84,36.345001220703125,37.67399978637695,0.5,54.321250915527344,27.562105178833008,27.652305603027344,27.652305603027344,0.15903553366661072,20260730
2023-08-24,ChargerMatched,iTransformer,96,46.24500274658203,46.24500274658203,0.5,48.392208099365234,6.912398338317871,27.652305603027344,27.652305603027344,0.2631564140319824,20260730
2023-08-25,ChargerMatched,iTransformer,32,0.0,0.0,0.0,0.47062796354293823,3.9709479808807373,0.0,0.0,0.0,20260730
2023-08-25,ChargerMatched,iTransformer,48,4.1020002365112305,12.452000617980957,1.6875,1.0674099922180176,-4.909652233123779,3.3208770751953125,4.139657974243164,0.4521236717700958,20260730
2023-08-25,ChargerMatched,iTransformer,64,12.097000122070312,25.652000427246094,1.875,27.270980834960938,74.08468627929688,26.800031661987305,33.503944396972656,1.7200286388397217,20260730
2023-08-25,ChargerMatched,iTransformer,80,48.992000579833984,50.641998291015625,2.0625,61.52848434448242,46.39547348022461,33.70518112182617,33.70518112182617,0.10881407558917999,20260730
2023-08-25,ChargerMatched,iTransformer,84,50.641998291015625,50.641998291015625,0.25,44.49082565307617,27.346181869506836,33.70518112182617,33.70518112182617,0.21393775939941406,20260730
2023-08-25,ChargerMatched,iTransformer,96,50.641998291015625,50.641998291015625,0.0,49.66899108886719,17.741369247436523,33.70518112182617,33.70518112182617,0.6756153106689453,20260730
2023-08-26,ChargerMatched,iTransformer,32,0.0,0.0,0.0,-0.42926377058029175,2.5031182765960693,0.0,0.0,0.0,20260730
2023-08-26,ChargerMatched,iTransformer,48,0.0,0.0,0.0,9.516218185424805,-6.077664852142334,4.514830112457275,4.710763454437256,0.5252253413200378,20260730
2023-08-26,ChargerMatched,iTransformer,64,8.35200023651123,8.35200023651123,0.5,24.42186164855957,45.93541717529297,25.358396530151367,35.874610900878906,1.1960978507995605,20260730
2023-08-26,ChargerMatched,iTransformer,80,8.35200023651123,8.35200023651123,0.0,47.74720764160156,32.1236572265625,38.12553787231445,38.12553787231445,0.2432701736688614,20260730
2023-08-26,ChargerMatched,iTransformer,84,8.35200023651123,8.35200023651123,0.0,54.74794006347656,24.583576202392578,38.245731353759766,38.245731353759766,0.22465930879116058,20260730
2023-08-26,ChargerMatched,iTransformer,96,8.35200023651123,8.35200023651123,0.0,49.21025085449219,37.4661979675293,43.33822250366211,43.33822250366211,0.6506158709526062,20260730
2023-08-27,ChargerMatched,iTransformer,32,0.0,0.0,0.0,0.16087381541728973,1.9827946424484253,0.313528448343277,2.135830879211426,0.09242452681064606,20260730
2023-08-27,ChargerMatched,iTransformer,48,15.612000465393066,19.799999237060547,0.75,11.391890525817871,7.416239261627197,9.260636329650879,9.63510513305664,1.5292088985443115,20260730
2023-08-27,ChargerMatched,iTransformer,64,39.31399917602539,39.31399917602539,0.9375,24.90902328491211,30.792320251464844,30.959461212158203,34.150146484375,1.0466517210006714,20260730
2023-08-27,ChargerMatched,iTransformer,80,44.54800033569336,44.54800033569336,0.6875,15.782052993774414,26.640262603759766,35.880332946777344,36.15231704711914,0.20666548609733582,20260730
2023-08-27,ChargerMatched,iTransformer,84,44.54800033569336,44.54800033569336,0.0,67.16043853759766,13.722746849060059,36.73921585083008,36.73921585083008,0.08892371505498886,20260730
2023-08-27,ChargerMatched,iTransformer,96,44.54800033569336,44.54800033569336,0.0,39.879249572753906,42.81418991088867,41.346717834472656,41.346717834472656,0.24643875658512115,20260730
2023-08-28,ChargerMatched,iTransformer,32,0.0,0.0,0.0,1.9523420333862305,0.8068292737007141,0.8413087129592896,1.7208657264709473,0.1250424087047577,20260730
2023-08-28,ChargerMatched,iTransformer,48,42.83799743652344,55.73099899291992,2.4375,8.389596939086914,25.229305267333984,9.416790008544922,25.229305267333984,2.48323392868042,20260730
2023-08-28,ChargerMatched,iTransformer,64,97.28800201416016,97.28800201416016,2.0625,33.181182861328125,46.909149169921875,38.28411865234375,44.008296966552734,1.37447988986969,20260730
2023-08-28,ChargerMatched,iTransformer,80,105.98500061035156,105.98500061035156,0.375,3.4549732208251953,45.68637466430664,44.06728744506836,44.722023010253906,0.308237761259079,20260730
2023-08-28,ChargerMatched,iTransformer,84,105.98500061035156,105.98500061035156,0.0,84.72875213623047,16.924413681030273,44.93279266357422,44.93279266357422,0.1311374306678772,20260730
2023-08-28,ChargerMatched,iTransformer,96,105.98500061035156,105.98500061035156,0.0,44.497135162353516,45.36845397949219,44.93279266357422,44.93279266357422,0.0,20260730
2023-08-29,ChargerMatched,iTransformer,32,2.5190000534057617,4.949999809265137,0.09375,4.15092658996582,1.3781673908233643,1.4870643615722656,1.5140812397003174,0.13312044739723206,20260730
2023-08-29,ChargerMatched,iTransformer,48,22.319000244140625,22.319000244140625,0.75,0.9676516056060791,35.21614074707031,6.649670124053955,32.7105827331543,2.841658592224121,20260730
2023-08-29,ChargerMatched,iTransformer,64,22.319000244140625,22.319000244140625,0.0,36.37902069091797,71.86685180664062,36.6126823425293,44.498008728027344,1.614851951599121,20260730
2023-08-29,ChargerMatched,iTransformer,80,22.319000244140625,22.319000244140625,0.0,9.137718200683594,70.00262451171875,42.93604278564453,44.498008728027344,0.5441823601722717,20260730
2023-08-29,ChargerMatched,iTransformer,84,22.319000244140625,22.319000244140625,0.0,87.42962646484375,22.899993896484375,44.498008728027344,44.498008728027344,0.23666156828403473,20260730
2023-08-29,ChargerMatched,iTransformer,96,22.319000244140625,22.319000244140625,0.0,54.31788635253906,34.678131103515625,44.498008728027344,44.498008728027344,0.0,20260730
2023-08-30,ChargerMatched,iTransformer,32,0.0,0.0,0.0,3.695965528488159,1.2063143253326416,1.0513765811920166,1.3062102794647217,0.03686972334980965,20260730
2023-08-30,ChargerMatched,iTransformer,48,0.0,4.2179999351501465,0.625,-6.294859409332275,24.972728729248047,4.970247268676758,23.04393768310547,1.9184712171554565,20260730
2023-08-30,ChargerMatched,iTransformer,64,4.2179999351501465,5.711999893188477,1.6875,32.70893478393555,91.61145782470703,29.6888427734375,35.58616256713867,1.9610358476638794,20260730
2023-08-30,ChargerMatched,iTransformer,80,25.583999633789062,25.583999633789062,1.0625,32.4295654296875,78.92314147949219,33.70185470581055,35.58616256713867,0.7425209283828735,20260730
2023-08-30,ChargerMatched,iTransformer,84,25.583999633789062,25.583999633789062,0.0,73.00909423828125,27.677196502685547,35.58616256713867,35.58616256713867,0.34305673837661743,20260730
2023-08-30,ChargerMatched,iTransformer,96,25.583999633789062,25.583999633789062,0.0,56.76295852661133,14.409372329711914,35.58616256713867,35.58616256713867,0.02657044306397438,20260730
2023-08-31,ChargerMatched,iTransformer,32,2.924999952316284,4.949999809265137,0.09375,2.4129741191864014,3.047335147857666,0.8361917734146118,0.8361917734146118,0.015836965292692184,20260730
2023-08-31,ChargerMatched,iTransformer,48,19.424999237060547,19.424999237060547,0.625,-2.783478260040283,15.253066062927246,4.919703006744385,16.06442642211914,1.4624993801116943,20260730
2023-08-31,ChargerMatched,iTransformer,64,19.424999237060547,24.875999450683594,0.5,33.94619369506836,101.49684143066406,30.845478057861328,37.77119827270508,2.1635520458221436,20260730
2023-08-31,ChargerMatched,iTransformer,80,30.01799964904785,30.01799964904785,0.8125,58.54448699951172,73.70252227783203,37.77119827270508,37.77119827270508,0.5641356706619263,20260730
2023-08-31,ChargerMatched,iTransformer,84,30.01799964904785,30.01799964904785,0.0,61.39620590209961,34.81218719482422,37.77119827270508,37.77119827270508,0.15111541748046875,20260730
2023-08-31,ChargerMatched,iTransformer,96,30.01799964904785,30.01799964904785,0.0,62.298095703125,13.24429988861084,37.77119827270508,37.77119827270508,0.3099299669265747,20260730
2023-09-01,ChargerMatched,iTransformer,32,0.0,0.0,0.0,-0.004925340414047241,2.756930112838745,0.0,0.0,0.0,20260730
2023-09-01,ChargerMatched,iTransformer,48,17.350000381469727,19.799999237060547,0.75,3.477438449859619,-4.518226623535156,3.810232639312744,5.001166343688965,0.5192437767982483,20260730
2023-09-01,ChargerMatched,iTransformer,64,25.600000381469727,25.600000381469727,0.3125,29.08428955078125,72.20975494384766,27.360660552978516,33.33824920654297,1.6987814903259277,20260730
2023-09-01,ChargerMatched,iTransformer,80,25.600000381469727,25.600000381469727,0.0,58.868446350097656,49.045528411865234,33.33824920654297,33.33824920654297,0.5355333089828491,20260730
2023-09-01,ChargerMatched,iTransformer,84,25.600000381469727,25.600000381469727,0.0,49.38372039794922,30.935882568359375,33.33824920654297,33.33824920654297,0.07963331043720245,20260730
2023-09-01,ChargerMatched,iTransformer,96,25.600000381469727,25.600000381469727,0.0,49.60115051269531,17.075347900390625,33.33824920654297,33.33824920654297,0.6903940439224243,20260730
2023-09-02,ChargerMatched,iTransformer,32,0.0,0.0,0.0,-0.7674381136894226,1.1775429248809814,0.11637924611568451,0.12400617450475693,0.002348601818084717,20260730
2023-09-02,ChargerMatched,iTransformer,48,0.0,0.0,0.0,12.490967750549316,-3.884721040725708,2.7393009662628174,2.7393009662628174,0.6260820031166077,20260730
2023-09-02,ChargerMatched,iTransformer,64,0.0,0.0,0.0,30.418270111083984,48.423458099365234,30.598676681518555,38.8777961730957,1.295058250427246,20260730
2023-09-02,ChargerMatched,iTransformer,80,0.0,0.0,0.0,47.141971588134766,32.442543029785156,40.866912841796875,40.866912841796875,0.1466817408800125,20260730
2023-09-02,ChargerMatched,iTransformer,84,0.0,0.0,0.0,58.44715881347656,27.6873836517334,40.866912841796875,40.866912841796875,0.09570840746164322,20260730
2023-09-02,ChargerMatched,iTransformer,96,0.0,0.0,0.0,47.277076721191406,37.23881530761719,42.25794982910156,42.25794982910156,0.6091694235801697,20260730
2023-09-03,ChargerMatched,iTransformer,32,0.0,0.0,0.0,-0.031490862369537354,0.7487845420837402,0.1634141206741333,0.7860351204872131,0.0906582772731781,20260730
2023-09-03,ChargerMatched,iTransformer,48,0.0,0.0,0.0,15.858920097351074,10.192155838012695,13.852938652038574,14.939821243286133,1.4775853157043457,20260730
2023-09-03,ChargerMatched,iTransformer,64,0.0,0.0,0.0,31.1024112701416,35.89467239379883,37.88398742675781,38.819664001464844,1.026658535003662,20260730
2023-09-03,ChargerMatched,iTransformer,80,5.257999897003174,5.257999897003174,0.6875,20.087173461914062,35.87696838378906,41.7735595703125,42.355262756347656,0.25483042001724243,20260730
2023-09-03,ChargerMatched,iTransformer,84,5.257999897003174,5.257999897003174,0.0,73.92157745361328,23.02830696105957,42.63745880126953,42.63745880126953,0.06499067693948746,20260730
2023-09-03,ChargerMatched,iTransformer,96,5.257999897003174,5.257999897003174,0.0,45.37907409667969,49.111549377441406,47.24530792236328,47.24530792236328,0.2546873986721039,20260730
2023-09-04,ChargerMatched,iTransformer,32,0.0,0.0,0.0,1.9048875570297241,0.5211389660835266,0.8844966888427734,1.4595143795013428,0.15234830975532532,20260730
2023-09-04,ChargerMatched,iTransformer,48,0.0,0.0,0.0,13.503988265991211,30.110713958740234,18.71874237060547,30.110713958740234,2.480044364929199,20260730
2023-09-04,ChargerMatched,iTransformer,64,0.0,0.0,0.0,39.2271728515625,47.439537048339844,43.942264556884766,46.106346130371094,1.1340198516845703,20260730
2023-09-04,ChargerMatched,iTransformer,80,5.604000091552734,5.604000091552734,0.25,5.20705509185791,51.89442443847656,47.19127655029297,47.68309783935547,0.1987273395061493,20260730
2023-09-04,ChargerMatched,iTransformer,84,5.604000091552734,5.604000091552734,0.0,87.70320129394531,20.7225341796875,47.68309783935547,47.68309783935547,0.0745181068778038,20260730
2023-09-04,ChargerMatched,iTransformer,96,5.604000091552734,5.604000091552734,0.0,49.40160369873047,45.96459197998047,47.68309783935547,47.68309783935547,0.0,20260730
2023-09-05,ChargerMatched,iTransformer,32,0.9459999799728394,3.299999952316284,0.0625,4.08473014831543,0.08723145723342896,1.183152437210083,1.244685411453247,0.11993692070245743,20260730
2023-09-05,ChargerMatched,iTransformer,48,19.09600067138672,32.05500030517578,1.3125,-4.819214820861816,23.500492095947266,6.338283538818359,22.261016845703125,2.306699752807617,20260730
2023-09-05,ChargerMatched,iTransformer,64,28.755001068115234,34.91699981689453,1.375,22.588741302490234,53.83843994140625,21.756126403808594,27.76415252685547,1.271193504333496,20260730
2023-09-05,ChargerMatched,iTransformer,80,34.91699981689453,34.91699981689453,0.25,-8.382763862609863,55.26960372924805,26.766992568969727,27.76415252685547,0.6593596935272217,20260730
2023-09-05,ChargerMatched,iTransformer,84,34.91699981689453,34.91699981689453,0.0,75.89299011230469,14.597248077392578,27.76415252685547,27.76415252685547,0.15862838923931122,20260730
2023-09-05,ChargerMatched,iTransformer,96,34.91699981689453,34.91699981689453,0.0,37.97722625732422,17.55108070373535,27.76415252685547,27.76415252685547,0.0,20260730
2023-09-06,ChargerMatched,iTransformer,32,0.0,0.0,0.0,3.624227523803711,0.49287188053131104,1.064805507659912,1.2920746803283691,0.033911727368831635,20260730
2023-09-06,ChargerMatched,iTransformer,48,11.413000106811523,19.345001220703125,1.5,-9.829086303710938,19.043169021606445,4.439215183258057,17.095233917236328,1.7935256958007812,20260730
2023-09-06,ChargerMatched,iTransformer,64,27.45800018310547,27.45800018310547,0.75,24.969938278198242,76.84384155273438,19.804222106933594,21.217971801757812,1.8290907144546509,20260730
2023-09-06,ChargerMatched,iTransformer,80,45.624996185302734,45.624996185302734,0.75,13.930367469787598,66.57866668701172,21.217971801757812,21.217971801757812,0.6950867176055908,20260730
2023-09-06,ChargerMatched,iTransformer,84,45.624996185302734,45.624996185302734,0.0,61.17265319824219,18.14533042907715,21.217971801757812,21.217971801757812,0.09203136712312698,20260730
2023-09-06,ChargerMatched,iTransformer,96,45.624996185302734,45.624996185302734,0.0,44.26884841918945,-1.832899570465088,21.217971801757812,21.217971801757812,0.0,20260730
2023-09-07,ChargerMatched,iTransformer,32,0.0,0.0,0.0,2.5787081718444824,2.8207180500030518,1.1300746202468872,1.9080363512039185,0.03613705188035965,20260730
2023-09-07,ChargerMatched,iTransformer,48,32.8129997253418,40.49800109863281,2.0625,-3.696181535720825,11.280864715576172,5.432840347290039,13.78482723236084,1.1830992698669434,20260730
2023-09-07,ChargerMatched,iTransformer,64,38.847999572753906,46.33100128173828,1.875,32.26598358154297,93.10618591308594,27.94875144958496,31.187721252441406,1.938569188117981,20260730
2023-09-07,ChargerMatched,iTransformer,80,52.51499938964844,52.51499938964844,1.1875,51.469661712646484,72.2286376953125,31.187721252441406,31.187721252441406,0.7607117891311646,20260730
2023-09-07,ChargerMatched,iTransformer,84,52.51499938964844,52.51499938964844,0.0,55.422061920166016,31.509307861328125,31.187721252441406,31.187721252441406,0.16442298889160156,20260730
2023-09-07,ChargerMatched,iTransformer,96,52.51499938964844,52.51499938964844,0.0,59.066375732421875,3.3090667724609375,31.187721252441406,31.187721252441406,0.32091283798217773,20260730
2023-09-08,ChargerMatched,iTransformer,32,0.0,0.0,0.0,-0.19234398007392883,1.262566328048706,0.0,0.0,0.0,20260730
2023-09-08,ChargerMatched,iTransformer,48,0.0,6.215000152587891,0.375,5.947134971618652,-2.291245937347412,4.653886795043945,4.803623676300049,0.6913182735443115,20260730
2023-09-08,ChargerMatched,iTransformer,64,6.215000152587891,6.215000152587891,0.3125,31.837158203125,76.5199966430664,30.764286041259766,34.83112716674805,1.7224352359771729,20260730
2023-09-08,ChargerMatched,iTransformer,80,6.215000152587891,6.215000152587891,0.0,58.88507843017578,52.410213470458984,34.83112716674805,34.83112716674805,0.3794315457344055,20260730
2023-09-08,ChargerMatched,iTransformer,84,6.215000152587891,6.215000152587891,0.0,55.413307189941406,35.010345458984375,34.83112716674805,34.83112716674805,0.0,20260730
2023-09-08,ChargerMatched,iTransformer,96,6.215000152587891,6.215000152587891,0.0,54.513336181640625,15.148923873901367,34.83112716674805,34.83112716674805,0.6508265733718872,20260730
2023-09-09,ChargerMatched,iTransformer,32,0.0,0.0,0.0,-1.4894444942474365,0.2369791865348816,0.0,0.0,0.0,20260730
2023-09-09,ChargerMatched,iTransformer,48,2.940000057220459,2.940000057220459,0.375,8.525368690490723,-10.578754425048828,1.7251417636871338,1.7251417636871338,0.5722445249557495,20260730
2023-09-09,ChargerMatched,iTransformer,64,10.229000091552734,11.878999710083008,0.375,23.375782012939453,39.3984489440918,23.12898826599121,27.639690399169922,0.9115376472473145,20260730
2023-09-09,ChargerMatched,iTransformer,80,14.732999801635742,14.732999801635742,0.1875,28.877111434936523,20.564186096191406,27.579017639160156,27.639690399169922,0.12446347624063492,20260730
2023-09-09,ChargerMatched,iTransformer,84,14.732999801635742,14.732999801635742,0.0,53.25712585449219,21.69996452331543,27.639690399169922,27.639690399169922,0.06911280006170273,20260730
2023-09-09,ChargerMatched,iTransformer,96,14.732999801635742,14.732999801635742,0.0,34.11616516113281,24.830795288085938,29.473480224609375,29.473480224609375,0.5641871094703674,20260730
2023-09-10,ChargerMatched,iTransformer,32,3.1419999599456787,3.1419999599456787,0.125,-1.2434693574905396,-2.102321147918701,0.0,0.0,0.02410874143242836,20260730
2023-09-10,ChargerMatched,iTransformer,48,3.1419999599456787,3.1419999599456787,0.0,11.254201889038086,4.750209808349609,14.074006080627441,14.074006080627441,1.3105751276016235,20260730
2023-09-10,ChargerMatched,iTransformer,64,3.1419999599456787,3.1419999599456787,0.0,30.133628845214844,27.06228256225586,31.187580108642578,31.187580108642578,0.8055903911590576,20260730
2023-09-10,ChargerMatched,iTransformer,80,8.602999687194824,8.602999687194824,0.625,7.901742458343506,25.789230346679688,35.22528076171875,35.399658203125,0.19086846709251404,20260730
2023-09-10,ChargerMatched,iTransformer,84,8.602999687194824,8.602999687194824,0.0,71.10196685791016,17.879138946533203,35.55791473388672,35.55791473388672,0.050399184226989746,20260730
2023-09-10,ChargerMatched,iTransformer,96,8.602999687194824,8.602999687194824,0.0,40.24213409423828,38.42811965942383,39.33512878417969,39.33512878417969,0.19076845049858093,20260730
2023-09-11,ChargerMatched,iTransformer,32,0.5879999995231628,1.649999976158142,0.03125,2.1007580757141113,-0.3767167329788208,0.9280959963798523,1.2071495056152344,0.16366314888000488,20260730
2023-09-11,ChargerMatched,iTransformer,48,15.145000457763672,23.39900016784668,2.0,8.835958480834961,27.05044937133789,13.507558822631836,27.05044937133789,2.527805805206299,20260730
2023-09-11,ChargerMatched,iTransformer,64,24.174999237060547,29.128999710083008,1.875,35.549537658691406,42.49197769165039,38.327064514160156,41.92367172241211,1.100290298461914,20260730
2023-09-11,ChargerMatched,iTransformer,80,33.66699981689453,33.66699981689453,0.875,-4.649678707122803,45.077674865722656,42.788909912109375,43.38178253173828,0.20027625560760498,20260730
2023-09-11,ChargerMatched,iTransformer,84,33.66699981689453,33.66699981689453,0.0,88.17753601074219,22.079776763916016,43.38178253173828,43.38178253173828,0.08982904255390167,20260730
2023-09-11,ChargerMatched,iTransformer,96,33.66699981689453,33.66699981689453,0.0,45.689369201660156,41.07419204711914,43.38178253173828,43.38178253173828,0.0,20260730
2023-09-12,ChargerMatched,iTransformer,32,0.0,4.949999809265137,0.09375,4.1646575927734375,-0.5026398301124573,0.9514127373695374,0.9947390556335449,0.14443854987621307,20260730
2023-09-12,ChargerMatched,iTransformer,48,0.0,12.61299991607666,2.0,-2.7461206912994385,31.700511932373047,8.125418663024902,26.941261291503906,2.684373378753662,20260730
2023-09-12,ChargerMatched,iTransformer,64,8.376999855041504,18.39099884033203,1.875,31.216243743896484,60.944236755371094,26.21970558166504,29.751808166503906,1.5618159770965576,20260730
2023-09-12,ChargerMatched,iTransformer,80,27.992000579833984,27.992000579833984,1.875,-8.841209411621094,58.81052780151367,29.04051971435547,29.751808166503906,0.5153371095657349,20260730
2023-09-12,ChargerMatched,iTransformer,84,27.992000579833984,27.992000579833984,0.0,79.74826049804688,18.48180389404297,29.751808166503906,29.751808166503906,0.15415452420711517,20260730
2023-09-12,ChargerMatched,iTransformer,96,27.992000579833984,27.992000579833984,0.0,42.08212661743164,17.421489715576172,29.751808166503906,29.751808166503906,0.0,20260730
2023-09-13,ChargerMatched,iTransformer,32,0.0,0.0,0.0,3.4226067066192627,-0.36214107275009155,0.26248401403427124,0.26248401403427124,0.022020425647497177,20260730
2023-09-13,ChargerMatched,iTransformer,48,6.0289998054504395,9.81399917602539,0.875,-8.615127563476562,20.452999114990234,5.2390971183776855,17.809019088745117,2.2074546813964844,20260730
2023-09-13,ChargerMatched,iTransformer,64,10.979000091552734,10.979000091552734,0.1875,25.219215393066406,76.82518768310547,20.98571014404297,23.498891830444336,1.7512620687484741,20260730
2023-09-13,ChargerMatched,iTransformer,80,12.177999496459961,12.177999496459961,0.125,13.551399230957031,68.55403900146484,23.498891830444336,23.498891830444336,1.0685256719589233,20260730
2023-09-13,ChargerMatched,iTransformer,84,12.177999496459961,12.177999496459961,0.0,68.41030883789062,24.827777862548828,23.498891830444336,23.498891830444336,0.18241998553276062,20260730
2023-09-13,ChargerMatched,iTransformer,96,12.177999496459961,12.177999496459961,0.0,45.92975616455078,1.068028450012207,23.498891830444336,23.498891830444336,0.0,20260730
2023-09-14,ChargerMatched,iTransformer,32,0.0,0.0,0.0,2.5678534507751465,1.7837368249893188,0.0,0.0,0.0,20260730
2023-09-14,ChargerMatched,iTransformer,48,0.0,0.0,0.0,-3.4681081771850586,9.518218994140625,5.098984241485596,12.818297386169434,1.3937289714813232,20260730
2023-09-14,ChargerMatched,iTransformer,64,2.309999942779541,2.309999942779541,0.125,28.74588394165039,86.7626953125,23.449371337890625,24.587310791015625,1.993640422821045,20260730
2023-09-14,ChargerMatched,iTransformer,80,2.309999942779541,2.309999942779541,0.0,36.611106872558594,62.941917419433594,24.587310791015625,24.587310791015625,0.9353690147399902,20260730
2023-09-14,ChargerMatched,iTransformer,84,2.309999942779541,2.309999942779541,0.0,60.06243896484375,35.782779693603516,24.587310791015625,24.587310791015625,0.216181680560112,20260730
2023-09-14,ChargerMatched,iTransformer,96,2.309999942779541,2.309999942779541,0.0,48.895992279052734,0.27863025665283203,24.587310791015625,24.587310791015625,0.3581051826477051,20260730
2023-09-15,ChargerMatched,iTransformer,32,0.0,0.0,0.0,0.03187347948551178,1.286003589630127,0.0,0.0,0.0,20260730
2023-09-15,ChargerMatched,iTransformer,48,0.0,5.942999839782715,0.625,-2.467250347137451,-13.588325500488281,0.8062552213668823,1.1762540340423584,0.6669093370437622,20260730
2023-09-15,ChargerMatched,iTransformer,64,5.942999839782715,5.942999839782715,0.4375,19.03251075744629,61.23895263671875,16.407169342041016,17.252384185791016,1.3954275846481323,20260730
2023-09-15,ChargerMatched,iTransformer,80,5.942999839782715,5.942999839782715,0.0,33.87232208251953,34.858428955078125,17.252384185791016,17.252384185791016,0.4006645679473877,20260730
2023-09-15,ChargerMatched,iTransformer,84,5.942999839782715,5.942999839782715,0.0,42.28899002075195,24.767480850219727,17.252384185791016,17.252384185791016,0.10473428666591644,20260730
2023-09-15,ChargerMatched,iTransformer,96,5.942999839782715,5.942999839782715,0.0,35.04634094238281,-0.5415716171264648,17.252384185791016,17.252384185791016,0.6827288269996643,20260730
2023-09-16,ChargerMatched,iTransformer,32,0.0,0.0,0.0,-1.4038152694702148,0.985641360282898,0.05245332419872284,0.6632681488990784,0.013654668815433979,20260730
2023-09-16,ChargerMatched,iTransformer,48,0.0,0.0,0.0,8.977153778076172,-9.317425727844238,1.1766806840896606,1.1766806840896606,0.6831712126731873,20260730
2023-09-16,ChargerMatched,iTransformer,64,0.0,0.0,0.0,26.20983123779297,37.6259765625,26.047590255737305,30.606481552124023,1.1346337795257568,20260730
2023-09-16,ChargerMatched,iTransformer,80,0.0,0.0,0.0,24.42225456237793,24.48579216003418,28.132173538208008,30.606481552124023,0.1860053539276123,20260730
2023-09-16,ChargerMatched,iTransformer,84,0.0,0.0,0.0,53.62778854370117,22.613998413085938,30.66547393798828,30.66547393798828,0.12145359814167023,20260730
2023-09-16,ChargerMatched,iTransformer,96,0.0,0.0,0.0,38.60984420776367,22.721105575561523,30.66547393798828,30.66547393798828,0.6380879282951355,20260730
2023-09-17,ChargerMatched,iTransformer,32,0.0,0.0,0.0,-0.5812587141990662,-1.3371679782867432,0.1498294472694397,0.1498294472694397,0.07477417588233948,20260730
2023-09-17,ChargerMatched,iTransformer,48,0.0,0.0,0.0,8.439876556396484,1.6837422847747803,6.774807453155518,6.774807453155518,1.6712901592254639,20260730
2023-09-17,ChargerMatched,iTransformer,64,0.0,0.0,0.0,25.790851593017578,20.443090438842773,22.87947654724121,22.87947654724121,0.7531840801239014,20260730
2023-09-17,ChargerMatched,iTransformer,80,19.96299934387207,23.738000869750977,0.9375,-3.9730381965637207,19.757049560546875,29.095081329345703,29.095081329345703,0.267573744058609,20260730
2023-09-17,ChargerMatched,iTransformer,84,26.562999725341797,30.33799934387207,1.0,67.20416259765625,15.907293319702148,29.095081329345703,29.095081329345703,0.012442849576473236,20260730
2023-09-17,ChargerMatched,iTransformer,96,43.06300354003906,43.06300354003906,0.8333333134651184,32.09838104248047,33.0588493347168,32.57861328125,32.57861328125,0.18147513270378113,20260730
2023-09-18,ChargerMatched,iTransformer,32,0.0,0.0,0.0,1.4051791429519653,-1.2998499870300293,0.0,0.0,0.15343686938285828,20260730
2023-09-18,ChargerMatched,iTransformer,48,0.0,4.401000022888184,0.625,6.871769905090332,24.67671012878418,9.875495910644531,24.67671012878418,2.6416985988616943,20260730
2023-09-18,ChargerMatched,iTransformer,64,4.401000022888184,4.401000022888184,0.4375,30.11733627319336,32.04191970825195,30.541641235351562,33.063629150390625,1.2244842052459717,20260730
2023-09-18,ChargerMatched,iTransformer,80,6.171000003814697,14.300999641418457,0.375,-15.977182388305664,41.078521728515625,37.42375183105469,38.491249084472656,0.44250383973121643,20260730
2023-09-18,ChargerMatched,iTransformer,84,12.770999908447266,16.070999145507812,1.0,85.25114440917969,18.760692596435547,38.77825164794922,38.77825164794922,0.2052273452281952,20260730
2023-09-18,ChargerMatched,iTransformer,96,17.8439998626709,17.8439998626709,0.4166666865348816,42.52784729003906,35.58390426635742,39.05587387084961,39.05587387084961,0.01402147114276886,20260730
2023-09-19,ChargerMatched,iTransformer,32,0.0,0.0,0.0,3.0234217643737793,-0.9744008183479309,0.5997792482376099,0.5997792482376099,0.1373400092124939,20260730
2023-09-19,ChargerMatched,iTransformer,48,18.121000289916992,22.28999900817871,1.0625,-8.641087532043457,24.848886489868164,3.80412220954895,21.400650024414062,2.6850008964538574,20260730
2023-09-19,ChargerMatched,iTransformer,64,39.57099914550781,39.57099914550781,0.8125,21.247119903564453,48.41456604003906,19.772056579589844,22.76941680908203,1.3432910442352295,20260730
2023-09-19,ChargerMatched,iTransformer,80,39.57099914550781,39.57099914550781,0.0,-22.821739196777344,52.035499572753906,21.11074447631836,22.76941680908203,0.842902421951294,20260730
2023-09-19,ChargerMatched,iTransformer,84,39.57099914550781,39.57099914550781,0.0,73.92524719238281,13.832819938659668,22.76941680908203,22.76941680908203,0.41767093539237976,20260730
2023-09-19,ChargerMatched,iTransformer,96,39.57099914550781,39.57099914550781,0.0,35.89524841308594,9.643587112426758,22.76941680908203,22.76941680908203,0.0,20260730
2023-09-20,ChargerMatched,iTransformer,32,0.0,0.0,0.0,2.4186787605285645,-2.4301998615264893,0.0,0.0,0.001861806958913803,20260730
2023-09-20,ChargerMatched,iTransformer,48,8.416999816894531,10.910999298095703,0.625,-13.793119430541992,13.72066593170166,1.9243690967559814,10.989053726196289,2.060999631881714,20260730
2023-09-20,ChargerMatched,iTransformer,64,34.91600036621094,34.91600036621094,1.3125,21.417434692382812,68.14202880859375,13.946581840515137,15.562578201293945,1.6411511898040771,20260730
2023-09-20,ChargerMatched,iTransformer,80,34.91600036621094,34.91600036621094,0.0,-2.1647839546203613,59.71783447265625,14.248326301574707,15.562578201293945,0.8254857063293457,20260730
2023-09-20,ChargerMatched,iTransformer,84,34.91600036621094,34.91600036621094,0.0,63.3753662109375,21.667659759521484,15.562578201293945,15.562578201293945,0.3624447286128998,20260730
2023-09-20,ChargerMatched,iTransformer,96,34.91600036621094,34.91600036621094,0.0,37.27267837524414,-7.080183506011963,15.562578201293945,15.562578201293945,0.051825493574142456,20260730
2023-09-21,ChargerMatched,iTransformer,32,1.4249999523162842,4.949999809265137,0.09375,1.5012869834899902,-0.207349956035614,0.0,0.0,0.0,20260730
2023-09-21,ChargerMatched,iTransformer,48,24.524999618530273,24.524999618530273,0.875,-9.664143562316895,-0.6004765033721924,1.7867295742034912,5.656883239746094,0.8459293246269226,20260730
2023-09-21,ChargerMatched,iTransformer,64,25.850000381469727,25.850000381469727,0.0625,25.187644958496094,76.63633728027344,16.599315643310547,16.771577835083008,1.5650509595870972,20260730
2023-09-21,ChargerMatched,iTransformer,80,32.01799774169922,32.01799774169922,0.4375,24.07867431640625,56.077972412109375,16.771577835083008,16.771577835083008,0.5374627113342285,20260730
2023-09-21,ChargerMatched,iTransformer,84,32.01799774169922,32.01799774169922,0.0,48.41009521484375,26.779794692993164,16.771577835083008,16.771577835083008,0.4458400011062622,20260730
2023-09-21,ChargerMatched,iTransformer,96,32.01799774169922,32.01799774169922,0.0,44.16355514526367,-11.114253044128418,16.771577835083008,16.771577835083008,0.40938353538513184,20260730
2023-09-22,ChargerMatched,iTransformer,32,0.2199999988079071,3.299999952316284,0.0625,-1.5571095943450928,-1.094529628753662,0.04025999456644058,0.04025999456644058,0.0007624998688697815,20260730
2023-09-22,ChargerMatched,iTransformer,48,23.31999969482422,23.31999969482422,0.875,1.448602557182312,-8.250016212463379,3.520956039428711,3.520956039428711,0.6571727991104126,20260730
2023-09-22,ChargerMatched,iTransformer,64,23.31999969482422,23.31999969482422,0.0,28.543533325195312,64.29925537109375,24.015466690063477,25.390165328979492,1.386575698852539,20260730
2023-09-22,ChargerMatched,iTransformer,80,24.124000549316406,24.124000549316406,0.0625,37.068870544433594,41.207027435302734,25.390165328979492,25.390165328979492,0.3193138539791107,20260730
2023-09-22,ChargerMatched,iTransformer,84,24.124000549316406,24.124000549316406,0.0,51.210384368896484,34.44618606567383,25.390165328979492,25.390165328979492,0.2031516432762146,20260730
2023-09-22,ChargerMatched,iTransformer,96,24.124000549316406,24.124000549316406,0.0,45.358882904052734,5.243390083312988,25.390165328979492,25.390165328979492,0.6948290467262268,20260730
2023-09-23,ChargerMatched,iTransformer,32,0.0,0.0,0.0,-1.4182871580123901,-0.2110840082168579,0.18623101711273193,1.1145235300064087,0.027361134067177773,20260730
2023-09-23,ChargerMatched,iTransformer,48,0.0,0.0,0.0,11.524139404296875,-7.387843132019043,3.2334115505218506,3.2334115505218506,0.7049434185028076,20260730
2023-09-23,ChargerMatched,iTransformer,64,0.0,0.0,0.0,32.23976135253906,41.54291534423828,31.590862274169922,34.75860595703125,0.7848759889602661,20260730
2023-09-23,ChargerMatched,iTransformer,80,0.0,0.0,0.0,24.827064514160156,25.69490623474121,32.261024475097656,34.75860595703125,0.11469751596450806,20260730
2023-09-23,ChargerMatched,iTransformer,84,0.0,0.0,0.0,60.66573715209961,32.190948486328125,34.79570388793945,34.79570388793945,0.20636865496635437,20260730
2023-09-23,ChargerMatched,iTransformer,96,0.0,0.0,0.0,43.307830810546875,27.75609016418457,35.531959533691406,35.531959533691406,0.7209843397140503,20260730
2023-09-24,ChargerMatched,iTransformer,32,0.0,0.0,0.0,-0.6887845396995544,-2.3501780033111572,0.0,0.0,0.07394149899482727,20260730
2023-09-24,ChargerMatched,iTransformer,48,0.0,0.0,0.0,9.805173873901367,1.818091630935669,9.459403038024902,9.459403038024902,1.4628932476043701,20260730
2023-09-24,ChargerMatched,iTransformer,64,11.263999938964844,11.263999938964844,0.5,28.391103744506836,18.956130981445312,22.6436767578125,23.277294158935547,0.4620601534843445,20260730
2023-09-24,ChargerMatched,iTransformer,80,30.326000213623047,30.326000213623047,0.75,-7.678006172180176,21.410459518432617,26.652864456176758,27.286483764648438,0.19499586522579193,20260730
2023-09-24,ChargerMatched,iTransformer,84,30.326000213623047,30.326000213623047,0.0,73.29957580566406,25.949554443359375,29.77133560180664,29.77133560180664,0.386340469121933,20260730
2023-09-24,ChargerMatched,iTransformer,96,30.326000213623047,30.326000213623047,0.0,36.25396728515625,37.62333297729492,36.93865203857422,36.93865203857422,0.39070409536361694,20260730
2023-09-25,ChargerMatched,iTransformer,32,0.0,0.0,0.0,0.6984272599220276,-2.656275987625122,0.5830729603767395,0.7284557819366455,0.14814883470535278,20260730
2023-09-25,ChargerMatched,iTransformer,48,0.0,4.949999809265137,0.1875,2.998288631439209,20.098854064941406,7.724893093109131,19.384143829345703,2.4659159183502197,20260730
2023-09-25,ChargerMatched,iTransformer,64,27.452999114990234,30.588998794555664,2.1875,30.69607162475586,27.10245704650879,29.06462287902832,29.06462287902832,0.9272515773773193,20260730
2023-09-25,ChargerMatched,iTransformer,80,38.21699905395508,38.21699905395508,0.6875,-24.201736450195312,36.44892120361328,33.14019012451172,34.08345031738281,0.2595376968383789,20260730
2023-09-25,ChargerMatched,iTransformer,84,38.21699905395508,38.21699905395508,0.0,83.15151977539062,20.4038143157959,34.658233642578125,34.658233642578125,0.36517518758773804,20260730
2023-09-25,ChargerMatched,iTransformer,96,38.21699905395508,38.21699905395508,0.0,38.11157989501953,32.1856575012207,35.14862060546875,35.14862060546875,0.024767156690359116,20260730
2023-09-26,ChargerMatched,iTransformer,32,0.7059999704360962,0.7059999704360962,0.3125,2.3638482093811035,-2.31815242767334,0.48317575454711914,0.48317575454711914,0.11883880943059921,20260730
2023-09-26,ChargerMatched,iTransformer,48,0.7059999704360962,15.610000610351562,0.875,-5.122407913208008,26.580827713012695,3.9884116649627686,21.554397583007812,2.7068543434143066,20260730
2023-09-26,ChargerMatched,iTransformer,64,25.224000930786133,35.124000549316406,1.875,32.6265983581543,54.886375427246094,27.65346908569336,30.385982513427734,1.4245645999908447,20260730
2023-09-26,ChargerMatched,iTransformer,80,35.124000549316406,35.124000549316406,0.375,-16.414493560791016,59.48706817626953,29.41122817993164,30.385982513427734,0.7401039600372314,20260730
2023-09-26,ChargerMatched,iTransformer,84,35.124000549316406,35.124000549316406,0.0,85.58524322509766,26.14387321472168,30.385982513427734,30.385982513427734,0.33517298102378845,20260730
2023-09-26,ChargerMatched,iTransformer,96,35.124000549316406,35.124000549316406,0.0,43.23489761352539,17.537067413330078,30.385982513427734,30.385982513427734,0.0,20260730
2023-09-27,ChargerMatched,iTransformer,32,0.0,1.649999976158142,0.03125,2.774524211883545,-2.259796619415283,0.34210753440856934,0.34210753440856934,0.06329349428415298,20260730
2023-09-27,ChargerMatched,iTransformer,48,33.77899932861328,40.93899917602539,2.4375,-13.333192825317383,14.561659812927246,3.193406581878662,13.652905464172363,1.94161856174469,20260730
2023-09-27,ChargerMatched,iTransformer,64,81.39800262451172,81.39800262451172,2.0625,28.626651763916016,74.18450927734375,19.650264739990234,19.650264739990234,1.7010148763656616,20260730
2023-09-27,ChargerMatched,iTransformer,80,95.2760009765625,95.2760009765625,0.5625,-1.1354131698608398,62.20870590209961,19.650264739990234,19.650264739990234,0.849474310874939,20260730
2023-09-27,ChargerMatched,iTransformer,84,95.2760009765625,95.2760009765625,0.0,70.75923156738281,30.53567886352539,19.650264739990234,19.650264739990234,0.38449418544769287,20260730
2023-09-27,ChargerMatched,iTransformer,96,95.2760009765625,95.2760009765625,0.0,42.166648864746094,-2.8661203384399414,19.650264739990234,19.650264739990234,0.0007779523730278015,20260730
2023-09-28,ChargerMatched,iTransformer,32,2.5880000591278076,4.949999809265137,0.09375,1.5778539180755615,0.1104813814163208,0.5450738668441772,0.5450738668441772,0.02264050766825676,20260730
2023-09-28,ChargerMatched,iTransformer,48,11.854000091552734,13.503999710083008,1.0625,-3.2684319019317627,8.259040832519531,5.03804349899292,12.080635070800781,1.3189806938171387,20260730
2023-09-28,ChargerMatched,iTransformer,64,24.44700050354004,24.44700050354004,0.5,39.054481506347656,88.48440551757812,31.23712730407715,32.02332305908203,1.891221523284912,20260730
2023-09-28,ChargerMatched,iTransformer,80,24.44700050354004,24.44700050354004,0.0,39.54018020629883,71.47724914550781,32.02332305908203,32.02332305908203,0.7250010967254639,20260730
2023-09-28,ChargerMatched,iTransformer,84,24.44700050354004,24.44700050354004,0.0,68.56189727783203,47.7612419128418,32.02332305908203,32.02332305908203,0.36863505840301514,20260730
2023-09-28,ChargerMatched,iTransformer,96,24.44700050354004,24.44700050354004,0.0,58.56943130493164,5.477212905883789,32.02332305908203,32.02332305908203,0.39721372723579407,20260730
2023-09-29,ChargerMatched,iTransformer,32,0.0,0.0,0.0,-0.4235099256038666,0.6895270347595215,0.0467057004570961,0.062275610864162445,0.0011794622987508774,20260730
2023-09-29,ChargerMatched,iTransformer,48,0.0,9.854999542236328,1.5625,3.8249692916870117,-4.040826320648193,5.557041645050049,6.0942840576171875,0.7441809177398682,20260730
2023-09-29,ChargerMatched,iTransformer,64,3.5899999141693115,12.67300033569336,2.5,36.75127410888672,67.280029296875,29.68985939025879,29.68985939025879,1.3884671926498413,20260730
2023-09-29,ChargerMatched,iTransformer,80,12.67300033569336,12.67300033569336,0.625,40.958473205566406,46.94062423706055,29.68985939025879,29.68985939025879,0.3235534131526947,20260730
2023-09-29,ChargerMatched,iTransformer,84,12.67300033569336,12.67300033569336,0.0,57.1652946472168,44.574615478515625,29.68985939025879,29.68985939025879,0.27394410967826843,20260730
2023-09-29,ChargerMatched,iTransformer,96,12.67300033569336,12.67300033569336,0.0,49.303070068359375,10.076658248901367,29.68985939025879,29.68985939025879,0.755223274230957,20260730
2023-09-30,ChargerMatched,iTransformer,32,0.0,0.0,0.0,-2.170097589492798,-2.010366201400757,0.0,0.1371522843837738,0.0308174267411232,20260730
2023-09-30,ChargerMatched,iTransformer,48,14.746000289916992,16.889999389648438,1.0625,8.970541954040527,-9.189787864685059,0.139955073595047,0.139955073595047,0.7136334776878357,20260730
2023-09-30,ChargerMatched,iTransformer,64,26.32699966430664,37.84600067138672,0.875,34.495361328125,38.13310241699219,30.670217514038086,32.67803192138672,1.1089993715286255,20260730
2023-09-30,ChargerMatched,iTransformer,80,42.82699966430664,42.82699966430664,0.625,22.229251861572266,27.564167022705078,32.38240432739258,33.77642059326172,0.06836932897567749,20260730
2023-09-30,ChargerMatched,iTransformer,84,42.82699966430664,42.82699966430664,0.0,63.63016128540039,38.95751190185547,34.966243743896484,34.966243743896484,0.11558745056390762,20260730
2023-09-30,ChargerMatched,iTransformer,96,47.46399688720703,47.46399688720703,0.3333333432674408,43.86863708496094,27.777639389038086,35.82313919067383,35.82313919067383,0.6964412927627563,20260730
2023-07-01,ChargerMatched,FeasibleITransformer,32,0.0,0.0,0.0,0.5863720178604126,3.388770580291748,0.5863720178604126,3.388770580291748,0.21133536100387573,20260730
2023-07-01,ChargerMatched,FeasibleITransformer,48,0.0,0.0,0.0,6.607285499572754,9.567258834838867,6.607285499572754,9.567258834838867,1.364089846611023,20260730
2023-07-01,ChargerMatched,FeasibleITransformer,64,0.0,8.269000053405762,0.6875,12.579801559448242,24.47303009033203,12.579801559448242,24.47303009033203,1.2950317859649658,20260730
2023-07-01,ChargerMatched,FeasibleITransformer,80,0.0,8.269000053405762,1.0,26.706886291503906,29.543651580810547,26.706886291503906,29.543651580810547,1.0882985591888428,20260730
2023-07-01,ChargerMatched,FeasibleITransformer,84,1.6690000295639038,8.269000053405762,1.0,31.72962188720703,33.20173263549805,31.72962188720703,33.20173263549805,0.8887752294540405,20260730
2023-07-01,ChargerMatched,FeasibleITransformer,96,8.269000053405762,8.269000053405762,0.3333333432674408,38.01030349731445,38.01030349731445,38.01030349731445,38.01030349731445,0.3172062635421753,20260730
2023-07-02,ChargerMatched,FeasibleITransformer,32,0.0,0.0,0.0,0.7176447510719299,2.7419919967651367,0.7176447510719299,2.7419919967651367,0.14525270462036133,20260730
2023-07-02,ChargerMatched,FeasibleITransformer,48,0.0,0.0,0.0,4.18182897567749,8.222360610961914,4.18182897567749,8.222360610961914,1.0994575023651123,20260730
2023-07-02,ChargerMatched,FeasibleITransformer,64,0.0,0.0,0.0,7.607544898986816,17.966800689697266,7.607544898986816,17.966800689697266,1.2128994464874268,20260730
2023-07-02,ChargerMatched,FeasibleITransformer,80,14.317999839782715,18.149999618530273,0.6875,14.714811325073242,21.144289016723633,14.714811325073242,21.144289016723633,0.7993417978286743,20260730
2023-07-02,ChargerMatched,FeasibleITransformer,84,20.917999267578125,24.75,1.0,18.75844955444336,23.425495147705078,18.75844955444336,23.425495147705078,0.9239910244941711,20260730
2023-07-02,ChargerMatched,FeasibleITransformer,96,25.868000030517578,25.868000030517578,0.25,27.24659538269043,27.24659538269043,27.24659538269043,27.24659538269043,0.4992237687110901,20260730
2023-07-03,ChargerMatched,FeasibleITransformer,32,0.0,0.0,0.0,0.798501193523407,2.1678996086120605,0.798501193523407,2.1678996086120605,0.11155641824007034,20260730
2023-07-03,ChargerMatched,FeasibleITransformer,48,0.0,8.196000099182129,0.375,4.062375068664551,8.711645126342773,4.062375068664551,8.711645126342773,0.978901207447052,20260730
2023-07-03,ChargerMatched,FeasibleITransformer,64,21.006000518798828,30.029998779296875,2.0,6.033084869384766,15.224411010742188,6.033084869384766,15.224411010742188,1.2825555801391602,20260730
2023-07-03,ChargerMatched,FeasibleITransformer,80,41.68299865722656,41.68299865722656,1.3125,12.678570747375488,18.17491912841797,12.678570747375488,18.17491912841797,0.8955473899841309,20260730
2023-07-03,ChargerMatched,FeasibleITransformer,84,41.68299865722656,41.68299865722656,0.0,15.517963409423828,19.774030685424805,15.517963409423828,19.774030685424805,0.8014843463897705,20260730
2023-07-03,ChargerMatched,FeasibleITransformer,96,41.68299865722656,41.68299865722656,0.0,23.38764190673828,23.38764190673828,23.38764190673828,23.38764190673828,0.514380693435669,20260730
2023-07-04,ChargerMatched,FeasibleITransformer,32,0.0,0.0,0.0,1.2845098972320557,2.4689316749572754,1.2845098972320557,2.4689316749572754,0.12221716344356537,20260730
2023-07-04,ChargerMatched,FeasibleITransformer,48,0.0,0.0,0.0,6.635193824768066,11.823893547058105,6.635193824768066,11.823893547058105,0.9848585724830627,20260730
2023-07-04,ChargerMatched,FeasibleITransformer,64,0.0,0.0,0.0,9.698005676269531,20.323650360107422,9.698005676269531,20.323650360107422,2.1021387577056885,20260730
2023-07-04,ChargerMatched,FeasibleITransformer,80,0.0,0.0,0.0,23.911989212036133,26.892446517944336,23.911989212036133,26.892446517944336,1.5754668712615967,20260730
2023-07-04,ChargerMatched,FeasibleITransformer,84,0.0,0.0,0.0,27.464845657348633,29.18988609313965,27.464845657348633,29.18988609313965,0.6235067844390869,20260730
2023-07-04,ChargerMatched,FeasibleITransformer,96,0.0,0.0,0.0,36.25371551513672,36.25371551513672,36.25371551513672,36.25371551513672,0.4706506133079529,20260730
2023-07-05,ChargerMatched,FeasibleITransformer,32,0.0,9.899999618530273,0.1875,0.9867185950279236,2.252854347229004,0.9867185950279236,2.252854347229004,0.16271266341209412,20260730
2023-07-05,ChargerMatched,FeasibleITransformer,48,0.0,32.875,1.875,10.914306640625,11.83149528503418,10.914306640625,11.83149528503418,1.3550281524658203,20260730
2023-07-05,ChargerMatched,FeasibleITransformer,64,36.58399963378906,46.07500076293945,2.4375,15.27877140045166,20.456649780273438,15.27877140045166,20.456649780273438,2.358247995376587,20260730
2023-07-05,ChargerMatched,FeasibleITransformer,80,46.48400115966797,46.48400115966797,0.375,27.4873104095459,27.884353637695312,27.4873104095459,27.884353637695312,1.7697396278381348,20260730
2023-07-05,ChargerMatched,FeasibleITransformer,84,46.48400115966797,46.48400115966797,0.0,30.461589813232422,30.598674774169922,30.461589813232422,30.598674774169922,0.45064878463745117,20260730
2023-07-05,ChargerMatched,FeasibleITransformer,96,46.48400115966797,46.48400115966797,0.0,37.541908264160156,37.541908264160156,37.541908264160156,37.541908264160156,0.35759177803993225,20260730
2023-07-06,ChargerMatched,FeasibleITransformer,32,0.0,0.0,0.0,0.8957839608192444,4.151280403137207,0.8957839608192444,4.151280403137207,0.23783797025680542,20260730
2023-07-06,ChargerMatched,FeasibleITransformer,48,0.0,8.276000022888184,0.5,12.585407257080078,12.936387062072754,12.585407257080078,12.936387062072754,1.4506887197494507,20260730
2023-07-06,ChargerMatched,FeasibleITransformer,64,8.276000022888184,12.000999450683594,1.1875,22.451644897460938,25.90529441833496,22.451644897460938,25.90529441833496,2.4694857597351074,20260730
2023-07-06,ChargerMatched,FeasibleITransformer,80,16.927000045776367,16.927000045776367,0.5,47.0145149230957,47.0145149230957,47.0145149230957,47.0145149230957,1.9401135444641113,20260730
2023-07-06,ChargerMatched,FeasibleITransformer,84,16.927000045776367,16.927000045776367,0.0,50.83230209350586,50.83230209350586,50.83230209350586,50.83230209350586,0.5784518122673035,20260730
2023-07-06,ChargerMatched,FeasibleITransformer,96,16.927000045776367,16.927000045776367,0.0,56.07033157348633,56.07033157348633,56.07033157348633,56.07033157348633,0.26454704999923706,20260730
2023-07-07,ChargerMatched,FeasibleITransformer,32,0.0,0.0,0.0,0.5545598864555359,4.7683258056640625,0.5545598864555359,4.7683258056640625,0.2539028525352478,20260730
2023-07-07,ChargerMatched,FeasibleITransformer,48,0.0,16.874000549316406,0.875,10.904178619384766,12.249486923217773,10.904178619384766,12.249486923217773,1.5373058319091797,20260730
2023-07-07,ChargerMatched,FeasibleITransformer,64,15.632999420166016,28.83300018310547,1.875,22.795730590820312,30.177791595458984,22.795730590820312,30.177791595458984,2.0189244747161865,20260730
2023-07-07,ChargerMatched,FeasibleITransformer,80,28.83300018310547,28.83300018310547,0.5,46.74031448364258,46.74031448364258,46.74031448364258,46.74031448364258,1.5114710330963135,20260730
2023-07-07,ChargerMatched,FeasibleITransformer,84,28.83300018310547,28.83300018310547,0.0,51.80678176879883,51.80678176879883,51.80678176879883,51.80678176879883,0.767646312713623,20260730
2023-07-07,ChargerMatched,FeasibleITransformer,96,28.83300018310547,28.83300018310547,0.0,56.95888137817383,56.95888137817383,56.95888137817383,56.95888137817383,0.26020705699920654,20260730
2023-07-08,ChargerMatched,FeasibleITransformer,32,0.0,0.0,0.0,0.5904673337936401,4.425649166107178,0.5904673337936401,4.425649166107178,0.2196248471736908,20260730
2023-07-08,ChargerMatched,FeasibleITransformer,48,0.0,11.701000213623047,1.0,6.0308332443237305,9.400283813476562,6.0308332443237305,9.400283813476562,1.2181541919708252,20260730
2023-07-08,ChargerMatched,FeasibleITransformer,64,11.701000213623047,11.701000213623047,0.625,11.732178688049316,22.601133346557617,11.732178688049316,22.601133346557617,1.2783595323562622,20260730
2023-07-08,ChargerMatched,FeasibleITransformer,80,11.701000213623047,11.701000213623047,0.0,25.309537887573242,27.50971221923828,25.309537887573242,27.50971221923828,1.0405142307281494,20260730
2023-07-08,ChargerMatched,FeasibleITransformer,84,11.701000213623047,11.701000213623047,0.0,31.96246337890625,32.189693450927734,31.96246337890625,32.189693450927734,1.0080188512802124,20260730
2023-07-08,ChargerMatched,FeasibleITransformer,96,11.701000213623047,11.701000213623047,0.0,37.76056671142578,37.76056671142578,37.76056671142578,37.76056671142578,0.2928335666656494,20260730
2023-07-09,ChargerMatched,FeasibleITransformer,32,0.0,0.0,0.0,0.7723909616470337,3.5140459537506104,0.7723909616470337,3.5140459537506104,0.15011687576770782,20260730
2023-07-09,ChargerMatched,FeasibleITransformer,48,0.0,0.0,0.0,3.9876952171325684,9.148994445800781,3.9876952171325684,9.148994445800781,1.2041267156600952,20260730
2023-07-09,ChargerMatched,FeasibleITransformer,64,0.0,0.0,0.0,7.217020034790039,18.249441146850586,7.217020034790039,18.249441146850586,1.0705394744873047,20260730
2023-07-09,ChargerMatched,FeasibleITransformer,80,0.0,0.0,0.0,15.869112968444824,21.393932342529297,15.869112968444824,21.393932342529297,0.8305408954620361,20260730
2023-07-09,ChargerMatched,FeasibleITransformer,84,0.0,0.0,0.0,20.02196502685547,23.737903594970703,20.02196502685547,23.737903594970703,0.8041183352470398,20260730
2023-07-09,ChargerMatched,FeasibleITransformer,96,0.0,0.0,0.0,27.69228744506836,27.69228744506836,27.69228744506836,27.69228744506836,0.3873899579048157,20260730
2023-07-10,ChargerMatched,FeasibleITransformer,32,0.0,0.0,0.0,1.1347639560699463,2.989997386932373,1.1347639560699463,2.989997386932373,0.12233898043632507,20260730
2023-07-10,ChargerMatched,FeasibleITransformer,48,6.285999774932861,6.599999904632568,0.25,4.686849594116211,10.560542106628418,4.686849594116211,10.560542106628418,1.018913745880127,20260730
2023-07-10,ChargerMatched,FeasibleITransformer,64,11.236000061035156,12.88599967956543,0.25,6.886419296264648,18.572114944458008,6.886419296264648,18.572114944458008,1.4721201658248901,20260730
2023-07-10,ChargerMatched,FeasibleITransformer,80,36.029998779296875,39.2859992980957,1.0,14.914266586303711,21.627424240112305,14.914266586303711,21.627424240112305,1.0244381427764893,20260730
2023-07-10,ChargerMatched,FeasibleITransformer,84,39.33000183105469,39.33000183105469,0.5,18.32954216003418,23.29810905456543,18.32954216003418,23.29810905456543,0.6848594546318054,20260730
2023-07-10,ChargerMatched,FeasibleITransformer,96,39.33000183105469,39.33000183105469,0.0,27.57940673828125,27.57940673828125,27.57940673828125,27.57940673828125,0.5055849552154541,20260730
2023-07-11,ChargerMatched,FeasibleITransformer,32,0.0,4.949999809265137,0.09375,1.3448997735977173,2.871471881866455,1.3448997735977173,2.871471881866455,0.13255718350410461,20260730
2023-07-11,ChargerMatched,FeasibleITransformer,48,2.7079999446868896,31.350000381469727,1.0,7.529257774353027,14.445319175720215,7.529257774353027,14.445319175720215,1.2339856624603271,20260730
2023-07-11,ChargerMatched,FeasibleITransformer,64,29.107999801635742,39.007999420166016,1.0,10.246142387390137,22.33922004699707,10.246142387390137,22.33922004699707,2.037040948867798,20260730
2023-07-11,ChargerMatched,FeasibleITransformer,80,41.75899887084961,42.30799865722656,0.5,23.722640991210938,26.472877502441406,23.722640991210938,26.472877502441406,1.4114993810653687,20260730
2023-07-11,ChargerMatched,FeasibleITransformer,84,43.409000396728516,43.409000396728516,0.25,26.129310607910156,28.262805938720703,26.129310607910156,28.262805938720703,0.4640239477157593,20260730
2023-07-11,ChargerMatched,FeasibleITransformer,96,43.409000396728516,43.409000396728516,0.0,34.63001251220703,34.63001251220703,34.63001251220703,34.63001251220703,0.45595791935920715,20260730
2023-07-12,ChargerMatched,FeasibleITransformer,32,0.0,0.0,0.0,1.0143380165100098,3.2745754718780518,1.0143380165100098,3.2745754718780518,0.16930262744426727,20260730
2023-07-12,ChargerMatched,FeasibleITransformer,48,0.0,5.921000003814697,0.875,13.356528282165527,16.748584747314453,13.356528282165527,16.748584747314453,1.6064720153808594,20260730
2023-07-12,ChargerMatched,FeasibleITransformer,64,5.921000003814697,13.889999389648438,1.1875,20.213146209716797,27.533260345458984,20.213146209716797,27.533260345458984,2.4887166023254395,20260730
2023-07-12,ChargerMatched,FeasibleITransformer,80,13.889999389648438,13.889999389648438,0.3125,40.533973693847656,40.97040939331055,40.533973693847656,40.97040939331055,1.7870702743530273,20260730
2023-07-12,ChargerMatched,FeasibleITransformer,84,13.889999389648438,13.889999389648438,0.0,43.569522857666016,43.85182189941406,43.569522857666016,43.85182189941406,0.4773055911064148,20260730
2023-07-12,ChargerMatched,FeasibleITransformer,96,13.889999389648438,13.889999389648438,0.0,50.17302703857422,50.17302703857422,50.17302703857422,50.17302703857422,0.34002479910850525,20260730
2023-07-13,ChargerMatched,FeasibleITransformer,32,0.0,3.299999952316284,0.0625,0.808131217956543,4.129685401916504,0.808131217956543,4.129685401916504,0.24230730533599854,20260730
2023-07-13,ChargerMatched,FeasibleITransformer,48,35.59600067138672,37.246002197265625,1.625,13.658076286315918,13.703431129455566,13.658076286315918,13.703431129455566,1.4892005920410156,20260730
2023-07-13,ChargerMatched,FeasibleITransformer,64,45.45999526977539,45.45999526977539,1.0625,23.640445709228516,28.47153091430664,23.640445709228516,28.47153091430664,2.4857335090637207,20260730
2023-07-13,ChargerMatched,FeasibleITransformer,80,45.45999526977539,45.45999526977539,0.0,48.602455139160156,48.602455139160156,48.602455139160156,48.602455139160156,1.8332219123840332,20260730
2023-07-13,ChargerMatched,FeasibleITransformer,84,45.45999526977539,45.45999526977539,0.0,51.91203308105469,51.91203308105469,51.91203308105469,51.91203308105469,0.5014501214027405,20260730
2023-07-13,ChargerMatched,FeasibleITransformer,96,45.45999526977539,45.45999526977539,0.0,56.79180145263672,56.79180145263672,56.79180145263672,56.79180145263672,0.24645304679870605,20260730
2023-07-14,ChargerMatched,FeasibleITransformer,32,0.0,0.0,0.0,0.6050611138343811,5.138120651245117,0.6050611138343811,5.138120651245117,0.26326683163642883,20260730
2023-07-14,ChargerMatched,FeasibleITransformer,48,0.0,0.0,0.0,11.884551048278809,12.315898895263672,11.884551048278809,12.315898895263672,1.4797829389572144,20260730
2023-07-14,ChargerMatched,FeasibleITransformer,64,12.180000305175781,12.180000305175781,0.5,21.586132049560547,32.338294982910156,21.586132049560547,32.338294982910156,2.1985867023468018,20260730
2023-07-14,ChargerMatched,FeasibleITransformer,80,35.163002014160156,38.58000183105469,1.0,48.73929977416992,48.73929977416992,48.73929977416992,48.73929977416992,1.6617515087127686,20260730
2023-07-14,ChargerMatched,FeasibleITransformer,84,41.76300048828125,41.76300048828125,1.0,53.73918533325195,53.73918533325195,53.73918533325195,53.73918533325195,0.7575581073760986,20260730
2023-07-14,ChargerMatched,FeasibleITransformer,96,41.76300048828125,41.76300048828125,0.0,58.455562591552734,58.455562591552734,58.455562591552734,58.455562591552734,0.23820096254348755,20260730
2023-07-15,ChargerMatched,FeasibleITransformer,32,0.0,0.0,0.0,0.48597484827041626,4.725435256958008,0.48597484827041626,4.725435256958008,0.20641587674617767,20260730
2023-07-15,ChargerMatched,FeasibleITransformer,48,0.0,0.0,0.0,7.459076404571533,11.003599166870117,7.459076404571533,11.003599166870117,1.398871660232544,20260730
2023-07-15,ChargerMatched,FeasibleITransformer,64,0.0,0.0,0.0,13.053836822509766,25.20601463317871,13.053836822509766,25.20601463317871,1.2590583562850952,20260730
2023-07-15,ChargerMatched,FeasibleITransformer,80,0.0,0.0,0.0,28.208694458007812,30.75469207763672,28.208694458007812,30.75469207763672,1.0846989154815674,20260730
2023-07-15,ChargerMatched,FeasibleITransformer,84,0.0,0.0,0.0,35.17240905761719,35.499488830566406,35.17240905761719,35.499488830566406,1.0551077127456665,20260730
2023-07-15,ChargerMatched,FeasibleITransformer,96,0.0,0.0,0.0,40.87019348144531,40.87019348144531,40.87019348144531,40.87019348144531,0.28776684403419495,20260730
2023-07-16,ChargerMatched,FeasibleITransformer,32,0.0,0.0,0.0,0.6429315805435181,3.660992383956909,0.6429315805435181,3.660992383956909,0.14513690769672394,20260730
2023-07-16,ChargerMatched,FeasibleITransformer,48,0.0,0.0,0.0,3.91275691986084,9.82580852508545,3.91275691986084,9.82580852508545,1.110305666923523,20260730
2023-07-16,ChargerMatched,FeasibleITransformer,64,0.0,0.0,0.0,6.6690521240234375,19.023488998413086,6.6690521240234375,19.023488998413086,1.0761072635650635,20260730
2023-07-16,ChargerMatched,FeasibleITransformer,80,0.0,0.0,0.0,19.018339157104492,24.291343688964844,19.018339157104492,24.291343688964844,0.9884911775588989,20260730
2023-07-16,ChargerMatched,FeasibleITransformer,84,0.0,0.0,0.0,24.22394371032715,27.697113037109375,24.22394371032715,27.697113037109375,0.9553027153015137,20260730
2023-07-16,ChargerMatched,FeasibleITransformer,96,0.0,0.0,0.0,31.56903076171875,31.56903076171875,31.56903076171875,31.56903076171875,0.37868010997772217,20260730
2023-07-17,ChargerMatched,FeasibleITransformer,32,0.0,3.299999952316284,0.0625,0.7694209814071655,2.3918862342834473,0.7694209814071655,2.3918862342834473,0.11167361587285995,20260730
2023-07-17,ChargerMatched,FeasibleITransformer,48,15.423999786376953,28.35300064086914,1.8125,5.058366298675537,10.627226829528809,5.058366298675537,10.627226829528809,1.0516759157180786,20260730
2023-07-17,ChargerMatched,FeasibleITransformer,64,27.84600067138672,32.79600143432617,1.5,7.0145087242126465,18.16963005065918,7.0145087242126465,18.16963005065918,1.3181684017181396,20260730
2023-07-17,ChargerMatched,FeasibleITransformer,80,32.79600143432617,32.79600143432617,0.1875,16.21187973022461,20.934619903564453,16.21187973022461,20.934619903564453,0.9306551218032837,20260730
2023-07-17,ChargerMatched,FeasibleITransformer,84,32.79600143432617,32.79600143432617,0.0,19.101741790771484,22.77149200439453,19.101741790771484,22.77149200439453,0.6709818243980408,20260730
2023-07-17,ChargerMatched,FeasibleITransformer,96,32.79600143432617,32.79600143432617,0.0,26.688579559326172,26.688579559326172,26.688579559326172,26.688579559326172,0.4337116777896881,20260730
2023-07-18,ChargerMatched,FeasibleITransformer,32,0.0,1.649999976158142,0.03125,1.0608536005020142,2.6585700511932373,1.0608536005020142,2.6585700511932373,0.11911870539188385,20260730
2023-07-18,ChargerMatched,FeasibleITransformer,48,30.812999725341797,49.5,1.8125,8.93813705444336,14.849570274353027,8.93813705444336,14.849570274353027,1.2599352598190308,20260730
2023-07-18,ChargerMatched,FeasibleITransformer,64,68.76300048828125,68.76300048828125,1.4375,12.09661865234375,23.1015567779541,12.09661865234375,23.1015567779541,1.9803144931793213,20260730
2023-07-18,ChargerMatched,FeasibleITransformer,80,68.76300048828125,68.76300048828125,0.0,24.617080688476562,27.95168685913086,24.617080688476562,27.95168685913086,1.2439111471176147,20260730
2023-07-18,ChargerMatched,FeasibleITransformer,84,68.76300048828125,68.76300048828125,0.0,27.794837951660156,29.664405822753906,27.794837951660156,29.664405822753906,0.5024260878562927,20260730
2023-07-18,ChargerMatched,FeasibleITransformer,96,68.76300048828125,68.76300048828125,0.0,36.15939712524414,36.15939712524414,36.15939712524414,36.15939712524414,0.42245233058929443,20260730
2023-07-19,ChargerMatched,FeasibleITransformer,32,0.0,25.990999221801758,0.5,0.8220332860946655,3.104112148284912,0.8220332860946655,3.104112148284912,0.16465643048286438,20260730
2023-07-19,ChargerMatched,FeasibleITransformer,48,25.095001220703125,31.69499969482422,1.5625,15.130210876464844,17.01062774658203,15.130210876464844,17.01062774658203,1.5233385562896729,20260730
2023-07-19,ChargerMatched,FeasibleITransformer,64,40.73999786376953,40.73999786376953,0.875,19.73624610900879,25.71306800842285,19.73624610900879,25.71306800842285,2.4654393196105957,20260730
2023-07-19,ChargerMatched,FeasibleITransformer,80,40.73999786376953,40.73999786376953,0.0,35.713897705078125,35.71389389038086,35.713897705078125,35.71389389038086,1.584448218345642,20260730
2023-07-19,ChargerMatched,FeasibleITransformer,84,40.73999786376953,40.73999786376953,0.0,38.201515197753906,38.201515197753906,38.201515197753906,38.201515197753906,0.37691187858581543,20260730
2023-07-19,ChargerMatched,FeasibleITransformer,96,40.73999786376953,40.73999786376953,0.0,44.605010986328125,44.605010986328125,44.605010986328125,44.605010986328125,0.32340893149375916,20260730
2023-07-20,ChargerMatched,FeasibleITransformer,32,0.0,0.0,0.0,0.5271309018135071,4.084023475646973,0.5271309018135071,4.084023475646973,0.25460317730903625,20260730
2023-07-20,ChargerMatched,FeasibleITransformer,48,11.159000396728516,17.759000778198242,0.9375,13.878449440002441,14.374588012695312,13.878449440002441,14.374588012695312,1.557405710220337,20260730
2023-07-20,ChargerMatched,FeasibleITransformer,64,17.759000778198242,17.759000778198242,0.25,27.107620239257812,29.123035430908203,27.107620239257812,29.123035430908203,2.4580929279327393,20260730
2023-07-20,ChargerMatched,FeasibleITransformer,80,17.759000778198242,17.759000778198242,0.0,49.678314208984375,49.678314208984375,49.678314208984375,49.678314208984375,1.749345302581787,20260730
2023-07-20,ChargerMatched,FeasibleITransformer,84,17.759000778198242,17.759000778198242,0.0,52.80839157104492,52.80839157104492,52.80839157104492,52.80839157104492,0.47425419092178345,20260730
2023-07-20,ChargerMatched,FeasibleITransformer,96,17.759000778198242,17.759000778198242,0.0,57.43484115600586,57.43484115600586,57.43484115600586,57.43484115600586,0.23365914821624756,20260730
2023-07-21,ChargerMatched,FeasibleITransformer,32,0.0,0.0,0.0,0.4339222311973572,6.031412601470947,0.4339222311973572,6.031412601470947,0.2891113758087158,20260730
2023-07-21,ChargerMatched,FeasibleITransformer,48,0.7179999947547913,4.01800012588501,0.1875,12.467376708984375,14.344476699829102,12.467376708984375,14.344476699829102,1.62631094455719,20260730
2023-07-21,ChargerMatched,FeasibleITransformer,64,4.01800012588501,4.01800012588501,0.125,26.194091796875,32.937767028808594,26.194091796875,32.937767028808594,1.9476337432861328,20260730
2023-07-21,ChargerMatched,FeasibleITransformer,80,7.895999908447266,7.895999908447266,0.1875,51.141258239746094,51.141258239746094,51.141258239746094,51.141258239746094,1.486659288406372,20260730
2023-07-21,ChargerMatched,FeasibleITransformer,84,7.895999908447266,7.895999908447266,0.0,55.926612854003906,55.926612854003906,55.926612854003906,55.926612854003906,0.7250523567199707,20260730
2023-07-21,ChargerMatched,FeasibleITransformer,96,7.895999908447266,7.895999908447266,0.0,60.523292541503906,60.523292541503906,60.523292541503906,60.523292541503906,0.23215597867965698,20260730
2023-07-22,ChargerMatched,FeasibleITransformer,32,0.0,1.649999976158142,0.03125,0.4485931992530823,5.268802165985107,0.4485931992530823,5.268802165985107,0.2414100021123886,20260730
2023-07-22,ChargerMatched,FeasibleITransformer,48,0.0,11.82699966430664,1.0,7.479603290557861,11.06403636932373,7.479603290557861,11.06403636932373,1.3364875316619873,20260730
2023-07-22,ChargerMatched,FeasibleITransformer,64,11.82699966430664,11.82699966430664,0.5,12.98163890838623,23.811065673828125,12.98163890838623,23.811065673828125,1.1705387830734253,20260730
2023-07-22,ChargerMatched,FeasibleITransformer,80,11.82699966430664,11.82699966430664,0.0,25.342697143554688,27.27722930908203,25.342697143554688,27.27722930908203,0.9991955161094666,20260730
2023-07-22,ChargerMatched,FeasibleITransformer,84,11.82699966430664,11.82699966430664,0.0,31.59441375732422,31.791797637939453,31.59441375732422,31.791797637939453,0.9472297430038452,20260730
2023-07-22,ChargerMatched,FeasibleITransformer,96,11.82699966430664,11.82699966430664,0.0,36.97829818725586,36.97829818725586,36.97829818725586,36.97829818725586,0.27191323041915894,20260730
2023-07-23,ChargerMatched,FeasibleITransformer,32,0.0,0.0,0.0,0.6068540215492249,3.965264081954956,0.6068540215492249,3.965264081954956,0.15611453354358673,20260730
2023-07-23,ChargerMatched,FeasibleITransformer,48,0.0,0.0,0.0,5.383406639099121,10.964153289794922,5.383406639099121,10.964153289794922,1.336461067199707,20260730
2023-07-23,ChargerMatched,FeasibleITransformer,64,0.0,0.0,0.0,8.325952529907227,19.87063217163086,8.325952529907227,19.87063217163086,0.9777088165283203,20260730
2023-07-23,ChargerMatched,FeasibleITransformer,80,11.973999977111816,11.973999977111816,1.125,16.24881935119629,22.51509666442871,16.24881935119629,22.51509666442871,0.7860944271087646,20260730
2023-07-23,ChargerMatched,FeasibleITransformer,84,11.973999977111816,11.973999977111816,0.0,21.393863677978516,24.619834899902344,21.393863677978516,24.619834899902344,0.8846878409385681,20260730
2023-07-23,ChargerMatched,FeasibleITransformer,96,11.973999977111816,11.973999977111816,0.0,28.77733039855957,28.77733039855957,28.77733039855957,28.77733039855957,0.3729023039340973,20260730
2023-07-24,ChargerMatched,FeasibleITransformer,32,0.0,0.0,0.0,0.8246936798095703,3.200852870941162,0.8246936798095703,3.200852870941162,0.12621736526489258,20260730
2023-07-24,ChargerMatched,FeasibleITransformer,48,32.415000915527344,36.92000198364258,2.4375,7.048921585083008,14.460481643676758,7.048921585083008,14.460481643676758,1.2260468006134033,20260730
2023-07-24,ChargerMatched,FeasibleITransformer,64,57.165000915527344,57.165000915527344,0.9375,11.881193161010742,23.184232711791992,11.881193161010742,23.184232711791992,1.2673996686935425,20260730
2023-07-24,ChargerMatched,FeasibleITransformer,80,57.165000915527344,57.165000915527344,0.0,22.665611267089844,27.31319808959961,22.665611267089844,27.31319808959961,0.9003553986549377,20260730
2023-07-24,ChargerMatched,FeasibleITransformer,84,57.165000915527344,57.165000915527344,0.0,25.882587432861328,29.192821502685547,25.882587432861328,29.192821502685547,0.603240966796875,20260730
2023-07-24,ChargerMatched,FeasibleITransformer,96,57.165000915527344,57.165000915527344,0.0,34.19498062133789,34.19498062133789,34.19498062133789,34.19498062133789,0.43930554389953613,20260730
2023-07-25,ChargerMatched,FeasibleITransformer,32,0.0,0.0,0.0,1.0057451725006104,3.757497787475586,1.0057451725006104,3.757497787475586,0.16411176323890686,20260730
2023-07-25,ChargerMatched,FeasibleITransformer,48,30.4950008392334,30.4950008392334,1.625,9.459110260009766,18.578983306884766,9.459110260009766,18.578983306884766,1.4214637279510498,20260730
2023-07-25,ChargerMatched,FeasibleITransformer,64,30.4950008392334,30.4950008392334,0.0,17.83566665649414,27.466941833496094,17.83566665649414,27.466941833496094,1.853399395942688,20260730
2023-07-25,ChargerMatched,FeasibleITransformer,80,39.10100173950195,39.10100173950195,0.375,33.5599479675293,35.57841110229492,33.5599479675293,35.57841110229492,1.2583246231079102,20260730
2023-07-25,ChargerMatched,FeasibleITransformer,84,39.10100173950195,39.10100173950195,0.0,36.078975677490234,37.453739166259766,36.078975677490234,37.453739166259766,0.4043847918510437,20260730
2023-07-25,ChargerMatched,FeasibleITransformer,96,39.10100173950195,39.10100173950195,0.0,44.077274322509766,44.077274322509766,44.077274322509766,44.077274322509766,0.4178549647331238,20260730
2023-07-26,ChargerMatched,FeasibleITransformer,32,0.0,0.0,0.0,0.7767005562782288,3.2175838947296143,0.7767005562782288,3.2175838947296143,0.18991778790950775,20260730
2023-07-26,ChargerMatched,FeasibleITransformer,48,4.068999767303467,15.503999710083008,1.75,15.589588165283203,17.951217651367188,15.589588165283203,17.951217651367188,1.6692622900009155,20260730
2023-07-26,ChargerMatched,FeasibleITransformer,64,33.7140007019043,33.7140007019043,1.9375,22.1317195892334,28.581588745117188,22.1317195892334,28.581588745117188,2.4161312580108643,20260730
2023-07-26,ChargerMatched,FeasibleITransformer,80,33.7140007019043,33.7140007019043,0.0,40.08433532714844,40.08433532714844,40.08433532714844,40.08433532714844,1.5738558769226074,20260730
2023-07-26,ChargerMatched,FeasibleITransformer,84,33.7140007019043,33.7140007019043,0.0,42.41972351074219,42.41972351074219,42.41972351074219,42.41972351074219,0.3538454473018646,20260730
2023-07-26,ChargerMatched,FeasibleITransformer,96,33.7140007019043,33.7140007019043,0.0,48.646060943603516,48.646060943603516,48.646060943603516,48.646060943603516,0.3144618272781372,20260730
2023-07-27,ChargerMatched,FeasibleITransformer,32,0.0,0.0,0.0,0.5318191647529602,3.914425849914551,0.5318191647529602,3.914425849914551,0.24447526037693024,20260730
2023-07-27,ChargerMatched,FeasibleITransformer,48,3.9719998836517334,13.871999740600586,0.75,15.316362380981445,15.425888061523438,15.316362380981445,15.425888061523438,1.7353436946868896,20260730
2023-07-27,ChargerMatched,FeasibleITransformer,64,13.871999740600586,13.871999740600586,0.375,26.54271697998047,29.09623908996582,26.54271697998047,29.09623908996582,2.2904350757598877,20260730
2023-07-27,ChargerMatched,FeasibleITransformer,80,13.871999740600586,13.871999740600586,0.0,49.42879867553711,49.42879867553711,49.42879867553711,49.42879867553711,1.7580482959747314,20260730
2023-07-27,ChargerMatched,FeasibleITransformer,84,13.871999740600586,13.871999740600586,0.0,52.306541442871094,52.306541442871094,52.306541442871094,52.306541442871094,0.4360215663909912,20260730
2023-07-27,ChargerMatched,FeasibleITransformer,96,13.871999740600586,13.871999740600586,0.0,56.849098205566406,56.849098205566406,56.849098205566406,56.849098205566406,0.22942206263542175,20260730
2023-07-28,ChargerMatched,FeasibleITransformer,32,0.0,0.0,0.0,0.46728166937828064,4.784287452697754,0.46728166937828064,4.784287452697754,0.28516364097595215,20260730
2023-07-28,ChargerMatched,FeasibleITransformer,48,0.0,0.0,0.0,12.237085342407227,13.325082778930664,12.237085342407227,13.325082778930664,1.7596725225448608,20260730
2023-07-28,ChargerMatched,FeasibleITransformer,64,0.0,0.0,0.0,24.561626434326172,30.865020751953125,24.561626434326172,30.865020751953125,1.924992322921753,20260730
2023-07-28,ChargerMatched,FeasibleITransformer,80,0.0,0.0,0.0,47.74172592163086,47.74172592163086,47.74172592163086,47.74172592163086,1.3672373294830322,20260730
2023-07-28,ChargerMatched,FeasibleITransformer,84,0.0,0.0,0.0,52.003509521484375,52.003509521484375,52.003509521484375,52.003509521484375,0.6457239985466003,20260730
2023-07-28,ChargerMatched,FeasibleITransformer,96,0.0,0.0,0.0,56.25495910644531,56.25495910644531,56.25495910644531,56.25495910644531,0.21471980214118958,20260730
2023-07-29,ChargerMatched,FeasibleITransformer,32,0.0,0.0,0.0,0.5011895895004272,4.925930023193359,0.5011895895004272,4.925930023193359,0.2428695261478424,20260730
2023-07-29,ChargerMatched,FeasibleITransformer,48,0.0,0.0,0.0,7.5003581047058105,10.847390174865723,7.5003581047058105,10.847390174865723,1.4548765420913696,20260730
2023-07-29,ChargerMatched,FeasibleITransformer,64,1.225000023841858,1.225000023841858,0.125,12.46640682220459,22.752952575683594,12.46640682220459,22.752952575683594,1.0979799032211304,20260730
2023-07-29,ChargerMatched,FeasibleITransformer,80,1.225000023841858,1.225000023841858,0.0,24.33414077758789,25.82293701171875,24.33414077758789,25.82293701171875,0.9695092439651489,20260730
2023-07-29,ChargerMatched,FeasibleITransformer,84,1.225000023841858,1.225000023841858,0.0,29.54128646850586,29.8177490234375,29.54128646850586,29.8177490234375,0.7889606356620789,20260730
2023-07-29,ChargerMatched,FeasibleITransformer,96,1.225000023841858,1.225000023841858,0.0,34.84346389770508,34.84346389770508,34.84346389770508,34.84346389770508,0.26778680086135864,20260730
2023-07-30,ChargerMatched,FeasibleITransformer,32,0.0,4.949999809265137,0.09375,0.5981549620628357,4.45382022857666,0.5981549620628357,4.45382022857666,0.17622926831245422,20260730
2023-07-30,ChargerMatched,FeasibleITransformer,48,8.61400032043457,11.913999557495117,1.0,6.3795647621154785,11.838800430297852,6.3795647621154785,11.838800430297852,1.4636154174804688,20260730
2023-07-30,ChargerMatched,FeasibleITransformer,64,17.972999572753906,17.972999572753906,0.5,10.103931427001953,21.145713806152344,10.103931427001953,21.145713806152344,0.9425944089889526,20260730
2023-07-30,ChargerMatched,FeasibleITransformer,80,17.972999572753906,17.972999572753906,0.0,18.906578063964844,23.71668815612793,18.906578063964844,23.71668815612793,0.784981369972229,20260730
2023-07-30,ChargerMatched,FeasibleITransformer,84,17.972999572753906,17.972999572753906,0.0,23.07915687561035,25.826839447021484,23.07915687561035,25.826839447021484,0.7129939794540405,20260730
2023-07-30,ChargerMatched,FeasibleITransformer,96,17.972999572753906,17.972999572753906,0.0,30.000228881835938,30.000228881835938,30.000228881835938,30.000228881835938,0.34954914450645447,20260730
2023-07-31,ChargerMatched,FeasibleITransformer,32,0.0,0.0,0.0,0.926563024520874,2.7172062397003174,0.926563024520874,2.7172062397003174,0.13739733397960663,20260730
2023-07-31,ChargerMatched,FeasibleITransformer,48,2.813000202178955,4.564000129699707,0.75,7.423252105712891,14.391911506652832,7.423252105712891,14.391911506652832,1.4696063995361328,20260730
2023-07-31,ChargerMatched,FeasibleITransformer,64,45.78700256347656,48.26000213623047,1.8125,12.63542366027832,23.277156829833984,12.63542366027832,23.277156829833984,1.310370683670044,20260730
2023-07-31,ChargerMatched,FeasibleITransformer,80,49.086997985839844,49.086997985839844,0.125,21.91797637939453,25.951602935791016,21.91797637939453,25.951602935791016,0.7874873876571655,20260730
2023-07-31,ChargerMatched,FeasibleITransformer,84,49.086997985839844,49.086997985839844,0.0,24.504487991333008,27.56098175048828,24.504487991333008,27.56098175048828,0.5555574893951416,20260730
2023-07-31,ChargerMatched,FeasibleITransformer,96,49.086997985839844,49.086997985839844,0.0,32.195716857910156,32.195716857910156,32.195716857910156,32.195716857910156,0.42552119493484497,20260730
2023-08-01,ChargerMatched,FeasibleITransformer,32,3.190000057220459,6.489999771118164,0.125,0.9450756311416626,2.5279808044433594,0.9450756311416626,2.5279808044433594,0.1350644826889038,20260730
2023-08-01,ChargerMatched,FeasibleITransformer,48,16.391000747680664,18.03999900817871,0.5625,9.622125625610352,16.547924041748047,9.622125625610352,16.547924041748047,1.5290067195892334,20260730
2023-08-01,ChargerMatched,FeasibleITransformer,64,36.191001892089844,37.33399963378906,1.0625,13.527080535888672,23.833866119384766,13.527080535888672,23.833866119384766,1.8107879161834717,20260730
2023-08-01,ChargerMatched,FeasibleITransformer,80,37.33399963378906,37.33399963378906,0.125,25.94664764404297,28.135713577270508,25.94664764404297,28.135713577270508,1.079694390296936,20260730
2023-08-01,ChargerMatched,FeasibleITransformer,84,42.01899719238281,43.933998107910156,1.0,28.247169494628906,29.651084899902344,28.247169494628906,29.651084899902344,0.3485638499259949,20260730
2023-08-01,ChargerMatched,FeasibleITransformer,96,48.61899948120117,48.61899948120117,0.3333333432674408,35.673980712890625,35.673980712890625,35.673980712890625,35.673980712890625,0.37509140372276306,20260730
2023-08-02,ChargerMatched,FeasibleITransformer,32,0.0,0.0,0.0,0.874113917350769,4.129519939422607,0.874113917350769,4.129519939422607,0.20576763153076172,20260730
2023-08-02,ChargerMatched,FeasibleITransformer,48,0.0,6.005000114440918,0.9375,14.832940101623535,16.673675537109375,14.832940101623535,16.673675537109375,1.4825589656829834,20260730
2023-08-02,ChargerMatched,FeasibleITransformer,64,27.388999938964844,30.68899917602539,1.6875,20.233924865722656,26.26116180419922,20.233924865722656,26.26116180419922,2.400020122528076,20260730
2023-08-02,ChargerMatched,FeasibleITransformer,80,30.68899917602539,30.68899917602539,0.125,38.646690368652344,38.646690368652344,38.646690368652344,38.646690368652344,1.4038019180297852,20260730
2023-08-02,ChargerMatched,FeasibleITransformer,84,30.68899917602539,30.68899917602539,0.0,40.74042892456055,40.74042892456055,40.74042892456055,40.74042892456055,0.3172336220741272,20260730
2023-08-02,ChargerMatched,FeasibleITransformer,96,30.68899917602539,30.68899917602539,0.0,46.52958679199219,46.52958679199219,46.52958679199219,46.52958679199219,0.2923815846443176,20260730
2023-08-03,ChargerMatched,FeasibleITransformer,32,0.0,0.0,0.0,0.5835583209991455,3.490713596343994,0.5835583209991455,3.490713596343994,0.24274945259094238,20260730
2023-08-03,ChargerMatched,FeasibleITransformer,48,18.555999755859375,31.756000518798828,2.0625,12.727322578430176,12.72732162475586,12.727322578430176,12.72732162475586,1.4827947616577148,20260730
2023-08-03,ChargerMatched,FeasibleITransformer,64,45.60099792480469,72.56700134277344,1.75,23.188207626342773,25.083417892456055,23.188207626342773,25.083417892456055,2.1351513862609863,20260730
2023-08-03,ChargerMatched,FeasibleITransformer,80,76.95099639892578,76.95099639892578,1.1875,41.413970947265625,41.413970947265625,41.413970947265625,41.413970947265625,1.5928491353988647,20260730
2023-08-03,ChargerMatched,FeasibleITransformer,84,76.95099639892578,76.95099639892578,0.0,44.17340850830078,44.17340850830078,44.17340850830078,44.17340850830078,0.4180962145328522,20260730
2023-08-03,ChargerMatched,FeasibleITransformer,96,76.95099639892578,76.95099639892578,0.0,48.39982223510742,48.39982223510742,48.39982223510742,48.39982223510742,0.21345525979995728,20260730
2023-08-04,ChargerMatched,FeasibleITransformer,32,0.0,0.0,0.0,0.5762393474578857,4.873190879821777,0.5762393474578857,4.873190879821777,0.26455751061439514,20260730
2023-08-04,ChargerMatched,FeasibleITransformer,48,0.0,8.25,0.3125,11.664251327514648,12.06265640258789,11.664251327514648,12.06265640258789,1.650285243988037,20260730
2023-08-04,ChargerMatched,FeasibleITransformer,64,15.270999908447266,18.570999145507812,1.0,21.4497013092041,28.744844436645508,21.4497013092041,28.744844436645508,1.823073387145996,20260730
2023-08-04,ChargerMatched,FeasibleITransformer,80,22.779998779296875,22.779998779296875,0.625,44.963626861572266,44.963626861572266,44.963626861572266,44.963626861572266,1.3242522478103638,20260730
2023-08-04,ChargerMatched,FeasibleITransformer,84,22.779998779296875,22.779998779296875,0.0,49.18333053588867,49.18333053588867,49.18333053588867,49.18333053588867,0.6393489837646484,20260730
2023-08-04,ChargerMatched,FeasibleITransformer,96,22.779998779296875,22.779998779296875,0.0,53.34953308105469,53.34953308105469,53.34953308105469,53.34953308105469,0.21041429042816162,20260730
2023-08-05,ChargerMatched,FeasibleITransformer,32,0.0,0.0,0.0,0.5865274667739868,5.341751575469971,0.5865274667739868,5.341751575469971,0.22623491287231445,20260730
2023-08-05,ChargerMatched,FeasibleITransformer,48,11.979999542236328,33.75,1.8125,8.432029724121094,11.987997055053711,8.432029724121094,11.987997055053711,1.5386207103729248,20260730
2023-08-05,ChargerMatched,FeasibleITransformer,64,42.43000030517578,47.73899841308594,1.875,14.24073600769043,26.62552833557129,14.24073600769043,26.62552833557129,1.2084095478057861,20260730
2023-08-05,ChargerMatched,FeasibleITransformer,80,47.73899841308594,47.73899841308594,0.3125,29.859987258911133,30.927453994750977,29.859987258911133,30.927453994750977,1.0697693824768066,20260730
2023-08-05,ChargerMatched,FeasibleITransformer,84,47.73899841308594,47.73899841308594,0.0,35.198150634765625,35.198150634765625,35.198150634765625,35.198150634765625,0.8088127970695496,20260730
2023-08-05,ChargerMatched,FeasibleITransformer,96,47.73899841308594,47.73899841308594,0.0,40.26261520385742,40.26261520385742,40.26261520385742,40.26261520385742,0.2557809352874756,20260730
2023-08-06,ChargerMatched,FeasibleITransformer,32,0.0,0.0,0.0,0.8456995487213135,4.299415588378906,0.8456995487213135,4.299415588378906,0.16201986372470856,20260730
2023-08-06,ChargerMatched,FeasibleITransformer,48,0.0,0.0,0.0,6.0269622802734375,13.14859390258789,6.0269622802734375,13.14859390258789,1.6533781290054321,20260730
2023-08-06,ChargerMatched,FeasibleITransformer,64,0.0,4.553999900817871,0.1875,15.707834243774414,26.66669273376465,15.707834243774414,26.66669273376465,1.3251142501831055,20260730
2023-08-06,ChargerMatched,FeasibleITransformer,80,10.121999740600586,10.121999740600586,1.25,27.911270141601562,31.193557739257812,27.911270141601562,31.193557739257812,0.7632642984390259,20260730
2023-08-06,ChargerMatched,FeasibleITransformer,84,10.121999740600586,10.121999740600586,0.0,32.466285705566406,34.027137756347656,32.466285705566406,34.027137756347656,0.6901528835296631,20260730
2023-08-06,ChargerMatched,FeasibleITransformer,96,10.121999740600586,10.121999740600586,0.0,39.33848571777344,39.33848571777344,39.33848571777344,39.33848571777344,0.34708085656166077,20260730
2023-08-07,ChargerMatched,FeasibleITransformer,32,0.0,0.0,0.0,0.9591140747070312,2.887199640274048,0.9591140747070312,2.887199640274048,0.1296505481004715,20260730
2023-08-07,ChargerMatched,FeasibleITransformer,48,11.246999740600586,19.496999740600586,1.1875,8.229052543640137,15.965868949890137,8.229052543640137,15.965868949890137,1.547365665435791,20260730
2023-08-07,ChargerMatched,FeasibleITransformer,64,24.957000732421875,24.957000732421875,1.25,16.887405395507812,27.349193572998047,16.887405395507812,27.349193572998047,1.4845799207687378,20260730
2023-08-07,ChargerMatched,FeasibleITransformer,80,25.562000274658203,27.21200180053711,0.8125,27.64449691772461,32.041046142578125,27.64449691772461,32.041046142578125,0.7893606424331665,20260730
2023-08-07,ChargerMatched,FeasibleITransformer,84,27.21200180053711,27.21200180053711,0.25,30.8933048248291,33.59111022949219,30.8933048248291,33.59111022949219,0.5107422471046448,20260730
2023-08-07,ChargerMatched,FeasibleITransformer,96,27.21200180053711,27.21200180053711,0.0,38.83330535888672,38.83330535888672,38.83330535888672,38.83330535888672,0.41114819049835205,20260730
2023-08-08,ChargerMatched,FeasibleITransformer,32,0.5640000104904175,3.299999952316284,0.0625,1.128387212753296,3.031893253326416,1.128387212753296,3.031893253326416,0.14175818860530853,20260730
2023-08-08,ChargerMatched,FeasibleITransformer,48,20.36400032043457,31.91400146484375,1.1875,10.689597129821777,16.065216064453125,10.689597129821777,16.065216064453125,1.3500901460647583,20260730
2023-08-08,ChargerMatched,FeasibleITransformer,64,39.49199676513672,57.641998291015625,1.75,15.509485244750977,24.48206329345703,15.509485244750977,24.48206329345703,1.8264904022216797,20260730
2023-08-08,ChargerMatched,FeasibleITransformer,80,57.641998291015625,57.641998291015625,0.6875,30.261367797851562,31.460777282714844,30.261367797851562,31.460777282714844,1.1813371181488037,20260730
2023-08-08,ChargerMatched,FeasibleITransformer,84,57.641998291015625,57.641998291015625,0.0,32.76197052001953,33.23896026611328,32.76197052001953,33.23896026611328,0.37887972593307495,20260730
2023-08-08,ChargerMatched,FeasibleITransformer,96,57.641998291015625,57.641998291015625,0.0,40.06627655029297,40.06627655029297,40.06627655029297,40.06627655029297,0.3689042627811432,20260730
2023-08-09,ChargerMatched,FeasibleITransformer,32,0.0,0.0,0.0,1.0761326551437378,3.9264330863952637,1.0761326551437378,3.9264330863952637,0.1873750239610672,20260730
2023-08-09,ChargerMatched,FeasibleITransformer,48,8.795999526977539,18.696001052856445,1.3125,16.68535614013672,18.883750915527344,16.68535614013672,18.883750915527344,1.6529126167297363,20260730
2023-08-09,ChargerMatched,FeasibleITransformer,64,18.696001052856445,18.696001052856445,0.375,24.36894989013672,30.651437759399414,24.36894989013672,30.651437759399414,2.631399154663086,20260730
2023-08-09,ChargerMatched,FeasibleITransformer,80,18.696001052856445,18.696001052856445,0.0,48.66979217529297,48.66979217529297,48.66979217529297,48.66979217529297,1.5734915733337402,20260730
2023-08-09,ChargerMatched,FeasibleITransformer,84,18.696001052856445,18.696001052856445,0.0,50.85491943359375,50.85491943359375,50.85491943359375,50.85491943359375,0.33108001947402954,20260730
2023-08-09,ChargerMatched,FeasibleITransformer,96,18.696001052856445,18.696001052856445,0.0,56.45587158203125,56.45587158203125,56.45587158203125,56.45587158203125,0.28287655115127563,20260730
2023-08-10,ChargerMatched,FeasibleITransformer,32,6.682000160217285,9.071999549865723,0.25,0.7262852191925049,4.603377342224121,0.7262852191925049,4.603377342224121,0.2547649145126343,20260730
2023-08-10,ChargerMatched,FeasibleITransformer,48,26.48200035095215,46.24100112915039,2.3125,16.005840301513672,16.54954719543457,16.005840301513672,16.54954719543457,1.8643512725830078,20260730
2023-08-10,ChargerMatched,FeasibleITransformer,64,45.5620002746582,53.770999908447266,2.3125,27.928348541259766,30.47146224975586,27.928348541259766,30.47146224975586,2.4718942642211914,20260730
2023-08-10,ChargerMatched,FeasibleITransformer,80,53.770999908447266,53.770999908447266,0.375,50.26327133178711,50.26327133178711,50.26327133178711,50.26327133178711,1.7425938844680786,20260730
2023-08-10,ChargerMatched,FeasibleITransformer,84,53.770999908447266,53.770999908447266,0.0,52.89055633544922,52.89055633544922,52.89055633544922,52.89055633544922,0.39807409048080444,20260730
2023-08-10,ChargerMatched,FeasibleITransformer,96,53.770999908447266,53.770999908447266,0.0,57.07194519042969,57.07194519042969,57.07194519042969,57.07194519042969,0.21118104457855225,20260730
2023-08-11,ChargerMatched,FeasibleITransformer,32,0.0,0.0,0.0,0.844928503036499,6.572818756103516,0.844928503036499,6.572818756103516,0.3167163133621216,20260730
2023-08-11,ChargerMatched,FeasibleITransformer,48,0.0,0.0,0.0,14.678274154663086,16.284038543701172,14.678274154663086,16.284038543701172,1.8648993968963623,20260730
2023-08-11,ChargerMatched,FeasibleITransformer,64,5.497000217437744,5.497000217437744,1.1875,25.474571228027344,33.616966247558594,25.474571228027344,33.616966247558594,1.9607605934143066,20260730
2023-08-11,ChargerMatched,FeasibleITransformer,80,5.497000217437744,5.497000217437744,0.0,52.83466720581055,52.83466720581055,52.83466720581055,52.83466720581055,1.4012845754623413,20260730
2023-08-11,ChargerMatched,FeasibleITransformer,84,5.497000217437744,5.497000217437744,0.0,56.6890754699707,56.6890754699707,56.6890754699707,56.6890754699707,0.5840010643005371,20260730
2023-08-11,ChargerMatched,FeasibleITransformer,96,5.497000217437744,5.497000217437744,0.0,60.77962112426758,60.77962112426758,60.77962112426758,60.77962112426758,0.2065930813550949,20260730
2023-08-12,ChargerMatched,FeasibleITransformer,32,0.0,0.0,0.0,0.8561339378356934,5.303352355957031,0.8561339378356934,5.303352355957031,0.2420060932636261,20260730
2023-08-12,ChargerMatched,FeasibleITransformer,48,0.0,4.296000003814697,0.5,9.084315299987793,12.981757164001465,9.084315299987793,12.981757164001465,1.639825463294983,20260730
2023-08-12,ChargerMatched,FeasibleITransformer,64,5.421000003814697,9.717000007629395,1.375,17.854389190673828,28.833906173706055,17.854389190673828,28.833906173706055,1.3467823266983032,20260730
2023-08-12,ChargerMatched,FeasibleITransformer,80,9.717000007629395,9.717000007629395,0.3125,33.838279724121094,33.94574737548828,33.838279724121094,33.94574737548828,0.9095532894134521,20260730
2023-08-12,ChargerMatched,FeasibleITransformer,84,9.717000007629395,9.717000007629395,0.0,38.118553161621094,38.118553161621094,38.118553161621094,38.118553161621094,0.6485263705253601,20260730
2023-08-12,ChargerMatched,FeasibleITransformer,96,9.717000007629395,9.717000007629395,0.0,42.6146240234375,42.6146240234375,42.6146240234375,42.6146240234375,0.22707438468933105,20260730
2023-08-13,ChargerMatched,FeasibleITransformer,32,0.0,0.0,0.0,0.9547558426856995,4.324180603027344,0.9547558426856995,4.324180603027344,0.1839376538991928,20260730
2023-08-13,ChargerMatched,FeasibleITransformer,48,0.0,0.0,0.0,6.111591339111328,12.085264205932617,6.111591339111328,12.085264205932617,1.51429283618927,20260730
2023-08-13,ChargerMatched,FeasibleITransformer,64,5.197999954223633,8.25,0.3125,10.57486629486084,22.56826400756836,10.57486629486084,22.56826400756836,1.0888862609863281,20260730
2023-08-13,ChargerMatched,FeasibleITransformer,80,25.750999450683594,27.4010009765625,1.25,21.371767044067383,25.035255432128906,21.371767044067383,25.035255432128906,0.7253822684288025,20260730
2023-08-13,ChargerMatched,FeasibleITransformer,84,27.4010009765625,27.4010009765625,0.25,25.339414596557617,26.952884674072266,25.339414596557617,26.952884674072266,0.6011589765548706,20260730
2023-08-13,ChargerMatched,FeasibleITransformer,96,27.4010009765625,27.4010009765625,0.0,31.818435668945312,31.818435668945312,31.818435668945312,31.818435668945312,0.3272232711315155,20260730
2023-08-14,ChargerMatched,FeasibleITransformer,32,0.0,1.649999976158142,0.03125,1.2317299842834473,3.390488386154175,1.2317299842834473,3.390488386154175,0.1334114372730255,20260730
2023-08-14,ChargerMatched,FeasibleITransformer,48,21.06399917602539,24.10099983215332,1.5,9.232938766479492,18.606204986572266,9.232938766479492,18.606204986572266,1.6582591533660889,20260730
2023-08-14,ChargerMatched,FeasibleITransformer,64,41.26499938964844,41.26499938964844,0.875,21.539634704589844,31.7160587310791,21.539634704589844,31.7160587310791,1.530627965927124,20260730
2023-08-14,ChargerMatched,FeasibleITransformer,80,41.26499938964844,41.26499938964844,0.0,35.39604187011719,37.3624382019043,35.39604187011719,37.3624382019043,0.8723905086517334,20260730
2023-08-14,ChargerMatched,FeasibleITransformer,84,41.26499938964844,41.26499938964844,0.0,38.2233772277832,39.298919677734375,38.2233772277832,39.298919677734375,0.49219751358032227,20260730
2023-08-14,ChargerMatched,FeasibleITransformer,96,41.26499938964844,41.26499938964844,0.0,45.592079162597656,45.592079162597656,45.592079162597656,45.592079162597656,0.3923625946044922,20260730
2023-08-15,ChargerMatched,FeasibleITransformer,32,1.9529999494552612,3.299999952316284,0.0625,1.5996265411376953,3.1005606651306152,1.5996265411376953,3.1005606651306152,0.13858428597450256,20260730
2023-08-15,ChargerMatched,FeasibleITransformer,48,27.69700050354004,30.003000259399414,1.0625,11.741342544555664,18.35333824157715,11.741342544555664,18.35333824157715,1.4313067197799683,20260730
2023-08-15,ChargerMatched,FeasibleITransformer,64,54.09700012207031,56.40299987792969,1.0,18.143001556396484,27.699386596679688,18.143001556396484,27.699386596679688,2.0836312770843506,20260730
2023-08-15,ChargerMatched,FeasibleITransformer,80,57.397003173828125,57.397003173828125,0.125,33.14643478393555,34.662357330322266,33.14643478393555,34.662357330322266,1.0347400903701782,20260730
2023-08-15,ChargerMatched,FeasibleITransformer,84,57.397003173828125,57.397003173828125,0.0,35.61872863769531,36.61251449584961,35.61872863769531,36.61251449584961,0.3897622525691986,20260730
2023-08-15,ChargerMatched,FeasibleITransformer,96,57.397003173828125,57.397003173828125,0.0,43.15320587158203,43.15320587158203,43.15320587158203,43.15320587158203,0.38053542375564575,20260730
2023-08-16,ChargerMatched,FeasibleITransformer,32,0.0,1.649999976158142,0.03125,1.578583836555481,3.5441205501556396,1.578583836555481,3.5441205501556396,0.1915072798728943,20260730
2023-08-16,ChargerMatched,FeasibleITransformer,48,32.1609992980957,57.547000885009766,3.125,16.842205047607422,19.13486099243164,16.842205047607422,19.13486099243164,1.774040937423706,20260730
2023-08-16,ChargerMatched,FeasibleITransformer,64,83.65299987792969,93.55299377441406,2.75,28.97590446472168,32.49946594238281,28.97590446472168,32.49946594238281,2.5613675117492676,20260730
2023-08-16,ChargerMatched,FeasibleITransformer,80,94.55500030517578,94.55500030517578,0.5625,49.08579635620117,49.08579635620117,49.08579635620117,49.08579635620117,1.427384376525879,20260730
2023-08-16,ChargerMatched,FeasibleITransformer,84,94.55500030517578,94.55500030517578,0.0,50.954322814941406,50.954322814941406,50.954322814941406,50.954322814941406,0.28310978412628174,20260730
2023-08-16,ChargerMatched,FeasibleITransformer,96,94.55500030517578,94.55500030517578,0.0,56.2145881652832,56.2145881652832,56.2145881652832,56.2145881652832,0.2656703293323517,20260730
2023-08-17,ChargerMatched,FeasibleITransformer,32,0.0,0.0,0.0,0.9557519555091858,3.6836159229278564,0.9557519555091858,3.6836159229278564,0.2299569845199585,20260730
2023-08-17,ChargerMatched,FeasibleITransformer,48,5.326000213623047,33.375999450683594,1.875,16.681522369384766,16.681522369384766,16.681522369384766,16.681522369384766,1.7700066566467285,20260730
2023-08-17,ChargerMatched,FeasibleITransformer,64,36.37699890136719,62.777000427246094,2.0,29.55821990966797,32.84866714477539,29.55821990966797,32.84866714477539,2.571908712387085,20260730
2023-08-17,ChargerMatched,FeasibleITransformer,80,62.777000427246094,62.777000427246094,1.0,61.494834899902344,61.494834899902344,61.494834899902344,61.494834899902344,1.8846288919448853,20260730
2023-08-17,ChargerMatched,FeasibleITransformer,84,62.777000427246094,62.777000427246094,0.0,63.810821533203125,63.810821533203125,63.810821533203125,63.810821533203125,0.3509064316749573,20260730
2023-08-17,ChargerMatched,FeasibleITransformer,96,62.777000427246094,62.777000427246094,0.0,67.84605407714844,67.84605407714844,67.84605407714844,67.84605407714844,0.20379962027072906,20260730
2023-08-18,ChargerMatched,FeasibleITransformer,32,0.0,0.0,0.0,0.6489791870117188,4.063746452331543,0.6489791870117188,4.063746452331543,0.24683457612991333,20260730
2023-08-18,ChargerMatched,FeasibleITransformer,48,4.329999923706055,10.930000305175781,1.125,13.974889755249023,13.993046760559082,13.974889755249023,13.993046760559082,1.9945625066757202,20260730
2023-08-18,ChargerMatched,FeasibleITransformer,64,11.901000022888184,11.901000022888184,0.5625,24.706260681152344,31.863134384155273,24.706260681152344,31.863134384155273,1.9413516521453857,20260730
2023-08-18,ChargerMatched,FeasibleITransformer,80,11.901000022888184,11.901000022888184,0.0,48.168792724609375,48.168792724609375,48.168792724609375,48.168792724609375,1.2620651721954346,20260730
2023-08-18,ChargerMatched,FeasibleITransformer,84,11.901000022888184,11.901000022888184,0.0,51.14221954345703,51.14221954345703,51.14221954345703,51.14221954345703,0.4505194425582886,20260730
2023-08-18,ChargerMatched,FeasibleITransformer,96,11.901000022888184,11.901000022888184,0.0,54.810115814208984,54.810115814208984,54.810115814208984,54.810115814208984,0.18524743616580963,20260730
2023-08-19,ChargerMatched,FeasibleITransformer,32,0.0,0.0,0.0,0.6821674704551697,4.124354839324951,0.6821674704551697,4.124354839324951,0.20938406884670258,20260730
2023-08-19,ChargerMatched,FeasibleITransformer,48,0.0,0.0,0.0,8.906429290771484,11.486376762390137,8.906429290771484,11.486376762390137,1.7359122037887573,20260730
2023-08-19,ChargerMatched,FeasibleITransformer,64,0.0,1.649999976158142,0.0625,15.11081314086914,25.170377731323242,15.11081314086914,25.170377731323242,1.1975369453430176,20260730
2023-08-19,ChargerMatched,FeasibleITransformer,80,24.80900001525879,28.049999237060547,1.0,32.30216598510742,32.5346794128418,32.30216598510742,32.5346794128418,0.9302933216094971,20260730
2023-08-19,ChargerMatched,FeasibleITransformer,84,31.409000396728516,33.058998107910156,1.0,36.3082275390625,36.3082275390625,36.3082275390625,36.3082275390625,0.6069791913032532,20260730
2023-08-19,ChargerMatched,FeasibleITransformer,96,33.058998107910156,33.058998107910156,0.0833333358168602,41.03931427001953,41.03931427001953,41.03931427001953,41.03931427001953,0.23894387483596802,20260730
2023-08-20,ChargerMatched,FeasibleITransformer,32,0.0,0.0,0.0,0.9795936942100525,3.022355318069458,0.9795936942100525,3.022355318069458,0.13996100425720215,20260730
2023-08-20,ChargerMatched,FeasibleITransformer,48,0.0,0.0,0.0,7.300816535949707,13.326014518737793,7.300816535949707,13.326014518737793,1.7591745853424072,20260730
2023-08-20,ChargerMatched,FeasibleITransformer,64,0.0,0.0,0.0,14.099180221557617,25.53338623046875,14.099180221557617,25.53338623046875,1.0157570838928223,20260730
2023-08-20,ChargerMatched,FeasibleITransformer,80,0.0,0.0,0.0,25.924367904663086,28.45844268798828,25.924367904663086,28.45844268798828,0.6594085693359375,20260730
2023-08-20,ChargerMatched,FeasibleITransformer,84,0.0,0.0,0.0,30.115427017211914,31.258819580078125,30.115427017211914,31.258819580078125,0.6350093483924866,20260730
2023-08-20,ChargerMatched,FeasibleITransformer,96,0.0,0.0,0.0,36.35261917114258,36.35261917114258,36.35261917114258,36.35261917114258,0.31500956416130066,20260730
2023-08-21,ChargerMatched,FeasibleITransformer,32,0.0,4.949999809265137,0.09375,1.7516367435455322,2.7401978969573975,1.7516367435455322,2.7401978969573975,0.11944150179624557,20260730
2023-08-21,ChargerMatched,FeasibleITransformer,48,14.255000114440918,17.55500030517578,1.0,8.54123306274414,15.112237930297852,8.54123306274414,15.112237930297852,1.4309749603271484,20260730
2023-08-21,ChargerMatched,FeasibleITransformer,64,17.55500030517578,17.55500030517578,0.125,14.092268943786621,26.261232376098633,14.092268943786621,26.261232376098633,1.5954501628875732,20260730
2023-08-21,ChargerMatched,FeasibleITransformer,80,17.55500030517578,17.55500030517578,0.0,28.270416259765625,31.188446044921875,28.270416259765625,31.188446044921875,0.8176454305648804,20260730
2023-08-21,ChargerMatched,FeasibleITransformer,84,17.55500030517578,17.55500030517578,0.0,31.402793884277344,33.40177536010742,31.402793884277344,33.40177536010742,0.5685785412788391,20260730
2023-08-21,ChargerMatched,FeasibleITransformer,96,17.55500030517578,17.55500030517578,0.0,39.2609748840332,39.2609748840332,39.2609748840332,39.2609748840332,0.4001392424106598,20260730
2023-08-22,ChargerMatched,FeasibleITransformer,32,0.0,0.0,0.0,1.7095813751220703,2.268090009689331,1.7095813751220703,2.268090009689331,0.1265902817249298,20260730
2023-08-22,ChargerMatched,FeasibleITransformer,48,3.1579999923706055,3.1579999923706055,0.4375,11.925909042358398,16.56822967529297,11.925909042358398,16.56822967529297,1.5759468078613281,20260730
2023-08-22,ChargerMatched,FeasibleITransformer,64,3.1579999923706055,3.1579999923706055,0.0,15.491064071655273,26.08517837524414,15.491064071655273,26.08517837524414,1.9073162078857422,20260730
2023-08-22,ChargerMatched,FeasibleITransformer,80,3.1579999923706055,3.1579999923706055,0.0,29.91647720336914,30.86022186279297,29.91647720336914,30.86022186279297,0.9521566033363342,20260730
2023-08-22,ChargerMatched,FeasibleITransformer,84,3.1579999923706055,3.1579999923706055,0.0,32.3824462890625,32.89019012451172,32.3824462890625,32.89019012451172,0.3736315965652466,20260730
2023-08-22,ChargerMatched,FeasibleITransformer,96,3.1579999923706055,3.1579999923706055,0.0,39.39686584472656,39.39686584472656,39.39686584472656,39.39686584472656,0.3542638123035431,20260730
2023-08-23,ChargerMatched,FeasibleITransformer,32,0.0,0.0,0.0,1.328192114830017,2.483091354370117,1.328192114830017,2.483091354370117,0.16009292006492615,20260730
2023-08-23,ChargerMatched,FeasibleITransformer,48,2.822000026702881,10.457000732421875,1.5,18.990768432617188,20.47827911376953,18.990768432617188,20.47827911376953,2.01998233795166,20260730
2023-08-23,ChargerMatched,FeasibleITransformer,64,10.457000732421875,15.045000076293945,0.9375,25.638818740844727,31.808963775634766,25.638818740844727,31.808963775634766,2.445049285888672,20260730
2023-08-23,ChargerMatched,FeasibleITransformer,80,26.45600128173828,26.45600128173828,1.0625,49.15805435180664,49.15805435180664,49.15805435180664,49.15805435180664,1.5210286378860474,20260730
2023-08-23,ChargerMatched,FeasibleITransformer,84,26.45600128173828,26.45600128173828,0.0,51.05671310424805,51.05671310424805,51.05671310424805,51.05671310424805,0.2876756191253662,20260730
2023-08-23,ChargerMatched,FeasibleITransformer,96,26.45600128173828,26.45600128173828,0.0,56.14164733886719,56.14164733886719,56.14164733886719,56.14164733886719,0.25681498646736145,20260730
2023-08-24,ChargerMatched,FeasibleITransformer,32,0.0,3.299999952316284,0.0625,1.0329265594482422,3.467988967895508,1.0329265594482422,3.467988967895508,0.22729650139808655,20260730
2023-08-24,ChargerMatched,FeasibleITransformer,48,11.46399974822998,27.964000701904297,1.0,16.01339340209961,16.517074584960938,16.01339340209961,16.517074584960938,1.9889295101165771,20260730
2023-08-24,ChargerMatched,FeasibleITransformer,64,27.964000701904297,34.374000549316406,1.3125,28.249942779541016,30.63656997680664,28.249942779541016,30.63656997680664,2.241572380065918,20260730
2023-08-24,ChargerMatched,FeasibleITransformer,80,34.374000549316406,34.374000549316406,0.3125,55.61937713623047,55.61937713623047,55.61937713623047,55.61937713623047,1.5684314966201782,20260730
2023-08-24,ChargerMatched,FeasibleITransformer,84,36.345001220703125,37.67399978637695,0.5,57.76298522949219,57.76298522949219,57.76298522949219,57.76298522949219,0.3247893750667572,20260730
2023-08-24,ChargerMatched,FeasibleITransformer,96,46.24500274658203,46.24500274658203,0.5,61.54753112792969,61.54753112792969,61.54753112792969,61.54753112792969,0.1911385953426361,20260730
2023-08-25,ChargerMatched,FeasibleITransformer,32,0.0,0.0,0.0,0.6626309156417847,4.013889312744141,0.6626309156417847,4.013889312744141,0.2503705620765686,20260730
2023-08-25,ChargerMatched,FeasibleITransformer,48,4.1020002365112305,12.452000617980957,1.6875,11.439072608947754,11.439071655273438,11.439072608947754,11.439071655273438,1.7333307266235352,20260730
2023-08-25,ChargerMatched,FeasibleITransformer,64,12.097000122070312,25.652000427246094,1.875,21.093978881835938,25.507347106933594,21.093978881835938,25.507347106933594,1.6802682876586914,20260730
2023-08-25,ChargerMatched,FeasibleITransformer,80,48.992000579833984,50.641998291015625,2.0625,40.012351989746094,40.012351989746094,40.012351989746094,40.012351989746094,1.0800023078918457,20260730
2023-08-25,ChargerMatched,FeasibleITransformer,84,50.641998291015625,50.641998291015625,0.25,43.2490348815918,43.2490348815918,43.2490348815918,43.2490348815918,0.49040719866752625,20260730
2023-08-25,ChargerMatched,FeasibleITransformer,96,50.641998291015625,50.641998291015625,0.0,47.28975296020508,47.28975296020508,47.28975296020508,47.28975296020508,0.2040765881538391,20260730
2023-08-26,ChargerMatched,FeasibleITransformer,32,0.0,0.0,0.0,0.6932336688041687,3.8270280361175537,0.6932336688041687,3.8270280361175537,0.20875242352485657,20260730
2023-08-26,ChargerMatched,FeasibleITransformer,48,0.0,0.0,0.0,9.039401054382324,11.421687126159668,9.039401054382324,11.421687126159668,1.6279345750808716,20260730
2023-08-26,ChargerMatched,FeasibleITransformer,64,8.35200023651123,8.35200023651123,0.5,13.992215156555176,24.509197235107422,13.992215156555176,24.509197235107422,1.0947694778442383,20260730
2023-08-26,ChargerMatched,FeasibleITransformer,80,8.35200023651123,8.35200023651123,0.0,29.305469512939453,29.904598236083984,29.305469512939453,29.904598236083984,0.866729736328125,20260730
2023-08-26,ChargerMatched,FeasibleITransformer,84,8.35200023651123,8.35200023651123,0.0,33.658897399902344,33.66079330444336,33.658897399902344,33.66079330444336,0.6596103310585022,20260730
2023-08-26,ChargerMatched,FeasibleITransformer,96,8.35200023651123,8.35200023651123,0.0,38.493167877197266,38.493167877197266,38.493167877197266,38.493167877197266,0.24415503442287445,20260730
2023-08-27,ChargerMatched,FeasibleITransformer,32,0.0,0.0,0.0,0.8607688546180725,3.0532147884368896,0.8607688546180725,3.0532147884368896,0.14855849742889404,20260730
2023-08-27,ChargerMatched,FeasibleITransformer,48,15.612000465393066,19.799999237060547,0.75,6.624030590057373,10.59051513671875,6.624030590057373,10.59051513671875,1.4976633787155151,20260730
2023-08-27,ChargerMatched,FeasibleITransformer,64,39.31399917602539,39.31399917602539,0.9375,9.95541763305664,20.915245056152344,9.95541763305664,20.915245056152344,0.9760531783103943,20260730
2023-08-27,ChargerMatched,FeasibleITransformer,80,44.54800033569336,44.54800033569336,0.6875,19.020750045776367,22.904644012451172,19.020750045776367,22.904644012451172,0.674770712852478,20260730
2023-08-27,ChargerMatched,FeasibleITransformer,84,44.54800033569336,44.54800033569336,0.0,22.991348266601562,24.84549331665039,22.991348266601562,24.84549331665039,0.6016060709953308,20260730
2023-08-27,ChargerMatched,FeasibleITransformer,96,44.54800033569336,44.54800033569336,0.0,29.42766571044922,29.42766571044922,29.42766571044922,29.42766571044922,0.32506638765335083,20260730
2023-08-28,ChargerMatched,FeasibleITransformer,32,0.0,0.0,0.0,1.210054874420166,1.9203886985778809,1.210054874420166,1.9203886985778809,0.11406730115413666,20260730
2023-08-28,ChargerMatched,FeasibleITransformer,48,42.83799743652344,55.73099899291992,2.4375,7.479959487915039,13.598738670349121,7.479959487915039,13.598738670349121,1.5211859941482544,20260730
2023-08-28,ChargerMatched,FeasibleITransformer,64,97.28800201416016,97.28800201416016,2.0625,12.089468955993652,22.19972038269043,12.089468955993652,22.19972038269043,1.1141045093536377,20260730
2023-08-28,ChargerMatched,FeasibleITransformer,80,105.98500061035156,105.98500061035156,0.375,21.675678253173828,24.49748992919922,21.675678253173828,24.49748992919922,0.7043551802635193,20260730
2023-08-28,ChargerMatched,FeasibleITransformer,84,105.98500061035156,105.98500061035156,0.0,24.223831176757812,26.0946044921875,24.223831176757812,26.0946044921875,0.4590925872325897,20260730
2023-08-28,ChargerMatched,FeasibleITransformer,96,105.98500061035156,105.98500061035156,0.0,31.217876434326172,31.217876434326172,31.217876434326172,31.217876434326172,0.3934728801250458,20260730
2023-08-29,ChargerMatched,FeasibleITransformer,32,2.5190000534057617,4.949999809265137,0.09375,1.5740188360214233,1.9055211544036865,1.5740188360214233,1.9055211544036865,0.12317069619894028,20260730
2023-08-29,ChargerMatched,FeasibleITransformer,48,22.319000244140625,22.319000244140625,0.75,11.703636169433594,17.438770294189453,11.703636169433594,17.438770294189453,1.641214370727539,20260730
2023-08-29,ChargerMatched,FeasibleITransformer,64,22.319000244140625,22.319000244140625,0.0,15.34772777557373,25.49785804748535,15.34772777557373,25.49785804748535,1.6799850463867188,20260730
2023-08-29,ChargerMatched,FeasibleITransformer,80,22.319000244140625,22.319000244140625,0.0,31.0295352935791,32.048377990722656,31.0295352935791,32.048377990722656,1.0221596956253052,20260730
2023-08-29,ChargerMatched,FeasibleITransformer,84,22.319000244140625,22.319000244140625,0.0,32.879119873046875,33.49266815185547,32.879119873046875,33.49266815185547,0.280240535736084,20260730
2023-08-29,ChargerMatched,FeasibleITransformer,96,22.319000244140625,22.319000244140625,0.0,40.027854919433594,40.027854919433594,40.027854919433594,40.027854919433594,0.36104726791381836,20260730
2023-08-30,ChargerMatched,FeasibleITransformer,32,0.0,0.0,0.0,1.4340020418167114,2.2112691402435303,1.4340020418167114,2.2112691402435303,0.16190287470817566,20260730
2023-08-30,ChargerMatched,FeasibleITransformer,48,0.0,4.2179999351501465,0.625,17.82611083984375,17.82611083984375,17.82611083984375,17.82611083984375,1.8758008480072021,20260730
2023-08-30,ChargerMatched,FeasibleITransformer,64,4.2179999351501465,5.711999893188477,1.6875,26.253189086914062,29.45551300048828,26.253189086914062,29.45551300048828,2.3946783542633057,20260730
2023-08-30,ChargerMatched,FeasibleITransformer,80,25.583999633789062,25.583999633789062,1.0625,47.01972961425781,47.01972961425781,47.01972961425781,47.01972961425781,1.3950389623641968,20260730
2023-08-30,ChargerMatched,FeasibleITransformer,84,25.583999633789062,25.583999633789062,0.0,48.60215377807617,48.60215377807617,48.60215377807617,48.60215377807617,0.23976048827171326,20260730
2023-08-30,ChargerMatched,FeasibleITransformer,96,25.583999633789062,25.583999633789062,0.0,53.9124755859375,53.9124755859375,53.9124755859375,53.9124755859375,0.26819804310798645,20260730
2023-08-31,ChargerMatched,FeasibleITransformer,32,2.924999952316284,4.949999809265137,0.09375,1.1386992931365967,3.085865020751953,1.1386992931365967,3.085865020751953,0.22011834383010864,20260730
2023-08-31,ChargerMatched,FeasibleITransformer,48,19.424999237060547,19.424999237060547,0.625,17.296411514282227,17.296411514282227,17.296411514282227,17.296411514282227,2.1906728744506836,20260730
2023-08-31,ChargerMatched,FeasibleITransformer,64,19.424999237060547,24.875999450683594,0.5,34.99204635620117,35.702816009521484,34.99204635620117,35.702816009521484,2.6454458236694336,20260730
2023-08-31,ChargerMatched,FeasibleITransformer,80,30.01799964904785,30.01799964904785,0.8125,62.732879638671875,62.732879638671875,62.732879638671875,62.732879638671875,1.5724914073944092,20260730
2023-08-31,ChargerMatched,FeasibleITransformer,84,30.01799964904785,30.01799964904785,0.0,64.99225616455078,64.99225616455078,64.99225616455078,64.99225616455078,0.3423289954662323,20260730
2023-08-31,ChargerMatched,FeasibleITransformer,96,30.01799964904785,30.01799964904785,0.0,68.90525817871094,68.90525817871094,68.90525817871094,68.90525817871094,0.19762641191482544,20260730
2023-09-01,ChargerMatched,FeasibleITransformer,32,0.0,0.0,0.0,1.0383038520812988,5.231496334075928,1.0383038520812988,5.231496334075928,0.2684832811355591,20260730
2023-09-01,ChargerMatched,FeasibleITransformer,48,17.350000381469727,19.799999237060547,0.75,14.46410846710205,14.826257705688477,14.46410846710205,14.826257705688477,1.9418201446533203,20260730
2023-09-01,ChargerMatched,FeasibleITransformer,64,25.600000381469727,25.600000381469727,0.3125,27.72884750366211,32.66881561279297,27.72884750366211,32.66881561279297,1.930429220199585,20260730
2023-09-01,ChargerMatched,FeasibleITransformer,80,25.600000381469727,25.600000381469727,0.0,54.404937744140625,54.404937744140625,54.404937744140625,54.404937744140625,1.4417521953582764,20260730
2023-09-01,ChargerMatched,FeasibleITransformer,84,25.600000381469727,25.600000381469727,0.0,57.88688659667969,57.88688659667969,57.88688659667969,57.88688659667969,0.5275673270225525,20260730
2023-09-01,ChargerMatched,FeasibleITransformer,96,25.600000381469727,25.600000381469727,0.0,61.76929473876953,61.76929473876953,61.76929473876953,61.76929473876953,0.19608129560947418,20260730
2023-09-02,ChargerMatched,FeasibleITransformer,32,0.0,0.0,0.0,0.8100111484527588,3.656153917312622,0.8100111484527588,3.656153917312622,0.20884639024734497,20260730
2023-09-02,ChargerMatched,FeasibleITransformer,48,0.0,0.0,0.0,8.96766185760498,10.077406883239746,8.96766185760498,10.077406883239746,1.5556998252868652,20260730
2023-09-02,ChargerMatched,FeasibleITransformer,64,0.0,0.0,0.0,13.74169921875,21.31366729736328,13.74169921875,21.31366729736328,1.0535072088241577,20260730
2023-09-02,ChargerMatched,FeasibleITransformer,80,0.0,0.0,0.0,25.728713989257812,26.121217727661133,25.728713989257812,26.121217727661133,0.8523856997489929,20260730
2023-09-02,ChargerMatched,FeasibleITransformer,84,0.0,0.0,0.0,29.945276260375977,30.00864601135254,29.945276260375977,30.00864601135254,0.6388728618621826,20260730
2023-09-02,ChargerMatched,FeasibleITransformer,96,0.0,0.0,0.0,34.399532318115234,34.399532318115234,34.399532318115234,34.399532318115234,0.22496244311332703,20260730
2023-09-03,ChargerMatched,FeasibleITransformer,32,0.0,0.0,0.0,1.1676013469696045,2.8918161392211914,1.1676013469696045,2.8918161392211914,0.14590178430080414,20260730
2023-09-03,ChargerMatched,FeasibleITransformer,48,0.0,0.0,0.0,6.994441032409668,10.66876220703125,6.994441032409668,10.66876220703125,1.4731738567352295,20260730
2023-09-03,ChargerMatched,FeasibleITransformer,64,0.0,0.0,0.0,10.560172080993652,18.905391693115234,10.560172080993652,18.905391693115234,0.855427622795105,20260730
2023-09-03,ChargerMatched,FeasibleITransformer,80,5.257999897003174,5.257999897003174,0.6875,18.57493782043457,21.33980369567871,18.57493782043457,21.33980369567871,0.583209753036499,20260730
2023-09-03,ChargerMatched,FeasibleITransformer,84,5.257999897003174,5.257999897003174,0.0,22.030624389648438,23.57403564453125,22.030624389648438,23.57403564453125,0.5644174814224243,20260730
2023-09-03,ChargerMatched,FeasibleITransformer,96,5.257999897003174,5.257999897003174,0.0,28.221107482910156,28.221107482910156,28.221107482910156,28.221107482910156,0.31265053153038025,20260730
2023-09-04,ChargerMatched,FeasibleITransformer,32,0.0,0.0,0.0,1.742322564125061,2.3132247924804688,1.742322564125061,2.3132247924804688,0.12546713650226593,20260730
2023-09-04,ChargerMatched,FeasibleITransformer,48,0.0,0.0,0.0,10.16569709777832,16.553455352783203,10.16569709777832,16.553455352783203,1.6600614786148071,20260730
2023-09-04,ChargerMatched,FeasibleITransformer,64,0.0,0.0,0.0,15.504261016845703,24.348159790039062,15.504261016845703,24.348159790039062,1.154332160949707,20260730
2023-09-04,ChargerMatched,FeasibleITransformer,80,5.604000091552734,5.604000091552734,0.25,23.895151138305664,26.5700626373291,23.895151138305664,26.5700626373291,0.6053510904312134,20260730
2023-09-04,ChargerMatched,FeasibleITransformer,84,5.604000091552734,5.604000091552734,0.0,26.27384376525879,27.874183654785156,26.27384376525879,27.874183654785156,0.38375890254974365,20260730
2023-09-04,ChargerMatched,FeasibleITransformer,96,5.604000091552734,5.604000091552734,0.0,33.06093978881836,33.06093978881836,33.06093978881836,33.06093978881836,0.3464859127998352,20260730
2023-09-05,ChargerMatched,FeasibleITransformer,32,0.9459999799728394,3.299999952316284,0.0625,1.3924094438552856,1.5668644905090332,1.3924094438552856,1.5668644905090332,0.12177767604589462,20260730
2023-09-05,ChargerMatched,FeasibleITransformer,48,19.09600067138672,32.05500030517578,1.3125,10.667675971984863,13.109245300292969,10.667675971984863,13.109245300292969,1.4754358530044556,20260730
2023-09-05,ChargerMatched,FeasibleITransformer,64,28.755001068115234,34.91699981689453,1.375,13.072931289672852,19.776390075683594,13.072931289672852,19.776390075683594,1.5191267728805542,20260730
2023-09-05,ChargerMatched,FeasibleITransformer,80,34.91699981689453,34.91699981689453,0.25,22.169818878173828,23.270275115966797,22.169818878173828,23.270275115966797,0.9716026186943054,20260730
2023-09-05,ChargerMatched,FeasibleITransformer,84,34.91699981689453,34.91699981689453,0.0,23.952415466308594,24.60098648071289,23.952415466308594,24.60098648071289,0.24880902469158173,20260730
2023-09-05,ChargerMatched,FeasibleITransformer,96,34.91699981689453,34.91699981689453,0.0,30.037860870361328,30.037860870361328,30.037860870361328,30.037860870361328,0.3262745141983032,20260730
2023-09-06,ChargerMatched,FeasibleITransformer,32,0.0,0.0,0.0,1.5418847799301147,2.2660789489746094,1.5418847799301147,2.2660789489746094,0.17028473317623138,20260730
2023-09-06,ChargerMatched,FeasibleITransformer,48,11.413000106811523,19.345001220703125,1.5,14.595412254333496,14.821722984313965,14.595412254333496,14.821722984313965,1.6160229444503784,20260730
2023-09-06,ChargerMatched,FeasibleITransformer,64,27.45800018310547,27.45800018310547,0.75,20.58814239501953,22.986473083496094,20.58814239501953,22.986473083496094,2.23637056350708,20260730
2023-09-06,ChargerMatched,FeasibleITransformer,80,45.624996185302734,45.624996185302734,0.75,36.28293991088867,36.28293991088867,36.28293991088867,36.28293991088867,1.3166955709457397,20260730
2023-09-06,ChargerMatched,FeasibleITransformer,84,45.624996185302734,45.624996185302734,0.0,37.73167037963867,37.73167037963867,37.73167037963867,37.73167037963867,0.21950498223304749,20260730
2023-09-06,ChargerMatched,FeasibleITransformer,96,45.624996185302734,45.624996185302734,0.0,42.68589401245117,42.68589401245117,42.68589401245117,42.68589401245117,0.25021323561668396,20260730
2023-09-07,ChargerMatched,FeasibleITransformer,32,0.0,0.0,0.0,1.010693907737732,2.8464550971984863,1.010693907737732,2.8464550971984863,0.22869399189949036,20260730
2023-09-07,ChargerMatched,FeasibleITransformer,48,32.8129997253418,40.49800109863281,2.0625,17.387863159179688,17.387863159179688,17.387863159179688,17.387863159179688,1.9913692474365234,20260730
2023-09-07,ChargerMatched,FeasibleITransformer,64,38.847999572753906,46.33100128173828,1.875,34.35165786743164,35.04142761230469,34.35165786743164,35.04142761230469,2.351240634918213,20260730
2023-09-07,ChargerMatched,FeasibleITransformer,80,52.51499938964844,52.51499938964844,1.1875,62.9604377746582,62.9604377746582,62.9604377746582,62.9604377746582,1.7042014598846436,20260730
2023-09-07,ChargerMatched,FeasibleITransformer,84,52.51499938964844,52.51499938964844,0.0,65.00001525878906,65.00001525878906,65.00001525878906,65.00001525878906,0.3090258240699768,20260730
2023-09-07,ChargerMatched,FeasibleITransformer,96,52.51499938964844,52.51499938964844,0.0,68.91441345214844,68.91441345214844,68.91441345214844,68.91441345214844,0.19769713282585144,20260730
2023-09-08,ChargerMatched,FeasibleITransformer,32,0.0,0.0,0.0,0.7087322473526001,3.670037269592285,0.7087322473526001,3.670037269592285,0.24660412967205048,20260730
2023-09-08,ChargerMatched,FeasibleITransformer,48,0.0,6.215000152587891,0.375,14.41744327545166,14.41744327545166,14.41744327545166,14.41744327545166,2.103541374206543,20260730
2023-09-08,ChargerMatched,FeasibleITransformer,64,6.215000152587891,6.215000152587891,0.3125,29.0487060546875,33.4052734375,29.0487060546875,33.4052734375,1.7775524854660034,20260730
2023-09-08,ChargerMatched,FeasibleITransformer,80,6.215000152587891,6.215000152587891,0.0,54.50049591064453,54.50049591064453,54.50049591064453,54.50049591064453,1.3598781824111938,20260730
2023-09-08,ChargerMatched,FeasibleITransformer,84,6.215000152587891,6.215000152587891,0.0,57.58351516723633,57.58351516723633,57.58351516723633,57.58351516723633,0.46712496876716614,20260730
2023-09-08,ChargerMatched,FeasibleITransformer,96,6.215000152587891,6.215000152587891,0.0,60.955421447753906,60.955421447753906,60.955421447753906,60.955421447753906,0.1702984869480133,20260730
2023-09-09,ChargerMatched,FeasibleITransformer,32,0.0,0.0,0.0,0.6830930709838867,3.033888339996338,0.6830930709838867,3.033888339996338,0.20616289973258972,20260730
2023-09-09,ChargerMatched,FeasibleITransformer,48,2.940000057220459,2.940000057220459,0.375,7.496829986572266,8.488479614257812,7.496829986572266,8.488479614257812,1.5105303525924683,20260730
2023-09-09,ChargerMatched,FeasibleITransformer,64,10.229000091552734,11.878999710083008,0.375,11.757028579711914,17.66928482055664,11.757028579711914,17.66928482055664,0.927851676940918,20260730
2023-09-09,ChargerMatched,FeasibleITransformer,80,14.732999801635742,14.732999801635742,0.1875,21.63381576538086,21.72492027282715,21.63381576538086,21.72492027282715,0.6995640397071838,20260730
2023-09-09,ChargerMatched,FeasibleITransformer,84,14.732999801635742,14.732999801635742,0.0,25.121078491210938,25.121078491210938,25.121078491210938,25.121078491210938,0.5283730626106262,20260730
2023-09-09,ChargerMatched,FeasibleITransformer,96,14.732999801635742,14.732999801635742,0.0,29.263092041015625,29.263092041015625,29.263092041015625,29.263092041015625,0.20919272303581238,20260730
2023-09-10,ChargerMatched,FeasibleITransformer,32,3.1419999599456787,3.1419999599456787,0.125,0.8799998760223389,2.2105166912078857,0.8799998760223389,2.2105166912078857,0.1439962089061737,20260730
2023-09-10,ChargerMatched,FeasibleITransformer,48,3.1419999599456787,3.1419999599456787,0.0,6.143253326416016,9.129816055297852,6.143253326416016,9.129816055297852,1.4816054105758667,20260730
2023-09-10,ChargerMatched,FeasibleITransformer,64,3.1419999599456787,3.1419999599456787,0.0,9.475639343261719,17.470491409301758,9.475639343261719,17.470491409301758,0.8835424780845642,20260730
2023-09-10,ChargerMatched,FeasibleITransformer,80,8.602999687194824,8.602999687194824,0.625,17.26809310913086,19.570293426513672,17.26809310913086,19.570293426513672,0.49856603145599365,20260730
2023-09-10,ChargerMatched,FeasibleITransformer,84,8.602999687194824,8.602999687194824,0.0,20.16499137878418,21.584014892578125,20.16499137878418,21.584014892578125,0.43892398476600647,20260730
2023-09-10,ChargerMatched,FeasibleITransformer,96,8.602999687194824,8.602999687194824,0.0,25.96141815185547,25.96141815185547,25.96141815185547,25.96141815185547,0.2927488386631012,20260730
2023-09-11,ChargerMatched,FeasibleITransformer,32,0.5879999995231628,1.649999976158142,0.03125,1.498769998550415,1.811501383781433,1.498769998550415,1.811501383781433,0.1188582181930542,20260730
2023-09-11,ChargerMatched,FeasibleITransformer,48,15.145000457763672,23.39900016784668,2.0,9.770147323608398,16.109128952026367,9.770147323608398,16.109128952026367,1.7444390058517456,20260730
2023-09-11,ChargerMatched,FeasibleITransformer,64,24.174999237060547,29.128999710083008,1.875,16.504730224609375,25.394193649291992,16.504730224609375,25.394193649291992,1.1090062856674194,20260730
2023-09-11,ChargerMatched,FeasibleITransformer,80,33.66699981689453,33.66699981689453,0.875,24.931133270263672,28.17144203186035,24.931133270263672,28.17144203186035,0.6263571977615356,20260730
2023-09-11,ChargerMatched,FeasibleITransformer,84,33.66699981689453,33.66699981689453,0.0,27.32258415222168,29.508914947509766,27.32258415222168,29.508914947509766,0.3695250153541565,20260730
2023-09-11,ChargerMatched,FeasibleITransformer,96,33.66699981689453,33.66699981689453,0.0,34.37570571899414,34.37570571899414,34.37570571899414,34.37570571899414,0.35989150404930115,20260730
2023-09-12,ChargerMatched,FeasibleITransformer,32,0.0,4.949999809265137,0.09375,2.2721574306488037,2.3544490337371826,2.2721574306488037,2.3544490337371826,0.13119298219680786,20260730
2023-09-12,ChargerMatched,FeasibleITransformer,48,0.0,12.61299991607666,2.0,14.64942455291748,19.308122634887695,14.64942455291748,19.308122634887695,1.8542224168777466,20260730
2023-09-12,ChargerMatched,FeasibleITransformer,64,8.376999855041504,18.39099884033203,1.875,21.41757583618164,26.601734161376953,21.41757583618164,26.601734161376953,1.8148609399795532,20260730
2023-09-12,ChargerMatched,FeasibleITransformer,80,27.992000579833984,27.992000579833984,1.875,35.55863571166992,36.31257629394531,35.55863571166992,36.31257629394531,1.0086641311645508,20260730
2023-09-12,ChargerMatched,FeasibleITransformer,84,27.992000579833984,27.992000579833984,0.0,37.44552993774414,37.906707763671875,37.44552993774414,37.906707763671875,0.2801353335380554,20260730
2023-09-12,ChargerMatched,FeasibleITransformer,96,27.992000579833984,27.992000579833984,0.0,43.79973220825195,43.79973220825195,43.79973220825195,43.79973220825195,0.32555174827575684,20260730
2023-09-13,ChargerMatched,FeasibleITransformer,32,0.0,0.0,0.0,1.5580089092254639,2.0449235439300537,1.5580089092254639,2.0449235439300537,0.16067232191562653,20260730
2023-09-13,ChargerMatched,FeasibleITransformer,48,6.0289998054504395,9.81399917602539,0.875,16.461755752563477,16.461755752563477,16.461755752563477,16.461755752563477,1.792744755744934,20260730
2023-09-13,ChargerMatched,FeasibleITransformer,64,10.979000091552734,10.979000091552734,0.1875,22.810115814208984,24.53714370727539,22.810115814208984,24.53714370727539,2.126322031021118,20260730
2023-09-13,ChargerMatched,FeasibleITransformer,80,12.177999496459961,12.177999496459961,0.125,40.845550537109375,40.84554672241211,40.845550537109375,40.84554672241211,1.5939050912857056,20260730
2023-09-13,ChargerMatched,FeasibleITransformer,84,12.177999496459961,12.177999496459961,0.0,42.45555877685547,42.45555877685547,42.45555877685547,42.45555877685547,0.25564923882484436,20260730
2023-09-13,ChargerMatched,FeasibleITransformer,96,12.177999496459961,12.177999496459961,0.0,47.4871711730957,47.4871711730957,47.4871711730957,47.4871711730957,0.25881844758987427,20260730
2023-09-14,ChargerMatched,FeasibleITransformer,32,0.0,0.0,0.0,1.1500306129455566,2.9212613105773926,1.1500306129455566,2.9212613105773926,0.22776015102863312,20260730
2023-09-14,ChargerMatched,FeasibleITransformer,48,0.0,0.0,0.0,14.912927627563477,14.912927627563477,14.912927627563477,14.912927627563477,2.033900499343872,20260730
2023-09-14,ChargerMatched,FeasibleITransformer,64,2.309999942779541,2.309999942779541,0.125,27.861217498779297,27.861217498779297,27.861217498779297,27.861217498779297,2.1982622146606445,20260730
2023-09-14,ChargerMatched,FeasibleITransformer,80,2.309999942779541,2.309999942779541,0.0,50.74958419799805,50.74958419799805,50.74958419799805,50.74958419799805,1.6997506618499756,20260730
2023-09-14,ChargerMatched,FeasibleITransformer,84,2.309999942779541,2.309999942779541,0.0,52.82086181640625,52.82086181640625,52.82086181640625,52.82086181640625,0.3138298988342285,20260730
2023-09-14,ChargerMatched,FeasibleITransformer,96,2.309999942779541,2.309999942779541,0.0,56.370826721191406,56.370826721191406,56.370826721191406,56.370826721191406,0.1792915016412735,20260730
2023-09-15,ChargerMatched,FeasibleITransformer,32,0.0,0.0,0.0,0.9404512047767639,3.8293747901916504,0.9404512047767639,3.8293747901916504,0.26326364278793335,20260730
2023-09-15,ChargerMatched,FeasibleITransformer,48,0.0,5.942999839782715,0.625,12.182662010192871,12.182662010192871,12.182662010192871,12.182662010192871,1.9295058250427246,20260730
2023-09-15,ChargerMatched,FeasibleITransformer,64,5.942999839782715,5.942999839782715,0.4375,23.046947479248047,26.212642669677734,23.046947479248047,26.212642669677734,1.626476526260376,20260730
2023-09-15,ChargerMatched,FeasibleITransformer,80,5.942999839782715,5.942999839782715,0.0,41.886940002441406,41.886940002441406,41.886940002441406,41.886940002441406,1.134899377822876,20260730
2023-09-15,ChargerMatched,FeasibleITransformer,84,5.942999839782715,5.942999839782715,0.0,44.965545654296875,44.965545654296875,44.965545654296875,44.965545654296875,0.4664568305015564,20260730
2023-09-15,ChargerMatched,FeasibleITransformer,96,5.942999839782715,5.942999839782715,0.0,48.41871643066406,48.41871643066406,48.41871643066406,48.41871643066406,0.17440222203731537,20260730
2023-09-16,ChargerMatched,FeasibleITransformer,32,0.0,0.0,0.0,0.9512108564376831,3.3142664432525635,0.9512108564376831,3.3142664432525635,0.20910565555095673,20260730
2023-09-16,ChargerMatched,FeasibleITransformer,48,0.0,0.0,0.0,9.266120910644531,9.855157852172852,9.266120910644531,9.855157852172852,1.7343417406082153,20260730
2023-09-16,ChargerMatched,FeasibleITransformer,64,0.0,0.0,0.0,14.676198959350586,22.44084930419922,14.676198959350586,22.44084930419922,1.04647958278656,20260730
2023-09-16,ChargerMatched,FeasibleITransformer,80,0.0,0.0,0.0,28.097803115844727,28.097803115844727,28.097803115844727,28.097803115844727,0.7451602816581726,20260730
2023-09-16,ChargerMatched,FeasibleITransformer,84,0.0,0.0,0.0,31.436288833618164,31.436288833618164,31.436288833618164,31.436288833618164,0.5058313608169556,20260730
2023-09-16,ChargerMatched,FeasibleITransformer,96,0.0,0.0,0.0,35.50810623168945,35.50810623168945,35.50810623168945,35.50810623168945,0.20564742386341095,20260730
2023-09-17,ChargerMatched,FeasibleITransformer,32,0.0,0.0,0.0,1.0904494524002075,2.235663890838623,1.0904494524002075,2.235663890838623,0.14238999783992767,20260730
2023-09-17,ChargerMatched,FeasibleITransformer,48,0.0,0.0,0.0,6.625070571899414,9.649133682250977,6.625070571899414,9.649133682250977,1.5843220949172974,20260730
2023-09-17,ChargerMatched,FeasibleITransformer,64,0.0,0.0,0.0,9.13667106628418,17.631189346313477,9.13667106628418,17.631189346313477,0.8238271474838257,20260730
2023-09-17,ChargerMatched,FeasibleITransformer,80,19.96299934387207,23.738000869750977,0.9375,17.330394744873047,19.32046127319336,17.330394744873047,19.32046127319336,0.5761135220527649,20260730
2023-09-17,ChargerMatched,FeasibleITransformer,84,26.562999725341797,30.33799934387207,1.0,20.32491683959961,21.166915893554688,20.32491683959961,21.166915893554688,0.4537152349948883,20260730
2023-09-17,ChargerMatched,FeasibleITransformer,96,43.06300354003906,43.06300354003906,0.8333333134651184,25.73513412475586,25.73513412475586,25.73513412475586,25.73513412475586,0.2732435464859009,20260730
2023-09-18,ChargerMatched,FeasibleITransformer,32,0.0,0.0,0.0,1.732839584350586,2.021263837814331,1.732839584350586,2.021263837814331,0.11539039015769958,20260730
2023-09-18,ChargerMatched,FeasibleITransformer,48,0.0,4.401000022888184,0.625,9.75706958770752,13.870743751525879,9.75706958770752,13.870743751525879,1.5871740579605103,20260730
2023-09-18,ChargerMatched,FeasibleITransformer,64,4.401000022888184,4.401000022888184,0.4375,12.162867546081543,21.801433563232422,12.162867546081543,21.801433563232422,1.2738895416259766,20260730
2023-09-18,ChargerMatched,FeasibleITransformer,80,6.171000003814697,14.300999641418457,0.375,20.139097213745117,23.796140670776367,20.139097213745117,23.796140670776367,0.6976839900016785,20260730
2023-09-18,ChargerMatched,FeasibleITransformer,84,12.770999908447266,16.070999145507812,1.0,22.40512466430664,25.125743865966797,22.40512466430664,25.125743865966797,0.3679157495498657,20260730
2023-09-18,ChargerMatched,FeasibleITransformer,96,17.8439998626709,17.8439998626709,0.4166666865348816,30.51858139038086,30.51858139038086,30.51858139038086,30.51858139038086,0.4117434322834015,20260730
2023-09-19,ChargerMatched,FeasibleITransformer,32,0.0,0.0,0.0,1.896242618560791,1.9031392335891724,1.896242618560791,1.9031392335891724,0.1279098391532898,20260730
2023-09-19,ChargerMatched,FeasibleITransformer,48,18.121000289916992,22.28999900817871,1.0625,10.833253860473633,14.254834175109863,10.833253860473633,14.254834175109863,1.5572748184204102,20260730
2023-09-19,ChargerMatched,FeasibleITransformer,64,39.57099914550781,39.57099914550781,0.8125,12.868667602539062,20.53112030029297,12.868667602539062,20.53112030029297,1.6573594808578491,20260730
2023-09-19,ChargerMatched,FeasibleITransformer,80,39.57099914550781,39.57099914550781,0.0,23.458955764770508,24.700767517089844,23.458955764770508,24.700767517089844,1.1039379835128784,20260730
2023-09-19,ChargerMatched,FeasibleITransformer,84,39.57099914550781,39.57099914550781,0.0,25.347673416137695,26.095884323120117,25.347673416137695,26.095884323120117,0.29536595940589905,20260730
2023-09-19,ChargerMatched,FeasibleITransformer,96,39.57099914550781,39.57099914550781,0.0,33.08028030395508,33.08028030395508,33.08028030395508,33.08028030395508,0.4010683298110962,20260730
2023-09-20,ChargerMatched,FeasibleITransformer,32,0.0,0.0,0.0,1.5454859733581543,1.8746638298034668,1.5454859733581543,1.8746638298034668,0.1604781299829483,20260730
2023-09-20,ChargerMatched,FeasibleITransformer,48,8.416999816894531,10.910999298095703,0.625,14.412262916564941,14.412262916564941,14.412262916564941,14.412262916564941,1.6985752582550049,20260730
2023-09-20,ChargerMatched,FeasibleITransformer,64,34.91600036621094,34.91600036621094,1.3125,20.381555557250977,22.256092071533203,20.381555557250977,22.256092071533203,2.14969801902771,20260730
2023-09-20,ChargerMatched,FeasibleITransformer,80,34.91600036621094,34.91600036621094,0.0,34.455387115478516,34.455387115478516,34.455387115478516,34.455387115478516,1.3106787204742432,20260730
2023-09-20,ChargerMatched,FeasibleITransformer,84,34.91600036621094,34.91600036621094,0.0,36.1073112487793,36.1073112487793,36.1073112487793,36.1073112487793,0.250291645526886,20260730
2023-09-20,ChargerMatched,FeasibleITransformer,96,34.91600036621094,34.91600036621094,0.0,41.71944046020508,41.71944046020508,41.71944046020508,41.71944046020508,0.2834409177303314,20260730
2023-09-21,ChargerMatched,FeasibleITransformer,32,1.4249999523162842,4.949999809265137,0.09375,1.033403992652893,2.2889909744262695,1.033403992652893,2.2889909744262695,0.2199171781539917,20260730
2023-09-21,ChargerMatched,FeasibleITransformer,48,24.524999618530273,24.524999618530273,0.875,13.329469680786133,13.329469680786133,13.329469680786133,13.329469680786133,1.9005496501922607,20260730
2023-09-21,ChargerMatched,FeasibleITransformer,64,25.850000381469727,25.850000381469727,0.0625,24.994449615478516,24.994449615478516,24.994449615478516,24.994449615478516,2.0781326293945312,20260730
2023-09-21,ChargerMatched,FeasibleITransformer,80,32.01799774169922,32.01799774169922,0.4375,44.980384826660156,44.980384826660156,44.980384826660156,44.980384826660156,1.2845708131790161,20260730
2023-09-21,ChargerMatched,FeasibleITransformer,84,32.01799774169922,32.01799774169922,0.0,46.795719146728516,46.795719146728516,46.795719146728516,46.795719146728516,0.2750500440597534,20260730
2023-09-21,ChargerMatched,FeasibleITransformer,96,32.01799774169922,32.01799774169922,0.0,50.75092697143555,50.75092697143555,50.75092697143555,50.75092697143555,0.19975826144218445,20260730
2023-09-22,ChargerMatched,FeasibleITransformer,32,0.2199999988079071,3.299999952316284,0.0625,0.8282757997512817,2.8110647201538086,0.8282757997512817,2.8110647201538086,0.24800299108028412,20260730
2023-09-22,ChargerMatched,FeasibleITransformer,48,23.31999969482422,23.31999969482422,0.875,11.951493263244629,11.951493263244629,11.951493263244629,11.951493263244629,2.042504072189331,20260730
2023-09-22,ChargerMatched,FeasibleITransformer,64,23.31999969482422,23.31999969482422,0.0,25.92238998413086,27.751415252685547,25.92238998413086,27.751415252685547,1.5761367082595825,20260730
2023-09-22,ChargerMatched,FeasibleITransformer,80,24.124000549316406,24.124000549316406,0.0625,44.541229248046875,44.541229248046875,44.541229248046875,44.541229248046875,0.9689853191375732,20260730
2023-09-22,ChargerMatched,FeasibleITransformer,84,24.124000549316406,24.124000549316406,0.0,47.171897888183594,47.171897888183594,47.171897888183594,47.171897888183594,0.39858630299568176,20260730
2023-09-22,ChargerMatched,FeasibleITransformer,96,24.124000549316406,24.124000549316406,0.0,50.69211196899414,50.69211196899414,50.69211196899414,50.69211196899414,0.17778857052326202,20260730
2023-09-23,ChargerMatched,FeasibleITransformer,32,0.0,0.0,0.0,0.9908286929130554,3.2983522415161133,0.9908286929130554,3.2983522415161133,0.20920979976654053,20260730
2023-09-23,ChargerMatched,FeasibleITransformer,48,0.0,0.0,0.0,10.270833015441895,10.666824340820312,10.270833015441895,10.666824340820312,1.7493493556976318,20260730
2023-09-23,ChargerMatched,FeasibleITransformer,64,0.0,0.0,0.0,16.796314239501953,24.40941619873047,16.796314239501953,24.40941619873047,1.0064090490341187,20260730
2023-09-23,ChargerMatched,FeasibleITransformer,80,0.0,0.0,0.0,31.41364288330078,31.61793327331543,31.41364288330078,31.61793327331543,0.7778798341751099,20260730
2023-09-23,ChargerMatched,FeasibleITransformer,84,0.0,0.0,0.0,35.261688232421875,35.261688232421875,35.261688232421875,35.261688232421875,0.5830371379852295,20260730
2023-09-23,ChargerMatched,FeasibleITransformer,96,0.0,0.0,0.0,40.266883850097656,40.266883850097656,40.266883850097656,40.266883850097656,0.25278764963150024,20260730
2023-09-24,ChargerMatched,FeasibleITransformer,32,0.0,0.0,0.0,1.4973273277282715,2.483816385269165,1.4973273277282715,2.483816385269165,0.15193834900856018,20260730
2023-09-24,ChargerMatched,FeasibleITransformer,48,0.0,0.0,0.0,7.761571407318115,9.349656105041504,7.761571407318115,9.349656105041504,1.5354598760604858,20260730
2023-09-24,ChargerMatched,FeasibleITransformer,64,11.263999938964844,11.263999938964844,0.5,10.185149192810059,17.826568603515625,10.185149192810059,17.826568603515625,0.8629443645477295,20260730
2023-09-24,ChargerMatched,FeasibleITransformer,80,30.326000213623047,30.326000213623047,0.75,15.17944622039795,19.30126953125,15.17944622039795,19.30126953125,0.6196109652519226,20260730
2023-09-24,ChargerMatched,FeasibleITransformer,84,30.326000213623047,30.326000213623047,0.0,18.854299545288086,20.985523223876953,18.854299545288086,20.985523223876953,0.6008408665657043,20260730
2023-09-24,ChargerMatched,FeasibleITransformer,96,30.326000213623047,30.326000213623047,0.0,25.369077682495117,25.369077682495117,25.369077682495117,25.369077682495117,0.32902947068214417,20260730
2023-09-25,ChargerMatched,FeasibleITransformer,32,0.0,0.0,0.0,1.8852694034576416,1.9916378259658813,1.8852694034576416,1.9916378259658813,0.12060167640447617,20260730
2023-09-25,ChargerMatched,FeasibleITransformer,48,0.0,4.949999809265137,0.1875,8.70368766784668,12.454379081726074,8.70368766784668,12.454379081726074,1.560020923614502,20260730
2023-09-25,ChargerMatched,FeasibleITransformer,64,27.452999114990234,30.588998794555664,2.1875,11.02404499053955,19.1926212310791,11.02404499053955,19.1926212310791,1.160168170928955,20260730
2023-09-25,ChargerMatched,FeasibleITransformer,80,38.21699905395508,38.21699905395508,0.6875,18.34920883178711,21.969602584838867,18.34920883178711,21.969602584838867,0.7324842214584351,20260730
2023-09-25,ChargerMatched,FeasibleITransformer,84,38.21699905395508,38.21699905395508,0.0,21.165836334228516,23.36444664001465,21.165836334228516,23.36444664001465,0.423207551240921,20260730
2023-09-25,ChargerMatched,FeasibleITransformer,96,38.21699905395508,38.21699905395508,0.0,27.928993225097656,27.928993225097656,27.928993225097656,27.928993225097656,0.3763127326965332,20260730
2023-09-26,ChargerMatched,FeasibleITransformer,32,0.7059999704360962,0.7059999704360962,0.3125,1.426429271697998,1.4309017658233643,1.426429271697998,1.4309017658233643,0.11540380865335464,20260730
2023-09-26,ChargerMatched,FeasibleITransformer,48,0.7059999704360962,15.610000610351562,0.875,15.39536190032959,18.181535720825195,15.39536190032959,18.181535720825195,1.8582862615585327,20260730
2023-09-26,ChargerMatched,FeasibleITransformer,64,25.224000930786133,35.124000549316406,1.875,18.55481719970703,26.513586044311523,18.55481719970703,26.513586044311523,1.7672090530395508,20260730
2023-09-26,ChargerMatched,FeasibleITransformer,80,35.124000549316406,35.124000549316406,0.375,32.08344650268555,33.04658508300781,32.08344650268555,33.04658508300781,1.0411758422851562,20260730
2023-09-26,ChargerMatched,FeasibleITransformer,84,35.124000549316406,35.124000549316406,0.0,33.70979309082031,34.46614456176758,33.70979309082031,34.46614456176758,0.2515639066696167,20260730
2023-09-26,ChargerMatched,FeasibleITransformer,96,35.124000549316406,35.124000549316406,0.0,40.212345123291016,40.212345123291016,40.212345123291016,40.212345123291016,0.33791035413742065,20260730
2023-09-27,ChargerMatched,FeasibleITransformer,32,0.0,1.649999976158142,0.03125,1.5113952159881592,1.6396888494491577,1.5113952159881592,1.6396888494491577,0.1805139034986496,20260730
2023-09-27,ChargerMatched,FeasibleITransformer,48,33.77899932861328,40.93899917602539,2.4375,16.7761287689209,16.7761287689209,16.7761287689209,16.7761287689209,1.7515766620635986,20260730
2023-09-27,ChargerMatched,FeasibleITransformer,64,81.39800262451172,81.39800262451172,2.0625,25.451566696166992,26.707164764404297,25.451566696166992,26.707164764404297,2.1516518592834473,20260730
2023-09-27,ChargerMatched,FeasibleITransformer,80,95.2760009765625,95.2760009765625,0.5625,41.759429931640625,41.759429931640625,41.759429931640625,41.759429931640625,1.1999330520629883,20260730
2023-09-27,ChargerMatched,FeasibleITransformer,84,95.2760009765625,95.2760009765625,0.0,43.229530334472656,43.229530334472656,43.229530334472656,43.229530334472656,0.22274249792099,20260730
2023-09-27,ChargerMatched,FeasibleITransformer,96,95.2760009765625,95.2760009765625,0.0,48.162109375,48.162109375,48.162109375,48.162109375,0.24912011623382568,20260730
2023-09-28,ChargerMatched,FeasibleITransformer,32,2.5880000591278076,4.949999809265137,0.09375,1.1909997463226318,2.3956668376922607,1.1909997463226318,2.3956668376922607,0.2552902102470398,20260730
2023-09-28,ChargerMatched,FeasibleITransformer,48,11.854000091552734,13.503999710083008,1.0625,14.90423583984375,14.90423583984375,14.90423583984375,14.90423583984375,2.018026351928711,20260730
2023-09-28,ChargerMatched,FeasibleITransformer,64,24.44700050354004,24.44700050354004,0.5,29.300430297851562,29.300430297851562,29.300430297851562,29.300430297851562,2.067598581314087,20260730
2023-09-28,ChargerMatched,FeasibleITransformer,80,24.44700050354004,24.44700050354004,0.0,54.245445251464844,54.245445251464844,54.245445251464844,54.245445251464844,1.291580080986023,20260730
2023-09-28,ChargerMatched,FeasibleITransformer,84,24.44700050354004,24.44700050354004,0.0,56.22373962402344,56.22373962402344,56.22373962402344,56.22373962402344,0.29974237084388733,20260730
2023-09-28,ChargerMatched,FeasibleITransformer,96,24.44700050354004,24.44700050354004,0.0,59.89535140991211,59.89535140991211,59.89535140991211,59.89535140991211,0.185434952378273,20260730
2023-09-29,ChargerMatched,FeasibleITransformer,32,0.0,0.0,0.0,1.063385009765625,3.241368532180786,1.063385009765625,3.241368532180786,0.29125910997390747,20260730
2023-09-29,ChargerMatched,FeasibleITransformer,48,0.0,9.854999542236328,1.5625,11.314120292663574,11.314120292663574,11.314120292663574,11.314120292663574,1.921955943107605,20260730
2023-09-29,ChargerMatched,FeasibleITransformer,64,3.5899999141693115,12.67300033569336,2.5,26.47146987915039,29.31493377685547,26.47146987915039,29.31493377685547,1.6221897602081299,20260730
2023-09-29,ChargerMatched,FeasibleITransformer,80,12.67300033569336,12.67300033569336,0.625,45.98689651489258,45.98689651489258,45.98689651489258,45.98689651489258,0.985191822052002,20260730
2023-09-29,ChargerMatched,FeasibleITransformer,84,12.67300033569336,12.67300033569336,0.0,48.83951950073242,48.83951950073242,48.83951950073242,48.83951950073242,0.4322149455547333,20260730
2023-09-29,ChargerMatched,FeasibleITransformer,96,12.67300033569336,12.67300033569336,0.0,52.18699645996094,52.18699645996094,52.18699645996094,52.18699645996094,0.16906461119651794,20260730
2023-09-30,ChargerMatched,FeasibleITransformer,32,0.0,0.0,0.0,1.2280443906784058,2.9510793685913086,1.2280443906784058,2.9510793685913086,0.21994680166244507,20260730
2023-09-30,ChargerMatched,FeasibleITransformer,48,14.746000289916992,16.889999389648438,1.0625,10.190252304077148,10.190252304077148,10.190252304077148,10.190252304077148,1.739521861076355,20260730
2023-09-30,ChargerMatched,FeasibleITransformer,64,26.32699966430664,37.84600067138672,0.875,16.856069564819336,25.750211715698242,16.856069564819336,25.750211715698242,1.190695881843567,20260730
2023-09-30,ChargerMatched,FeasibleITransformer,80,42.82699966430664,42.82699966430664,0.625,32.95037841796875,32.95037841796875,32.95037841796875,32.95037841796875,0.717766523361206,20260730
2023-09-30,ChargerMatched,FeasibleITransformer,84,42.82699966430664,42.82699966430664,0.0,36.38495635986328,36.38495635986328,36.38495635986328,36.38495635986328,0.5203904509544373,20260730
2023-09-30,ChargerMatched,FeasibleITransformer,96,47.46399688720703,47.46399688720703,0.3333333432674408,40.79202651977539,40.79202651977539,40.79202651977539,40.79202651977539,0.22257941961288452,20260730
2023-07-01,ChargerFull,SeasonalNaive,32,0.8399999737739563,4.949999809265137,0.09375,0.0,4.949999809265137,0.0,4.949999809265137,0.09375,20260730
2023-07-01,ChargerFull,SeasonalNaive,48,16.05299949645996,19.35300064086914,0.8125,11.361000061035156,14.660999298095703,11.361000061035156,14.660999298095703,0.6875,20260730
2023-07-01,ChargerFull,SeasonalNaive,64,27.618999481201172,35.88800048828125,1.5,46.09000015258789,46.09000015258789,46.09000015258789,46.09000015258789,1.9375,20260730
2023-07-01,ChargerFull,SeasonalNaive,80,31.71500015258789,39.98400115966797,1.1875,50.2339973449707,58.4839973449707,50.2339973449707,58.4839973449707,0.625,20260730
2023-07-01,ChargerFull,SeasonalNaive,84,33.384002685546875,39.98400115966797,1.0,56.8339958190918,58.4839973449707,56.8339958190918,58.4839973449707,1.0,20260730
2023-07-01,ChargerFull,SeasonalNaive,96,39.98400115966797,39.98400115966797,0.3333333432674408,58.4839973449707,58.4839973449707,58.4839973449707,58.4839973449707,0.0833333358168602,20260730
2023-07-02,ChargerFull,SeasonalNaive,32,0.0,0.0,0.0,0.0,0.0,0.0,0.0,0.0,20260730
2023-07-02,ChargerFull,SeasonalNaive,48,28.857999801635742,28.857999801635742,1.375,6.3339996337890625,11.284000396728516,6.3339996337890625,11.284000396728516,0.5625,20260730
2023-07-02,ChargerFull,SeasonalNaive,64,47.73699951171875,47.73699951171875,1.3125,37.689998626708984,39.34000015258789,37.69000244140625,39.34000015258789,1.9375,20260730
2023-07-02,ChargerFull,SeasonalNaive,80,62.05500030517578,77.2030029296875,1.1875,46.900001525878906,46.900001525878906,46.900001525878906,46.900001525878906,0.5,20260730
2023-07-02,ChargerFull,SeasonalNaive,84,73.37100219726562,83.8030014038086,2.0,46.900001525878906,46.900001525878906,46.900001525878906,46.900001525878906,0.0,20260730
2023-07-02,ChargerFull,SeasonalNaive,96,84.92100524902344,84.92100524902344,0.5833333730697632,46.900001525878906,46.900001525878906,46.900001525878906,46.900001525878906,0.0,20260730
2023-07-03,ChargerFull,SeasonalNaive,32,0.0,14.850000381469727,0.28125,0.0,17.687000274658203,0.0,17.687000274658203,0.34375,20260730
2023-07-03,ChargerFull,SeasonalNaive,48,23.78799819946289,57.961997985839844,3.375,8.656000137329102,38.86199951171875,8.656000137329102,38.86199951171875,2.375,20260730
2023-07-03,ChargerFull,SeasonalNaive,64,92.65199279785156,104.97600555419922,4.6875,42.55099868774414,48.64999771118164,42.55099868774414,48.64999771118164,2.1875,20260730
2023-07-03,ChargerFull,SeasonalNaive,80,121.43299865722656,121.43299865722656,1.8125,59.159000396728516,62.35100173950195,59.159000396728516,62.35100173950195,0.75,20260730
2023-07-03,ChargerFull,SeasonalNaive,84,121.43299865722656,121.43299865722656,0.0,67.56900024414062,69.05899810791016,67.56900024414062,69.05899810791016,1.5,20260730
2023-07-03,ChargerFull,SeasonalNaive,96,121.43299865722656,121.43299865722656,0.0,70.86900329589844,70.86900329589844,70.86900329589844,70.86900329589844,0.1666666716337204,20260730
2023-07-04,ChargerFull,SeasonalNaive,32,0.0,0.0,0.0,1.319000005722046,16.5,1.319000005722046,16.5,0.3125,20260730
2023-07-04,ChargerFull,SeasonalNaive,48,0.656000018119812,4.949999809265137,0.1875,32.490997314453125,34.111000061035156,32.490997314453125,34.111000061035156,1.3125,20260730
2023-07-04,ChargerFull,SeasonalNaive,64,13.41200065612793,13.41200065612793,0.5625,72.47200775146484,77.70899963378906,72.47200775146484,77.70899963378906,2.9375,20260730
2023-07-04,ChargerFull,SeasonalNaive,80,16.437999725341797,16.437999725341797,0.3125,84.88199615478516,85.98999786376953,84.88199615478516,85.98999786376953,1.125,20260730
2023-07-04,ChargerFull,SeasonalNaive,84,16.437999725341797,16.437999725341797,0.0,85.98999786376953,87.63999938964844,85.98999786376953,87.63999938964844,0.75,20260730
2023-07-04,ChargerFull,SeasonalNaive,96,16.437999725341797,16.437999725341797,0.0,90.13700103759766,90.13700103759766,90.13700103759766,90.13700103759766,0.25,20260730
2023-07-05,ChargerFull,SeasonalNaive,32,0.0,26.399999618530273,0.5,0.0,16.5,0.0,16.5,0.3125,20260730
2023-07-05,ChargerFull,SeasonalNaive,48,36.979000091552734,83.26399993896484,3.6875,29.062000274658203,69.19700622558594,29.062000274658203,69.19700622558594,3.1875,20260730
2023-07-05,ChargerFull,SeasonalNaive,64,99.51699829101562,112.14399719238281,4.125,78.76600646972656,85.36599731445312,78.76600646972656,85.36599731445312,2.25,20260730
2023-07-05,ChargerFull,SeasonalNaive,80,112.5530014038086,112.5530014038086,0.5,85.36599731445312,85.36599731445312,85.36599731445312,85.36599731445312,0.25,20260730
2023-07-05,ChargerFull,SeasonalNaive,84,112.5530014038086,112.5530014038086,0.0,85.36599731445312,85.36599731445312,85.36599731445312,85.36599731445312,0.0,20260730
2023-07-05,ChargerFull,SeasonalNaive,96,112.5530014038086,112.5530014038086,0.0,85.36599731445312,85.36599731445312,85.36599731445312,85.36599731445312,0.0,20260730
2023-07-06,ChargerFull,SeasonalNaive,32,2.1019999980926514,14.850000381469727,0.28125,7.627999782562256,16.5,7.627999782562256,16.5,0.3125,20260730
2023-07-06,ChargerFull,SeasonalNaive,48,42.125,63.60099792480469,2.4375,58.28300094604492,69.37399291992188,58.28300094604492,69.37399291992188,2.8125,20260730
2023-07-06,ChargerFull,SeasonalNaive,64,77.25,86.08599853515625,3.125,97.88299560546875,103.78499603271484,97.88299560546875,103.78499603271484,2.25,20260730
2023-07-06,ChargerFull,SeasonalNaive,80,133.0570068359375,133.0570068359375,2.9375,103.78499603271484,103.78499603271484,103.78499603271484,103.78499603271484,0.25,20260730
2023-07-06,ChargerFull,SeasonalNaive,84,133.0570068359375,133.0570068359375,0.0,103.78499603271484,103.78499603271484,103.78499603271484,103.78499603271484,0.0,20260730
2023-07-06,ChargerFull,SeasonalNaive,96,133.0570068359375,133.0570068359375,0.0,103.78499603271484,103.78499603271484,103.78499603271484,103.78499603271484,0.0,20260730
2023-07-07,ChargerFull,SeasonalNaive,32,0.0,19.799999237060547,0.375,14.208999633789062,15.859000205993652,14.208999633789062,15.859000205993652,0.3125,20260730
2023-07-07,ChargerFull,SeasonalNaive,48,18.961999893188477,53.98600387573242,2.125,32.00299835205078,36.9530029296875,32.00299835205078,36.9530029296875,1.25,20260730
2023-07-07,ChargerFull,SeasonalNaive,64,81.76899719238281,94.96900177001953,4.0625,81.2490005493164,99.25,81.2490005493164,99.25,3.5625,20260730
2023-07-07,ChargerFull,SeasonalNaive,80,94.96900177001953,94.96900177001953,0.5,129.42799377441406,129.42799377441406,129.42799377441406,129.42799377441406,2.0625,20260730
2023-07-07,ChargerFull,SeasonalNaive,84,94.96900177001953,94.96900177001953,0.0,130.70399475097656,130.70399475097656,130.70399475097656,130.70399475097656,0.5,20260730
2023-07-07,ChargerFull,SeasonalNaive,96,94.96900177001953,94.96900177001953,0.0,130.70399475097656,130.70399475097656,130.70399475097656,130.70399475097656,0.0,20260730
2023-07-08,ChargerFull,SeasonalNaive,32,0.0,0.0,0.0,0.8399999737739563,4.949999809265137,0.8399999737739563,4.949999809265137,0.09375,20260730
2023-07-08,ChargerFull,SeasonalNaive,48,9.368000984191895,23.7810001373291,1.8125,16.05299949645996,19.35300064086914,16.053001403808594,19.35300064086914,0.8125,20260730
2023-07-08,ChargerFull,SeasonalNaive,64,48.98400115966797,48.98400115966797,1.9375,27.618999481201172,35.88800048828125,27.618999481201172,35.88800048828125,1.5,20260730
2023-07-08,ChargerFull,SeasonalNaive,80,50.14600372314453,50.14600372314453,0.125,31.71500015258789,39.98400115966797,31.71500015258789,39.98400115966797,1.1875,20260730
2023-07-08,ChargerFull,SeasonalNaive,84,50.14600372314453,50.14600372314453,0.0,33.384002685546875,39.98400115966797,33.384002685546875,39.98400115966797,1.0,20260730
2023-07-08,ChargerFull,SeasonalNaive,96,50.14600372314453,50.14600372314453,0.0,39.98400115966797,39.98400115966797,39.98400115966797,39.98400115966797,0.3333333432674408,20260730
2023-07-09,ChargerFull,SeasonalNaive,32,0.0,0.0,0.0,0.0,0.0,0.0,0.0,0.0,20260730
2023-07-09,ChargerFull,SeasonalNaive,48,10.38700008392334,10.38700008392334,0.625,28.857999801635742,28.857999801635742,28.857999801635742,28.857999801635742,1.375,20260730
2023-07-09,ChargerFull,SeasonalNaive,64,14.985000610351562,21.58500099182129,0.625,47.73699951171875,47.73699951171875,47.73699951171875,47.73699951171875,1.3125,20260730
2023-07-09,ChargerFull,SeasonalNaive,80,22.229000091552734,22.229000091552734,0.4375,62.05500030517578,77.2030029296875,62.05500030517578,77.2030029296875,1.1875,20260730
2023-07-09,ChargerFull,SeasonalNaive,84,22.229000091552734,22.229000091552734,0.0,73.37100219726562,83.8030014038086,73.37100219726562,83.8030014038086,2.0,20260730
2023-07-09,ChargerFull,SeasonalNaive,96,22.229000091552734,22.229000091552734,0.0,84.92100524902344,84.92100524902344,84.92100524902344,84.92100524902344,0.5833333730697632,20260730
2023-07-10,ChargerFull,SeasonalNaive,32,0.0,16.5,0.3125,0.0,14.850000381469727,0.0,14.850000381469727,0.28125,20260730
2023-07-10,ChargerFull,SeasonalNaive,48,26.132999420166016,31.397001266479492,1.25,23.78799819946289,57.961997985839844,23.78799819946289,57.961997985839844,3.375,20260730
2023-07-10,ChargerFull,SeasonalNaive,64,36.03300094604492,41.0260009765625,1.125,92.65199279785156,104.97600555419922,92.65199279785156,104.97600555419922,4.6875,20260730
2023-07-10,ChargerFull,SeasonalNaive,80,75.00599670410156,78.26200103759766,1.75,121.43299865722656,121.43299865722656,121.43299865722656,121.43299865722656,1.8125,20260730
2023-07-10,ChargerFull,SeasonalNaive,84,78.30599975585938,78.30599975585938,0.5,121.43299865722656,121.43299865722656,121.43299865722656,121.43299865722656,0.0,20260730
2023-07-10,ChargerFull,SeasonalNaive,96,78.30599975585938,78.30599975585938,0.0,121.43299865722656,121.43299865722656,121.43299865722656,121.43299865722656,0.0,20260730
2023-07-11,ChargerFull,SeasonalNaive,32,0.0,21.450000762939453,0.40625,0.0,0.0,0.0,0.0,0.0,20260730
2023-07-11,ChargerFull,SeasonalNaive,48,25.659000396728516,95.90799713134766,3.8125,0.656000018119812,4.949999809265137,0.656000018119812,4.949999809265137,0.1875,20260730
2023-07-11,ChargerFull,SeasonalNaive,64,108.74501037597656,138.4449920654297,4.875,13.41200065612793,13.41200065612793,13.41200065612793,13.41200065612793,0.5625,20260730
2023-07-11,ChargerFull,SeasonalNaive,80,148.20599365234375,148.75498962402344,1.625,16.437999725341797,16.437999725341797,16.437999725341797,16.437999725341797,0.3125,20260730
2023-07-11,ChargerFull,SeasonalNaive,84,149.8560028076172,149.8560028076172,0.25,16.437999725341797,16.437999725341797,16.437999725341797,16.437999725341797,0.0,20260730
2023-07-11,ChargerFull,SeasonalNaive,96,149.8560028076172,149.8560028076172,0.0,16.437999725341797,16.437999725341797,16.437999725341797,16.437999725341797,0.0,20260730
2023-07-12,ChargerFull,SeasonalNaive,32,0.0,18.149999618530273,0.34375,0.0,26.399999618530273,0.0,26.399999618530273,0.5,20260730
2023-07-12,ChargerFull,SeasonalNaive,48,1.6430000066757202,39.4379997253418,2.0625,36.979000091552734,83.26399993896484,36.979000091552734,83.26399993896484,3.6875,20260730
2023-07-12,ChargerFull,SeasonalNaive,64,59.23099899291992,80.35700225830078,3.5,99.51699829101562,112.14399719238281,99.51699829101562,112.14399719238281,4.125,20260730
2023-07-12,ChargerFull,SeasonalNaive,80,82.0,88.57099914550781,1.5625,112.5530014038086,112.5530014038086,112.5530014038086,112.5530014038086,0.5,20260730
2023-07-12,ChargerFull,SeasonalNaive,84,86.92100524902344,88.57099914550781,1.0,112.5530014038086,112.5530014038086,112.5530014038086,112.5530014038086,0.0,20260730
2023-07-12,ChargerFull,SeasonalNaive,96,88.57099914550781,88.57099914550781,0.0833333358168602,112.5530014038086,112.5530014038086,112.5530014038086,112.5530014038086,0.0,20260730
2023-07-13,ChargerFull,SeasonalNaive,32,0.0,4.949999809265137,0.09375,2.1019999980926514,14.850000381469727,2.1019999980926514,14.850000381469727,0.28125,20260730
2023-07-13,ChargerFull,SeasonalNaive,48,72.54100036621094,84.06300354003906,3.8125,42.125,63.60099792480469,42.125,63.60099792480469,2.4375,20260730
2023-07-13,ChargerFull,SeasonalNaive,64,111.79200744628906,114.5050048828125,2.3125,77.25,86.08599853515625,77.25,86.08599853515625,3.125,20260730
2023-07-13,ChargerFull,SeasonalNaive,80,159.3000030517578,159.3000030517578,2.5,133.0570068359375,133.0570068359375,133.0570068359375,133.0570068359375,2.9375,20260730
2023-07-13,ChargerFull,SeasonalNaive,84,159.3000030517578,159.3000030517578,0.0,133.0570068359375,133.0570068359375,133.0570068359375,133.0570068359375,0.0,20260730
2023-07-13,ChargerFull,SeasonalNaive,96,159.3000030517578,159.3000030517578,0.0,133.0570068359375,133.0570068359375,133.0570068359375,133.0570068359375,0.0,20260730
2023-07-14,ChargerFull,SeasonalNaive,32,0.9089999794960022,14.850000381469727,0.28125,0.0,19.799999237060547,0.0,19.799999237060547,0.375,20260730
2023-07-14,ChargerFull,SeasonalNaive,48,30.94499969482422,32.595001220703125,1.5,18.961999893188477,53.98600387573242,18.961999893188477,53.98600387573242,2.125,20260730
2023-07-14,ChargerFull,SeasonalNaive,64,58.197998046875,63.14799880981445,1.875,81.76899719238281,94.96900177001953,81.76899719238281,94.96900177001953,4.0625,20260730
2023-07-14,ChargerFull,SeasonalNaive,80,90.84500122070312,94.26199340820312,1.625,94.96900177001953,94.96900177001953,94.96900177001953,94.96900177001953,0.5,20260730
2023-07-14,ChargerFull,SeasonalNaive,84,97.44499206542969,97.44499206542969,1.0,94.96900177001953,94.96900177001953,94.96900177001953,94.96900177001953,0.0,20260730
2023-07-14,ChargerFull,SeasonalNaive,96,97.44499206542969,97.44499206542969,0.0,94.96900177001953,94.96900177001953,94.96900177001953,94.96900177001953,0.0,20260730
2023-07-15,ChargerFull,SeasonalNaive,32,0.0,0.0,0.0,0.0,0.0,0.0,0.0,0.0,20260730
2023-07-15,ChargerFull,SeasonalNaive,48,0.0,0.0,0.0,9.368000984191895,23.7810001373291,9.368000984191895,23.7810001373291,1.8125,20260730
2023-07-15,ChargerFull,SeasonalNaive,64,10.382999420166016,10.382999420166016,0.75,48.98400115966797,48.98400115966797,48.98400115966797,48.98400115966797,1.9375,20260730
2023-07-15,ChargerFull,SeasonalNaive,80,15.918998718261719,15.918998718261719,0.4375,50.14600372314453,50.14600372314453,50.14600372314453,50.14600372314453,0.125,20260730
2023-07-15,ChargerFull,SeasonalNaive,84,15.918998718261719,15.918998718261719,0.0,50.14600372314453,50.14600372314453,50.14600372314453,50.14600372314453,0.0,20260730
2023-07-15,ChargerFull,SeasonalNaive,96,15.918998718261719,15.918998718261719,0.0,50.14600372314453,50.14600372314453,50.14600372314453,50.14600372314453,0.0,20260730
2023-07-16,ChargerFull,SeasonalNaive,32,0.0,0.0,0.0,0.0,0.0,0.0,0.0,0.0,20260730
2023-07-16,ChargerFull,SeasonalNaive,48,0.0,0.0,0.0,10.38700008392334,10.38700008392334,10.38700008392334,10.38700008392334,0.625,20260730
2023-07-16,ChargerFull,SeasonalNaive,64,17.957000732421875,21.191999435424805,0.9375,14.985000610351562,21.58500099182129,14.985000610351562,21.58500099182129,0.625,20260730
2023-07-16,ChargerFull,SeasonalNaive,80,47.46900177001953,52.60700225830078,1.3125,22.229000091552734,22.229000091552734,22.229000091552734,22.229000091552734,0.4375,20260730
2023-07-16,ChargerFull,SeasonalNaive,84,54.069000244140625,59.207000732421875,1.0,22.229000091552734,22.229000091552734,22.229000091552734,22.229000091552734,0.0,20260730
2023-07-16,ChargerFull,SeasonalNaive,96,68.91900634765625,68.91900634765625,0.75,22.229000091552734,22.229000091552734,22.229000091552734,22.229000091552734,0.0,20260730
2023-07-17,ChargerFull,SeasonalNaive,32,0.0,3.299999952316284,0.0625,0.0,16.5,0.0,16.5,0.3125,20260730
2023-07-17,ChargerFull,SeasonalNaive,48,50.70399856567383,69.35600280761719,3.4375,26.132999420166016,31.397001266479492,26.132999420166016,31.397001266479492,1.25,20260730
2023-07-17,ChargerFull,SeasonalNaive,64,85.68800354003906,90.63800048828125,2.875,36.03300094604492,41.0260009765625,36.03300094604492,41.0260009765625,1.125,20260730
2023-07-17,ChargerFull,SeasonalNaive,80,98.52300262451172,98.52300262451172,0.875,75.00599670410156,78.26200103759766,75.0060043334961,78.26200103759766,1.75,20260730
2023-07-17,ChargerFull,SeasonalNaive,84,98.52300262451172,98.52300262451172,0.0,78.30599975585938,78.30599975585938,78.30599975585938,78.30599975585938,0.5,20260730
2023-07-17,ChargerFull,SeasonalNaive,96,98.52300262451172,98.52300262451172,0.0,78.30599975585938,78.30599975585938,78.30599975585938,78.30599975585938,0.0,20260730
2023-07-18,ChargerFull,SeasonalNaive,32,0.0,1.649999976158142,0.03125,0.0,21.450000762939453,0.0,21.450000762939453,0.40625,20260730
2023-07-18,ChargerFull,SeasonalNaive,48,35.07099914550781,68.60800170898438,2.75,25.659000396728516,95.90799713134766,25.659000396728516,95.90799713134766,3.8125,20260730
2023-07-18,ChargerFull,SeasonalNaive,64,100.8219985961914,100.8219985961914,2.9375,108.74501037597656,138.4449920654297,108.74501037597656,138.4449920654297,4.875,20260730
2023-07-18,ChargerFull,SeasonalNaive,80,133.8730010986328,133.8730010986328,1.8125,148.20599365234375,148.75498962402344,148.20599365234375,148.75498962402344,1.625,20260730
2023-07-18,ChargerFull,SeasonalNaive,84,140.23199462890625,140.23199462890625,1.0,149.8560028076172,149.8560028076172,149.8560028076172,149.8560028076172,0.25,20260730
2023-07-18,ChargerFull,SeasonalNaive,96,140.23199462890625,140.23199462890625,0.0,149.8560028076172,149.8560028076172,149.8560028076172,149.8560028076172,0.0,20260730
2023-07-19,ChargerFull,SeasonalNaive,32,0.0,25.990999221801758,0.5,0.0,18.149999618530273,0.0,18.149999618530273,0.34375,20260730
2023-07-19,ChargerFull,SeasonalNaive,48,33.64099884033203,60.04100036621094,2.8125,1.6430000066757202,39.4379997253418,1.6430000066757202,39.4379997253418,2.0625,20260730
2023-07-19,ChargerFull,SeasonalNaive,64,80.72799682617188,80.72799682617188,2.375,59.23099899291992,80.35700225830078,59.23099899291992,80.35700225830078,3.5,20260730
2023-07-19,ChargerFull,SeasonalNaive,80,90.96199798583984,90.96199798583984,0.9375,82.0,88.57099914550781,82.0,88.57099914550781,1.5625,20260730
2023-07-19,ChargerFull,SeasonalNaive,84,90.96199798583984,90.96199798583984,0.0,86.92100524902344,88.57099914550781,86.92100524902344,88.57099914550781,1.0,20260730
2023-07-19,ChargerFull,SeasonalNaive,96,90.96199798583984,90.96199798583984,0.0,88.57099914550781,88.57099914550781,88.57099914550781,88.57099914550781,0.0833333358168602,20260730
2023-07-20,ChargerFull,SeasonalNaive,32,0.0,0.0,0.0,0.0,4.949999809265137,0.0,4.949999809265137,0.09375,20260730
2023-07-20,ChargerFull,SeasonalNaive,48,50.82600021362305,71.7550048828125,3.375,72.54100036621094,84.06300354003906,72.54100036621094,84.06300354003906,3.8125,20260730
2023-07-20,ChargerFull,SeasonalNaive,64,118.61499786376953,118.89299774169922,2.625,111.79200744628906,114.5050048828125,111.79200744628906,114.5050048828125,2.3125,20260730
2023-07-20,ChargerFull,SeasonalNaive,80,129.17300415039062,129.17300415039062,0.9375,159.3000030517578,159.3000030517578,159.3000030517578,159.3000030517578,2.5,20260730
2023-07-20,ChargerFull,SeasonalNaive,84,129.17300415039062,129.17300415039062,0.0,159.3000030517578,159.3000030517578,159.3000030517578,159.3000030517578,0.0,20260730
2023-07-20,ChargerFull,SeasonalNaive,96,129.17300415039062,129.17300415039062,0.0,159.3000030517578,159.3000030517578,159.3000030517578,159.3000030517578,0.0,20260730
2023-07-21,ChargerFull,SeasonalNaive,32,0.0,0.0,0.0,0.9089999794960022,14.850000381469727,0.9089999794960022,14.850000381469727,0.28125,20260730
2023-07-21,ChargerFull,SeasonalNaive,48,12.330999374389648,15.631000518798828,1.125,30.94499969482422,32.595001220703125,30.94499969482422,32.595001220703125,1.5,20260730
2023-07-21,ChargerFull,SeasonalNaive,64,60.209999084472656,65.81900024414062,2.125,58.197998046875,63.14799880981445,58.197998046875,63.14799880981445,1.875,20260730
2023-07-21,ChargerFull,SeasonalNaive,80,94.1760025024414,94.1760025024414,1.375,90.84500122070312,94.26199340820312,90.84500122070312,94.26199340820312,1.625,20260730
2023-07-21,ChargerFull,SeasonalNaive,84,94.1760025024414,94.1760025024414,0.0,97.44499206542969,97.44499206542969,97.44499206542969,97.44499206542969,1.0,20260730
2023-07-21,ChargerFull,SeasonalNaive,96,94.1760025024414,94.1760025024414,0.0,97.44499206542969,97.44499206542969,97.44499206542969,97.44499206542969,0.0,20260730
2023-07-22,ChargerFull,SeasonalNaive,32,0.0,1.649999976158142,0.03125,0.0,0.0,0.0,0.0,0.0,20260730
2023-07-22,ChargerFull,SeasonalNaive,48,9.642999649047852,22.983999252319336,1.5625,0.0,0.0,0.0,0.0,0.0,20260730
2023-07-22,ChargerFull,SeasonalNaive,64,42.54199981689453,47.492000579833984,2.125,10.382999420166016,10.382999420166016,10.382999420166016,10.382999420166016,0.75,20260730
2023-07-22,ChargerFull,SeasonalNaive,80,49.152000427246094,49.152000427246094,0.3125,15.918998718261719,15.918998718261719,15.918998718261719,15.918998718261719,0.4375,20260730
2023-07-22,ChargerFull,SeasonalNaive,84,49.152000427246094,49.152000427246094,0.0,15.918998718261719,15.918998718261719,15.918998718261719,15.918998718261719,0.0,20260730
2023-07-22,ChargerFull,SeasonalNaive,96,49.152000427246094,49.152000427246094,0.0,15.918998718261719,15.918998718261719,15.918998718261719,15.918998718261719,0.0,20260730
2023-07-23,ChargerFull,SeasonalNaive,32,0.0,0.0,0.0,0.0,0.0,0.0,0.0,0.0,20260730
2023-07-23,ChargerFull,SeasonalNaive,48,5.4029998779296875,5.4029998779296875,0.5,0.0,0.0,0.0,0.0,0.0,20260730
2023-07-23,ChargerFull,SeasonalNaive,64,5.4029998779296875,5.4029998779296875,0.0,17.957000732421875,21.191999435424805,17.957002639770508,21.191999435424805,0.9375,20260730
2023-07-23,ChargerFull,SeasonalNaive,80,26.038000106811523,28.927000045776367,1.5625,47.46900177001953,52.60700225830078,47.46900177001953,52.60700225830078,1.3125,20260730
2023-07-23,ChargerFull,SeasonalNaive,84,29.33799934387207,29.33799934387207,0.5,54.069000244140625,59.207000732421875,54.069000244140625,59.207000732421875,1.0,20260730
2023-07-23,ChargerFull,SeasonalNaive,96,29.33799934387207,29.33799934387207,0.0,68.91900634765625,68.91900634765625,68.91900634765625,68.91900634765625,0.75,20260730
2023-07-24,ChargerFull,SeasonalNaive,32,0.0,0.0,0.0,0.0,3.299999952316284,0.0,3.299999952316284,0.0625,20260730
2023-07-24,ChargerFull,SeasonalNaive,48,32.415000915527344,36.92000198364258,2.4375,50.70399856567383,69.35600280761719,50.70399856567383,69.35600280761719,3.4375,20260730
2023-07-24,ChargerFull,SeasonalNaive,64,79.33300018310547,95.83299255371094,2.875,85.68800354003906,90.63800048828125,85.68800354003906,90.63800048828125,2.875,20260730
2023-07-24,ChargerFull,SeasonalNaive,80,133.98899841308594,135.6389923095703,2.3125,98.52300262451172,98.52300262451172,98.52300262451172,98.52300262451172,0.875,20260730
2023-07-24,ChargerFull,SeasonalNaive,84,135.6389923095703,135.6389923095703,0.25,98.52300262451172,98.52300262451172,98.52300262451172,98.52300262451172,0.0,20260730
2023-07-24,ChargerFull,SeasonalNaive,96,135.6389923095703,135.6389923095703,0.0,98.52300262451172,98.52300262451172,98.52300262451172,98.52300262451172,0.0,20260730
2023-07-25,ChargerFull,SeasonalNaive,32,0.0,0.0,0.0,0.0,1.649999976158142,0.0,1.649999976158142,0.03125,20260730
2023-07-25,ChargerFull,SeasonalNaive,48,30.4950008392334,41.2239990234375,2.125,35.07099914550781,68.60800170898438,35.07099914550781,68.60800170898438,2.75,20260730
2023-07-25,ChargerFull,SeasonalNaive,64,50.641998291015625,61.371002197265625,2.25,100.8219985961914,100.8219985961914,100.8219985961914,100.8219985961914,2.9375,20260730
2023-07-25,ChargerFull,SeasonalNaive,80,69.97699737548828,69.97699737548828,0.8125,133.8730010986328,133.8730010986328,133.8730010986328,133.8730010986328,1.8125,20260730
2023-07-25,ChargerFull,SeasonalNaive,84,69.97699737548828,69.97699737548828,0.0,140.23199462890625,140.23199462890625,140.23199462890625,140.23199462890625,1.0,20260730
2023-07-25,ChargerFull,SeasonalNaive,96,69.97699737548828,69.97699737548828,0.0,140.23199462890625,140.23199462890625,140.23199462890625,140.23199462890625,0.0,20260730
2023-07-26,ChargerFull,SeasonalNaive,32,0.0,0.0,0.0,0.0,25.990999221801758,0.0,25.990999221801758,0.5,20260730
2023-07-26,ChargerFull,SeasonalNaive,48,13.441999435424805,38.915000915527344,3.4375,33.64099884033203,60.04100036621094,33.64099884033203,60.04100036621094,2.8125,20260730
2023-07-26,ChargerFull,SeasonalNaive,64,71.8010025024414,73.0979995727539,3.625,80.72799682617188,80.72799682617188,80.72799682617188,80.72799682617188,2.375,20260730
2023-07-26,ChargerFull,SeasonalNaive,80,99.8080062866211,99.8080062866211,1.5,90.96199798583984,90.96199798583984,90.96199798583984,90.96199798583984,0.9375,20260730
2023-07-26,ChargerFull,SeasonalNaive,84,99.8080062866211,99.8080062866211,0.0,90.96199798583984,90.96199798583984,90.96199798583984,90.96199798583984,0.0,20260730
2023-07-26,ChargerFull,SeasonalNaive,96,99.8080062866211,99.8080062866211,0.0,90.96199798583984,90.96199798583984,90.96199798583984,90.96199798583984,0.0,20260730
2023-07-27,ChargerFull,SeasonalNaive,32,0.0,0.0,0.0,0.0,0.0,0.0,0.0,0.0,20260730
2023-07-27,ChargerFull,SeasonalNaive,48,3.9719998836517334,15.52199935913086,0.8125,50.82600021362305,71.7550048828125,50.82600021362305,71.7550048828125,3.375,20260730
2023-07-27,ChargerFull,SeasonalNaive,64,42.35799789428711,55.55799865722656,3.1875,118.61499786376953,118.89299774169922,118.61499786376953,118.89299774169922,2.625,20260730
2023-07-27,ChargerFull,SeasonalNaive,80,64.79100036621094,73.04100036621094,1.6875,129.17300415039062,129.17300415039062,129.17300415039062,129.17300415039062,0.9375,20260730
2023-07-27,ChargerFull,SeasonalNaive,84,71.39099884033203,73.04100036621094,1.0,129.17300415039062,129.17300415039062,129.17300415039062,129.17300415039062,0.0,20260730
2023-07-27,ChargerFull,SeasonalNaive,96,73.04100036621094,73.04100036621094,0.0833333358168602,129.17300415039062,129.17300415039062,129.17300415039062,129.17300415039062,0.0,20260730
2023-07-28,ChargerFull,SeasonalNaive,32,0.0,16.5,0.3125,0.0,0.0,0.0,0.0,0.0,20260730
2023-07-28,ChargerFull,SeasonalNaive,48,3.2219998836517334,52.99800109863281,2.3125,12.330999374389648,15.631000518798828,12.330999374389648,15.631000518798828,1.125,20260730
2023-07-28,ChargerFull,SeasonalNaive,64,45.29800033569336,53.49100112915039,2.875,60.209999084472656,65.81900024414062,60.209999084472656,65.81900024414062,2.125,20260730
2023-07-28,ChargerFull,SeasonalNaive,80,60.334999084472656,60.334999084472656,0.9375,94.1760025024414,94.1760025024414,94.1760025024414,94.1760025024414,1.375,20260730
2023-07-28,ChargerFull,SeasonalNaive,84,60.334999084472656,60.334999084472656,0.0,94.1760025024414,94.1760025024414,94.1760025024414,94.1760025024414,0.0,20260730
2023-07-28,ChargerFull,SeasonalNaive,96,60.334999084472656,60.334999084472656,0.0,94.1760025024414,94.1760025024414,94.1760025024414,94.1760025024414,0.0,20260730
2023-07-29,ChargerFull,SeasonalNaive,32,0.0,0.0,0.0,0.0,1.649999976158142,0.0,1.649999976158142,0.03125,20260730
2023-07-29,ChargerFull,SeasonalNaive,48,20.29599952697754,24.634998321533203,1.25,9.642999649047852,22.983999252319336,9.642999649047852,22.983999252319336,1.5625,20260730
2023-07-29,ChargerFull,SeasonalNaive,64,44.28199768066406,48.24700164794922,1.5625,42.54199981689453,47.492000579833984,42.54199981689453,47.492000579833984,2.125,20260730
2023-07-29,ChargerFull,SeasonalNaive,80,59.3489990234375,59.3489990234375,0.625,49.152000427246094,49.152000427246094,49.152000427246094,49.152000427246094,0.3125,20260730
2023-07-29,ChargerFull,SeasonalNaive,84,59.3489990234375,59.3489990234375,0.0,49.152000427246094,49.152000427246094,49.152000427246094,49.152000427246094,0.0,20260730
2023-07-29,ChargerFull,SeasonalNaive,96,59.3489990234375,59.3489990234375,0.0,49.152000427246094,49.152000427246094,49.152000427246094,49.152000427246094,0.0,20260730
2023-07-30,ChargerFull,SeasonalNaive,32,0.0,4.949999809265137,0.09375,0.0,0.0,0.0,0.0,0.0,20260730
2023-07-30,ChargerFull,SeasonalNaive,48,16.78499984741211,30.46099853515625,1.875,5.4029998779296875,5.4029998779296875,5.4029998779296875,5.4029998779296875,0.5,20260730
2023-07-30,ChargerFull,SeasonalNaive,64,42.78900146484375,47.73899841308594,1.6875,5.4029998779296875,5.4029998779296875,5.4029998779296875,5.4029998779296875,0.0,20260730
2023-07-30,ChargerFull,SeasonalNaive,80,68.73099517822266,68.73099517822266,1.125,26.038000106811523,28.927000045776367,26.038000106811523,28.927000045776367,1.5625,20260730
2023-07-30,ChargerFull,SeasonalNaive,84,68.73099517822266,68.73099517822266,0.0,29.33799934387207,29.33799934387207,29.33799934387207,29.33799934387207,0.5,20260730
2023-07-30,ChargerFull,SeasonalNaive,96,68.73099517822266,68.73099517822266,0.0,29.33799934387207,29.33799934387207,29.33799934387207,29.33799934387207,0.0,20260730
2023-07-31,ChargerFull,SeasonalNaive,32,0.0,16.5,0.3125,0.0,0.0,0.0,0.0,0.0,20260730
2023-07-31,ChargerFull,SeasonalNaive,48,13.979999542236328,47.62399673461914,3.0,32.415000915527344,36.92000198364258,32.415000915527344,36.92000198364258,2.4375,20260730
2023-07-31,ChargerFull,SeasonalNaive,64,101.18400573730469,106.95700073242188,3.625,79.33300018310547,95.83299255371094,79.33300018310547,95.83299255371094,2.875,20260730
2023-07-31,ChargerFull,SeasonalNaive,80,135.43299865722656,137.43600463867188,1.6875,133.98899841308594,135.6389923095703,133.98899841308594,135.6389923095703,2.3125,20260730
2023-07-31,ChargerFull,SeasonalNaive,84,138.73300170898438,138.73300170898438,0.5,135.6389923095703,135.6389923095703,135.6389923095703,135.6389923095703,0.25,20260730
2023-07-31,ChargerFull,SeasonalNaive,96,138.73300170898438,138.73300170898438,0.0,135.6389923095703,135.6389923095703,135.6389923095703,135.6389923095703,0.0,20260730
2023-08-01,ChargerFull,SeasonalNaive,32,3.190000057220459,24.639999389648438,0.46875,0.0,0.0,0.0,0.0,0.0,20260730
2023-08-01,ChargerFull,SeasonalNaive,48,20.444000244140625,43.09099578857422,1.9375,30.4950008392334,41.2239990234375,30.4950008392334,41.2239990234375,2.125,20260730
2023-08-01,ChargerFull,SeasonalNaive,64,76.63499450683594,77.77799987792969,2.75,50.641998291015625,61.371002197265625,50.641998291015625,61.371002197265625,2.25,20260730
2023-08-01,ChargerFull,SeasonalNaive,80,93.25898742675781,93.25898742675781,1.4375,69.97699737548828,69.97699737548828,69.97699737548828,69.97699737548828,0.8125,20260730
2023-08-01,ChargerFull,SeasonalNaive,84,97.9439926147461,99.85899353027344,1.0,69.97699737548828,69.97699737548828,69.97699737548828,69.97699737548828,0.0,20260730
2023-08-01,ChargerFull,SeasonalNaive,96,104.54399108886719,104.54399108886719,0.3333333432674408,69.97699737548828,69.97699737548828,69.97699737548828,69.97699737548828,0.0,20260730
2023-08-02,ChargerFull,SeasonalNaive,32,0.0,0.0,0.0,0.0,0.0,0.0,0.0,0.0,20260730
2023-08-02,ChargerFull,SeasonalNaive,48,19.55900001525879,27.214000701904297,2.4375,13.441999435424805,38.915000915527344,13.441999435424805,38.915000915527344,3.4375,20260730
2023-08-02,ChargerFull,SeasonalNaive,64,56.435997009277344,59.736000061035156,2.125,71.8010025024414,73.0979995727539,71.8010025024414,73.0979995727539,3.625,20260730
2023-08-02,ChargerFull,SeasonalNaive,80,71.86599731445312,81.68399810791016,1.9375,99.8080062866211,99.8080062866211,99.8080062866211,99.8080062866211,1.5,20260730
2023-08-02,ChargerFull,SeasonalNaive,84,80.65299987792969,88.28399658203125,2.0,99.8080062866211,99.8080062866211,99.8080062866211,99.8080062866211,0.0,20260730
2023-08-02,ChargerFull,SeasonalNaive,96,88.90299224853516,88.90299224853516,0.4166666567325592,99.8080062866211,99.8080062866211,99.8080062866211,99.8080062866211,0.0,20260730
2023-08-03,ChargerFull,SeasonalNaive,32,0.0,18.149999618530273,0.34375,0.0,0.0,0.0,0.0,0.0,20260730
2023-08-03,ChargerFull,SeasonalNaive,48,36.13800048828125,62.538002014160156,3.1875,3.9719998836517334,15.52199935913086,3.9719998836517334,15.52199935913086,0.8125,20260730
2023-08-03,ChargerFull,SeasonalNaive,64,87.19200134277344,114.15799713134766,3.25,42.35799789428711,55.55799865722656,42.35799789428711,55.55799865722656,3.1875,20260730
2023-08-03,ChargerFull,SeasonalNaive,80,131.718994140625,133.85598754882812,2.0625,64.79100036621094,73.04100036621094,64.79100036621094,73.04100036621094,1.6875,20260730
2023-08-03,ChargerFull,SeasonalNaive,84,141.6580047607422,146.56900024414062,2.0,71.39099884033203,73.04100036621094,71.39099884033203,73.04100036621094,1.0,20260730
2023-08-03,ChargerFull,SeasonalNaive,96,146.60800170898438,146.60800170898438,0.25,73.04100036621094,73.04100036621094,73.04100036621094,73.04100036621094,0.0833333358168602,20260730
2023-08-04,ChargerFull,SeasonalNaive,32,0.0,18.149999618530273,0.34375,0.0,16.5,0.0,16.5,0.3125,20260730
2023-08-04,ChargerFull,SeasonalNaive,48,42.2239990234375,58.03200149536133,2.5625,3.2219998836517334,52.99800109863281,3.2219998836517334,52.99800109863281,2.3125,20260730
2023-08-04,ChargerFull,SeasonalNaive,64,91.26699829101562,106.1969985961914,3.0625,45.29800033569336,53.49100112915039,45.29800033569336,53.49100112915039,2.875,20260730
2023-08-04,ChargerFull,SeasonalNaive,80,118.57599639892578,118.57599639892578,1.375,60.334999084472656,60.334999084472656,60.334999084472656,60.334999084472656,0.9375,20260730
2023-08-04,ChargerFull,SeasonalNaive,84,118.57599639892578,118.57599639892578,0.0,60.334999084472656,60.334999084472656,60.334999084472656,60.334999084472656,0.0,20260730
2023-08-04,ChargerFull,SeasonalNaive,96,118.57599639892578,118.57599639892578,0.0,60.334999084472656,60.334999084472656,60.334999084472656,60.334999084472656,0.0,20260730
2023-08-05,ChargerFull,SeasonalNaive,32,0.0,0.0,0.0,0.0,0.0,0.0,0.0,0.0,20260730
2023-08-05,ChargerFull,SeasonalNaive,48,23.649999618530273,45.41999816894531,2.375,20.29599952697754,24.634998321533203,20.29599952697754,24.634998321533203,1.25,20260730
2023-08-05,ChargerFull,SeasonalNaive,64,62.85099792480469,68.15999603271484,2.4375,44.28199768066406,48.24700164794922,44.282005310058594,48.24700164794922,1.5625,20260730
2023-08-05,ChargerFull,SeasonalNaive,80,70.99700164794922,79.20600128173828,0.8125,59.3489990234375,59.3489990234375,59.3489990234375,59.3489990234375,0.625,20260730
2023-08-05,ChargerFull,SeasonalNaive,84,77.5560073852539,79.20600128173828,1.0,59.3489990234375,59.3489990234375,59.3489990234375,59.3489990234375,0.0,20260730
2023-08-05,ChargerFull,SeasonalNaive,96,79.20600128173828,79.20600128173828,0.0833333358168602,59.3489990234375,59.3489990234375,59.3489990234375,59.3489990234375,0.0,20260730
2023-08-06,ChargerFull,SeasonalNaive,32,0.0,0.0,0.0,0.0,4.949999809265137,0.0,4.949999809265137,0.09375,20260730
2023-08-06,ChargerFull,SeasonalNaive,48,16.119998931884766,17.975000381469727,0.9375,16.78499984741211,30.46099853515625,16.78499984741211,30.46099853515625,1.875,20260730
2023-08-06,ChargerFull,SeasonalNaive,64,39.68600082397461,44.2400016784668,1.25,42.78900146484375,47.73899841308594,42.78900146484375,47.73899841308594,1.6875,20260730
2023-08-06,ChargerFull,SeasonalNaive,80,58.13300323486328,58.13300323486328,1.625,68.73099517822266,68.73099517822266,68.73099517822266,68.73099517822266,1.125,20260730
2023-08-06,ChargerFull,SeasonalNaive,84,58.13300323486328,58.13300323486328,0.0,68.73099517822266,68.73099517822266,68.73099517822266,68.73099517822266,0.0,20260730
2023-08-06,ChargerFull,SeasonalNaive,96,58.13300323486328,58.13300323486328,0.0,68.73099517822266,68.73099517822266,68.73099517822266,68.73099517822266,0.0,20260730
2023-08-07,ChargerFull,SeasonalNaive,32,0.0,0.0,0.0,0.0,16.5,0.0,16.5,0.3125,20260730
2023-08-07,ChargerFull,SeasonalNaive,48,17.618999481201172,40.60099792480469,2.3125,13.979999542236328,47.62399673461914,13.979999542236328,47.62399673461914,3.0,20260730
2023-08-07,ChargerFull,SeasonalNaive,64,74.9739990234375,75.68099975585938,2.9375,101.18400573730469,106.95700073242188,101.18400573730469,106.95700073242188,3.625,20260730
2023-08-07,ChargerFull,SeasonalNaive,80,90.42900085449219,92.07901000976562,1.375,135.43299865722656,137.43600463867188,135.43299865722656,137.43600463867188,1.6875,20260730
2023-08-07,ChargerFull,SeasonalNaive,84,92.07901000976562,92.07901000976562,0.25,138.73300170898438,138.73300170898438,138.73300170898438,138.73300170898438,0.5,20260730
2023-08-07,ChargerFull,SeasonalNaive,96,92.07901000976562,92.07901000976562,0.0,138.73300170898438,138.73300170898438,138.73300170898438,138.73300170898438,0.0,20260730
2023-08-08,ChargerFull,SeasonalNaive,32,7.624000072479248,21.44999885559082,0.40625,3.190000057220459,24.639999389648438,3.190000057220459,24.639999389648438,0.46875,20260730
2023-08-08,ChargerFull,SeasonalNaive,48,83.0199966430664,101.74400329589844,4.0,20.444000244140625,43.09099578857422,20.444000244140625,43.09099578857422,1.9375,20260730
2023-08-08,ChargerFull,SeasonalNaive,64,121.11900329589844,140.20401000976562,2.5625,76.63499450683594,77.77799987792969,76.63499450683594,77.77799987792969,2.75,20260730
2023-08-08,ChargerFull,SeasonalNaive,80,152.3249969482422,152.3249969482422,1.25,93.25898742675781,93.25898742675781,93.25898742675781,93.25898742675781,1.4375,20260730
2023-08-08,ChargerFull,SeasonalNaive,84,152.3249969482422,152.3249969482422,0.0,97.9439926147461,99.85899353027344,97.9439926147461,99.85899353027344,1.0,20260730
2023-08-08,ChargerFull,SeasonalNaive,96,152.3249969482422,152.3249969482422,0.0,104.54399108886719,104.54399108886719,104.54399108886719,104.54399108886719,0.3333333432674408,20260730
2023-08-09,ChargerFull,SeasonalNaive,32,5.883999824523926,18.149999618530273,0.34375,0.0,0.0,0.0,0.0,0.0,20260730
2023-08-09,ChargerFull,SeasonalNaive,48,41.08000183105469,75.7300033569336,3.1875,19.55900001525879,27.214000701904297,19.55900001525879,27.214000701904297,2.4375,20260730
2023-08-09,ChargerFull,SeasonalNaive,64,129.97799682617188,149.7779998779297,4.5,56.435997009277344,59.736000061035156,56.435997009277344,59.736000061035156,2.125,20260730
2023-08-09,ChargerFull,SeasonalNaive,80,167.00201416015625,167.00201416015625,1.4375,71.86599731445312,81.68399810791016,71.86599731445312,81.68399810791016,1.9375,20260730
2023-08-09,ChargerFull,SeasonalNaive,84,167.00201416015625,167.00201416015625,0.0,80.65299987792969,88.28399658203125,80.65299987792969,88.28399658203125,2.0,20260730
2023-08-09,ChargerFull,SeasonalNaive,96,167.00201416015625,167.00201416015625,0.0,88.90299224853516,88.90299224853516,88.90299224853516,88.90299224853516,0.4166666567325592,20260730
2023-08-10,ChargerFull,SeasonalNaive,32,6.682000160217285,27.22199821472168,0.59375,0.0,18.149999618530273,0.0,18.149999618530273,0.34375,20260730
2023-08-10,ChargerFull,SeasonalNaive,48,48.6870002746582,75.04600524902344,3.5,36.13800048828125,62.538002014160156,36.13800048828125,62.538002014160156,3.1875,20260730
2023-08-10,ChargerFull,SeasonalNaive,64,86.98699951171875,96.52400207519531,3.5,87.19200134277344,114.15799713134766,87.19200134277344,114.15799713134766,3.25,20260730
2023-08-10,ChargerFull,SeasonalNaive,80,122.79999542236328,129.13299560546875,2.0625,131.718994140625,133.85598754882812,131.718994140625,133.85598754882812,2.0625,20260730
2023-08-10,ChargerFull,SeasonalNaive,84,129.40000915527344,134.35000610351562,1.0,141.6580047607422,146.56900024414062,141.6580047607422,146.56900024414062,2.0,20260730
2023-08-10,ChargerFull,SeasonalNaive,96,134.35000610351562,134.35000610351562,0.25,146.60800170898438,146.60800170898438,146.60800170898438,146.60800170898438,0.25,20260730
2023-08-11,ChargerFull,SeasonalNaive,32,0.0,18.149999618530273,0.34375,0.0,18.149999618530273,0.0,18.149999618530273,0.34375,20260730
2023-08-11,ChargerFull,SeasonalNaive,48,45.78300094604492,53.755001068115234,1.9375,42.2239990234375,58.03200149536133,42.2239990234375,58.03200149536133,2.5625,20260730
2023-08-11,ChargerFull,SeasonalNaive,64,62.154998779296875,62.154998779296875,1.625,91.26699829101562,106.1969985961914,91.26699829101562,106.1969985961914,3.0625,20260730
2023-08-11,ChargerFull,SeasonalNaive,80,62.154998779296875,62.154998779296875,0.0,118.57599639892578,118.57599639892578,118.57599639892578,118.57599639892578,1.375,20260730
2023-08-11,ChargerFull,SeasonalNaive,84,62.154998779296875,62.154998779296875,0.0,118.57599639892578,118.57599639892578,118.57599639892578,118.57599639892578,0.0,20260730
2023-08-11,ChargerFull,SeasonalNaive,96,62.154998779296875,62.154998779296875,0.0,118.57599639892578,118.57599639892578,118.57599639892578,118.57599639892578,0.0,20260730
2023-08-12,ChargerFull,SeasonalNaive,32,0.0,0.0,0.0,0.0,0.0,0.0,0.0,0.0,20260730
2023-08-12,ChargerFull,SeasonalNaive,48,5.170000076293945,9.465999603271484,0.75,23.649999618530273,45.41999816894531,23.649999618530273,45.41999816894531,2.375,20260730
2023-08-12,ChargerFull,SeasonalNaive,64,31.78299903869629,36.58000183105469,2.75,62.85099792480469,68.15999603271484,62.85099792480469,68.15999603271484,2.4375,20260730
2023-08-12,ChargerFull,SeasonalNaive,80,41.02900314331055,41.02900314331055,0.5,70.99700164794922,79.20600128173828,70.99700164794922,79.20600128173828,0.8125,20260730
2023-08-12,ChargerFull,SeasonalNaive,84,41.02900314331055,41.02900314331055,0.0,77.5560073852539,79.20600128173828,77.5560073852539,79.20600128173828,1.0,20260730
2023-08-12,ChargerFull,SeasonalNaive,96,41.02900314331055,41.02900314331055,0.0,79.20600128173828,79.20600128173828,79.20600128173828,79.20600128173828,0.0833333358168602,20260730
2023-08-13,ChargerFull,SeasonalNaive,32,0.0,0.0,0.0,0.0,0.0,0.0,0.0,0.0,20260730
2023-08-13,ChargerFull,SeasonalNaive,48,4.267000198364258,10.866999626159668,0.4375,16.119998931884766,17.975000381469727,16.1200008392334,17.975000381469727,0.9375,20260730
2023-08-13,ChargerFull,SeasonalNaive,64,29.85700035095215,34.08300018310547,1.4375,39.68600082397461,44.2400016784668,39.68600082397461,44.2400016784668,1.25,20260730
2023-08-13,ChargerFull,SeasonalNaive,80,57.689998626708984,65.48699951171875,2.0625,58.13300323486328,58.13300323486328,58.13300323486328,58.13300323486328,1.625,20260730
2023-08-13,ChargerFull,SeasonalNaive,84,63.83700180053711,65.48699951171875,1.25,58.13300323486328,58.13300323486328,58.13300323486328,58.13300323486328,0.0,20260730
2023-08-13,ChargerFull,SeasonalNaive,96,65.48699951171875,65.48699951171875,0.0833333358168602,58.13300323486328,58.13300323486328,58.13300323486328,58.13300323486328,0.0,20260730
2023-08-14,ChargerFull,SeasonalNaive,32,0.0,16.732999801635742,0.375,0.0,0.0,0.0,0.0,0.0,20260730
2023-08-14,ChargerFull,SeasonalNaive,48,26.76799964904785,44.88800048828125,3.0,17.618999481201172,40.60099792480469,17.618999481201172,40.60099792480469,2.3125,20260730
2023-08-14,ChargerFull,SeasonalNaive,64,94.40699768066406,102.1709976196289,3.5,74.9739990234375,75.68099975585938,74.9739990234375,75.68099975585938,2.9375,20260730
2023-08-14,ChargerFull,SeasonalNaive,80,130.99200439453125,130.99200439453125,1.5,90.42900085449219,92.07901000976562,90.42900085449219,92.07901000976562,1.375,20260730
2023-08-14,ChargerFull,SeasonalNaive,84,130.99200439453125,130.99200439453125,0.0,92.07901000976562,92.07901000976562,92.07901000976562,92.07901000976562,0.25,20260730
2023-08-14,ChargerFull,SeasonalNaive,96,130.99200439453125,130.99200439453125,0.0,92.07901000976562,92.07901000976562,92.07901000976562,92.07901000976562,0.0,20260730
2023-08-15,ChargerFull,SeasonalNaive,32,1.9529999494552612,21.44999885559082,0.40625,7.624000072479248,21.44999885559082,7.624000072479248,21.44999885559082,0.40625,20260730
2023-08-15,ChargerFull,SeasonalNaive,48,53.152000427246094,82.21600341796875,3.3125,83.0199966430664,101.74400329589844,83.0199966430664,101.74400329589844,4.0,20260730
2023-08-15,ChargerFull,SeasonalNaive,64,119.2239990234375,121.52999877929688,2.625,121.11900329589844,140.20401000976562,121.11900329589844,140.20401000976562,2.5625,20260730
2023-08-15,ChargerFull,SeasonalNaive,80,123.75299835205078,123.75299835205078,0.4375,152.3249969482422,152.3249969482422,152.3249969482422,152.3249969482422,1.25,20260730
2023-08-15,ChargerFull,SeasonalNaive,84,123.75299835205078,123.75299835205078,0.0,152.3249969482422,152.3249969482422,152.3249969482422,152.3249969482422,0.0,20260730
2023-08-15,ChargerFull,SeasonalNaive,96,123.75299835205078,123.75299835205078,0.0,152.3249969482422,152.3249969482422,152.3249969482422,152.3249969482422,0.0,20260730
2023-08-16,ChargerFull,SeasonalNaive,32,13.8100004196167,15.460000038146973,0.46875,5.883999824523926,18.149999618530273,5.883999824523926,18.149999618530273,0.34375,20260730
2023-08-16,ChargerFull,SeasonalNaive,48,45.97100067138672,71.35700225830078,3.125,41.08000183105469,75.7300033569336,41.08000183105469,75.7300033569336,3.1875,20260730
2023-08-16,ChargerFull,SeasonalNaive,64,108.3030014038086,120.66899871826172,3.5,129.97799682617188,149.7779998779297,129.97799682617188,149.7779998779297,4.5,20260730
2023-08-16,ChargerFull,SeasonalNaive,80,135.4550018310547,135.4550018310547,1.25,167.00201416015625,167.00201416015625,167.00201416015625,167.00201416015625,1.4375,20260730
2023-08-16,ChargerFull,SeasonalNaive,84,135.4550018310547,136.17799377441406,0.25,167.00201416015625,167.00201416015625,167.00201416015625,167.00201416015625,0.0,20260730
2023-08-16,ChargerFull,SeasonalNaive,96,136.17799377441406,136.17799377441406,0.0833333358168602,167.00201416015625,167.00201416015625,167.00201416015625,167.00201416015625,0.0,20260730
2023-08-17,ChargerFull,SeasonalNaive,32,6.690999984741211,6.690999984741211,0.25,6.682000160217285,27.22199821472168,6.682000160217285,27.22199821472168,0.59375,20260730
2023-08-17,ChargerFull,SeasonalNaive,48,19.243999481201172,57.63199996948242,3.0625,48.6870002746582,75.04600524902344,48.6870002746582,75.04600524902344,3.5,20260730
2023-08-17,ChargerFull,SeasonalNaive,64,79.36100006103516,113.31700134277344,3.4375,86.98699951171875,96.52400207519531,86.98699951171875,96.52400207519531,3.5,20260730
2023-08-17,ChargerFull,SeasonalNaive,80,135.1510009765625,136.80101013183594,2.5,122.79999542236328,129.13299560546875,122.79999542236328,129.13299560546875,2.0625,20260730
2023-08-17,ChargerFull,SeasonalNaive,84,136.80101013183594,136.80101013183594,0.25,129.40000915527344,134.35000610351562,129.40000915527344,134.35000610351562,1.0,20260730
2023-08-17,ChargerFull,SeasonalNaive,96,136.80101013183594,136.80101013183594,0.0,134.35000610351562,134.35000610351562,134.35000610351562,134.35000610351562,0.25,20260730
2023-08-18,ChargerFull,SeasonalNaive,32,6.9039998054504395,6.9039998054504395,0.25,0.0,18.149999618530273,0.0,18.149999618530273,0.34375,20260730
2023-08-18,ChargerFull,SeasonalNaive,48,19.98999786376953,26.59000015258789,1.625,45.78300094604492,53.755001068115234,45.78300094604492,53.755001068115234,1.9375,20260730
2023-08-18,ChargerFull,SeasonalNaive,64,43.295997619628906,43.77799987792969,1.1875,62.154998779296875,62.154998779296875,62.154998779296875,62.154998779296875,1.625,20260730
2023-08-18,ChargerFull,SeasonalNaive,80,61.01499938964844,64.60999298095703,0.875,62.154998779296875,62.154998779296875,62.154998779296875,62.154998779296875,0.0,20260730
2023-08-18,ChargerFull,SeasonalNaive,84,70.21800231933594,74.02799987792969,1.75,62.154998779296875,62.154998779296875,62.154998779296875,62.154998779296875,0.0,20260730
2023-08-18,ChargerFull,SeasonalNaive,96,86.53099822998047,86.53099822998047,0.8333333134651184,62.154998779296875,62.154998779296875,62.154998779296875,62.154998779296875,0.0,20260730
2023-08-19,ChargerFull,SeasonalNaive,32,0.0,4.949999809265137,0.09375,0.0,0.0,0.0,0.0,0.0,20260730
2023-08-19,ChargerFull,SeasonalNaive,48,15.104999542236328,21.14099884033203,1.6875,5.170000076293945,9.465999603271484,5.170000076293945,9.465999603271484,0.75,20260730
2023-08-19,ChargerFull,SeasonalNaive,64,42.19000244140625,47.00699996948242,1.5625,31.78299903869629,36.58000183105469,31.78299903869629,36.58000183105469,2.75,20260730
2023-08-19,ChargerFull,SeasonalNaive,80,80.19900512695312,83.44000244140625,1.5,41.02900314331055,41.02900314331055,41.02900314331055,41.02900314331055,0.5,20260730
2023-08-19,ChargerFull,SeasonalNaive,84,86.79900360107422,88.4489974975586,1.0,41.02900314331055,41.02900314331055,41.02900314331055,41.02900314331055,0.0,20260730
2023-08-19,ChargerFull,SeasonalNaive,96,88.4489974975586,88.4489974975586,0.0833333358168602,41.02900314331055,41.02900314331055,41.02900314331055,41.02900314331055,0.0,20260730
2023-08-20,ChargerFull,SeasonalNaive,32,0.0,0.0,0.0,0.0,0.0,0.0,0.0,0.0,20260730
2023-08-20,ChargerFull,SeasonalNaive,48,0.0,0.0,0.0,4.267000198364258,10.866999626159668,4.267000198364258,10.866999626159668,0.4375,20260730
2023-08-20,ChargerFull,SeasonalNaive,64,0.0,0.0,0.0,29.85700035095215,34.08300018310547,29.85700035095215,34.08300018310547,1.4375,20260730
2023-08-20,ChargerFull,SeasonalNaive,80,0.0,0.0,0.0,57.689998626708984,65.48699951171875,57.689998626708984,65.48699951171875,2.0625,20260730
2023-08-20,ChargerFull,SeasonalNaive,84,0.0,0.0,0.0,63.83700180053711,65.48699951171875,63.83700180053711,65.48699951171875,1.25,20260730
2023-08-20,ChargerFull,SeasonalNaive,96,0.0,0.0,0.0,65.48699951171875,65.48699951171875,65.48699951171875,65.48699951171875,0.0833333358168602,20260730
2023-08-21,ChargerFull,SeasonalNaive,32,7.275000095367432,12.225000381469727,0.25,0.0,16.732999801635742,0.0,16.732999801635742,0.375,20260730
2023-08-21,ChargerFull,SeasonalNaive,48,28.7810001373291,35.38100051879883,1.5625,26.76799964904785,44.88800048828125,26.76799964904785,44.88800048828125,3.0,20260730
2023-08-21,ChargerFull,SeasonalNaive,64,56.59800338745117,58.24800109863281,1.75,94.40699768066406,102.1709976196289,94.40699768066406,102.1709976196289,3.5,20260730
2023-08-21,ChargerFull,SeasonalNaive,80,66.0,66.0,0.375,130.99200439453125,130.99200439453125,130.99200439453125,130.99200439453125,1.5,20260730
2023-08-21,ChargerFull,SeasonalNaive,84,66.0,66.0,0.0,130.99200439453125,130.99200439453125,130.99200439453125,130.99200439453125,0.0,20260730
2023-08-21,ChargerFull,SeasonalNaive,96,66.0,66.0,0.0,130.99200439453125,130.99200439453125,130.99200439453125,130.99200439453125,0.0,20260730
2023-08-22,ChargerFull,SeasonalNaive,32,13.371000289916992,18.149999618530273,0.34375,1.9529999494552612,21.44999885559082,1.9529999494552612,21.44999885559082,0.40625,20260730
2023-08-22,ChargerFull,SeasonalNaive,48,36.1359977722168,54.727996826171875,2.0,53.152000427246094,82.21600341796875,53.152000427246094,82.21600341796875,3.3125,20260730
2023-08-22,ChargerFull,SeasonalNaive,64,61.7819938659668,71.68199157714844,2.3125,119.2239990234375,121.52999877929688,119.2239990234375,121.52999877929688,2.625,20260730
2023-08-22,ChargerFull,SeasonalNaive,80,85.68598937988281,85.68598937988281,1.0625,123.75299835205078,123.75299835205078,123.75299835205078,123.75299835205078,0.4375,20260730
2023-08-22,ChargerFull,SeasonalNaive,84,85.68598937988281,85.68598937988281,0.0,123.75299835205078,123.75299835205078,123.75299835205078,123.75299835205078,0.0,20260730
2023-08-22,ChargerFull,SeasonalNaive,96,85.68598937988281,85.68598937988281,0.0,123.75299835205078,123.75299835205078,123.75299835205078,123.75299835205078,0.0,20260730
2023-08-23,ChargerFull,SeasonalNaive,32,0.0,16.5,0.3125,13.8100004196167,15.460000038146973,13.8100004196167,15.460000038146973,0.46875,20260730
2023-08-23,ChargerFull,SeasonalNaive,48,10.91200065612793,43.86699676513672,3.0,45.97100067138672,71.35700225830078,45.97100067138672,71.35700225830078,3.125,20260730
2023-08-23,ChargerFull,SeasonalNaive,64,63.14699935913086,74.33500671386719,4.125,108.3030014038086,120.66899871826172,108.30300903320312,120.66899871826172,3.5,20260730
2023-08-23,ChargerFull,SeasonalNaive,80,97.12699890136719,97.12699890136719,1.8125,135.4550018310547,135.4550018310547,135.4550018310547,135.4550018310547,1.25,20260730
2023-08-23,ChargerFull,SeasonalNaive,84,97.12699890136719,97.12699890136719,0.0,135.4550018310547,136.17799377441406,135.4550018310547,136.17799377441406,0.25,20260730
2023-08-23,ChargerFull,SeasonalNaive,96,97.12699890136719,97.12699890136719,0.0,136.17799377441406,136.17799377441406,136.17799377441406,136.17799377441406,0.0833333358168602,20260730
2023-08-24,ChargerFull,SeasonalNaive,32,0.0,4.949999809265137,0.09375,6.690999984741211,6.690999984741211,6.690999984741211,6.690999984741211,0.25,20260730
2023-08-24,ChargerFull,SeasonalNaive,48,43.7660026550293,85.01600646972656,3.375,19.243999481201172,57.63199996948242,19.243999481201172,57.63199996948242,3.0625,20260730
2023-08-24,ChargerFull,SeasonalNaive,64,97.50900268554688,105.56900787353516,3.1875,79.36100006103516,113.31700134277344,79.36100769042969,113.31700134277344,3.4375,20260730
2023-08-24,ChargerFull,SeasonalNaive,80,114.12001037597656,123.65000915527344,1.0625,135.1510009765625,136.80101013183594,135.1510009765625,136.80101013183594,2.5,20260730
2023-08-24,ChargerFull,SeasonalNaive,84,127.57199096679688,132.20098876953125,2.5,136.80101013183594,136.80101013183594,136.80101013183594,136.80101013183594,0.25,20260730
2023-08-24,ChargerFull,SeasonalNaive,96,140.77200317382812,140.77200317382812,0.6666666865348816,136.80101013183594,136.80101013183594,136.80101013183594,136.80101013183594,0.0,20260730
2023-08-25,ChargerFull,SeasonalNaive,32,7.175000190734863,7.175000190734863,0.25,6.9039998054504395,6.9039998054504395,6.9039998054504395,6.9039998054504395,0.25,20260730
2023-08-25,ChargerFull,SeasonalNaive,48,29.63800048828125,39.99800109863281,2.5,19.98999786376953,26.59000015258789,19.98999786376953,26.59000015258789,1.625,20260730
2023-08-25,ChargerFull,SeasonalNaive,64,42.58300018310547,56.13800048828125,2.0625,43.295997619628906,43.77799987792969,43.295997619628906,43.77799987792969,1.1875,20260730
2023-08-25,ChargerFull,SeasonalNaive,80,82.62300109863281,84.27300262451172,2.1875,61.01499938964844,64.60999298095703,61.01499938964844,64.60999298095703,0.875,20260730
2023-08-25,ChargerFull,SeasonalNaive,84,84.27300262451172,84.27300262451172,0.25,70.21800231933594,74.02799987792969,70.21800231933594,74.02799987792969,1.75,20260730
2023-08-25,ChargerFull,SeasonalNaive,96,84.27300262451172,84.27300262451172,0.0,86.53099822998047,86.53099822998047,86.53099822998047,86.53099822998047,0.8333333134651184,20260730
2023-08-26,ChargerFull,SeasonalNaive,32,0.0,0.0,0.0,0.0,4.949999809265137,0.0,4.949999809265137,0.09375,20260730
2023-08-26,ChargerFull,SeasonalNaive,48,23.3489990234375,28.298999786376953,1.375,15.104999542236328,21.14099884033203,15.104999542236328,21.14099884033203,1.6875,20260730
2023-08-26,ChargerFull,SeasonalNaive,64,75.39300537109375,75.39300537109375,3.1875,42.19000244140625,47.00699996948242,42.19000244140625,47.00699996948242,1.5625,20260730
2023-08-26,ChargerFull,SeasonalNaive,80,87.02400207519531,95.27400207519531,1.0625,80.19900512695312,83.44000244140625,80.19900512695312,83.44000244140625,1.5,20260730
2023-08-26,ChargerFull,SeasonalNaive,84,93.6240005493164,95.27400207519531,1.0,86.79900360107422,88.4489974975586,86.79900360107422,88.4489974975586,1.0,20260730
2023-08-26,ChargerFull,SeasonalNaive,96,95.27400207519531,95.27400207519531,0.0833333358168602,88.4489974975586,88.4489974975586,88.4489974975586,88.4489974975586,0.0833333358168602,20260730
2023-08-27,ChargerFull,SeasonalNaive,32,0.0,0.0,0.0,0.0,0.0,0.0,0.0,0.0,20260730
2023-08-27,ChargerFull,SeasonalNaive,48,15.612000465393066,19.799999237060547,0.75,0.0,0.0,0.0,0.0,0.0,20260730
2023-08-27,ChargerFull,SeasonalNaive,64,47.83599853515625,48.98200225830078,1.375,0.0,0.0,0.0,0.0,0.0,20260730
2023-08-27,ChargerFull,SeasonalNaive,80,66.48400115966797,67.72899627685547,1.3125,0.0,0.0,0.0,0.0,0.0,20260730
2023-08-27,ChargerFull,SeasonalNaive,84,71.43399810791016,71.43399810791016,0.75,0.0,0.0,0.0,0.0,0.0,20260730
2023-08-27,ChargerFull,SeasonalNaive,96,71.43399810791016,71.43399810791016,0.0,0.0,0.0,0.0,0.0,0.0,20260730
2023-08-28,ChargerFull,SeasonalNaive,32,11.70199966430664,11.70199966430664,0.28125,7.275000095367432,12.225000381469727,7.275000095367432,12.225000381469727,0.25,20260730
2023-08-28,ChargerFull,SeasonalNaive,48,62.960994720458984,77.33299255371094,2.8125,28.7810001373291,35.38100051879883,28.7810001373291,35.38100051879883,1.5625,20260730
2023-08-28,ChargerFull,SeasonalNaive,64,132.14999389648438,132.14999389648438,2.625,56.59800338745117,58.24800109863281,56.59800338745117,58.24800109863281,1.75,20260730
2023-08-28,ChargerFull,SeasonalNaive,80,156.41000366210938,156.41000366210938,1.0625,66.0,66.0,66.0,66.0,0.375,20260730
2023-08-28,ChargerFull,SeasonalNaive,84,156.41000366210938,156.41000366210938,0.0,66.0,66.0,66.0,66.0,0.0,20260730
2023-08-28,ChargerFull,SeasonalNaive,96,156.41000366210938,156.41000366210938,0.0,66.0,66.0,66.0,66.0,0.0,20260730
2023-08-29,ChargerFull,SeasonalNaive,32,2.5190000534057617,4.949999809265137,0.09375,13.371000289916992,18.149999618530273,13.371000289916992,18.149999618530273,0.34375,20260730
2023-08-29,ChargerFull,SeasonalNaive,48,43.7239990234375,56.45800018310547,2.5,36.1359977722168,54.727996826171875,36.1359977722168,54.727996826171875,2.0,20260730
2023-08-29,ChargerFull,SeasonalNaive,64,68.66000366210938,78.3740005493164,1.3125,61.7819938659668,71.68199157714844,61.7819938659668,71.68199157714844,2.3125,20260730
2023-08-29,ChargerFull,SeasonalNaive,80,114.79100036621094,116.3790054321289,2.0,85.68598937988281,85.68598937988281,85.68598937988281,85.68598937988281,1.0625,20260730
2023-08-29,ChargerFull,SeasonalNaive,84,118.09100341796875,118.09100341796875,0.5,85.68598937988281,85.68598937988281,85.68598937988281,85.68598937988281,0.0,20260730
2023-08-29,ChargerFull,SeasonalNaive,96,118.09100341796875,118.09100341796875,0.0,85.68598937988281,85.68598937988281,85.68598937988281,85.68598937988281,0.0,20260730
2023-08-30,ChargerFull,SeasonalNaive,32,0.0,15.878000259399414,0.3125,0.0,16.5,0.0,16.5,0.3125,20260730
2023-08-30,ChargerFull,SeasonalNaive,48,13.398000717163086,35.14400100708008,2.625,10.91200065612793,43.86699676513672,10.91200065612793,43.86699676513672,3.0,20260730
2023-08-30,ChargerFull,SeasonalNaive,64,45.14500045776367,58.0880012512207,3.5625,63.14699935913086,74.33500671386719,63.14699935913086,74.33500671386719,4.125,20260730
2023-08-30,ChargerFull,SeasonalNaive,80,83.01100158691406,83.01100158691406,1.6875,97.12699890136719,97.12699890136719,97.12699890136719,97.12699890136719,1.8125,20260730
2023-08-30,ChargerFull,SeasonalNaive,84,83.01100158691406,83.01100158691406,0.0,97.12699890136719,97.12699890136719,97.12699890136719,97.12699890136719,0.0,20260730
2023-08-30,ChargerFull,SeasonalNaive,96,83.01100158691406,83.01100158691406,0.0,97.12699890136719,97.12699890136719,97.12699890136719,97.12699890136719,0.0,20260730
2023-08-31,ChargerFull,SeasonalNaive,32,2.924999952316284,21.450000762939453,0.40625,0.0,4.949999809265137,0.0,4.949999809265137,0.09375,20260730
2023-08-31,ChargerFull,SeasonalNaive,48,31.292999267578125,62.04899597167969,2.5,43.7660026550293,85.01600646972656,43.7660026550293,85.01600646972656,3.375,20260730
2023-08-31,ChargerFull,SeasonalNaive,64,75.56700134277344,82.66799926757812,2.5,97.50900268554688,105.56900787353516,97.50900268554688,105.56900787353516,3.1875,20260730
2023-08-31,ChargerFull,SeasonalNaive,80,134.45199584960938,143.8509979248047,3.3125,114.12001037597656,123.65000915527344,114.12001037597656,123.65000915527344,1.0625,20260730
2023-08-31,ChargerFull,SeasonalNaive,84,150.95199584960938,158.60400390625,2.5,127.57199096679688,132.20098876953125,127.57199096679688,132.20098876953125,2.5,20260730
2023-08-31,ChargerFull,SeasonalNaive,96,162.50201416015625,162.50201416015625,0.5833333730697632,140.77200317382812,140.77200317382812,140.77200317382812,140.77200317382812,0.6666666865348816,20260730
2023-09-01,ChargerFull,SeasonalNaive,32,0.0,15.67300033569336,0.34375,7.175000190734863,7.175000190734863,7.175000190734863,7.175000190734863,0.25,20260730
2023-09-01,ChargerFull,SeasonalNaive,48,47.16800308227539,53.62300109863281,2.3125,29.63800048828125,39.99800109863281,29.63800048828125,39.99800109863281,2.5,20260730
2023-09-01,ChargerFull,SeasonalNaive,64,95.47699737548828,105.66300201416016,2.3125,42.58300018310547,56.13800048828125,42.58300018310547,56.13800048828125,2.0625,20260730
2023-09-01,ChargerFull,SeasonalNaive,80,133.5260009765625,137.7639923095703,2.0,82.62300109863281,84.27300262451172,82.62300109863281,84.27300262451172,2.1875,20260730
2023-09-01,ChargerFull,SeasonalNaive,84,138.87399291992188,148.37600708007812,1.75,84.27300262451172,84.27300262451172,84.27300262451172,84.27300262451172,0.25,20260730
2023-09-01,ChargerFull,SeasonalNaive,96,148.7740020751953,148.7740020751953,0.5,84.27300262451172,84.27300262451172,84.27300262451172,84.27300262451172,0.0,20260730
2023-09-02,ChargerFull,SeasonalNaive,32,0.0,0.0,0.0,0.0,0.0,0.0,0.0,0.0,20260730
2023-09-02,ChargerFull,SeasonalNaive,48,17.689998626708984,22.639999389648438,1.3125,23.3489990234375,28.298999786376953,23.3489990234375,28.298999786376953,1.375,20260730
2023-09-02,ChargerFull,SeasonalNaive,64,29.70599937438965,29.70599937438965,0.75,75.39300537109375,75.39300537109375,75.39300537109375,75.39300537109375,3.1875,20260730
2023-09-02,ChargerFull,SeasonalNaive,80,36.35599899291992,36.35599899291992,0.4375,87.02400207519531,95.27400207519531,87.02400207519531,95.27400207519531,1.0625,20260730
2023-09-02,ChargerFull,SeasonalNaive,84,36.35599899291992,36.35599899291992,0.0,93.6240005493164,95.27400207519531,93.6240005493164,95.27400207519531,1.0,20260730
2023-09-02,ChargerFull,SeasonalNaive,96,36.35599899291992,36.35599899291992,0.0,95.27400207519531,95.27400207519531,95.27400207519531,95.27400207519531,0.0833333358168602,20260730
2023-09-03,ChargerFull,SeasonalNaive,32,0.0,0.0,0.0,0.0,0.0,0.0,0.0,0.0,20260730
2023-09-03,ChargerFull,SeasonalNaive,48,4.216000080108643,5.866000175476074,0.3125,15.612000465393066,19.799999237060547,15.612000465393066,19.799999237060547,0.75,20260730
2023-09-03,ChargerFull,SeasonalNaive,64,16.232999801635742,16.232999801635742,0.75,47.83599853515625,48.98200225830078,47.83599853515625,48.98200225830078,1.375,20260730
2023-09-03,ChargerFull,SeasonalNaive,80,33.777000427246094,44.474998474121094,1.6875,66.48400115966797,67.72899627685547,66.48400115966797,67.72899627685547,1.3125,20260730
2023-09-03,ChargerFull,SeasonalNaive,84,46.861000061035156,50.1609992980957,2.0,71.43399810791016,71.43399810791016,71.43399810791016,71.43399810791016,0.75,20260730
2023-09-03,ChargerFull,SeasonalNaive,96,50.1609992980957,50.1609992980957,0.1666666716337204,71.43399810791016,71.43399810791016,71.43399810791016,71.43399810791016,0.0,20260730
2023-09-04,ChargerFull,SeasonalNaive,32,0.0,0.0,0.0,11.70199966430664,11.70199966430664,11.70199966430664,11.70199966430664,0.28125,20260730
2023-09-04,ChargerFull,SeasonalNaive,48,3.6500000953674316,3.6500000953674316,0.3125,62.960994720458984,77.33299255371094,62.960994720458984,77.33299255371094,2.8125,20260730
2023-09-04,ChargerFull,SeasonalNaive,64,27.916000366210938,29.93400001525879,1.25,132.14999389648438,132.14999389648438,132.14999389648438,132.14999389648438,2.625,20260730
2023-09-04,ChargerFull,SeasonalNaive,80,38.178001403808594,38.178001403808594,0.5625,156.41000366210938,156.41000366210938,156.41000366210938,156.41000366210938,1.0625,20260730
2023-09-04,ChargerFull,SeasonalNaive,84,38.178001403808594,38.178001403808594,0.0,156.41000366210938,156.41000366210938,156.41000366210938,156.41000366210938,0.0,20260730
2023-09-04,ChargerFull,SeasonalNaive,96,38.178001403808594,38.178001403808594,0.0,156.41000366210938,156.41000366210938,156.41000366210938,156.41000366210938,0.0,20260730
2023-09-05,ChargerFull,SeasonalNaive,32,11.805000305175781,14.159000396728516,0.3125,2.5190000534057617,4.949999809265137,2.519000291824341,4.949999809265137,0.09375,20260730
2023-09-05,ChargerFull,SeasonalNaive,48,31.944000244140625,66.84600067138672,2.5,43.7239990234375,56.45800018310547,43.7239990234375,56.45800018310547,2.5,20260730
2023-09-05,ChargerFull,SeasonalNaive,64,65.53500366210938,79.94700622558594,3.25,68.66000366210938,78.3740005493164,68.66000366210938,78.3740005493164,1.3125,20260730
2023-09-05,ChargerFull,SeasonalNaive,80,79.94700622558594,79.94700622558594,0.5625,114.79100036621094,116.3790054321289,114.79100036621094,116.3790054321289,2.0,20260730
2023-09-05,ChargerFull,SeasonalNaive,84,79.94700622558594,79.94700622558594,0.0,118.09100341796875,118.09100341796875,118.09100341796875,118.09100341796875,0.5,20260730
2023-09-05,ChargerFull,SeasonalNaive,96,79.94700622558594,79.94700622558594,0.0,118.09100341796875,118.09100341796875,118.09100341796875,118.09100341796875,0.0,20260730
2023-09-06,ChargerFull,SeasonalNaive,32,0.0,0.0,0.0,0.0,15.878000259399414,0.0,15.878000259399414,0.3125,20260730
2023-09-06,ChargerFull,SeasonalNaive,48,34.91699981689453,44.499000549316406,2.875,13.398000717163086,35.14400100708008,13.398000717163086,35.14400100708008,2.625,20260730
2023-09-06,ChargerFull,SeasonalNaive,64,74.45499420166016,92.74800109863281,3.1875,45.14500045776367,58.0880012512207,45.14500045776367,58.0880012512207,3.5625,20260730
2023-09-06,ChargerFull,SeasonalNaive,80,116.67499542236328,116.67499542236328,1.6875,83.01100158691406,83.01100158691406,83.01100158691406,83.01100158691406,1.6875,20260730
2023-09-06,ChargerFull,SeasonalNaive,84,116.67499542236328,116.67499542236328,0.0,83.01100158691406,83.01100158691406,83.01100158691406,83.01100158691406,0.0,20260730
2023-09-06,ChargerFull,SeasonalNaive,96,116.67499542236328,116.67499542236328,0.0,83.01100158691406,83.01100158691406,83.01100158691406,83.01100158691406,0.0,20260730
2023-09-07,ChargerFull,SeasonalNaive,32,0.0,18.149999618530273,0.34375,2.924999952316284,21.450000762939453,2.924999952316284,21.450000762939453,0.40625,20260730
2023-09-07,ChargerFull,SeasonalNaive,48,32.8129997253418,69.11100769042969,3.375,31.292999267578125,62.04899597167969,31.292999267578125,62.04899597167969,2.5,20260730
2023-09-07,ChargerFull,SeasonalNaive,64,57.56100082397461,93.6820068359375,3.875,75.56700134277344,82.66799926757812,75.56700134277344,82.66799926757812,2.5,20260730
2023-09-07,ChargerFull,SeasonalNaive,80,104.11900329589844,122.00700378417969,3.125,134.45199584960938,143.8509979248047,134.45199584960938,143.8509979248047,3.3125,20260730
2023-09-07,ChargerFull,SeasonalNaive,84,117.31900787353516,128.6070098876953,2.0,150.95199584960938,158.60400390625,150.95199584960938,158.60400390625,2.5,20260730
2023-09-07,ChargerFull,SeasonalNaive,96,135.46900939941406,135.46900939941406,0.9166666269302368,162.50201416015625,162.50201416015625,162.50201416015625,162.50201416015625,0.5833333730697632,20260730
2023-09-08,ChargerFull,SeasonalNaive,32,0.5619999766349792,18.149999618530273,0.34375,0.0,15.67300033569336,0.0,15.67300033569336,0.34375,20260730
2023-09-08,ChargerFull,SeasonalNaive,48,31.808000564575195,51.222999572753906,2.0,47.16800308227539,53.62300109863281,47.16800308227539,53.62300109863281,2.3125,20260730
2023-09-08,ChargerFull,SeasonalNaive,64,83.07499694824219,92.62699890136719,3.4375,95.47699737548828,105.66300201416016,95.47699737548828,105.66300201416016,2.3125,20260730
2023-09-08,ChargerFull,SeasonalNaive,80,109.0510025024414,110.70100402832031,1.0625,133.5260009765625,137.7639923095703,133.5260009765625,137.7639923095703,2.0,20260730
2023-09-08,ChargerFull,SeasonalNaive,84,110.70100402832031,110.70100402832031,0.25,138.87399291992188,148.37600708007812,138.87399291992188,148.37600708007812,1.75,20260730
2023-09-08,ChargerFull,SeasonalNaive,96,110.70100402832031,110.70100402832031,0.0,148.7740020751953,148.7740020751953,148.7740020751953,148.7740020751953,0.5,20260730
2023-09-09,ChargerFull,SeasonalNaive,32,0.0,0.0,0.0,0.0,0.0,0.0,0.0,0.0,20260730
2023-09-09,ChargerFull,SeasonalNaive,48,2.940000057220459,5.440000057220459,0.875,17.689998626708984,22.639999389648438,17.689998626708984,22.639999389648438,1.3125,20260730
2023-09-09,ChargerFull,SeasonalNaive,64,26.743000030517578,28.597999572753906,1.1875,29.70599937438965,29.70599937438965,29.70599937438965,29.70599937438965,0.75,20260730
2023-09-09,ChargerFull,SeasonalNaive,80,34.547000885009766,37.84700012207031,0.4375,36.35599899291992,36.35599899291992,36.35599899291992,36.35599899291992,0.4375,20260730
2023-09-09,ChargerFull,SeasonalNaive,84,34.547000885009766,40.48600387573242,1.0,36.35599899291992,36.35599899291992,36.35599899291992,36.35599899291992,0.0,20260730
2023-09-09,ChargerFull,SeasonalNaive,96,40.48600387573242,40.48600387573242,0.5833333134651184,36.35599899291992,36.35599899291992,36.35599899291992,36.35599899291992,0.0,20260730
2023-09-10,ChargerFull,SeasonalNaive,32,3.1419999599456787,3.1419999599456787,0.125,0.0,0.0,0.0,0.0,0.0,20260730
2023-09-10,ChargerFull,SeasonalNaive,48,16.053998947143555,21.003997802734375,0.75,4.216000080108643,5.866000175476074,4.216000080108643,5.866000175476074,0.3125,20260730
2023-09-10,ChargerFull,SeasonalNaive,64,31.529998779296875,37.13800048828125,1.6875,16.232999801635742,16.232999801635742,16.232999801635742,16.232999801635742,0.75,20260730
2023-09-10,ChargerFull,SeasonalNaive,80,62.683998107910156,65.04100036621094,1.6875,33.777000427246094,44.474998474121094,33.777000427246094,44.474998474121094,1.6875,20260730
2023-09-10,ChargerFull,SeasonalNaive,84,69.28399658203125,71.64099884033203,1.0,46.861000061035156,50.1609992980957,46.861000061035156,50.1609992980957,2.0,20260730
2023-09-10,ChargerFull,SeasonalNaive,96,79.18399047851562,79.18399047851562,0.5,50.1609992980957,50.1609992980957,50.1609992980957,50.1609992980957,0.1666666716337204,20260730
2023-09-11,ChargerFull,SeasonalNaive,32,0.5879999995231628,1.649999976158142,0.03125,0.0,0.0,0.0,0.0,0.0,20260730
2023-09-11,ChargerFull,SeasonalNaive,48,15.145000457763672,23.39900016784668,2.0,3.6500000953674316,3.6500000953674316,3.6500000953674316,3.6500000953674316,0.3125,20260730
2023-09-11,ChargerFull,SeasonalNaive,64,27.769001007080078,32.722999572753906,2.3125,27.916000366210938,29.93400001525879,27.916000366210938,29.93400001525879,1.25,20260730
2023-09-11,ChargerFull,SeasonalNaive,80,37.2609977722168,37.2609977722168,0.875,38.178001403808594,38.178001403808594,38.178001403808594,38.178001403808594,0.5625,20260730
2023-09-11,ChargerFull,SeasonalNaive,84,37.2609977722168,37.2609977722168,0.0,38.178001403808594,38.178001403808594,38.178001403808594,38.178001403808594,0.0,20260730
2023-09-11,ChargerFull,SeasonalNaive,96,37.2609977722168,37.2609977722168,0.0,38.178001403808594,38.178001403808594,38.178001403808594,38.178001403808594,0.0,20260730
2023-09-12,ChargerFull,SeasonalNaive,32,2.6989998817443848,23.099998474121094,0.4375,11.805000305175781,14.159000396728516,11.805000305175781,14.159000396728516,0.3125,20260730
2023-09-12,ChargerFull,SeasonalNaive,48,29.099000930786133,46.6619987487793,3.0,31.944000244140625,66.84600067138672,31.944000244140625,66.84600067138672,2.5,20260730
2023-09-12,ChargerFull,SeasonalNaive,64,48.76799774169922,63.731998443603516,2.6875,65.53500366210938,79.94700622558594,65.53500366210938,79.94700622558594,3.25,20260730
2023-09-12,ChargerFull,SeasonalNaive,80,73.33300018310547,73.33300018310547,2.0625,79.94700622558594,79.94700622558594,79.94700622558594,79.94700622558594,0.5625,20260730
2023-09-12,ChargerFull,SeasonalNaive,84,73.33300018310547,73.33300018310547,0.0,79.94700622558594,79.94700622558594,79.94700622558594,79.94700622558594,0.0,20260730
2023-09-12,ChargerFull,SeasonalNaive,96,73.33300018310547,73.33300018310547,0.0,79.94700622558594,79.94700622558594,79.94700622558594,79.94700622558594,0.0,20260730
2023-09-13,ChargerFull,SeasonalNaive,32,0.0,18.149999618530273,0.34375,0.0,0.0,0.0,0.0,0.0,20260730
2023-09-13,ChargerFull,SeasonalNaive,48,35.77399826049805,66.54199981689453,2.875,34.91699981689453,44.499000549316406,34.91699981689453,44.499000549316406,2.875,20260730
2023-09-13,ChargerFull,SeasonalNaive,64,99.52899169921875,106.95199584960938,2.8125,74.45499420166016,92.74800109863281,74.45499420166016,92.74800109863281,3.1875,20260730
2023-09-13,ChargerFull,SeasonalNaive,80,127.12799835205078,127.12799835205078,1.125,116.67499542236328,116.67499542236328,116.67499542236328,116.67499542236328,1.6875,20260730
2023-09-13,ChargerFull,SeasonalNaive,84,127.12799835205078,127.12799835205078,0.0,116.67499542236328,116.67499542236328,116.67499542236328,116.67499542236328,0.0,20260730
2023-09-13,ChargerFull,SeasonalNaive,96,127.12799835205078,127.12799835205078,0.0,116.67499542236328,116.67499542236328,116.67499542236328,116.67499542236328,0.0,20260730
2023-09-14,ChargerFull,SeasonalNaive,32,0.0,18.149999618530273,0.34375,0.0,18.149999618530273,0.0,18.149999618530273,0.34375,20260730
2023-09-14,ChargerFull,SeasonalNaive,48,17.349000930786133,18.999000549316406,1.0,32.8129997253418,69.11100769042969,32.8129997253418,69.11100769042969,3.375,20260730
2023-09-14,ChargerFull,SeasonalNaive,64,33.14400100708008,33.14400100708008,1.0,57.56100082397461,93.6820068359375,57.56100082397461,93.6820068359375,3.875,20260730
2023-09-14,ChargerFull,SeasonalNaive,80,41.83300018310547,41.83300018310547,0.375,104.11900329589844,122.00700378417969,104.11900329589844,122.00700378417969,3.125,20260730
2023-09-14,ChargerFull,SeasonalNaive,84,41.83300018310547,41.83300018310547,0.0,117.31900787353516,128.6070098876953,117.31900787353516,128.6070098876953,2.0,20260730
2023-09-14,ChargerFull,SeasonalNaive,96,41.83300018310547,41.83300018310547,0.0,135.46900939941406,135.46900939941406,135.46900939941406,135.46900939941406,0.9166666269302368,20260730
2023-09-15,ChargerFull,SeasonalNaive,32,0.0,18.149999618530273,0.34375,0.5619999766349792,18.149999618530273,0.5619999766349792,18.149999618530273,0.34375,20260730
2023-09-15,ChargerFull,SeasonalNaive,48,32.972999572753906,59.595001220703125,3.0625,31.808000564575195,51.222999572753906,31.808000564575195,51.222999572753906,2.0,20260730
2023-09-15,ChargerFull,SeasonalNaive,64,59.972999572753906,64.54499816894531,2.1875,83.07499694824219,92.62699890136719,83.07499694824219,92.62699890136719,3.4375,20260730
2023-09-15,ChargerFull,SeasonalNaive,80,84.25599670410156,84.25599670410156,1.0625,109.0510025024414,110.70100402832031,109.0510025024414,110.70100402832031,1.0625,20260730
2023-09-15,ChargerFull,SeasonalNaive,84,84.25599670410156,84.25599670410156,0.0,110.70100402832031,110.70100402832031,110.70100402832031,110.70100402832031,0.25,20260730
2023-09-15,ChargerFull,SeasonalNaive,96,84.25599670410156,84.25599670410156,0.0,110.70100402832031,110.70100402832031,110.70100402832031,110.70100402832031,0.0,20260730
2023-09-16,ChargerFull,SeasonalNaive,32,0.0,1.649999976158142,0.03125,0.0,0.0,0.0,0.0,0.0,20260730
2023-09-16,ChargerFull,SeasonalNaive,48,20.290000915527344,26.889999389648438,1.5,2.940000057220459,5.440000057220459,2.940000057220459,5.440000057220459,0.875,20260730
2023-09-16,ChargerFull,SeasonalNaive,64,50.99599838256836,54.295997619628906,1.8125,26.743000030517578,28.597999572753906,26.743000030517578,28.597999572753906,1.1875,20260730
2023-09-16,ChargerFull,SeasonalNaive,80,72.41199493408203,75.75199890136719,1.0625,34.547000885009766,37.84700012207031,34.547000885009766,37.84700012207031,0.4375,20260730
2023-09-16,ChargerFull,SeasonalNaive,84,79.01200103759766,82.35199737548828,1.0,34.547000885009766,40.48600387573242,34.547000885009766,40.48600387573242,1.0,20260730
2023-09-16,ChargerFull,SeasonalNaive,96,85.61199951171875,85.61199951171875,0.3333333432674408,40.48600387573242,40.48600387573242,40.48600387573242,40.48600387573242,0.5833333134651184,20260730
2023-09-17,ChargerFull,SeasonalNaive,32,0.0,0.0,0.0,3.1419999599456787,3.1419999599456787,3.1419999599456787,3.1419999599456787,0.125,20260730
2023-09-17,ChargerFull,SeasonalNaive,48,14.726999282836914,18.027000427246094,1.375,16.053998947143555,21.003997802734375,16.053998947143555,21.003997802734375,0.75,20260730
2023-09-17,ChargerFull,SeasonalNaive,64,32.391998291015625,32.391998291015625,1.0,31.529998779296875,37.13800048828125,31.529998779296875,37.13800048828125,1.6875,20260730
2023-09-17,ChargerFull,SeasonalNaive,80,52.35499572753906,56.12999725341797,0.9375,62.683998107910156,65.04100036621094,62.683998107910156,65.04100036621094,1.6875,20260730
2023-09-17,ChargerFull,SeasonalNaive,84,58.954994201660156,62.72999572753906,1.0,69.28399658203125,71.64099884033203,69.28399658203125,71.64099884033203,1.0,20260730
2023-09-17,ChargerFull,SeasonalNaive,96,75.45500183105469,75.45500183105469,0.8333333134651184,79.18399047851562,79.18399047851562,79.18399047851562,79.18399047851562,0.5,20260730
2023-09-18,ChargerFull,SeasonalNaive,32,0.0,3.299999952316284,0.0625,0.5879999995231628,1.649999976158142,0.5879999995231628,1.649999976158142,0.03125,20260730
2023-09-18,ChargerFull,SeasonalNaive,48,19.957000732421875,46.005001068115234,2.625,15.145000457763672,23.39900016784668,15.145000457763672,23.39900016784668,2.0,20260730
2023-09-18,ChargerFull,SeasonalNaive,64,86.64900207519531,96.81700134277344,3.625,27.769001007080078,32.722999572753906,27.769001007080078,32.722999572753906,2.3125,20260730
2023-09-18,ChargerFull,SeasonalNaive,80,110.052001953125,119.83200073242188,1.375,37.2609977722168,37.2609977722168,37.2609977722168,37.2609977722168,0.875,20260730
2023-09-18,ChargerFull,SeasonalNaive,84,118.302001953125,121.60198974609375,1.25,37.2609977722168,37.2609977722168,37.2609977722168,37.2609977722168,0.0,20260730
2023-09-18,ChargerFull,SeasonalNaive,96,123.375,123.375,0.4166666865348816,37.2609977722168,37.2609977722168,37.2609977722168,37.2609977722168,0.0,20260730
2023-09-19,ChargerFull,SeasonalNaive,32,0.0,4.949999809265137,0.09375,2.6989998817443848,23.099998474121094,2.6989998817443848,23.099998474121094,0.4375,20260730
2023-09-19,ChargerFull,SeasonalNaive,48,53.808998107910156,78.76300048828125,3.6875,29.099000930786133,46.6619987487793,29.099000930786133,46.6619987487793,3.0,20260730
2023-09-19,ChargerFull,SeasonalNaive,64,124.16999816894531,144.02999877929688,4.9375,48.76799774169922,63.731998443603516,48.76799774169922,63.731998443603516,2.6875,20260730
2023-09-19,ChargerFull,SeasonalNaive,80,165.61199951171875,178.67999267578125,2.625,73.33300018310547,73.33300018310547,73.33300018310547,73.33300018310547,2.0625,20260730
2023-09-19,ChargerFull,SeasonalNaive,84,173.86199951171875,185.91000366210938,2.25,73.33300018310547,73.33300018310547,73.33300018310547,73.33300018310547,0.0,20260730
2023-09-19,ChargerFull,SeasonalNaive,96,187.1219940185547,187.1219940185547,0.8333333134651184,73.33300018310547,73.33300018310547,73.33300018310547,73.33300018310547,0.0,20260730
2023-09-20,ChargerFull,SeasonalNaive,32,0.0,23.100000381469727,0.4375,0.0,18.149999618530273,0.0,18.149999618530273,0.34375,20260730
2023-09-20,ChargerFull,SeasonalNaive,48,29.61199951171875,79.75699615478516,3.375,35.77399826049805,66.54199981689453,35.77399826049805,66.54199981689453,2.875,20260730
2023-09-20,ChargerFull,SeasonalNaive,64,107.6510009765625,126.81100463867188,4.125,99.52899169921875,106.95199584960938,99.52899169921875,106.95199584960938,2.8125,20260730
2023-09-20,ChargerFull,SeasonalNaive,80,146.32699584960938,148.78700256347656,1.5625,127.12799835205078,127.12799835205078,127.12799835205078,127.12799835205078,1.125,20260730
2023-09-20,ChargerFull,SeasonalNaive,84,152.927001953125,155.38699340820312,1.0,127.12799835205078,127.12799835205078,127.12799835205078,127.12799835205078,0.0,20260730
2023-09-20,ChargerFull,SeasonalNaive,96,165.49400329589844,165.49400329589844,0.6666666865348816,127.12799835205078,127.12799835205078,127.12799835205078,127.12799835205078,0.0,20260730
2023-09-21,ChargerFull,SeasonalNaive,32,1.8309999704360962,24.75,0.46875,0.0,18.149999618530273,0.0,18.149999618530273,0.34375,20260730
2023-09-21,ChargerFull,SeasonalNaive,48,55.12200164794922,81.78199768066406,3.625,17.349000930786133,18.999000549316406,17.349000930786133,18.999000549316406,1.0,20260730
2023-09-21,ChargerFull,SeasonalNaive,64,116.968994140625,122.1820068359375,3.75,33.14400100708008,33.14400100708008,33.14400100708008,33.14400100708008,1.0,20260730
2023-09-21,ChargerFull,SeasonalNaive,80,161.8409881591797,162.88299560546875,2.0625,41.83300018310547,41.83300018310547,41.83300018310547,41.83300018310547,0.375,20260730
2023-09-21,ChargerFull,SeasonalNaive,84,165.1409912109375,165.1409912109375,0.5,41.83300018310547,41.83300018310547,41.83300018310547,41.83300018310547,0.0,20260730
2023-09-21,ChargerFull,SeasonalNaive,96,165.1409912109375,165.1409912109375,0.0,41.83300018310547,41.83300018310547,41.83300018310547,41.83300018310547,0.0,20260730
2023-09-22,ChargerFull,SeasonalNaive,32,0.2199999988079071,6.599999904632568,0.125,0.0,18.149999618530273,0.0,18.149999618530273,0.34375,20260730
2023-09-22,ChargerFull,SeasonalNaive,48,63.99299621582031,67.89299774169922,2.5,32.972999572753906,59.595001220703125,32.972999572753906,59.595001220703125,3.0625,20260730
2023-09-22,ChargerFull,SeasonalNaive,64,82.2439956665039,98.7439956665039,1.8125,59.972999572753906,64.54499816894531,59.972999572753906,64.54499816894531,2.1875,20260730
2023-09-22,ChargerFull,SeasonalNaive,80,99.99800109863281,109.25700378417969,1.9375,84.25599670410156,84.25599670410156,84.25599670410156,84.25599670410156,1.0625,20260730
2023-09-22,ChargerFull,SeasonalNaive,84,103.57400512695312,112.8330078125,1.75,84.25599670410156,84.25599670410156,84.25599670410156,84.25599670410156,0.0,20260730
2023-09-22,ChargerFull,SeasonalNaive,96,112.8330078125,112.8330078125,0.5833333134651184,84.25599670410156,84.25599670410156,84.25599670410156,84.25599670410156,0.0,20260730
2023-09-23,ChargerFull,SeasonalNaive,32,0.0,0.0,0.0,0.0,1.649999976158142,0.0,1.649999976158142,0.03125,20260730
2023-09-23,ChargerFull,SeasonalNaive,48,25.935998916625977,27.766998291015625,1.25,20.290000915527344,26.889999389648438,20.290000915527344,26.889999389648438,1.5,20260730
2023-09-23,ChargerFull,SeasonalNaive,64,79.42100524902344,85.86900329589844,2.375,50.99599838256836,54.295997619628906,50.99599838256836,54.295997619628906,1.8125,20260730
2023-09-23,ChargerFull,SeasonalNaive,80,105.82099914550781,105.82099914550781,1.0,72.41199493408203,75.75199890136719,72.41199493408203,75.75199890136719,1.0625,20260730
2023-09-23,ChargerFull,SeasonalNaive,84,105.82099914550781,105.82099914550781,0.0,79.01200103759766,82.35199737548828,79.01200103759766,82.35199737548828,1.0,20260730
2023-09-23,ChargerFull,SeasonalNaive,96,105.82099914550781,105.82099914550781,0.0,85.61199951171875,85.61199951171875,85.61199951171875,85.61199951171875,0.3333333432674408,20260730
2023-09-24,ChargerFull,SeasonalNaive,32,0.0,0.0,0.0,0.0,0.0,0.0,0.0,0.0,20260730
2023-09-24,ChargerFull,SeasonalNaive,48,2.6659998893737793,6.599999904632568,0.25,14.726999282836914,18.027000427246094,14.726999282836914,18.027000427246094,1.375,20260730
2023-09-24,ChargerFull,SeasonalNaive,64,38.73100280761719,38.73100280761719,1.625,32.391998291015625,32.391998291015625,32.391998291015625,32.391998291015625,1.0,20260730
2023-09-24,ChargerFull,SeasonalNaive,80,61.5469970703125,61.5469970703125,0.9375,52.35499572753906,56.12999725341797,52.35499572753906,56.12999725341797,0.9375,20260730
2023-09-24,ChargerFull,SeasonalNaive,84,66.97699737548828,68.14700317382812,1.0,58.954994201660156,62.72999572753906,58.95499801635742,62.72999572753906,1.0,20260730
2023-09-24,ChargerFull,SeasonalNaive,96,75.22699737548828,75.22699737548828,0.4166666567325592,75.45500183105469,75.45500183105469,75.45500183105469,75.45500183105469,0.8333333134651184,20260730
2023-09-25,ChargerFull,SeasonalNaive,32,0.7490000128746033,3.299999952316284,0.0625,0.0,3.299999952316284,0.0,3.299999952316284,0.0625,20260730
2023-09-25,ChargerFull,SeasonalNaive,48,35.98099899291992,43.48200225830078,2.125,19.957000732421875,46.005001068115234,19.957000732421875,46.005001068115234,2.625,20260730
2023-09-25,ChargerFull,SeasonalNaive,64,66.73399353027344,75.68799591064453,2.875,86.64900207519531,96.81700134277344,86.64900207519531,96.81700134277344,3.625,20260730
2023-09-25,ChargerFull,SeasonalNaive,80,83.31599426269531,83.31599426269531,1.3125,110.052001953125,119.83200073242188,110.052001953125,119.83200073242188,1.375,20260730
2023-09-25,ChargerFull,SeasonalNaive,84,83.98799133300781,86.61599731445312,0.5,118.302001953125,121.60198974609375,118.302001953125,121.60198974609375,1.25,20260730
2023-09-25,ChargerFull,SeasonalNaive,96,109.43299865722656,109.43299865722656,1.5,123.375,123.375,123.375,123.375,0.4166666865348816,20260730
2023-09-26,ChargerFull,SeasonalNaive,32,0.7059999704360962,18.39900016784668,0.65625,0.0,4.949999809265137,0.0,4.949999809265137,0.09375,20260730
2023-09-26,ChargerFull,SeasonalNaive,48,55.10099792480469,78.24700164794922,3.625,53.808998107910156,78.76300048828125,53.808998107910156,78.76300048828125,3.6875,20260730
2023-09-26,ChargerFull,SeasonalNaive,64,113.76499938964844,128.15899658203125,3.375,124.16999816894531,144.02999877929688,124.16999816894531,144.02999877929688,4.9375,20260730
2023-09-26,ChargerFull,SeasonalNaive,80,128.15899658203125,128.15899658203125,1.3125,165.61199951171875,178.67999267578125,165.61199951171875,178.67999267578125,2.625,20260730
2023-09-26,ChargerFull,SeasonalNaive,84,128.15899658203125,128.15899658203125,0.0,173.86199951171875,185.91000366210938,173.86199951171875,185.91000366210938,2.25,20260730
2023-09-26,ChargerFull,SeasonalNaive,96,140.03599548339844,140.03599548339844,0.6666666865348816,187.1219940185547,187.1219940185547,187.1219940185547,187.1219940185547,0.8333333134651184,20260730
2023-09-27,ChargerFull,SeasonalNaive,32,0.0,1.649999976158142,0.03125,0.0,23.100000381469727,0.0,23.100000381469727,0.4375,20260730
2023-09-27,ChargerFull,SeasonalNaive,48,40.779998779296875,49.18899917602539,2.75,29.61199951171875,79.75699615478516,29.612001419067383,79.75699615478516,3.375,20260730
2023-09-27,ChargerFull,SeasonalNaive,64,101.20100402832031,102.44000244140625,3.5,107.6510009765625,126.81100463867188,107.6510009765625,126.81100463867188,4.125,20260730
2023-09-27,ChargerFull,SeasonalNaive,80,136.885009765625,153.70098876953125,2.625,146.32699584960938,148.78700256347656,146.32699584960938,148.78700256347656,1.5625,20260730
2023-09-27,ChargerFull,SeasonalNaive,84,152.07699584960938,157.02700805664062,2.5,152.927001953125,155.38699340820312,152.927001953125,155.38699340820312,1.0,20260730
2023-09-27,ChargerFull,SeasonalNaive,96,157.02700805664062,157.02700805664062,0.25,165.49400329589844,165.49400329589844,165.49400329589844,165.49400329589844,0.6666666865348816,20260730
2023-09-28,ChargerFull,SeasonalNaive,32,2.5880000591278076,6.599999904632568,0.125,1.8309999704360962,24.75,1.8309999704360962,24.75,0.46875,20260730
2023-09-28,ChargerFull,SeasonalNaive,48,21.642000198364258,49.22599792480469,2.4375,55.12200164794922,81.78199768066406,55.12200164794922,81.78199768066406,3.625,20260730
2023-09-28,ChargerFull,SeasonalNaive,64,83.38500213623047,103.57599639892578,3.5,116.968994140625,122.1820068359375,116.96900939941406,122.1820068359375,3.75,20260730
2023-09-28,ChargerFull,SeasonalNaive,80,119.21900177001953,129.11900329589844,2.0625,161.8409881591797,162.88299560546875,161.8409881591797,162.88299560546875,2.0625,20260730
2023-09-28,ChargerFull,SeasonalNaive,84,123.55899810791016,130.1590118408203,1.0,165.1409912109375,165.1409912109375,165.1409912109375,165.1409912109375,0.5,20260730
2023-09-28,ChargerFull,SeasonalNaive,96,130.1590118408203,130.1590118408203,0.3333333432674408,165.1409912109375,165.1409912109375,165.1409912109375,165.1409912109375,0.0,20260730
2023-09-29,ChargerFull,SeasonalNaive,32,0.0,0.0,0.0,0.2199999988079071,6.599999904632568,0.2199999988079071,6.599999904632568,0.125,20260730
2023-09-29,ChargerFull,SeasonalNaive,48,17.38599967956543,31.099998474121094,2.5625,63.99299621582031,67.89299774169922,63.99299621582031,67.89299774169922,2.5,20260730
2023-09-29,ChargerFull,SeasonalNaive,64,52.72800064086914,65.11100769042969,4.125,82.2439956665039,98.7439956665039,82.2439956665039,98.7439956665039,1.8125,20260730
2023-09-29,ChargerFull,SeasonalNaive,80,65.11100769042969,65.11100769042969,0.75,99.99800109863281,109.25700378417969,99.99800109863281,109.25700378417969,1.9375,20260730
2023-09-29,ChargerFull,SeasonalNaive,84,65.11100769042969,65.11100769042969,0.0,103.57400512695312,112.8330078125,103.57400512695312,112.8330078125,1.75,20260730
2023-09-29,ChargerFull,SeasonalNaive,96,71.05000305175781,71.05000305175781,0.6666666865348816,112.8330078125,112.8330078125,112.8330078125,112.8330078125,0.5833333134651184,20260730
2023-09-30,ChargerFull,SeasonalNaive,32,0.0,0.0,0.0,0.0,0.0,0.0,0.0,0.0,20260730
2023-09-30,ChargerFull,SeasonalNaive,48,30.658000946044922,40.05400085449219,3.0625,25.935998916625977,27.766998291015625,25.935998916625977,27.766998291015625,1.25,20260730
2023-09-30,ChargerFull,SeasonalNaive,64,57.05000305175781,69.41600036621094,1.75,79.42100524902344,85.86900329589844,79.42100524902344,85.86900329589844,2.375,20260730
2023-09-30,ChargerFull,SeasonalNaive,80,100.1709976196289,105.06299591064453,2.25,105.82099914550781,105.82099914550781,105.82099914550781,105.82099914550781,1.0,20260730
2023-09-30,ChargerFull,SeasonalNaive,84,106.77099609375,111.66300201416016,1.0,105.82099914550781,105.82099914550781,105.82099914550781,105.82099914550781,0.0,20260730
2023-09-30,ChargerFull,SeasonalNaive,96,132.11199951171875,132.11199951171875,1.4166667461395264,105.82099914550781,105.82099914550781,105.82099914550781,105.82099914550781,0.0,20260730
2023-07-01,ChargerFull,iTransformer,32,0.8399999737739563,4.949999809265137,0.09375,2.057642936706543,12.599699020385742,2.1632184982299805,3.834636688232422,0.07262569665908813,20260730
2023-07-01,ChargerFull,iTransformer,48,16.05299949645996,19.35300064086914,0.8125,37.65222930908203,25.719470977783203,21.963382720947266,21.963382720947266,0.9372357726097107,20260730
2023-07-01,ChargerFull,iTransformer,64,27.618999481201172,35.88800048828125,1.5,58.64668655395508,93.22152709960938,80.20169067382812,87.02816009521484,2.6648662090301514,20260730
2023-07-01,ChargerFull,iTransformer,80,31.71500015258789,39.98400115966797,1.1875,145.60142517089844,82.90140533447266,91.41471862792969,91.41471862792969,0.32875797152519226,20260730
2023-07-01,ChargerFull,iTransformer,84,33.384002685546875,39.98400115966797,1.0,69.32856750488281,57.482398986816406,92.54249572753906,92.54249572753906,0.49966466426849365,20260730
2023-07-01,ChargerFull,iTransformer,96,39.98400115966797,39.98400115966797,0.3333333432674408,99.95407104492188,117.8510513305664,102.9034423828125,102.9034423828125,0.5416542291641235,20260730
2023-07-02,ChargerFull,iTransformer,32,0.0,0.0,0.0,2.473839282989502,8.957829475402832,2.64583683013916,4.904792308807373,0.09289379417896271,20260730
2023-07-02,ChargerFull,iTransformer,48,28.857999801635742,28.857999801635742,1.375,34.928043365478516,34.56552505493164,30.264869689941406,31.446090698242188,1.3280836343765259,20260730
2023-07-02,ChargerFull,iTransformer,64,47.73699951171875,47.73699951171875,1.3125,54.35480880737305,73.97563171386719,80.3093490600586,84.58462524414062,2.528330087661743,20260730
2023-07-02,ChargerFull,iTransformer,80,62.05500030517578,77.2030029296875,1.1875,115.84857177734375,81.2283935546875,97.42691040039062,97.42691040039062,0.6483924388885498,20260730
2023-07-02,ChargerFull,iTransformer,84,73.37100219726562,83.8030014038086,2.0,85.2922134399414,47.143516540527344,101.42354583740234,101.42354583740234,0.6055509448051453,20260730
2023-07-02,ChargerFull,iTransformer,96,84.92100524902344,84.92100524902344,0.5833333730697632,91.82157897949219,122.85142517089844,103.81082153320312,103.81082153320312,0.12056928873062134,20260730
2023-07-03,ChargerFull,iTransformer,32,0.0,14.850000381469727,0.28125,3.4612343311309814,9.092120170593262,3.371462821960449,8.154468536376953,0.1935672014951706,20260730
2023-07-03,ChargerFull,iTransformer,48,23.78799819946289,57.961997985839844,3.375,32.476219177246094,56.17652893066406,33.681610107421875,56.17652893066406,2.7065274715423584,20260730
2023-07-03,ChargerFull,iTransformer,64,92.65199279785156,104.97600555419922,4.6875,60.290016174316406,84.19390106201172,86.03932189941406,91.09455871582031,2.718928575515747,20260730
2023-07-03,ChargerFull,iTransformer,80,121.43299865722656,121.43299865722656,1.8125,96.42203521728516,101.09580993652344,109.0701904296875,109.0701904296875,0.872381329536438,20260730
2023-07-03,ChargerFull,iTransformer,84,121.43299865722656,121.43299865722656,0.0,102.53123474121094,49.16151428222656,113.79292297363281,113.79292297363281,0.7155642509460449,20260730
2023-07-03,ChargerFull,iTransformer,96,121.43299865722656,121.43299865722656,0.0,100.58943939208984,126.99638366699219,113.79292297363281,113.79292297363281,0.0,20260730
2023-07-04,ChargerFull,iTransformer,32,0.0,0.0,0.0,5.607265472412109,10.681180000305176,5.541972637176514,9.994717597961426,0.24321213364601135,20260730
2023-07-04,ChargerFull,iTransformer,48,0.656000018119812,4.949999809265137,0.1875,20.7093448638916,67.1419677734375,21.45505142211914,67.1419677734375,3.143604278564453,20260730
2023-07-04,ChargerFull,iTransformer,64,13.41200065612793,13.41200065612793,0.5625,60.44162368774414,109.62549591064453,67.9371337890625,103.84680938720703,3.538980007171631,20260730
2023-07-04,ChargerFull,iTransformer,80,16.437999725341797,16.437999725341797,0.3125,98.34976196289062,124.15605163574219,101.33018493652344,106.316650390625,1.2904917001724243,20260730
2023-07-04,ChargerFull,iTransformer,84,16.437999725341797,16.437999725341797,0.0,93.72151184082031,46.414485931396484,106.316650390625,106.316650390625,1.0415990352630615,20260730
2023-07-04,ChargerFull,iTransformer,96,16.437999725341797,16.437999725341797,0.0,107.79110717773438,104.84220123291016,106.316650390625,106.316650390625,0.0,20260730
2023-07-05,ChargerFull,iTransformer,32,0.0,26.399999618530273,0.5,6.000755786895752,9.672347068786621,2.1059114933013916,4.319868564605713,0.0965183675289154,20260730
2023-07-05,ChargerFull,iTransformer,48,36.979000091552734,83.26399993896484,3.6875,13.291778564453125,54.31483840942383,14.551294326782227,49.175392150878906,1.944631814956665,20260730
2023-07-05,ChargerFull,iTransformer,64,99.51699829101562,112.14399719238281,4.125,55.78926467895508,130.23837280273438,57.07464599609375,85.84346771240234,3.4879074096679688,20260730
2023-07-05,ChargerFull,iTransformer,80,112.5530014038086,112.5530014038086,0.5,117.36891174316406,124.94586181640625,85.84346771240234,85.84346771240234,1.1897237300872803,20260730
2023-07-05,ChargerFull,iTransformer,84,112.5530014038086,112.5530014038086,0.0,72.04398345947266,45.757904052734375,85.84346771240234,85.84346771240234,0.6788458228111267,20260730
2023-07-05,ChargerFull,iTransformer,96,112.5530014038086,112.5530014038086,0.0,99.23158264160156,72.4553451538086,85.84346771240234,85.84346771240234,0.0,20260730
2023-07-06,ChargerFull,iTransformer,32,2.1019999980926514,14.850000381469727,0.28125,5.290415287017822,12.897709846496582,2.915316581726074,6.4582200050354,0.1248110681772232,20260730
2023-07-06,ChargerFull,iTransformer,48,42.125,63.60099792480469,2.4375,16.32012176513672,38.03147888183594,17.113391876220703,33.240516662597656,1.1196305751800537,20260730
2023-07-06,ChargerFull,iTransformer,64,77.25,86.08599853515625,3.125,54.878623962402344,137.7511444091797,59.77897644042969,90.8886489868164,3.6795010566711426,20260730
2023-07-06,ChargerFull,iTransformer,80,133.0570068359375,133.0570068359375,2.9375,144.10653686523438,119.66702270507812,90.8886489868164,90.8886489868164,0.9589133262634277,20260730
2023-07-06,ChargerFull,iTransformer,84,133.0570068359375,133.0570068359375,0.0,69.66572570800781,61.45558166503906,90.8886489868164,90.8886489868164,0.7619303464889526,20260730
2023-07-06,ChargerFull,iTransformer,96,133.0570068359375,133.0570068359375,0.0,106.64604949951172,75.13125610351562,90.8886489868164,90.8886489868164,0.2730405032634735,20260730
2023-07-07,ChargerFull,iTransformer,32,0.0,19.799999237060547,0.375,1.8003822565078735,12.927865982055664,1.122067928314209,5.084028720855713,0.09628842771053314,20260730
2023-07-07,ChargerFull,iTransformer,48,18.961999893188477,53.98600387573242,2.125,24.928852081298828,25.74993896484375,16.79664421081543,20.456195831298828,0.7090882062911987,20260730
2023-07-07,ChargerFull,iTransformer,64,81.76899719238281,94.96900177001953,4.0625,54.39619445800781,120.45252227783203,59.60979461669922,91.02820587158203,3.4094414710998535,20260730
2023-07-07,ChargerFull,iTransformer,80,94.96900177001953,94.96900177001953,0.5,159.73768615722656,108.73419189453125,98.97150421142578,98.97150421142578,0.99510657787323,20260730
2023-07-07,ChargerFull,iTransformer,84,94.96900177001953,94.96900177001953,0.0,63.82099914550781,61.77391052246094,99.15271759033203,99.15271759033203,0.617653489112854,20260730
2023-07-07,ChargerFull,iTransformer,96,94.96900177001953,94.96900177001953,0.0,109.47230529785156,91.92530822753906,100.69880676269531,100.69880676269531,0.7419590353965759,20260730
2023-07-08,ChargerFull,iTransformer,32,0.0,0.0,0.0,0.17757385969161987,10.702836036682129,0.02827496826648712,2.0241446495056152,0.038336075842380524,20260730
2023-07-08,ChargerFull,iTransformer,48,9.368000984191895,23.7810001373291,1.8125,34.8388671875,22.3410701751709,17.929561614990234,17.929561614990234,0.6311333179473877,20260730
2023-07-08,ChargerFull,iTransformer,64,48.98400115966797,48.98400115966797,1.9375,58.67809295654297,92.7204818725586,72.69255065917969,84.61294555664062,2.7952027320861816,20260730
2023-07-08,ChargerFull,iTransformer,80,50.14600372314453,50.14600372314453,0.125,137.97227478027344,82.79645538330078,87.65172576904297,87.65172576904297,0.40875768661499023,20260730
2023-07-08,ChargerFull,iTransformer,84,50.14600372314453,50.14600372314453,0.0,73.24115753173828,56.321861267089844,89.1119613647461,89.1119613647461,0.4608502686023712,20260730
2023-07-08,ChargerFull,iTransformer,96,50.14600372314453,50.14600372314453,0.0,98.6580810546875,108.19020080566406,99.98391723632812,99.98391723632812,0.6797245740890503,20260730
2023-07-09,ChargerFull,iTransformer,32,0.0,0.0,0.0,0.2652023136615753,7.506845474243164,0.41410189867019653,4.103668212890625,0.0777209922671318,20260730
2023-07-09,ChargerFull,iTransformer,48,10.38700008392334,10.38700008392334,0.625,34.82532501220703,38.810699462890625,32.96312713623047,37.99687576293945,1.8110485076904297,20260730
2023-07-09,ChargerFull,iTransformer,64,14.985000610351562,21.58500099182129,0.625,60.188140869140625,72.88471984863281,87.07501983642578,87.07501983642578,2.6839118003845215,20260730
2023-07-09,ChargerFull,iTransformer,80,22.229000091552734,22.229000091552734,0.4375,110.54034423828125,83.64544677734375,100.26009368896484,100.26009368896484,0.4994341731071472,20260730
2023-07-09,ChargerFull,iTransformer,84,22.229000091552734,22.229000091552734,0.0,89.32548522949219,49.322837829589844,104.10393524169922,104.10393524169922,0.5823995471000671,20260730
2023-07-09,ChargerFull,iTransformer,96,22.229000091552734,22.229000091552734,0.0,98.7396240234375,121.03883361816406,108.40272521972656,108.40272521972656,0.21711088716983795,20260730
2023-07-10,ChargerFull,iTransformer,32,0.0,16.5,0.3125,2.5927977561950684,7.374948978424072,2.5927977561950684,6.980649948120117,0.17383581399917603,20260730
2023-07-10,ChargerFull,iTransformer,48,26.132999420166016,31.397001266479492,1.25,22.599346160888672,50.947383880615234,23.28000831604004,50.947383880615234,2.4430506229400635,20260730
2023-07-10,ChargerFull,iTransformer,64,36.03300094604492,41.0260009765625,1.125,56.856204986572266,79.9280014038086,85.31893157958984,87.01136016845703,2.847923517227173,20260730
2023-07-10,ChargerFull,iTransformer,80,75.00599670410156,78.26200103759766,1.75,84.08109283447266,90.14938354492188,95.99143981933594,95.99143981933594,0.4042617082595825,20260730
2023-07-10,ChargerFull,iTransformer,84,78.30599975585938,78.30599975585938,0.5,96.15983581542969,38.02783966064453,97.23455810546875,97.23455810546875,0.18835137784481049,20260730
2023-07-10,ChargerFull,iTransformer,96,78.30599975585938,78.30599975585938,0.0,89.72579193115234,104.74331665039062,97.23455810546875,97.23455810546875,0.0,20260730
2023-07-11,ChargerFull,iTransformer,32,0.0,21.450000762939453,0.40625,5.547051429748535,8.63222885131836,3.79146146774292,7.68575382232666,0.20959509909152985,20260730
2023-07-11,ChargerFull,iTransformer,48,25.659000396728516,95.90799713134766,3.8125,12.627427101135254,58.563819885253906,15.247916221618652,58.155120849609375,2.657073497772217,20260730
2023-07-11,ChargerFull,iTransformer,64,108.74501037597656,138.4449920654297,4.875,48.656349182128906,100.91792297363281,57.6561279296875,84.65909576416016,3.226280689239502,20260730
2023-07-11,ChargerFull,iTransformer,80,148.20599365234375,148.75498962402344,1.625,82.40757751464844,103.42489624023438,84.26319122314453,84.65909576416016,0.9803925156593323,20260730
2023-07-11,ChargerFull,iTransformer,84,149.8560028076172,149.8560028076172,0.25,89.69341278076172,37.444862365722656,84.65909576416016,84.65909576416016,0.3243928551673889,20260730
2023-07-11,ChargerFull,iTransformer,96,149.8560028076172,149.8560028076172,0.0,87.19003295898438,82.1281509399414,84.65909576416016,84.65909576416016,0.0,20260730
2023-07-12,ChargerFull,iTransformer,32,0.0,18.149999618530273,0.34375,5.86812162399292,11.665355682373047,2.911635398864746,7.796215534210205,0.17126521468162537,20260730
2023-07-12,ChargerFull,iTransformer,48,1.6430000066757202,39.4379997253418,2.0625,11.697635650634766,62.301055908203125,17.058652877807617,59.679779052734375,2.553945541381836,20260730
2023-07-12,ChargerFull,iTransformer,64,59.23099899291992,80.35700225830078,3.5,62.348907470703125,136.59832763671875,64.48480987548828,90.77983093261719,3.811285972595215,20260730
2023-07-12,ChargerFull,iTransformer,80,82.0,88.57099914550781,1.5625,117.14122009277344,130.53463745117188,90.77983093261719,90.77983093261719,1.1729234457015991,20260730
2023-07-12,ChargerFull,iTransformer,84,86.92100524902344,88.57099914550781,1.0,85.70072937011719,53.997344970703125,90.77983093261719,90.77983093261719,0.3455241918563843,20260730
2023-07-12,ChargerFull,iTransformer,96,88.57099914550781,88.57099914550781,0.0833333358168602,105.7384033203125,75.82125854492188,90.77983093261719,90.77983093261719,0.0,20260730
2023-07-13,ChargerFull,iTransformer,32,0.0,4.949999809265137,0.09375,3.8435614109039307,11.565837860107422,1.0082201957702637,4.617595672607422,0.09556837379932404,20260730
2023-07-13,ChargerFull,iTransformer,48,72.54100036621094,84.06300354003906,3.8125,14.704266548156738,39.093292236328125,16.2571964263916,33.63673400878906,1.4539903402328491,20260730
2023-07-13,ChargerFull,iTransformer,64,111.79200744628906,114.5050048828125,2.3125,55.68113708496094,144.16433715820312,56.478515625,92.5167236328125,3.7815539836883545,20260730
2023-07-13,ChargerFull,iTransformer,80,159.3000030517578,159.3000030517578,2.5,148.65774536132812,125.20820617675781,92.5167236328125,92.5167236328125,1.3224096298217773,20260730
2023-07-13,ChargerFull,iTransformer,84,159.3000030517578,159.3000030517578,0.0,75.6622543334961,64.0938720703125,92.5167236328125,92.5167236328125,0.737678587436676,20260730
2023-07-13,ChargerFull,iTransformer,96,159.3000030517578,159.3000030517578,0.0,111.29890441894531,73.73454284667969,92.5167236328125,92.5167236328125,0.29339754581451416,20260730
2023-07-14,ChargerFull,iTransformer,32,0.9089999794960022,14.850000381469727,0.28125,2.7319018840789795,12.348345756530762,0.8631367087364197,4.328726291656494,0.08198345452547073,20260730
2023-07-14,ChargerFull,iTransformer,48,30.94499969482422,32.595001220703125,1.5,30.76045036315918,33.20332336425781,24.267393112182617,27.57663345336914,1.089422345161438,20260730
2023-07-14,ChargerFull,iTransformer,64,58.197998046875,63.14799880981445,1.875,69.93936920166016,137.18569946289062,77.25011444091797,108.82281494140625,3.6130123138427734,20260730
2023-07-14,ChargerFull,iTransformer,80,90.84500122070312,94.26199340820312,1.625,170.08251953125,117.60315704345703,109.83619689941406,109.83619689941406,0.7546154260635376,20260730
2023-07-14,ChargerFull,iTransformer,84,97.44499206542969,97.44499206542969,1.0,85.82923126220703,76.93814849853516,109.83619689941406,109.83619689941406,0.2981519401073456,20260730
2023-07-14,ChargerFull,iTransformer,96,97.44499206542969,97.44499206542969,0.0,118.64266967773438,101.02970886230469,109.83619689941406,109.83619689941406,0.662411093711853,20260730
2023-07-15,ChargerFull,iTransformer,32,0.0,0.0,0.0,0.09449444711208344,9.099188804626465,1.2720303535461426,1.587665319442749,0.030069418251514435,20260730
2023-07-15,ChargerFull,iTransformer,48,0.0,0.0,0.0,30.926729202270508,20.584239959716797,14.133041381835938,14.133041381835938,0.7938576936721802,20260730
2023-07-15,ChargerFull,iTransformer,64,10.382999420166016,10.382999420166016,0.75,57.69297409057617,91.36156463623047,71.90705108642578,84.76669311523438,2.7048351764678955,20260730
2023-07-15,ChargerFull,iTransformer,80,15.918998718261719,15.918998718261719,0.4375,136.7755889892578,84.20357513427734,89.63298034667969,89.63298034667969,0.47400152683258057,20260730
2023-07-15,ChargerFull,iTransformer,84,15.918998718261719,15.918998718261719,0.0,71.52104187011719,52.39087677001953,91.11136627197266,91.11136627197266,0.26761701703071594,20260730
2023-07-15,ChargerFull,iTransformer,96,15.918998718261719,15.918998718261719,0.0,97.22801208496094,100.55069732666016,97.59757995605469,97.59757995605469,0.5762940645217896,20260730
2023-07-16,ChargerFull,iTransformer,32,0.0,0.0,0.0,1.6969614028930664,8.355632781982422,2.2953269481658936,6.534834861755371,0.12376581877470016,20260730
2023-07-16,ChargerFull,iTransformer,48,0.0,0.0,0.0,33.21284103393555,34.186973571777344,31.988292694091797,36.026371002197266,1.6346914768218994,20260730
2023-07-16,ChargerFull,iTransformer,64,17.957000732421875,21.191999435424805,0.9375,53.512901306152344,67.93262481689453,86.73774719238281,87.01966094970703,2.327070951461792,20260730
2023-07-16,ChargerFull,iTransformer,80,47.46900177001953,52.60700225830078,1.3125,104.26451110839844,77.26871490478516,98.65099334716797,98.65099334716797,0.4512593746185303,20260730
2023-07-16,ChargerFull,iTransformer,84,54.069000244140625,59.207000732421875,1.0,90.5558853149414,49.301513671875,101.08522033691406,101.08522033691406,0.3688216209411621,20260730
2023-07-16,ChargerFull,iTransformer,96,68.91900634765625,68.91900634765625,0.75,97.67617797851562,112.31777954101562,104.07373046875,104.07373046875,0.15093493461608887,20260730
2023-07-17,ChargerFull,iTransformer,32,0.0,3.299999952316284,0.0625,4.346273899078369,8.68605899810791,4.346273899078369,8.68605899810791,0.26442497968673706,20260730
2023-07-17,ChargerFull,iTransformer,48,50.70399856567383,69.35600280761719,3.4375,21.243043899536133,49.65452575683594,22.50574493408203,49.65452575683594,2.641636371612549,20260730
2023-07-17,ChargerFull,iTransformer,64,85.68800354003906,90.63800048828125,2.875,55.508907318115234,77.02973937988281,84.11903381347656,85.84646606445312,2.8157143592834473,20260730
2023-07-17,ChargerFull,iTransformer,80,98.52300262451172,98.52300262451172,0.875,86.90646362304688,100.06256866455078,109.4604721069336,109.4604721069336,0.9599028825759888,20260730
2023-07-17,ChargerFull,iTransformer,84,98.52300262451172,98.52300262451172,0.0,117.35003662109375,54.96257019042969,112.7567138671875,112.7567138671875,0.4994306266307831,20260730
2023-07-17,ChargerFull,iTransformer,96,98.52300262451172,98.52300262451172,0.0,104.10527038574219,121.92422485351562,113.01475524902344,113.01475524902344,0.013032227754592896,20260730
2023-07-18,ChargerFull,iTransformer,32,0.0,1.649999976158142,0.03125,5.4059882164001465,9.171867370605469,4.933832168579102,9.171867370605469,0.24890030920505524,20260730
2023-07-18,ChargerFull,iTransformer,48,35.07099914550781,68.60800170898438,2.75,13.567103385925293,62.41061019897461,15.304917335510254,62.41061019897461,2.902712106704712,20260730
2023-07-18,ChargerFull,iTransformer,64,100.8219985961914,100.8219985961914,2.9375,53.30158233642578,107.06159210205078,60.33803939819336,93.385986328125,3.3679773807525635,20260730
2023-07-18,ChargerFull,iTransformer,80,133.8730010986328,133.8730010986328,1.8125,83.9864273071289,112.92228698730469,90.22101593017578,93.385986328125,1.1239622831344604,20260730
2023-07-18,ChargerFull,iTransformer,84,140.23199462890625,140.23199462890625,1.0,101.46127319335938,44.7576789855957,93.385986328125,93.385986328125,0.6036974191665649,20260730
2023-07-18,ChargerFull,iTransformer,96,140.23199462890625,140.23199462890625,0.0,96.22030639648438,90.55166625976562,93.385986328125,93.385986328125,0.0,20260730
2023-07-19,ChargerFull,iTransformer,32,0.0,25.990999221801758,0.5,6.78987979888916,11.13206672668457,4.798123359680176,7.991416931152344,0.1611092984676361,20260730
2023-07-19,ChargerFull,iTransformer,48,33.64099884033203,60.04100036621094,2.8125,12.17965316772461,59.301673889160156,14.71573257446289,59.282440185546875,2.4980309009552,20260730
2023-07-19,ChargerFull,iTransformer,64,80.72799682617188,80.72799682617188,2.375,63.46941375732422,140.70294189453125,63.888465881347656,92.08158111572266,3.621929168701172,20260730
2023-07-19,ChargerFull,iTransformer,80,90.96199798583984,90.96199798583984,0.9375,116.63969421386719,130.8732147216797,92.08158111572266,92.08158111572266,1.1960724592208862,20260730
2023-07-19,ChargerFull,iTransformer,84,90.96199798583984,90.96199798583984,0.0,95.59318542480469,60.71405029296875,92.08158111572266,92.08158111572266,0.665153443813324,20260730
2023-07-19,ChargerFull,iTransformer,96,90.96199798583984,90.96199798583984,0.0,107.06204986572266,77.10111236572266,92.08158111572266,92.08158111572266,0.004063967615365982,20260730
2023-07-20,ChargerFull,iTransformer,32,0.0,0.0,0.0,5.097790718078613,12.75892162322998,1.6749076843261719,6.3923211097717285,0.12106668949127197,20260730
2023-07-20,ChargerFull,iTransformer,48,50.82600021362305,71.7550048828125,3.375,21.011737823486328,48.76471710205078,21.011737823486328,45.094886779785156,1.7321974039077759,20260730
2023-07-20,ChargerFull,iTransformer,64,118.61499786376953,118.89299774169922,2.625,64.43279266357422,146.98016357421875,64.43279266357422,96.51488494873047,3.458427667617798,20260730
2023-07-20,ChargerFull,iTransformer,80,129.17300415039062,129.17300415039062,0.9375,152.81304931640625,134.66336059570312,96.51488494873047,96.51488494873047,1.409891963005066,20260730
2023-07-20,ChargerFull,iTransformer,84,129.17300415039062,129.17300415039062,0.0,90.94896697998047,73.22175598144531,96.51488494873047,96.51488494873047,0.3097831606864929,20260730
2023-07-20,ChargerFull,iTransformer,96,129.17300415039062,129.17300415039062,0.0,117.75788879394531,75.27188110351562,96.51488494873047,96.51488494873047,0.2709459662437439,20260730
2023-07-21,ChargerFull,iTransformer,32,0.0,0.0,0.0,3.2012534141540527,12.024482727050781,0.7272607088088989,3.2001378536224365,0.060608670115470886,20260730
2023-07-21,ChargerFull,iTransformer,48,12.330999374389648,15.631000518798828,1.125,25.740028381347656,31.07459259033203,23.867355346679688,29.985721588134766,1.1608270406723022,20260730
2023-07-21,ChargerFull,iTransformer,64,60.209999084472656,65.81900024414062,2.125,72.37133026123047,134.02792358398438,78.6691665649414,104.84698486328125,3.2431118488311768,20260730
2023-07-21,ChargerFull,iTransformer,80,94.1760025024414,94.1760025024414,1.375,167.0568389892578,117.80783081054688,110.67597198486328,110.67597198486328,0.763493001461029,20260730
2023-07-21,ChargerFull,iTransformer,84,94.1760025024414,94.1760025024414,0.0,90.1904067993164,79.28005981445312,110.79788208007812,110.79788208007812,0.4810899496078491,20260730
2023-07-21,ChargerFull,iTransformer,96,94.1760025024414,94.1760025024414,0.0,120.6103515625,100.98539733886719,110.79788208007812,110.79788208007812,0.6634117960929871,20260730
2023-07-22,ChargerFull,iTransformer,32,0.0,1.649999976158142,0.03125,0.5677194595336914,8.070362091064453,1.3752191066741943,1.5985779762268066,0.030276097357273102,20260730
2023-07-22,ChargerFull,iTransformer,48,9.642999649047852,22.983999252319336,1.5625,28.595136642456055,17.03101348876953,10.350542068481445,10.350542068481445,0.44807103276252747,20260730
2023-07-22,ChargerFull,iTransformer,64,42.54199981689453,47.492000579833984,2.125,55.96666717529297,84.07081604003906,63.457237243652344,73.54850769042969,2.4862661361694336,20260730
2023-07-22,ChargerFull,iTransformer,80,49.152000427246094,49.152000427246094,0.3125,126.2337646484375,78.18431854248047,77.13838195800781,77.13838195800781,0.4393382668495178,20260730
2023-07-22,ChargerFull,iTransformer,84,49.152000427246094,49.152000427246094,0.0,70.14334869384766,47.87451934814453,78.17371368408203,78.17371368408203,0.22280263900756836,20260730
2023-07-22,ChargerFull,iTransformer,96,49.152000427246094,49.152000427246094,0.0,95.21865844726562,91.06869506835938,87.98445892333984,87.98445892333984,0.5786962509155273,20260730
2023-07-23,ChargerFull,iTransformer,32,0.0,0.0,0.0,1.969991683959961,7.199148654937744,2.256338357925415,6.366454124450684,0.12717990577220917,20260730
2023-07-23,ChargerFull,iTransformer,48,5.4029998779296875,5.4029998779296875,0.5,31.577999114990234,37.34426498413086,33.09880065917969,38.01230239868164,1.8199769258499146,20260730
2023-07-23,ChargerFull,iTransformer,64,5.4029998779296875,5.4029998779296875,0.0,57.12030029296875,70.30181121826172,83.97805786132812,84.2933120727539,2.251448631286621,20260730
2023-07-23,ChargerFull,iTransformer,80,26.038000106811523,28.927000045776367,1.5625,98.5140151977539,77.5072250366211,98.04642486572266,98.04642486572266,0.5328922271728516,20260730
2023-07-23,ChargerFull,iTransformer,84,29.33799934387207,29.33799934387207,0.5,92.88407897949219,49.16084289550781,100.31639862060547,100.31639862060547,0.3439364433288574,20260730
2023-07-23,ChargerFull,iTransformer,96,29.33799934387207,29.33799934387207,0.0,96.95648956298828,113.12089538574219,105.03868865966797,105.03868865966797,0.23849962651729584,20260730
2023-07-24,ChargerFull,iTransformer,32,0.0,0.0,0.0,4.055658340454102,7.615810871124268,4.055658340454102,7.615810871124268,0.23589354753494263,20260730
2023-07-24,ChargerFull,iTransformer,48,32.415000915527344,36.92000198364258,2.4375,28.944406509399414,61.24765396118164,32.566036224365234,61.24765396118164,3.1792283058166504,20260730
2023-07-24,ChargerFull,iTransformer,64,79.33300018310547,95.83299255371094,2.875,63.01877212524414,83.85200500488281,84.99415588378906,88.50326538085938,2.40378999710083,20260730
2023-07-24,ChargerFull,iTransformer,80,133.98899841308594,135.6389923095703,2.3125,88.28840637207031,100.45805358886719,104.49906158447266,105.19976806640625,0.7388222217559814,20260730
2023-07-24,ChargerFull,iTransformer,84,135.6389923095703,135.6389923095703,0.25,114.44776916503906,52.006591796875,106.67240905761719,106.67240905761719,0.3292939066886902,20260730
2023-07-24,ChargerFull,iTransformer,96,135.6389923095703,135.6389923095703,0.0,101.43443298339844,111.9103775024414,106.67240905761719,106.67240905761719,0.0,20260730
2023-07-25,ChargerFull,iTransformer,32,0.0,0.0,0.0,6.721269130706787,8.423616409301758,5.968649864196777,8.423616409301758,0.23137244582176208,20260730
2023-07-25,ChargerFull,iTransformer,48,30.4950008392334,41.2239990234375,2.125,16.558855056762695,63.63093185424805,17.55422019958496,62.932212829589844,2.8739423751831055,20260730
2023-07-25,ChargerFull,iTransformer,64,50.641998291015625,61.371002197265625,2.25,61.769256591796875,110.08860778808594,64.15467834472656,94.21971130371094,2.951070785522461,20260730
2023-07-25,ChargerFull,iTransformer,80,69.97699737548828,69.97699737548828,0.8125,90.78140258789062,123.1340560913086,94.31729125976562,97.51244354248047,1.2527846097946167,20260730
2023-07-25,ChargerFull,iTransformer,84,69.97699737548828,69.97699737548828,0.0,110.0213623046875,49.115318298339844,97.51244354248047,97.51244354248047,0.500642716884613,20260730
2023-07-25,ChargerFull,iTransformer,96,69.97699737548828,69.97699737548828,0.0,104.45831298828125,90.56657409667969,97.51244354248047,97.51244354248047,0.0,20260730
2023-07-26,ChargerFull,iTransformer,32,0.0,0.0,0.0,5.59291410446167,9.072385787963867,2.7094240188598633,6.148469924926758,0.12316684424877167,20260730
2023-07-26,ChargerFull,iTransformer,48,13.441999435424805,38.915000915527344,3.4375,6.571725845336914,50.43331527709961,10.446660995483398,48.972740173339844,2.0487539768218994,20260730
2023-07-26,ChargerFull,iTransformer,64,71.8010025024414,73.0979995727539,3.625,52.48931884765625,129.7338409423828,53.396873474121094,75.98409271240234,3.3493685722351074,20260730
2023-07-26,ChargerFull,iTransformer,80,99.8080062866211,99.8080062866211,1.5,102.09527587890625,122.29010009765625,75.98409271240234,75.98409271240234,1.1946216821670532,20260730
2023-07-26,ChargerFull,iTransformer,84,99.8080062866211,99.8080062866211,0.0,82.11549377441406,43.33658218383789,75.98409271240234,75.98409271240234,0.311465859413147,20260730
2023-07-26,ChargerFull,iTransformer,96,99.8080062866211,99.8080062866211,0.0,96.19602966308594,55.77214050292969,75.98409271240234,75.98409271240234,0.0,20260730
2023-07-27,ChargerFull,iTransformer,32,0.0,0.0,0.0,4.031702041625977,8.3540620803833,0.318241149187088,0.318241149187088,0.00602729432284832,20260730
2023-07-27,ChargerFull,iTransformer,48,3.9719998836517334,15.52199935913086,0.8125,14.644620895385742,36.73029708862305,15.44625473022461,33.2702522277832,1.6302685737609863,20260730
2023-07-27,ChargerFull,iTransformer,64,42.35799789428711,55.55799865722656,3.1875,59.38611602783203,139.603515625,59.38611602783203,85.7811508178711,3.214122772216797,20260730
2023-07-27,ChargerFull,iTransformer,80,64.79100036621094,73.04100036621094,1.6875,140.32012939453125,125.65401458740234,86.24410247802734,86.24410247802734,1.218127727508545,20260730
2023-07-27,ChargerFull,iTransformer,84,71.39099884033203,73.04100036621094,1.0,79.46919250488281,60.25261688232422,86.24410247802734,86.24410247802734,0.30960899591445923,20260730
2023-07-27,ChargerFull,iTransformer,96,73.04100036621094,73.04100036621094,0.0833333358168602,111.12443542480469,61.363765716552734,86.24410247802734,86.24410247802734,0.3039586842060089,20260730
2023-07-28,ChargerFull,iTransformer,32,0.0,16.5,0.3125,1.2950966358184814,7.335011005401611,0.2052827626466751,0.7454208731651306,0.014117819257080555,20260730
2023-07-28,ChargerFull,iTransformer,48,3.2219998836517334,52.99800109863281,2.3125,18.674169540405273,16.90338897705078,11.200736999511719,14.008001327514648,0.727275013923645,20260730
2023-07-28,ChargerFull,iTransformer,64,45.29800033569336,53.49100112915039,2.875,60.906593322753906,127.078857421875,67.32624053955078,95.1135482788086,3.3599369525909424,20260730
2023-07-28,ChargerFull,iTransformer,80,60.334999084472656,60.334999084472656,0.9375,151.92007446289062,108.61176300048828,98.34614562988281,98.34614562988281,0.8263696432113647,20260730
2023-07-28,ChargerFull,iTransformer,84,60.334999084472656,60.334999084472656,0.0,84.0328598022461,71.99922943115234,98.34614562988281,98.34614562988281,0.30425184965133667,20260730
2023-07-28,ChargerFull,iTransformer,96,60.334999084472656,60.334999084472656,0.0,111.75418853759766,84.93807983398438,98.34614562988281,98.34614562988281,0.5637808442115784,20260730
2023-07-29,ChargerFull,iTransformer,32,0.0,0.0,0.0,0.7127265334129333,6.405317306518555,0.07052995264530182,0.14098688960075378,0.002670206129550934,20260730
2023-07-29,ChargerFull,iTransformer,48,20.29599952697754,24.634998321533203,1.25,20.764598846435547,12.758567810058594,9.11433219909668,9.32243824005127,0.5207328796386719,20260730
2023-07-29,ChargerFull,iTransformer,64,44.28199768066406,48.24700164794922,1.5625,44.76270294189453,73.18394470214844,52.958431243896484,64.62060546875,2.267609119415283,20260730
2023-07-29,ChargerFull,iTransformer,80,59.3489990234375,59.3489990234375,0.625,109.04691314697266,62.51595687866211,66.41276550292969,66.41276550292969,0.39676517248153687,20260730
2023-07-29,ChargerFull,iTransformer,84,59.3489990234375,59.3489990234375,0.0,58.84589385986328,35.15086364746094,67.0916748046875,67.0916748046875,0.10286400467157364,20260730
2023-07-29,ChargerFull,iTransformer,96,59.3489990234375,59.3489990234375,0.0,80.95487976074219,72.1055908203125,75.2078628540039,75.2078628540039,0.5749963521957397,20260730
2023-07-30,ChargerFull,iTransformer,32,0.0,4.949999809265137,0.09375,1.7623965740203857,6.850647449493408,2.4658398628234863,6.598401069641113,0.130887970328331,20260730
2023-07-30,ChargerFull,iTransformer,48,16.78499984741211,30.46099853515625,1.875,28.69534683227539,27.956146240234375,30.513273239135742,32.129638671875,1.7028292417526245,20260730
2023-07-30,ChargerFull,iTransformer,64,42.78900146484375,47.73899841308594,1.6875,45.66937255859375,56.69652557373047,67.74784851074219,67.8350830078125,1.7834715843200684,20260730
2023-07-30,ChargerFull,iTransformer,80,68.73099517822266,68.73099517822266,1.125,77.8230972290039,64.85709381103516,80.31793212890625,80.31793212890625,0.47613954544067383,20260730
2023-07-30,ChargerFull,iTransformer,84,68.73099517822266,68.73099517822266,0.0,84.27196502685547,38.81489562988281,82.19319152832031,82.19319152832031,0.28412967920303345,20260730
2023-07-30,ChargerFull,iTransformer,96,68.73099517822266,68.73099517822266,0.0,79.2226791381836,96.30713653564453,87.21607208251953,87.21607208251953,0.2536813020706177,20260730
2023-07-31,ChargerFull,iTransformer,32,0.0,16.5,0.3125,4.399979114532471,6.422030448913574,4.3500871658325195,6.422030448913574,0.22783924639225006,20260730
2023-07-31,ChargerFull,iTransformer,48,13.979999542236328,47.62399673461914,3.0,24.23141860961914,55.49593734741211,27.049741744995117,55.49593734741211,3.042807102203369,20260730
2023-07-31,ChargerFull,iTransformer,64,101.18400573730469,106.95700073242188,3.625,61.62102127075195,84.40711975097656,83.96961212158203,88.36280822753906,2.7031636238098145,20260730
2023-07-31,ChargerFull,iTransformer,80,135.43299865722656,137.43600463867188,1.6875,85.92721557617188,104.971923828125,106.23002624511719,106.59013366699219,0.8431975841522217,20260730
2023-07-31,ChargerFull,iTransformer,84,138.73300170898438,138.73300170898438,0.5,121.52764129638672,54.21009826660156,108.03228759765625,108.03228759765625,0.27306845784187317,20260730
2023-07-31,ChargerFull,iTransformer,96,138.73300170898438,138.73300170898438,0.0,105.42216491699219,110.64240264892578,108.03228759765625,108.03228759765625,0.0,20260730
2023-08-01,ChargerFull,iTransformer,32,3.190000057220459,24.639999389648438,0.46875,6.6873884201049805,6.671223163604736,5.457455158233643,6.671223163604736,0.20635029673576355,20260730
2023-08-01,ChargerFull,iTransformer,48,20.444000244140625,43.09099578857422,1.9375,10.563226699829102,62.99581527709961,13.739648818969727,62.99581527709961,3.360551595687866,20260730
2023-08-01,ChargerFull,iTransformer,64,76.63499450683594,77.77799987792969,2.75,64.75074768066406,116.82453918457031,67.84318542480469,97.95059204101562,3.3948349952697754,20260730
2023-08-01,ChargerFull,iTransformer,80,93.25898742675781,93.25898742675781,1.4375,88.28573608398438,126.29095458984375,95.16468811035156,97.95059204101562,1.264715313911438,20260730
2023-08-01,ChargerFull,iTransformer,84,97.9439926147461,99.85899353027344,1.0,116.96963500976562,53.33118438720703,97.95059204101562,97.95059204101562,0.4221070408821106,20260730
2023-08-01,ChargerFull,iTransformer,96,104.54399108886719,104.54399108886719,0.3333333432674408,105.56448364257812,90.33670806884766,97.95059204101562,97.95059204101562,0.0,20260730
2023-08-02,ChargerFull,iTransformer,32,0.0,0.0,0.0,6.329066276550293,9.921529769897461,4.104548931121826,7.752107620239258,0.16968172788619995,20260730
2023-08-02,ChargerFull,iTransformer,48,19.55900001525879,27.214000701904297,2.4375,2.4774513244628906,48.69870376586914,9.198189735412598,48.69870376586914,2.609121322631836,20260730
2023-08-02,ChargerFull,iTransformer,64,56.435997009277344,59.736000061035156,2.125,60.74159240722656,134.08897399902344,60.74159240722656,80.344970703125,3.576727867126465,20260730
2023-08-02,ChargerFull,iTransformer,80,71.86599731445312,81.68399810791016,1.9375,100.40686798095703,127.76589965820312,80.344970703125,80.344970703125,1.4011032581329346,20260730
2023-08-02,ChargerFull,iTransformer,84,80.65299987792969,88.28399658203125,2.0,97.63241577148438,55.0477180480957,80.344970703125,80.344970703125,0.6857896447181702,20260730
2023-08-02,ChargerFull,iTransformer,96,88.90299224853516,88.90299224853516,0.4166666567325592,100.02989196777344,60.66004943847656,80.344970703125,80.344970703125,0.010611526668071747,20260730
2023-08-03,ChargerFull,iTransformer,32,0.0,18.149999618530273,0.34375,4.394495487213135,7.37050724029541,0.942940354347229,1.8742631673812866,0.035497408360242844,20260730
2023-08-03,ChargerFull,iTransformer,48,36.13800048828125,62.538002014160156,3.1875,9.315117835998535,36.35802459716797,10.297555923461914,35.91364288330078,1.8855985403060913,20260730
2023-08-03,ChargerFull,iTransformer,64,87.19200134277344,114.15799713134766,3.25,60.270233154296875,141.3762664794922,61.824974060058594,91.34855651855469,3.5076663494110107,20260730
2023-08-03,ChargerFull,iTransformer,80,131.718994140625,133.85598754882812,2.0625,134.92674255371094,127.06781005859375,91.34855651855469,91.34855651855469,1.492316484451294,20260730
2023-08-03,ChargerFull,iTransformer,84,141.6580047607422,146.56900024414062,2.0,90.40557098388672,71.10710144042969,91.34855651855469,91.34855651855469,0.7298638224601746,20260730
2023-08-03,ChargerFull,iTransformer,96,146.60800170898438,146.60800170898438,0.25,114.25428771972656,68.44284057617188,91.34855651855469,91.34855651855469,0.34585097432136536,20260730
2023-08-04,ChargerFull,iTransformer,32,0.0,18.149999618530273,0.34375,2.7602503299713135,9.708909034729004,0.6212096810340881,4.094882011413574,0.09060433506965637,20260730
2023-08-04,ChargerFull,iTransformer,48,42.2239990234375,58.03200149536133,2.5625,16.05251121520996,19.024072647094727,14.006115913391113,21.5648136138916,1.0623900890350342,20260730
2023-08-04,ChargerFull,iTransformer,64,91.26699829101562,106.1969985961914,3.0625,61.347869873046875,123.84029388427734,63.02997589111328,92.31561279296875,3.340083599090576,20260730
2023-08-04,ChargerFull,iTransformer,80,118.57599639892578,118.57599639892578,1.375,144.0441131591797,108.2658462524414,99.10203552246094,99.10203552246094,1.0543302297592163,20260730
2023-08-04,ChargerFull,iTransformer,84,118.57599639892578,118.57599639892578,0.0,91.88385009765625,77.09770202636719,99.10203552246094,99.10203552246094,0.7606584429740906,20260730
2023-08-04,ChargerFull,iTransformer,96,118.57599639892578,118.57599639892578,0.0,112.27030181884766,85.93377685546875,99.10203552246094,99.10203552246094,0.805533230304718,20260730
2023-08-05,ChargerFull,iTransformer,32,0.0,0.0,0.0,0.6936246752738953,7.359040260314941,0.17283907532691956,2.8854246139526367,0.05572756007313728,20260730
2023-08-05,ChargerFull,iTransformer,48,23.649999618530273,45.41999816894531,2.375,25.89651107788086,14.830094337463379,15.100452423095703,15.287046432495117,0.8458151817321777,20260730
2023-08-05,ChargerFull,iTransformer,64,62.85099792480469,68.15999603271484,2.4375,53.96723937988281,84.09249114990234,59.51275634765625,74.61125183105469,2.475250244140625,20260730
2023-08-05,ChargerFull,iTransformer,80,70.99700164794922,79.20600128173828,0.8125,113.54672241210938,74.78125762939453,75.96548461914062,75.96548461914062,0.3918107748031616,20260730
2023-08-05,ChargerFull,iTransformer,84,77.5560073852539,79.20600128173828,1.0,73.23545837402344,45.3848991394043,76.66322326660156,76.66322326660156,0.2653346359729767,20260730
2023-08-05,ChargerFull,iTransformer,96,79.20600128173828,79.20600128173828,0.0833333358168602,89.38102722167969,81.70427703857422,82.92308044433594,82.92308044433594,0.6580301523208618,20260730
2023-08-06,ChargerFull,iTransformer,32,0.0,0.0,0.0,1.9087564945220947,5.0363287925720215,1.5070955753326416,4.482922554016113,0.10413571447134018,20260730
2023-08-06,ChargerFull,iTransformer,48,16.119998931884766,17.975000381469727,0.9375,26.279964447021484,30.551687240600586,25.73265838623047,30.551687240600586,2.1038174629211426,20260730
2023-08-06,ChargerFull,iTransformer,64,39.68600082397461,44.2400016784668,1.25,52.82044982910156,66.67153930664062,70.77215576171875,72.85659790039062,2.317666530609131,20260730
2023-08-06,ChargerFull,iTransformer,80,58.13300323486328,58.13300323486328,1.625,83.71829223632812,75.32711791992188,85.784423828125,86.24493408203125,0.5686467885971069,20260730
2023-08-06,ChargerFull,iTransformer,84,58.13300323486328,58.13300323486328,0.0,95.7885513305664,46.2178955078125,89.76657104492188,89.76657104492188,0.5892105102539062,20260730
2023-08-06,ChargerFull,iTransformer,96,58.13300323486328,58.13300323486328,0.0,90.38750457763672,100.66920471191406,95.52836608886719,95.52836608886719,0.29571422934532166,20260730
2023-08-07,ChargerFull,iTransformer,32,0.0,0.0,0.0,4.6385698318481445,6.69193696975708,3.8544912338256836,6.69193696975708,0.2524428367614746,20260730
2023-08-07,ChargerFull,iTransformer,48,17.618999481201172,40.60099792480469,2.3125,25.482624053955078,55.81538391113281,25.594261169433594,55.81538391113281,3.272116184234619,20260730
2023-08-07,ChargerFull,iTransformer,64,74.9739990234375,75.68099975585938,2.9375,69.79377746582031,92.3703384399414,76.99183654785156,92.3703384399414,2.8962531089782715,20260730
2023-08-07,ChargerFull,iTransformer,80,90.42900085449219,92.07901000976562,1.375,85.28378295898438,113.01959228515625,107.69434356689453,111.61488342285156,1.1629736423492432,20260730
2023-08-07,ChargerFull,iTransformer,84,92.07901000976562,92.07901000976562,0.25,131.79139709472656,63.474544525146484,112.1024398803711,112.1024398803711,0.6678933501243591,20260730
2023-08-07,ChargerFull,iTransformer,96,92.07901000976562,92.07901000976562,0.0,111.16682434082031,113.03805541992188,112.1024398803711,112.1024398803711,0.0,20260730
2023-08-08,ChargerFull,iTransformer,32,7.624000072479248,21.44999885559082,0.40625,6.358743667602539,6.9076738357543945,4.518499851226807,6.9076738357543945,0.22486208379268646,20260730
2023-08-08,ChargerFull,iTransformer,48,83.0199966430664,101.74400329589844,4.0,11.73123836517334,61.68750762939453,13.640580177307129,61.68750762939453,3.5928525924682617,20260730
2023-08-08,ChargerFull,iTransformer,64,121.11900329589844,140.20401000976562,2.5625,69.55572509765625,114.61067962646484,69.55572509765625,97.15934753417969,3.3771464824676514,20260730
2023-08-08,ChargerFull,iTransformer,80,152.3249969482422,152.3249969482422,1.25,78.80270385742188,124.80503845214844,91.08631896972656,97.15934753417969,1.4299578666687012,20260730
2023-08-08,ChargerFull,iTransformer,84,152.3249969482422,152.3249969482422,0.0,120.49412536621094,55.62429428100586,97.15934753417969,97.15934753417969,0.9201557040214539,20260730
2023-08-08,ChargerFull,iTransformer,96,152.3249969482422,152.3249969482422,0.0,106.92711639404297,87.39157104492188,97.15934753417969,97.15934753417969,0.0,20260730
2023-08-09,ChargerFull,iTransformer,32,5.883999824523926,18.149999618530273,0.34375,7.188643455505371,7.464195251464844,4.890409469604492,5.732393741607666,0.12539663910865784,20260730
2023-08-09,ChargerFull,iTransformer,48,41.08000183105469,75.7300033569336,3.1875,9.193721771240234,54.28093719482422,11.364566802978516,54.28093719482422,2.800414562225342,20260730
2023-08-09,ChargerFull,iTransformer,64,129.97799682617188,149.7779998779297,4.5,69.22234344482422,142.45022583007812,69.22234344482422,89.39122772216797,3.4753520488739014,20260730
2023-08-09,ChargerFull,iTransformer,80,167.00201416015625,167.00201416015625,1.4375,100.84317779541016,134.5828399658203,89.3463134765625,89.39122772216797,1.5461326837539673,20260730
2023-08-09,ChargerFull,iTransformer,84,167.00201416015625,167.00201416015625,0.0,112.771728515625,69.22613525390625,89.39122772216797,89.39122772216797,1.0185478925704956,20260730
2023-08-09,ChargerFull,iTransformer,96,167.00201416015625,167.00201416015625,0.0,109.47734069824219,69.30512237548828,89.39122772216797,89.39122772216797,0.0671103224158287,20260730
2023-08-10,ChargerFull,iTransformer,32,6.682000160217285,27.22199821472168,0.59375,5.484315872192383,8.351727485656738,1.5951786041259766,3.569169044494629,0.07685939967632294,20260730
2023-08-10,ChargerFull,iTransformer,48,48.6870002746582,75.04600524902344,3.5,16.41014289855957,44.73795700073242,17.3657283782959,44.73795700073242,2.2929134368896484,20260730
2023-08-10,ChargerFull,iTransformer,64,86.98699951171875,96.52400207519531,3.5,77.87493896484375,162.7798614501953,77.87493896484375,113.71865844726562,3.960313320159912,20260730
2023-08-10,ChargerFull,iTransformer,80,122.79999542236328,129.13299560546875,2.0625,150.80844116210938,150.0381622314453,113.71865844726562,113.71865844726562,1.5113693475723267,20260730
2023-08-10,ChargerFull,iTransformer,84,129.40000915527344,134.35000610351562,1.0,116.17573547363281,97.37957763671875,113.71865844726562,113.71865844726562,0.9293577075004578,20260730
2023-08-10,ChargerFull,iTransformer,96,134.35000610351562,134.35000610351562,0.25,137.56509399414062,89.87220764160156,113.71865844726562,113.71865844726562,0.4740220904350281,20260730
2023-08-11,ChargerFull,iTransformer,32,0.0,18.149999618530273,0.34375,3.582345724105835,12.070611000061035,2.493440866470337,7.453868865966797,0.16561010479927063,20260730
2023-08-11,ChargerFull,iTransformer,48,45.78300094604492,53.755001068115234,1.9375,25.015188217163086,35.02659606933594,24.281339645385742,35.27357482910156,1.8909634351730347,20260730
2023-08-11,ChargerFull,iTransformer,64,62.154998779296875,62.154998779296875,1.625,74.9921875,136.51028442382812,74.9921875,107.12557983398438,3.6430160999298096,20260730
2023-08-11,ChargerFull,iTransformer,80,62.154998779296875,62.154998779296875,0.0,152.5813751220703,119.97538757324219,107.12557983398438,107.12557983398438,0.9264573454856873,20260730
2023-08-11,ChargerFull,iTransformer,84,62.154998779296875,62.154998779296875,0.0,107.42525482177734,91.23998260498047,107.12557983398438,107.12557983398438,0.5360695719718933,20260730
2023-08-11,ChargerFull,iTransformer,96,62.154998779296875,62.154998779296875,0.0,121.60762786865234,92.6435546875,107.12557983398438,107.12557983398438,0.8487321734428406,20260730
2023-08-12,ChargerFull,iTransformer,32,0.0,0.0,0.0,1.034467339515686,7.248383522033691,0.5269752144813538,2.957625150680542,0.061147578060626984,20260730
2023-08-12,ChargerFull,iTransformer,48,5.170000076293945,9.465999603271484,0.75,30.46527671813965,24.65260887145996,21.99435043334961,23.130373001098633,1.1317335367202759,20260730
2023-08-12,ChargerFull,iTransformer,64,31.78299903869629,36.58000183105469,2.75,60.243656158447266,87.99362182617188,64.21356201171875,83.93648529052734,2.581869602203369,20260730
2023-08-12,ChargerFull,iTransformer,80,41.02900314331055,41.02900314331055,0.5,111.3992691040039,77.54685974121094,83.93648529052734,83.93648529052734,0.32067355513572693,20260730
2023-08-12,ChargerFull,iTransformer,84,41.02900314331055,41.02900314331055,0.0,84.49597930908203,54.60690689086914,83.93648529052734,83.93648529052734,0.30918410420417786,20260730
2023-08-12,ChargerFull,iTransformer,96,41.02900314331055,41.02900314331055,0.0,89.34661865234375,79.72724151611328,84.53693389892578,84.53693389892578,0.6923084259033203,20260730
2023-08-13,ChargerFull,iTransformer,32,0.0,0.0,0.0,1.4429532289505005,5.050722599029541,2.2825119495391846,5.36025333404541,0.1241055428981781,20260730
2023-08-13,ChargerFull,iTransformer,48,4.267000198364258,10.866999626159668,0.4375,27.81525421142578,29.412368774414062,31.257564544677734,33.27824020385742,1.8084685802459717,20260730
2023-08-13,ChargerFull,iTransformer,64,29.85700035095215,34.08300018310547,1.4375,59.53071594238281,69.68682861328125,73.79183197021484,76.50283813476562,2.2369840145111084,20260730
2023-08-13,ChargerFull,iTransformer,80,57.689998626708984,65.48699951171875,2.0625,86.08299255371094,80.58735656738281,89.55967712402344,89.55967712402344,0.5972665548324585,20260730
2023-08-13,ChargerFull,iTransformer,84,63.83700180053711,65.48699951171875,1.25,109.46166229248047,56.01248550415039,91.78984069824219,91.78984069824219,0.33790433406829834,20260730
2023-08-13,ChargerFull,iTransformer,96,65.48699951171875,65.48699951171875,0.0833333358168602,95.60968017578125,99.27884674072266,97.29202270507812,97.29202270507812,0.2778885066509247,20260730
2023-08-14,ChargerFull,iTransformer,32,0.0,16.732999801635742,0.375,4.051248073577881,6.154090881347656,3.8009989261627197,6.154090881347656,0.2707144320011139,20260730
2023-08-14,ChargerFull,iTransformer,48,26.76799964904785,44.88800048828125,3.0,26.06231689453125,58.03233337402344,28.08228302001953,58.03233337402344,3.5546796321868896,20260730
2023-08-14,ChargerFull,iTransformer,64,94.40699768066406,102.1709976196289,3.5,74.21954345703125,95.81658935546875,86.71099090576172,96.20486450195312,2.888530731201172,20260730
2023-08-14,ChargerFull,iTransformer,80,130.99200439453125,130.99200439453125,1.5,81.25161743164062,113.71694946289062,109.07363891601562,112.2340087890625,0.8677881360054016,20260730
2023-08-14,ChargerFull,iTransformer,84,130.99200439453125,130.99200439453125,0.0,139.58135986328125,70.13804626464844,112.89828491210938,112.89828491210938,0.5794928669929504,20260730
2023-08-14,ChargerFull,iTransformer,96,130.99200439453125,130.99200439453125,0.0,112.79315185546875,113.00343322753906,112.89828491210938,112.89828491210938,0.0,20260730
2023-08-15,ChargerFull,iTransformer,32,1.9529999494552612,21.44999885559082,0.40625,6.445910453796387,6.521235466003418,4.55949592590332,6.521235466003418,0.24424605071544647,20260730
2023-08-15,ChargerFull,iTransformer,48,53.152000427246094,82.21600341796875,3.3125,18.937536239624023,64.97140502929688,18.937536239624023,64.97140502929688,3.6069746017456055,20260730
2023-08-15,ChargerFull,iTransformer,64,119.2239990234375,121.52999877929688,2.625,79.74982452392578,125.45045471191406,79.74982452392578,108.12664794921875,3.337627649307251,20260730
2023-08-15,ChargerFull,iTransformer,80,123.75299835205078,123.75299835205078,0.4375,86.83782958984375,136.3209686279297,104.11943054199219,108.12664794921875,1.3366438150405884,20260730
2023-08-15,ChargerFull,iTransformer,84,123.75299835205078,123.75299835205078,0.0,140.7120819091797,74.60051727294922,108.12664794921875,108.12664794921875,0.6071534752845764,20260730
2023-08-15,ChargerFull,iTransformer,96,123.75299835205078,123.75299835205078,0.0,119.60523223876953,96.64805603027344,108.12664794921875,108.12664794921875,0.0,20260730
2023-08-16,ChargerFull,iTransformer,32,13.8100004196167,15.460000038146973,0.46875,6.793437480926514,7.918091773986816,4.883580207824707,6.772704601287842,0.16774670779705048,20260730
2023-08-16,ChargerFull,iTransformer,48,45.97100067138672,71.35700225830078,3.125,7.161087512969971,53.372894287109375,12.179621696472168,53.372894287109375,3.012544870376587,20260730
2023-08-16,ChargerFull,iTransformer,64,108.3030014038086,120.66899871826172,3.5,76.19906616210938,152.8433074951172,76.19906616210938,98.33012390136719,3.7766945362091064,20260730
2023-08-16,ChargerFull,iTransformer,80,135.4550018310547,135.4550018310547,1.25,109.6727294921875,144.89251708984375,98.33012390136719,98.33012390136719,1.4791697263717651,20260730
2023-08-16,ChargerFull,iTransformer,84,135.4550018310547,136.17799377441406,0.25,125.13688659667969,83.82891082763672,98.33012390136719,98.33012390136719,0.7430049777030945,20260730
2023-08-16,ChargerFull,iTransformer,96,136.17799377441406,136.17799377441406,0.0833333358168602,120.20344543457031,76.45680236816406,98.33012390136719,98.33012390136719,0.02317848801612854,20260730
2023-08-17,ChargerFull,iTransformer,32,6.690999984741211,6.690999984741211,0.25,5.164105415344238,11.092808723449707,3.314831256866455,7.516567230224609,0.15457993745803833,20260730
2023-08-17,ChargerFull,iTransformer,48,19.243999481201172,57.63199996948242,3.0625,14.20371150970459,42.81324005126953,15.605395317077637,42.81324005126953,2.188701629638672,20260730
2023-08-17,ChargerFull,iTransformer,64,79.36100006103516,113.31700134277344,3.4375,72.5633544921875,152.91690063476562,72.5633544921875,100.02442932128906,3.6602065563201904,20260730
2023-08-17,ChargerFull,iTransformer,80,135.1510009765625,136.80101013183594,2.5,133.77679443359375,137.156982421875,100.02442932128906,100.02442932128906,1.3791385889053345,20260730
2023-08-17,ChargerFull,iTransformer,84,136.80101013183594,136.80101013183594,0.25,111.97689056396484,93.5160140991211,100.02442932128906,100.02442932128906,0.9607456922531128,20260730
2023-08-17,ChargerFull,iTransformer,96,136.80101013183594,136.80101013183594,0.0,123.74073791503906,76.30810546875,100.02442932128906,100.02442932128906,0.4964984953403473,20260730
2023-08-18,ChargerFull,iTransformer,32,6.9039998054504395,6.9039998054504395,0.25,2.192863941192627,9.142495155334473,0.5890529155731201,3.5894157886505127,0.07722774893045425,20260730
2023-08-18,ChargerFull,iTransformer,48,19.98999786376953,26.59000015258789,1.625,24.04518699645996,28.660560607910156,22.039302825927734,27.962970733642578,1.5368447303771973,20260730
2023-08-18,ChargerFull,iTransformer,64,43.295997619628906,43.77799987792969,1.1875,71.87921142578125,135.81857299804688,71.90644836425781,97.00921630859375,3.3360750675201416,20260730
2023-08-18,ChargerFull,iTransformer,80,61.01499938964844,64.60999298095703,0.875,141.798095703125,115.12464904785156,99.12999725341797,99.12999725341797,0.9427388906478882,20260730
2023-08-18,ChargerFull,iTransformer,84,70.21800231933594,74.02799987792969,1.75,104.87411499023438,88.88734436035156,99.12999725341797,99.12999725341797,0.41934216022491455,20260730
2023-08-18,ChargerFull,iTransformer,96,86.53099822998047,86.53099822998047,0.8333333134651184,115.74046325683594,82.51953125,99.12999725341797,99.12999725341797,0.8209506273269653,20260730
2023-08-19,ChargerFull,iTransformer,32,0.0,4.949999809265137,0.09375,0.5372174978256226,5.27747106552124,0.9514363408088684,2.366480827331543,0.04481971263885498,20260730
2023-08-19,ChargerFull,iTransformer,48,15.104999542236328,21.14099884033203,1.6875,27.464855194091797,19.89310073852539,18.230566024780273,19.89310073852539,1.3006914854049683,20260730
2023-08-19,ChargerFull,iTransformer,64,42.19000244140625,47.00699996948242,1.5625,63.03144454956055,92.9762954711914,64.11648559570312,82.7877426147461,2.3956568241119385,20260730
2023-08-19,ChargerFull,iTransformer,80,80.19900512695312,83.44000244140625,1.5,103.6701431274414,77.22722625732422,85.5613021850586,85.84872436523438,0.4475145936012268,20260730
2023-08-19,ChargerFull,iTransformer,84,86.79900360107422,88.4489974975586,1.0,99.60124969482422,66.28308868408203,86.05110931396484,86.05110931396484,0.5379171371459961,20260730
2023-08-19,ChargerFull,iTransformer,96,88.4489974975586,88.4489974975586,0.0833333358168602,92.94776916503906,83.62652587890625,88.28714752197266,88.28714752197266,0.7534852623939514,20260730
2023-08-20,ChargerFull,iTransformer,32,0.0,0.0,0.0,0.588980495929718,3.554048538208008,0.7743108868598938,3.4744932651519775,0.12997208535671234,20260730
2023-08-20,ChargerFull,iTransformer,48,0.0,0.0,0.0,21.498523712158203,28.013622283935547,21.745563507080078,28.013622283935547,2.3172380924224854,20260730
2023-08-20,ChargerFull,iTransformer,64,0.0,0.0,0.0,64.42310333251953,73.57720184326172,73.63719177246094,75.89797973632812,2.3450541496276855,20260730
2023-08-20,ChargerFull,iTransformer,80,0.0,0.0,0.0,86.3079833984375,85.96791076660156,93.64675903320312,94.10272216796875,0.7364682555198669,20260730
2023-08-20,ChargerFull,iTransformer,84,0.0,0.0,0.0,122.4703369140625,66.2455062866211,97.17025756835938,97.17025756835938,0.49246275424957275,20260730
2023-08-20,ChargerFull,iTransformer,96,0.0,0.0,0.0,97.673828125,106.42726135253906,102.05055236816406,102.05055236816406,0.2889060974121094,20260730
2023-08-21,ChargerFull,iTransformer,32,7.275000095367432,12.225000381469727,0.25,3.191849946975708,4.700345039367676,2.321695327758789,4.700345039367676,0.2419634610414505,20260730
2023-08-21,ChargerFull,iTransformer,48,28.7810001373291,35.38100051879883,1.5625,18.903512954711914,48.41029357910156,21.42877960205078,48.41029357910156,3.4918153285980225,20260730
2023-08-21,ChargerFull,iTransformer,64,56.59800338745117,58.24800109863281,1.75,74.59561920166016,92.6530532836914,85.00373840332031,90.6929702758789,2.661804676055908,20260730
2023-08-21,ChargerFull,iTransformer,80,66.0,66.0,0.375,73.245361328125,107.10188293457031,104.41537475585938,105.92546081542969,0.8508210182189941,20260730
2023-08-21,ChargerFull,iTransformer,84,66.0,66.0,0.0,145.177734375,75.13770294189453,106.9256820678711,106.9256820678711,0.3803505003452301,20260730
2023-08-21,ChargerFull,iTransformer,96,66.0,66.0,0.0,105.55026245117188,108.30111694335938,106.9256820678711,106.9256820678711,0.0,20260730
2023-08-22,ChargerFull,iTransformer,32,13.371000289916992,18.149999618530273,0.34375,6.5934834480285645,6.195874214172363,5.039562702178955,6.195874214172363,0.2597741484642029,20260730
2023-08-22,ChargerFull,iTransformer,48,36.1359977722168,54.727996826171875,2.0,17.058801651000977,62.425514221191406,17.806386947631836,62.425514221191406,3.6235828399658203,20260730
2023-08-22,ChargerFull,iTransformer,64,61.7819938659668,71.68199157714844,2.3125,70.45478820800781,117.29135131835938,70.45478820800781,88.97358703613281,2.810269355773926,20260730
2023-08-22,ChargerFull,iTransformer,80,85.68598937988281,85.68598937988281,1.0625,65.57994079589844,118.97948455810547,84.1297378540039,88.97358703613281,1.009453296661377,20260730
2023-08-22,ChargerFull,iTransformer,84,85.68598937988281,85.68598937988281,0.0,133.94020080566406,66.42007446289062,88.97358703613281,88.97358703613281,0.7633538842201233,20260730
2023-08-22,ChargerFull,iTransformer,96,85.68598937988281,85.68598937988281,0.0,98.87307739257812,79.0740966796875,88.97358703613281,88.97358703613281,0.0,20260730
2023-08-23,ChargerFull,iTransformer,32,0.0,16.5,0.3125,7.004212856292725,6.949557304382324,4.5625104904174805,5.789133071899414,0.15967361629009247,20260730
2023-08-23,ChargerFull,iTransformer,48,10.91200065612793,43.86699676513672,3.0,7.9370951652526855,50.17421340942383,14.445066452026367,50.17421340942383,2.8472893238067627,20260730
2023-08-23,ChargerFull,iTransformer,64,63.14699935913086,74.33500671386719,4.125,68.34136199951172,146.99095153808594,68.34136199951172,84.39826965332031,3.400449752807617,20260730
2023-08-23,ChargerFull,iTransformer,80,97.12699890136719,97.12699890136719,1.8125,90.89338684082031,133.02867126464844,83.74390411376953,84.39826965332031,1.4464961290359497,20260730
2023-08-23,ChargerFull,iTransformer,84,97.12699890136719,97.12699890136719,0.0,122.86190032958984,75.07278442382812,84.39826965332031,84.39826965332031,0.8112086057662964,20260730
2023-08-23,ChargerFull,iTransformer,96,97.12699890136719,97.12699890136719,0.0,106.98767852783203,61.80887222290039,84.39826965332031,84.39826965332031,0.024195685982704163,20260730
2023-08-24,ChargerFull,iTransformer,32,0.0,4.949999809265137,0.09375,4.418417930603027,7.89412784576416,1.327437400817871,3.45438289642334,0.09249718487262726,20260730
2023-08-24,ChargerFull,iTransformer,48,43.7660026550293,85.01600646972656,3.375,6.49908447265625,28.74028968811035,11.14809799194336,28.74028968811035,1.7866181135177612,20260730
2023-08-24,ChargerFull,iTransformer,64,97.50900268554688,105.56900787353516,3.1875,59.89037322998047,141.265380859375,59.89037322998047,83.01231384277344,3.4156014919281006,20260730
2023-08-24,ChargerFull,iTransformer,80,114.12001037597656,123.65000915527344,1.0625,117.36177062988281,122.65760803222656,83.01231384277344,83.01231384277344,1.3213036060333252,20260730
2023-08-24,ChargerFull,iTransformer,84,127.57199096679688,132.20098876953125,2.5,102.08485412597656,77.69184112548828,83.01231384277344,83.01231384277344,0.7780945897102356,20260730
2023-08-24,ChargerFull,iTransformer,96,140.77200317382812,140.77200317382812,0.6666666865348816,108.97086334228516,57.05375671386719,83.01231384277344,83.01231384277344,0.3639785647392273,20260730
2023-08-25,ChargerFull,iTransformer,32,7.175000190734863,7.175000190734863,0.25,0.4990510940551758,8.075773239135742,0.2493138164281845,3.6616058349609375,0.09070908278226852,20260730
2023-08-25,ChargerFull,iTransformer,48,29.63800048828125,39.99800109863281,2.5,19.171863555908203,23.954805374145508,17.689193725585938,23.954805374145508,1.7165836095809937,20260730
2023-08-25,ChargerFull,iTransformer,64,42.58300018310547,56.13800048828125,2.0625,62.94281005859375,121.4869384765625,62.94281005859375,89.11160278320312,2.8731870651245117,20260730
2023-08-25,ChargerFull,iTransformer,80,82.62300109863281,84.27300262451172,2.1875,119.35469055175781,100.749755859375,89.11160278320312,89.11160278320312,0.7276531457901001,20260730
2023-08-25,ChargerFull,iTransformer,84,84.27300262451172,84.27300262451172,0.25,99.42298126220703,82.70841217041016,89.11160278320312,89.11160278320312,1.0359833240509033,20260730
2023-08-25,ChargerFull,iTransformer,96,84.27300262451172,84.27300262451172,0.0,105.01194763183594,73.21126556396484,89.11160278320312,89.11160278320312,0.9031192660331726,20260730
2023-08-26,ChargerFull,iTransformer,32,0.0,0.0,0.0,-0.8541145324707031,4.4200439453125,0.15067796409130096,1.0940645933151245,0.020720919594168663,20260730
2023-08-26,ChargerFull,iTransformer,48,23.3489990234375,28.298999786376953,1.375,20.744592666625977,9.792400360107422,12.091628074645996,12.091628074645996,1.1579331159591675,20260730
2023-08-26,ChargerFull,iTransformer,64,75.39300537109375,75.39300537109375,3.1875,49.100929260253906,74.49205780029297,51.46487045288086,67.77970886230469,2.1299848556518555,20260730
2023-08-26,ChargerFull,iTransformer,80,87.02400207519531,95.27400207519531,1.0625,84.39897918701172,65.37232208251953,70.21781921386719,70.21781921386719,0.5670592784881592,20260730
2023-08-26,ChargerFull,iTransformer,84,93.6240005493164,95.27400207519531,1.0,89.13223266601562,55.77264404296875,70.53805541992188,70.53805541992188,0.5879839658737183,20260730
2023-08-26,ChargerFull,iTransformer,96,95.27400207519531,95.27400207519531,0.0833333358168602,78.76853942871094,68.56610107421875,73.66731262207031,73.66731262207031,0.7719873189926147,20260730
2023-08-27,ChargerFull,iTransformer,32,0.0,0.0,0.0,0.4479767680168152,2.8324451446533203,0.8069846034049988,2.8324451446533203,0.11891215294599533,20260730
2023-08-27,ChargerFull,iTransformer,48,15.612000465393066,19.799999237060547,0.75,19.854158401489258,18.496349334716797,17.38262176513672,18.496349334716797,1.9735413789749146,20260730
2023-08-27,ChargerFull,iTransformer,64,47.83599853515625,48.98200225830078,1.375,49.515663146972656,58.26559829711914,52.46751403808594,58.02083206176758,2.0135600566864014,20260730
2023-08-27,ChargerFull,iTransformer,80,66.48400115966797,67.72899627685547,1.3125,53.390785217285156,63.01246643066406,63.915245056152344,66.77249145507812,0.5223040580749512,20260730
2023-08-27,ChargerFull,iTransformer,84,71.43399810791016,71.43399810791016,0.75,101.912841796875,48.690330505371094,68.59793090820312,68.59793090820312,0.6446554064750671,20260730
2023-08-27,ChargerFull,iTransformer,96,71.43399810791016,71.43399810791016,0.0,71.29578399658203,77.69132232666016,74.49354553222656,74.49354553222656,0.3360096216201782,20260730
2023-08-28,ChargerFull,iTransformer,32,11.70199966430664,11.70199966430664,0.28125,2.850782632827759,3.4745616912841797,2.1616051197052,3.4745616912841797,0.2373487949371338,20260730
2023-08-28,ChargerFull,iTransformer,48,62.960994720458984,77.33299255371094,2.8125,20.79349136352539,48.540122985839844,22.429447174072266,48.540122985839844,3.285543441772461,20260730
2023-08-28,ChargerFull,iTransformer,64,132.14999389648438,132.14999389648438,2.625,73.60636901855469,91.11967468261719,78.59062194824219,89.86213684082031,2.5765016078948975,20260730
2023-08-28,ChargerFull,iTransformer,80,156.41000366210938,156.41000366210938,1.0625,58.76206970214844,107.62715911865234,97.0555419921875,102.87842559814453,0.9334737062454224,20260730
2023-08-28,ChargerFull,iTransformer,84,156.41000366210938,156.41000366210938,0.0,149.70379638671875,74.98981475830078,103.11685180664062,103.11685180664062,0.8614690899848938,20260730
2023-08-28,ChargerFull,iTransformer,96,156.41000366210938,156.41000366210938,0.0,100.78102111816406,105.45268249511719,103.11685180664062,103.11685180664062,0.018970519304275513,20260730
2023-08-29,ChargerFull,iTransformer,32,2.5190000534057617,4.949999809265137,0.09375,5.807844638824463,5.566928863525391,4.212779521942139,5.587945938110352,0.29584893584251404,20260730
2023-08-29,ChargerFull,iTransformer,48,43.7239990234375,56.45800018310547,2.5,18.070377349853516,63.74913787841797,20.0423526763916,63.74913787841797,3.7094409465789795,20260730
2023-08-29,ChargerFull,iTransformer,64,68.66000366210938,78.3740005493164,1.3125,83.16480255126953,126.15689086914062,83.2320327758789,109.59233856201172,3.1764302253723145,20260730
2023-08-29,ChargerFull,iTransformer,80,114.79100036621094,116.3790054321289,2.0,75.82695007324219,139.481201171875,104.59404754638672,109.59233856201172,1.374192237854004,20260730
2023-08-29,ChargerFull,iTransformer,84,118.09100341796875,118.09100341796875,0.5,152.14146423339844,81.86528015136719,109.59233856201172,109.59233856201172,0.7573169469833374,20260730
2023-08-29,ChargerFull,iTransformer,96,118.09100341796875,118.09100341796875,0.0,121.36235046386719,97.82233428955078,109.59233856201172,109.59233856201172,0.0,20260730
2023-08-30,ChargerFull,iTransformer,32,0.0,15.878000259399414,0.3125,5.431570053100586,6.338874816894531,4.129500865936279,6.177755832672119,0.1702224612236023,20260730
2023-08-30,ChargerFull,iTransformer,48,13.398000717163086,35.14400100708008,2.625,7.928493022918701,53.7975959777832,9.028727531433105,53.7975959777832,3.1581623554229736,20260730
2023-08-30,ChargerFull,iTransformer,64,45.14500045776367,58.0880012512207,3.5625,74.50863647460938,147.58895874023438,74.50863647460938,98.84037780761719,3.289994716644287,20260730
2023-08-30,ChargerFull,iTransformer,80,83.01100158691406,83.01100158691406,1.6875,97.66204071044922,148.5733184814453,93.77276611328125,98.84037780761719,1.744945764541626,20260730
2023-08-30,ChargerFull,iTransformer,84,83.01100158691406,83.01100158691406,0.0,142.71405029296875,91.8451156616211,98.84037780761719,98.84037780761719,1.1457502841949463,20260730
2023-08-30,ChargerFull,iTransformer,96,83.01100158691406,83.01100158691406,0.0,122.49968719482422,75.18107604980469,98.84037780761719,98.84037780761719,0.0504353828728199,20260730
2023-08-31,ChargerFull,iTransformer,32,2.924999952316284,21.450000762939453,0.40625,2.9416637420654297,5.789046287536621,1.081261157989502,2.7049782276153564,0.07007242739200592,20260730
2023-08-31,ChargerFull,iTransformer,48,31.292999267578125,62.04899597167969,2.5,12.6899995803833,39.9059944152832,13.209975242614746,39.9059944152832,2.4185774326324463,20260730
2023-08-31,ChargerFull,iTransformer,64,75.56700134277344,82.66799926757812,2.5,69.02920532226562,148.3609161376953,69.02920532226562,90.78498077392578,3.3886678218841553,20260730
2023-08-31,ChargerFull,iTransformer,80,134.45199584960938,143.8509979248047,3.3125,117.72718048095703,131.93101501464844,90.78498077392578,90.78498077392578,1.4657361507415771,20260730
2023-08-31,ChargerFull,iTransformer,84,150.95199584960938,158.60400390625,2.5,118.80502319335938,92.11528015136719,90.78498077392578,90.78498077392578,1.0100152492523193,20260730
2023-08-31,ChargerFull,iTransformer,96,162.50201416015625,162.50201416015625,0.5833333730697632,117.68019104003906,63.8897705078125,90.78498077392578,90.78498077392578,0.4609934389591217,20260730
2023-09-01,ChargerFull,iTransformer,32,0.0,15.67300033569336,0.34375,1.146359920501709,6.437650203704834,1.290346384048462,3.621532678604126,0.10201722383499146,20260730
2023-09-01,ChargerFull,iTransformer,48,47.16800308227539,53.62300109863281,2.3125,19.048280715942383,21.926368713378906,15.91793155670166,23.229228973388672,1.6979085206985474,20260730
2023-09-01,ChargerFull,iTransformer,64,95.47699737548828,105.66300201416016,2.3125,62.92708969116211,119.11798858642578,62.92708969116211,92.84953308105469,2.817551374435425,20260730
2023-09-01,ChargerFull,iTransformer,80,133.5260009765625,137.7639923095703,2.0,120.49832916259766,105.89701843261719,97.87472534179688,97.87472534179688,1.3129559755325317,20260730
2023-09-01,ChargerFull,iTransformer,84,138.87399291992188,148.37600708007812,1.75,114.57098388671875,97.83757019042969,97.87472534179688,97.87472534179688,0.9438046813011169,20260730
2023-09-01,ChargerFull,iTransformer,96,148.7740020751953,148.7740020751953,0.5,112.60227966308594,83.14717864990234,97.87472534179688,97.87472534179688,0.9784213304519653,20260730
2023-09-02,ChargerFull,iTransformer,32,0.0,0.0,0.0,-0.9572716951370239,3.3646399974823,0.1549609750509262,1.8417627811431885,0.03488187491893768,20260730
2023-09-02,ChargerFull,iTransformer,48,17.689998626708984,22.639999389648438,1.3125,25.417577743530273,14.676553726196289,15.356447219848633,15.512062072753906,1.4356367588043213,20260730
2023-09-02,ChargerFull,iTransformer,64,29.70599937438965,29.70599937438965,0.75,60.0717887878418,83.51104736328125,60.61864471435547,81.33552551269531,2.5005698204040527,20260730
2023-09-02,ChargerFull,iTransformer,80,36.35599899291992,36.35599899291992,0.4375,101.19950866699219,85.93618774414062,87.97238159179688,87.97238159179688,0.9800830483436584,20260730
2023-09-02,ChargerFull,iTransformer,84,36.35599899291992,36.35599899291992,0.0,111.17716979980469,78.81745910644531,88.39013671875,88.39013671875,0.8313688039779663,20260730
2023-09-02,ChargerFull,iTransformer,96,36.35599899291992,36.35599899291992,0.0,101.10066986083984,87.26467895507812,94.18266296386719,94.18266296386719,0.8175177574157715,20260730
2023-09-03,ChargerFull,iTransformer,32,0.0,0.0,0.0,-0.6394420266151428,1.3657381534576416,0.20860838890075684,1.7740297317504883,0.09806721657514572,20260730
2023-09-03,ChargerFull,iTransformer,48,4.216000080108643,5.866000175476074,0.3125,21.625102996826172,21.457700729370117,23.092853546142578,25.250682830810547,1.9995253086090088,20260730
2023-09-03,ChargerFull,iTransformer,64,16.232999801635742,16.232999801635742,0.75,55.479652404785156,63.984161376953125,60.90681076049805,66.8510971069336,1.6636046171188354,20260730
2023-09-03,ChargerFull,iTransformer,80,33.777000427246094,44.474998474121094,1.6875,66.01114654541016,75.92489624023438,76.721435546875,79.83930969238281,0.7385687828063965,20260730
2023-09-03,ChargerFull,iTransformer,84,46.861000061035156,50.1609992980957,2.0,119.7061767578125,65.4012451171875,82.3875503540039,82.3875503540039,0.691940426826477,20260730
2023-09-03,ChargerFull,iTransformer,96,50.1609992980957,50.1609992980957,0.1666666716337204,85.40435791015625,91.53084564208984,88.46759796142578,88.46759796142578,0.36259350180625916,20260730
2023-09-04,ChargerFull,iTransformer,32,0.0,0.0,0.0,2.686167001724243,2.5281195640563965,1.487701416015625,3.1240949630737305,0.23525233566761017,20260730
2023-09-04,ChargerFull,iTransformer,48,3.6500000953674316,3.6500000953674316,0.3125,22.10655403137207,48.93070983886719,22.10655403137207,48.93070983886719,3.2558181285858154,20260730
2023-09-04,ChargerFull,iTransformer,64,27.916000366210938,29.93400001525879,1.25,74.77404022216797,86.45462799072266,76.23628997802734,86.45462799072266,2.3207411766052246,20260730
2023-09-04,ChargerFull,iTransformer,80,38.178001403808594,38.178001403808594,0.5625,56.5828742980957,102.87944793701172,91.74492645263672,96.8696060180664,1.0340150594711304,20260730
2023-09-04,ChargerFull,iTransformer,84,38.178001403808594,38.178001403808594,0.0,143.54513549804688,73.60660552978516,98.76441955566406,98.76441955566406,1.022118091583252,20260730
2023-09-04,ChargerFull,iTransformer,96,38.178001403808594,38.178001403808594,0.0,102.09475708007812,96.3995361328125,99.24714660644531,99.24714660644531,0.03819407895207405,20260730
2023-09-05,ChargerFull,iTransformer,32,11.805000305175781,14.159000396728516,0.3125,4.941205024719238,3.51019287109375,2.5153331756591797,3.7974534034729004,0.22630774974822998,20260730
2023-09-05,ChargerFull,iTransformer,48,31.944000244140625,66.84600067138672,2.5,14.183662414550781,55.179115295410156,14.875926971435547,55.179115295410156,3.4426302909851074,20260730
2023-09-05,ChargerFull,iTransformer,64,65.53500366210938,79.94700622558594,3.25,63.517303466796875,102.63179016113281,63.517303466796875,79.2265396118164,2.457258462905884,20260730
2023-09-05,ChargerFull,iTransformer,80,79.94700622558594,79.94700622558594,0.5625,45.904502868652344,115.35157012939453,74.77652740478516,79.2265396118164,1.5441110134124756,20260730
2023-09-05,ChargerFull,iTransformer,84,79.94700622558594,79.94700622558594,0.0,136.16360473632812,68.6748046875,79.2265396118164,79.2265396118164,0.7517021298408508,20260730
2023-09-05,ChargerFull,iTransformer,96,79.94700622558594,79.94700622558594,0.0,92.22071838378906,66.23236083984375,79.2265396118164,79.2265396118164,0.0,20260730
2023-09-06,ChargerFull,iTransformer,32,0.0,0.0,0.0,4.551415920257568,4.418308734893799,2.3703341484069824,4.679187774658203,0.15201430022716522,20260730
2023-09-06,ChargerFull,iTransformer,48,34.91699981689453,44.499000549316406,2.875,1.9837008714675903,46.33892059326172,5.71513032913208,46.33892059326172,2.908771276473999,20260730
2023-09-06,ChargerFull,iTransformer,64,74.45499420166016,92.74800109863281,3.1875,61.06269454956055,130.186279296875,61.06269454956055,75.28458404541016,3.271831512451172,20260730
2023-09-06,ChargerFull,iTransformer,80,116.67499542236328,116.67499542236328,1.6875,69.14495086669922,125.18220520019531,72.8227767944336,75.28458404541016,1.49853515625,20260730
2023-09-06,ChargerFull,iTransformer,84,116.67499542236328,116.67499542236328,0.0,126.06141662597656,79.10315704345703,75.28458404541016,75.28458404541016,0.8909901976585388,20260730
2023-09-06,ChargerFull,iTransformer,96,116.67499542236328,116.67499542236328,0.0,101.69139862060547,48.877769470214844,75.28458404541016,75.28458404541016,0.021386340260505676,20260730
2023-09-07,ChargerFull,iTransformer,32,0.0,18.149999618530273,0.34375,2.6054000854492188,5.813975811004639,1.6992754936218262,4.658334732055664,0.09793531894683838,20260730
2023-09-07,ChargerFull,iTransformer,48,32.8129997253418,69.11100769042969,3.375,8.714788436889648,35.093814849853516,10.339043617248535,35.093814849853516,2.1786000728607178,20260730
2023-09-07,ChargerFull,iTransformer,64,57.56100082397461,93.6820068359375,3.875,64.29874420166016,140.02545166015625,64.29874420166016,90.8978271484375,3.243924379348755,20260730
2023-09-07,ChargerFull,iTransformer,80,104.11900329589844,122.00700378417969,3.125,109.11050415039062,133.04562377929688,90.8978271484375,90.8978271484375,1.8644174337387085,20260730
2023-09-07,ChargerFull,iTransformer,84,117.31900787353516,128.6070098876953,2.0,118.7011489868164,92.5420150756836,90.8978271484375,90.8978271484375,1.347069263458252,20260730
2023-09-07,ChargerFull,iTransformer,96,135.46900939941406,135.46900939941406,0.9166666269302368,121.1671142578125,60.62852478027344,90.8978271484375,90.8978271484375,0.5214589238166809,20260730
2023-09-08,ChargerFull,iTransformer,32,0.5619999766349792,18.149999618530273,0.34375,-0.12637799978256226,4.9750823974609375,0.3081004321575165,2.993858575820923,0.08501172065734863,20260730
2023-09-08,ChargerFull,iTransformer,48,31.808000564575195,51.222999572753906,2.0,21.973880767822266,23.31182289123535,20.451278686523438,23.31182289123535,1.9446072578430176,20260730
2023-09-08,ChargerFull,iTransformer,64,83.07499694824219,92.62699890136719,3.4375,66.46097564697266,126.14714813232422,66.46097564697266,93.94359588623047,2.9576544761657715,20260730
2023-09-08,ChargerFull,iTransformer,80,109.0510025024414,110.70100402832031,1.0625,116.87035369873047,107.66160583496094,95.84305572509766,95.84305572509766,1.4055523872375488,20260730
2023-09-08,ChargerFull,iTransformer,84,110.70100402832031,110.70100402832031,0.25,113.42202758789062,97.87163543701172,95.84305572509766,95.84305572509766,1.1777474880218506,20260730
2023-09-08,ChargerFull,iTransformer,96,110.70100402832031,110.70100402832031,0.0,115.6406478881836,76.04544830322266,95.84305572509766,95.84305572509766,0.976500928401947,20260730
2023-09-09,ChargerFull,iTransformer,32,0.0,0.0,0.0,-1.9697415828704834,2.127514600753784,0.0686391294002533,1.709036946296692,0.035286057740449905,20260730
2023-09-09,ChargerFull,iTransformer,48,2.940000057220459,5.440000057220459,0.875,20.71562957763672,9.43769645690918,10.396905899047852,10.396905899047852,1.5966267585754395,20260730
2023-09-09,ChargerFull,iTransformer,64,26.743000030517578,28.597999572753906,1.1875,58.41252517700195,81.774658203125,58.41252517700195,77.97837829589844,2.4731605052948,20260730
2023-09-09,ChargerFull,iTransformer,80,34.547000885009766,37.84700012207031,0.4375,85.65128326416016,75.94525146484375,79.06986236572266,79.6958999633789,0.8099685907363892,20260730
2023-09-09,ChargerFull,iTransformer,84,34.547000885009766,40.48600387573242,1.0,108.1903076171875,77.43064880371094,79.98554992675781,79.98554992675781,0.7888258695602417,20260730
2023-09-09,ChargerFull,iTransformer,96,40.48600387573242,40.48600387573242,0.5833333134651184,90.43519592285156,75.92478942871094,83.17999267578125,83.17999267578125,0.8254514932632446,20260730
2023-09-10,ChargerFull,iTransformer,32,3.1419999599456787,3.1419999599456787,0.125,-1.0226945877075195,-0.23657608032226562,0.0,0.657414436340332,0.07805736362934113,20260730
2023-09-10,ChargerFull,iTransformer,48,16.053998947143555,21.003997802734375,0.75,20.689599990844727,17.494762420654297,18.92017936706543,18.92017936706543,1.9244105815887451,20260730
2023-09-10,ChargerFull,iTransformer,64,31.529998779296875,37.13800048828125,1.6875,53.18040084838867,55.55595779418945,52.94087219238281,56.32099914550781,1.7353562116622925,20260730
2023-09-10,ChargerFull,iTransformer,80,62.683998107910156,65.04100036621094,1.6875,42.47444534301758,61.90840148925781,60.056182861328125,65.4389419555664,0.5935421586036682,20260730
2023-09-10,ChargerFull,iTransformer,84,69.28399658203125,71.64099884033203,1.0,110.175537109375,57.10777282714844,69.50918579101562,69.50918579101562,1.0296210050582886,20260730
2023-09-10,ChargerFull,iTransformer,96,79.18399047851562,79.18399047851562,0.5,75.70316314697266,74.15345764160156,74.92830657958984,74.92830657958984,0.42720329761505127,20260730
2023-09-11,ChargerFull,iTransformer,32,0.5879999995231628,1.649999976158142,0.03125,3.0187079906463623,2.1650805473327637,1.276477336883545,2.8336219787597656,0.2696174383163452,20260730
2023-09-11,ChargerFull,iTransformer,48,15.145000457763672,23.39900016784668,2.0,19.163684844970703,47.80729675292969,20.192615509033203,47.80729675292969,3.4735021591186523,20260730
2023-09-11,ChargerFull,iTransformer,64,27.769001007080078,32.722999572753906,2.3125,72.78711700439453,88.44088745117188,72.97831726074219,88.44088745117188,2.589637517929077,20260730
2023-09-11,ChargerFull,iTransformer,80,37.2609977722168,37.2609977722168,0.875,54.577980041503906,105.87464904785156,101.36761474609375,104.5828628540039,1.1286464929580688,20260730
2023-09-11,ChargerFull,iTransformer,84,37.2609977722168,37.2609977722168,0.0,159.29522705078125,90.19999694824219,107.26011657714844,107.26011657714844,0.8928025364875793,20260730
2023-09-11,ChargerFull,iTransformer,96,37.2609977722168,37.2609977722168,0.0,109.12001037597656,107.36949920654297,108.2447509765625,108.2447509765625,0.04972900450229645,20260730
2023-09-12,ChargerFull,iTransformer,32,2.6989998817443848,23.099998474121094,0.4375,4.387911796569824,1.9687976837158203,2.3177549839019775,3.3907175064086914,0.21949851512908936,20260730
2023-09-12,ChargerFull,iTransformer,48,29.099000930786133,46.6619987487793,3.0,7.925525188446045,57.306785583496094,12.80508041381836,57.306785583496094,3.7668795585632324,20260730
2023-09-12,ChargerFull,iTransformer,64,48.76799774169922,63.731998443603516,2.6875,65.34793853759766,105.0604476928711,65.1456069946289,82.93082427978516,2.748762369155884,20260730
2023-09-12,ChargerFull,iTransformer,80,73.33300018310547,73.33300018310547,2.0625,40.85798645019531,113.92943572998047,78.05413818359375,82.93082427978516,1.5212883949279785,20260730
2023-09-12,ChargerFull,iTransformer,84,73.33300018310547,73.33300018310547,0.0,142.24143981933594,74.07722473144531,82.93082427978516,82.93082427978516,0.8348362445831299,20260730
2023-09-12,ChargerFull,iTransformer,96,73.33300018310547,73.33300018310547,0.0,96.24649810791016,69.61515808105469,82.93082427978516,82.93082427978516,0.0,20260730
2023-09-13,ChargerFull,iTransformer,32,0.0,18.149999618530273,0.34375,3.398267984390259,2.7777509689331055,1.1062625646591187,3.31028151512146,0.12962743639945984,20260730
2023-09-13,ChargerFull,iTransformer,48,35.77399826049805,66.54199981689453,2.875,-1.2185609340667725,41.098487854003906,5.685174942016602,41.098487854003906,3.09274959564209,20260730
2023-09-13,ChargerFull,iTransformer,64,99.52899169921875,106.95199584960938,2.8125,52.96746063232422,122.80325317382812,52.96746063232422,67.03321838378906,3.2031619548797607,20260730
2023-09-13,ChargerFull,iTransformer,80,127.12799835205078,127.12799835205078,1.125,56.50191116333008,115.88408660888672,61.880104064941406,67.03321838378906,1.9022458791732788,20260730
2023-09-13,ChargerFull,iTransformer,84,127.12799835205078,127.12799835205078,0.0,116.47254180908203,70.6075439453125,67.03321838378906,67.03321838378906,1.0418063402175903,20260730
2023-09-13,ChargerFull,iTransformer,96,127.12799835205078,127.12799835205078,0.0,92.81781005859375,41.24862289428711,67.03321838378906,67.03321838378906,0.0749937891960144,20260730
2023-09-14,ChargerFull,iTransformer,32,0.0,18.149999618530273,0.34375,2.768265962600708,7.0162858963012695,0.8154035806655884,5.490832328796387,0.14800839126110077,20260730
2023-09-14,ChargerFull,iTransformer,48,17.349000930786133,18.999000549316406,1.0,9.557290077209473,40.526214599609375,12.374905586242676,40.526214599609375,2.6243436336517334,20260730
2023-09-14,ChargerFull,iTransformer,64,33.14400100708008,33.14400100708008,1.0,68.41095733642578,145.601806640625,68.41095733642578,92.90328216552734,3.3546130657196045,20260730
2023-09-14,ChargerFull,iTransformer,80,41.83300018310547,41.83300018310547,0.375,104.24014282226562,132.23472595214844,90.47447204589844,92.90328216552734,1.949879765510559,20260730
2023-09-14,ChargerFull,iTransformer,84,41.83300018310547,41.83300018310547,0.0,125.54637145996094,102.46143341064453,92.90328216552734,92.90328216552734,1.4443551301956177,20260730
2023-09-14,ChargerFull,iTransformer,96,41.83300018310547,41.83300018310547,0.0,122.47731018066406,63.329246520996094,92.90328216552734,92.90328216552734,0.5989972352981567,20260730
2023-09-15,ChargerFull,iTransformer,32,0.0,18.149999618530273,0.34375,-0.19492632150650024,4.010934829711914,0.0,3.354743480682373,0.0920422375202179,20260730
2023-09-15,ChargerFull,iTransformer,48,32.972999572753906,59.595001220703125,3.0625,12.690126419067383,8.836669921875,12.028975486755371,13.383179664611816,1.2913367748260498,20260730
2023-09-15,ChargerFull,iTransformer,64,59.972999572753906,64.54499816894531,2.1875,56.05080795288086,108.84375,55.4903564453125,70.20565795898438,2.7173643112182617,20260730
2023-09-15,ChargerFull,iTransformer,80,84.25599670410156,84.25599670410156,1.0625,95.45419311523438,91.12503814697266,70.20565795898438,70.20565795898438,1.037703275680542,20260730
2023-09-15,ChargerFull,iTransformer,84,84.25599670410156,84.25599670410156,0.0,96.11747741699219,78.06369018554688,70.20565795898438,70.20565795898438,0.8685961961746216,20260730
2023-09-15,ChargerFull,iTransformer,96,84.25599670410156,84.25599670410156,0.0,89.86370086669922,50.54762268066406,70.20565795898438,70.20565795898438,0.8769962787628174,20260730
2023-09-16,ChargerFull,iTransformer,32,0.0,1.649999976158142,0.03125,-2.0028579235076904,1.9937410354614258,0.0,1.8902955055236816,0.05184730887413025,20260730
2023-09-16,ChargerFull,iTransformer,48,20.290000915527344,26.889999389648438,1.5,20.069250106811523,9.04592514038086,10.27267074584961,10.27267074584961,1.5696489810943604,20260730
2023-09-16,ChargerFull,iTransformer,64,50.99599838256836,54.295997619628906,1.8125,53.90049743652344,72.96145629882812,53.90049743652344,69.43632507324219,2.0947067737579346,20260730
2023-09-16,ChargerFull,iTransformer,80,72.41199493408203,75.75199890136719,1.0625,67.69355773925781,65.90947723388672,65.96834564208984,70.23448944091797,0.6238663196563721,20260730
2023-09-16,ChargerFull,iTransformer,84,79.01200103759766,82.35199737548828,1.0,95.9151382446289,65.5925064086914,72.20073699951172,72.20073699951172,0.8123521208763123,20260730
2023-09-16,ChargerFull,iTransformer,96,85.61199951171875,85.61199951171875,0.3333333432674408,83.0114517211914,63.79104995727539,73.40126037597656,73.40126037597656,0.8619637489318848,20260730
2023-09-17,ChargerFull,iTransformer,32,0.0,0.0,0.0,-0.5003524422645569,-0.35634762048721313,0.0,0.6639389991760254,0.11731087416410446,20260730
2023-09-17,ChargerFull,iTransformer,48,14.726999282836914,18.027000427246094,1.375,18.89206886291504,19.753807067871094,17.72294044494629,19.753807067871094,2.200256824493408,20260730
2023-09-17,ChargerFull,iTransformer,64,32.391998291015625,32.391998291015625,1.0,52.104148864746094,48.39410400390625,49.71879577636719,49.71879577636719,1.6577516794204712,20260730
2023-09-17,ChargerFull,iTransformer,80,52.35499572753906,56.12999725341797,0.9375,35.84145736694336,62.34219741821289,63.77432632446289,65.14202117919922,0.7979238033294678,20260730
2023-09-17,ChargerFull,iTransformer,84,58.954994201660156,62.72999572753906,1.0,111.4225845336914,56.5544548034668,69.68702697753906,69.68702697753906,0.8759563565254211,20260730
2023-09-17,ChargerFull,iTransformer,96,75.45500183105469,75.45500183105469,0.8333333134651184,77.98503875732422,76.24456024169922,77.11479949951172,77.11479949951172,0.381775826215744,20260730
2023-09-18,ChargerFull,iTransformer,32,0.0,3.299999952316284,0.0625,2.1612966060638428,0.6274663209915161,0.6870642900466919,1.4082236289978027,0.22370146214962006,20260730
2023-09-18,ChargerFull,iTransformer,48,19.957000732421875,46.005001068115234,2.625,18.891456604003906,44.952274322509766,18.891456604003906,44.952274322509766,3.493896722793579,20260730
2023-09-18,ChargerFull,iTransformer,64,86.64900207519531,96.81700134277344,3.625,60.4004020690918,66.86161804199219,60.12087631225586,66.25717163085938,2.2481775283813477,20260730
2023-09-18,ChargerFull,iTransformer,80,110.052001953125,119.83200073242188,1.375,23.62226104736328,81.25436401367188,71.80384826660156,75.8846206665039,0.9640806913375854,20260730
2023-09-18,ChargerFull,iTransformer,84,118.302001953125,121.60198974609375,1.25,127.11444091796875,55.96424865722656,75.8846206665039,75.8846206665039,0.756231427192688,20260730
2023-09-18,ChargerFull,iTransformer,96,123.375,123.375,0.4166666865348816,81.49333953857422,72.31251525878906,76.90292358398438,76.90292358398438,0.05967887490987778,20260730
2023-09-19,ChargerFull,iTransformer,32,0.0,4.949999809265137,0.09375,4.836594581604004,2.8665833473205566,2.211087942123413,3.1723289489746094,0.27709874510765076,20260730
2023-09-19,ChargerFull,iTransformer,48,53.808998107910156,78.76300048828125,3.6875,8.409327507019043,55.55449295043945,11.631606101989746,55.49668884277344,3.814074993133545,20260730
2023-09-19,ChargerFull,iTransformer,64,124.16999816894531,144.02999877929688,4.9375,61.024593353271484,94.21865844726562,59.93254089355469,74.84906005859375,2.768625259399414,20260730
2023-09-19,ChargerFull,iTransformer,80,165.61199951171875,178.67999267578125,2.625,31.289993286132812,110.99920654296875,68.66432189941406,74.84906005859375,1.6711511611938477,20260730
2023-09-19,ChargerFull,iTransformer,84,173.86199951171875,185.91000366210938,2.25,135.6707763671875,66.1654281616211,74.84906005859375,74.84906005859375,1.135483741760254,20260730
2023-09-19,ChargerFull,iTransformer,96,187.1219940185547,187.1219940185547,0.8333333134651184,90.23919677734375,59.458927154541016,74.84906005859375,74.84906005859375,0.0,20260730
2023-09-20,ChargerFull,iTransformer,32,0.0,23.100000381469727,0.4375,3.7923576831817627,1.8517019748687744,0.5231509804725647,2.433811664581299,0.1405930072069168,20260730
2023-09-20,ChargerFull,iTransformer,48,29.61199951171875,79.75699615478516,3.375,1.8823695182800293,44.78670120239258,6.368474960327148,44.78670120239258,3.3293375968933105,20260730
2023-09-20,ChargerFull,iTransformer,64,107.6510009765625,126.81100463867188,4.125,67.65292358398438,132.07850646972656,67.65292358398438,83.24028778076172,3.4857802391052246,20260730
2023-09-20,ChargerFull,iTransformer,80,146.32699584960938,148.78700256347656,1.5625,68.42378997802734,136.41452026367188,75.03433227539062,83.24028778076172,1.911255121231079,20260730
2023-09-20,ChargerFull,iTransformer,84,152.927001953125,155.38699340820312,1.0,134.701416015625,89.48418426513672,83.24028778076172,83.24028778076172,1.4391673803329468,20260730
2023-09-20,ChargerFull,iTransformer,96,165.49400329589844,165.49400329589844,0.6666666865348816,107.80128479003906,58.679283142089844,83.24028778076172,83.24028778076172,0.10440248250961304,20260730
2023-09-21,ChargerFull,iTransformer,32,1.8309999704360962,24.75,0.46875,2.1312012672424316,4.924241065979004,0.728317379951477,4.451162815093994,0.11440565437078476,20260730
2023-09-21,ChargerFull,iTransformer,48,55.12200164794922,81.78199768066406,3.625,8.995750427246094,33.54251480102539,11.040857315063477,33.757476806640625,2.3697266578674316,20260730
2023-09-21,ChargerFull,iTransformer,64,116.968994140625,122.1820068359375,3.75,68.68626403808594,139.7548065185547,68.68626403808594,91.62974548339844,3.5104594230651855,20260730
2023-09-21,ChargerFull,iTransformer,80,161.8409881591797,162.88299560546875,2.0625,102.04151916503906,135.9863739013672,89.60647583007812,91.62974548339844,1.9468092918395996,20260730
2023-09-21,ChargerFull,iTransformer,84,165.1409912109375,165.1409912109375,0.5,121.19001007080078,99.12960052490234,91.62974548339844,91.62974548339844,1.7592415809631348,20260730
2023-09-21,ChargerFull,iTransformer,96,165.1409912109375,165.1409912109375,0.0,124.7325439453125,58.526947021484375,91.62974548339844,91.62974548339844,0.8312140703201294,20260730
2023-09-22,ChargerFull,iTransformer,32,0.2199999988079071,6.599999904632568,0.125,-0.0688190907239914,5.622427940368652,0.5456383228302002,5.314244270324707,0.1312146782875061,20260730
2023-09-22,ChargerFull,iTransformer,48,63.99299621582031,67.89299774169922,2.5,24.461753845214844,33.10809326171875,22.375600814819336,33.17794418334961,2.205958843231201,20260730
2023-09-22,ChargerFull,iTransformer,64,82.2439956665039,98.7439956665039,1.8125,85.41881561279297,133.12759399414062,85.41881561279297,101.4033203125,3.414107084274292,20260730
2023-09-22,ChargerFull,iTransformer,80,99.99800109863281,109.25700378417969,1.9375,122.66500854492188,124.8995361328125,101.4033203125,101.4033203125,1.4486446380615234,20260730
2023-09-22,ChargerFull,iTransformer,84,103.57400512695312,112.8330078125,1.75,124.05413818359375,104.4654541015625,101.4033203125,101.4033203125,1.1932196617126465,20260730
2023-09-22,ChargerFull,iTransformer,96,112.8330078125,112.8330078125,0.5833333134651184,126.89778137207031,75.90885925292969,101.4033203125,101.4033203125,0.9983848929405212,20260730
2023-09-23,ChargerFull,iTransformer,32,0.0,0.0,0.0,-1.7523646354675293,2.550997495651245,0.16259777545928955,2.5703325271606445,0.06498558819293976,20260730
2023-09-23,ChargerFull,iTransformer,48,25.935998916625977,27.766998291015625,1.25,28.222187042236328,17.582809448242188,18.324037551879883,18.620769500732422,1.7770403623580933,20260730
2023-09-23,ChargerFull,iTransformer,64,79.42100524902344,85.86900329589844,2.375,73.02537536621094,87.09785461425781,73.02537536621094,86.612548828125,2.1117427349090576,20260730
2023-09-23,ChargerFull,iTransformer,80,105.82099914550781,105.82099914550781,1.0,86.58019256591797,86.59893798828125,86.09735870361328,90.07733154296875,0.9573694467544556,20260730
2023-09-23,ChargerFull,iTransformer,84,105.82099914550781,105.82099914550781,0.0,120.61591339111328,93.41632080078125,94.85511779785156,94.85511779785156,1.2947989702224731,20260730
2023-09-23,ChargerFull,iTransformer,96,105.82099914550781,105.82099914550781,0.0,107.8661117553711,86.94621276855469,97.40615844726562,97.40615844726562,1.0043373107910156,20260730
2023-09-24,ChargerFull,iTransformer,32,0.0,0.0,0.0,-0.828309178352356,-1.2398900985717773,0.0,0.022129476070404053,0.10629769414663315,20260730
2023-09-24,ChargerFull,iTransformer,48,2.6659998893737793,6.599999904632568,0.25,21.929283142089844,21.858924865722656,18.992855072021484,21.858924865722656,2.1446890830993652,20260730
2023-09-24,ChargerFull,iTransformer,64,38.73100280761719,38.73100280761719,1.625,66.65377807617188,59.28742599487305,59.27668380737305,59.28742599487305,2.0476646423339844,20260730
2023-09-24,ChargerFull,iTransformer,80,61.5469970703125,61.5469970703125,0.9375,52.41611099243164,76.94168853759766,75.9106674194336,78.8864517211914,0.9928065538406372,20260730
2023-09-24,ChargerFull,iTransformer,84,66.97699737548828,68.14700317382812,1.0,128.14962768554688,75.69889068603516,82.0318374633789,82.0318374633789,1.1430256366729736,20260730
2023-09-24,ChargerFull,iTransformer,96,75.22699737548828,75.22699737548828,0.4166666567325592,96.59458923339844,88.40502166748047,92.49980926513672,92.49980926513672,0.5835003852844238,20260730
2023-09-25,ChargerFull,iTransformer,32,0.7490000128746033,3.299999952316284,0.0625,1.9469385147094727,0.6753761768341064,0.525114119052887,1.6766561269760132,0.26913613080978394,20260730
2023-09-25,ChargerFull,iTransformer,48,35.98099899291992,43.48200225830078,2.125,17.958534240722656,48.73982620239258,17.958534240722656,48.73982620239258,3.6697163581848145,20260730
2023-09-25,ChargerFull,iTransformer,64,66.73399353027344,75.68799591064453,2.875,78.65969848632812,77.59855651855469,75.53630828857422,77.59855651855469,2.5944652557373047,20260730
2023-09-25,ChargerFull,iTransformer,80,83.31599426269531,83.31599426269531,1.3125,42.31039047241211,102.75013732910156,88.82830047607422,97.52656555175781,1.2771965265274048,20260730
2023-09-25,ChargerFull,iTransformer,84,83.98799133300781,86.61599731445312,0.5,149.6091766357422,82.41166687011719,97.52656555175781,97.52656555175781,1.2609463930130005,20260730
2023-09-25,ChargerFull,iTransformer,96,109.43299865722656,109.43299865722656,1.5,103.93565368652344,91.20539855957031,97.57052612304688,97.57052612304688,0.08588458597660065,20260730
2023-09-26,ChargerFull,iTransformer,32,0.7059999704360962,18.39900016784668,0.65625,3.8687546253204346,1.6463711261749268,2.195819139480591,2.7548134326934814,0.26718375086784363,20260730
2023-09-26,ChargerFull,iTransformer,48,55.10099792480469,78.24700164794922,3.625,14.176057815551758,61.053524017333984,16.81680679321289,61.053524017333984,3.9401330947875977,20260730
2023-09-26,ChargerFull,iTransformer,64,113.76499938964844,128.15899658203125,3.375,79.25650787353516,108.7717514038086,78.15087890625,96.25532531738281,3.092344284057617,20260730
2023-09-26,ChargerFull,iTransformer,80,128.15899658203125,128.15899658203125,1.3125,49.580204010009766,126.93067932128906,86.3951187133789,96.71736145019531,2.0916287899017334,20260730
2023-09-26,ChargerFull,iTransformer,84,128.15899658203125,128.15899658203125,0.0,144.84677124023438,84.71711730957031,96.71736145019531,96.71736145019531,1.5519390106201172,20260730
2023-09-26,ChargerFull,iTransformer,96,140.03599548339844,140.03599548339844,0.6666666865348816,117.42189025878906,76.0128173828125,96.71736145019531,96.71736145019531,0.15222011506557465,20260730
2023-09-27,ChargerFull,iTransformer,32,0.0,1.649999976158142,0.03125,3.7413034439086914,3.544928550720215,1.210022211074829,3.9206628799438477,0.23668305575847626,20260730
2023-09-27,ChargerFull,iTransformer,48,40.779998779296875,49.18899917602539,2.75,7.968451499938965,54.22314453125,9.523229598999023,54.22314453125,3.4100873470306396,20260730
2023-09-27,ChargerFull,iTransformer,64,101.20100402832031,102.44000244140625,3.5,78.50679779052734,140.19122314453125,78.50679779052734,91.72811889648438,3.516587734222412,20260730
2023-09-27,ChargerFull,iTransformer,80,136.885009765625,153.70098876953125,2.625,72.31564331054688,141.1851348876953,84.25128936767578,91.72811889648438,2.137056350708008,20260730
2023-09-27,ChargerFull,iTransformer,84,152.07699584960938,157.02700805664062,2.5,139.41319274902344,101.19892883300781,91.72811889648438,91.72811889648438,1.167313814163208,20260730
2023-09-27,ChargerFull,iTransformer,96,157.02700805664062,157.02700805664062,0.25,121.43379974365234,62.02243423461914,91.72811889648438,91.72811889648438,0.1984405815601349,20260730
2023-09-28,ChargerFull,iTransformer,32,2.5880000591278076,6.599999904632568,0.125,2.251662254333496,5.102710247039795,1.8320090770721436,4.618805408477783,0.12377028167247772,20260730
2023-09-28,ChargerFull,iTransformer,48,21.642000198364258,49.22599792480469,2.4375,14.44795036315918,37.38433837890625,14.44795036315918,37.38433837890625,2.387957811355591,20260730
2023-09-28,ChargerFull,iTransformer,64,83.38500213623047,103.57599639892578,3.5,79.39225006103516,143.16793823242188,79.29129028320312,91.64816284179688,3.4043936729431152,20260730
2023-09-28,ChargerFull,iTransformer,80,119.21900177001953,129.11900329589844,2.0625,102.93464660644531,137.67160034179688,91.64816284179688,91.64816284179688,2.0691637992858887,20260730
2023-09-28,ChargerFull,iTransformer,84,123.55899810791016,130.1590118408203,1.0,124.74856567382812,106.73077392578125,91.64816284179688,91.64816284179688,1.804855227470398,20260730
2023-09-28,ChargerFull,iTransformer,96,130.1590118408203,130.1590118408203,0.3333333432674408,125.39349365234375,57.90283966064453,91.64816284179688,91.64816284179688,0.6042397022247314,20260730
2023-09-29,ChargerFull,iTransformer,32,0.0,0.0,0.0,-0.10504934191703796,4.579881191253662,0.6119788885116577,3.8490946292877197,0.08755648881196976,20260730
2023-09-29,ChargerFull,iTransformer,48,17.38599967956543,31.099998474121094,2.5625,23.236352920532227,25.290725708007812,20.318561553955078,25.742502212524414,2.14473032951355,20260730
2023-09-29,ChargerFull,iTransformer,64,52.72800064086914,65.11100769042969,4.125,83.65013122558594,126.29560089111328,83.65013122558594,96.13799285888672,3.1158900260925293,20260730
2023-09-29,ChargerFull,iTransformer,80,65.11100769042969,65.11100769042969,0.75,112.25067138671875,116.72565460205078,96.13799285888672,96.13799285888672,1.5665276050567627,20260730
2023-09-29,ChargerFull,iTransformer,84,65.11100769042969,65.11100769042969,0.0,121.05276489257812,111.259765625,96.13799285888672,96.13799285888672,1.4423198699951172,20260730
2023-09-29,ChargerFull,iTransformer,96,71.05000305175781,71.05000305175781,0.6666666865348816,122.11959838867188,70.15638732910156,96.13799285888672,96.13799285888672,0.9864433407783508,20260730
2023-09-30,ChargerFull,iTransformer,32,0.0,0.0,0.0,-2.0402214527130127,-1.2287484407424927,0.0,0.3123537600040436,0.029822710901498795,20260730
2023-09-30,ChargerFull,iTransformer,48,30.658000946044922,40.05400085449219,3.0625,22.00878143310547,13.015981674194336,13.658010482788086,13.658010482788086,1.6354005336761475,20260730
2023-09-30,ChargerFull,iTransformer,64,57.05000305175781,69.41600036621094,1.75,68.86663818359375,79.88399505615234,68.86663818359375,79.56941986083984,2.498412847518921,20260730
2023-09-30,ChargerFull,iTransformer,80,100.1709976196289,105.06299591064453,2.25,77.53407287597656,79.35546112060547,77.36045837402344,82.46437072753906,0.9009838104248047,20260730
2023-09-30,ChargerFull,iTransformer,84,106.77099609375,111.66300201416016,1.0,113.0145492553711,87.1123046875,86.94852447509766,86.94852447509766,1.0686992406845093,20260730
2023-09-30,ChargerFull,iTransformer,96,132.11199951171875,132.11199951171875,1.4166667461395264,101.54408264160156,73.97228240966797,87.7581787109375,87.7581787109375,1.0112468004226685,20260730
2023-07-01,ChargerFull,FeasibleITransformer,32,0.8399999737739563,4.949999809265137,0.09375,1.9685866832733154,8.18712043762207,1.9685866832733154,8.18712043762207,0.41101956367492676,20260730
2023-07-01,ChargerFull,FeasibleITransformer,48,16.05299949645996,19.35300064086914,0.8125,13.493524551391602,19.046096801757812,13.493524551391602,19.046096801757812,1.77279794216156,20260730
2023-07-01,ChargerFull,FeasibleITransformer,64,27.618999481201172,35.88800048828125,1.5,31.661823272705078,49.514495849609375,31.661823272705078,49.514495849609375,1.9745248556137085,20260730
2023-07-01,ChargerFull,FeasibleITransformer,80,31.71500015258789,39.98400115966797,1.1875,62.26702880859375,64.12248992919922,62.26702880859375,64.12248992919922,1.486791729927063,20260730
2023-07-01,ChargerFull,FeasibleITransformer,84,33.384002685546875,39.98400115966797,1.0,71.63823699951172,73.6111068725586,71.63823699951172,73.6111068725586,1.521321177482605,20260730
2023-07-01,ChargerFull,FeasibleITransformer,96,39.98400115966797,39.98400115966797,0.3333333432674408,84.14210510253906,84.14210510253906,84.14210510253906,84.14210510253906,0.6315083503723145,20260730
2023-07-02,ChargerFull,FeasibleITransformer,32,0.0,0.0,0.0,2.585310935974121,6.852563381195068,2.585310935974121,6.852563381195068,0.2955656051635742,20260730
2023-07-02,ChargerFull,FeasibleITransformer,48,28.857999801635742,28.857999801635742,1.375,8.916437149047852,15.772157669067383,8.916437149047852,15.772157669067383,1.3055862188339233,20260730
2023-07-02,ChargerFull,FeasibleITransformer,64,47.73699951171875,47.73699951171875,1.3125,16.202686309814453,34.10483169555664,16.202686309814453,34.10483169555664,1.7205880880355835,20260730
2023-07-02,ChargerFull,FeasibleITransformer,80,62.05500030517578,77.2030029296875,1.1875,35.445064544677734,42.674072265625,35.445064544677734,42.674072265625,1.2209665775299072,20260730
2023-07-02,ChargerFull,FeasibleITransformer,84,73.37100219726562,83.8030014038086,2.0,42.968292236328125,48.83979034423828,42.968292236328125,48.83979034423828,1.3318676948547363,20260730
2023-07-02,ChargerFull,FeasibleITransformer,96,84.92100524902344,84.92100524902344,0.5833333730697632,57.35234832763672,57.35234832763672,57.35234832763672,57.35234832763672,0.8641585111618042,20260730
2023-07-03,ChargerFull,FeasibleITransformer,32,0.0,14.850000381469727,0.28125,2.820142984390259,9.208788871765137,2.820142984390259,9.208788871765137,0.3306996524333954,20260730
2023-07-03,ChargerFull,FeasibleITransformer,48,23.78799819946289,57.961997985839844,3.375,10.49558162689209,28.435409545898438,10.49558162689209,28.435409545898438,1.6911840438842773,20260730
2023-07-03,ChargerFull,FeasibleITransformer,64,92.65199279785156,104.97600555419922,4.6875,21.979537963867188,44.56944274902344,21.979537963867188,44.56944274902344,2.1044938564300537,20260730
2023-07-03,ChargerFull,FeasibleITransformer,80,121.43299865722656,121.43299865722656,1.8125,46.302364349365234,55.2105827331543,46.302364349365234,55.2105827331543,1.519560694694519,20260730
2023-07-03,ChargerFull,FeasibleITransformer,84,121.43299865722656,121.43299865722656,0.0,54.03928756713867,61.03831481933594,54.03928756713867,61.03831481933594,1.162210464477539,20260730
2023-07-03,ChargerFull,FeasibleITransformer,96,121.43299865722656,121.43299865722656,0.0,73.0476303100586,73.0476303100586,73.0476303100586,73.0476303100586,1.0386254787445068,20260730
2023-07-04,ChargerFull,FeasibleITransformer,32,0.0,0.0,0.0,3.5937142372131348,9.58011531829834,3.5937142372131348,9.58011531829834,0.3948836326599121,20260730
2023-07-04,ChargerFull,FeasibleITransformer,48,0.656000018119812,4.949999809265137,0.1875,15.737603187561035,35.74431610107422,15.737603187561035,35.74431610107422,1.8852001428604126,20260730
2023-07-04,ChargerFull,FeasibleITransformer,64,13.41200065612793,13.41200065612793,0.5625,37.63449478149414,56.796451568603516,37.63449478149414,56.796451568603516,3.181154727935791,20260730
2023-07-04,ChargerFull,FeasibleITransformer,80,16.437999725341797,16.437999725341797,0.3125,72.84982299804688,77.86688232421875,72.84982299804688,77.86688232421875,2.0507278442382812,20260730
2023-07-04,ChargerFull,FeasibleITransformer,84,16.437999725341797,16.437999725341797,0.0,78.98878479003906,83.18058776855469,78.98878479003906,83.18058776855469,0.9301459789276123,20260730
2023-07-04,ChargerFull,FeasibleITransformer,96,16.437999725341797,16.437999725341797,0.0,100.97674560546875,100.97674560546875,100.97674560546875,100.97674560546875,1.11050283908844,20260730
2023-07-05,ChargerFull,FeasibleITransformer,32,0.0,26.399999618530273,0.5,5.062834739685059,10.251471519470215,5.062834739685059,10.251471519470215,0.4612542986869812,20260730
2023-07-05,ChargerFull,FeasibleITransformer,48,36.979000091552734,83.26399993896484,3.6875,25.094074249267578,31.29962158203125,25.094074249267578,31.29962158203125,1.9126466512680054,20260730
2023-07-05,ChargerFull,FeasibleITransformer,64,99.51699829101562,112.14399719238281,4.125,41.815521240234375,47.916053771972656,41.815521240234375,47.916053771972656,3.4318647384643555,20260730
2023-07-05,ChargerFull,FeasibleITransformer,80,112.5530014038086,112.5530014038086,0.5,77.59313201904297,77.59313201904297,77.59313201904297,77.59313201904297,2.3914809226989746,20260730
2023-07-05,ChargerFull,FeasibleITransformer,84,112.5530014038086,112.5530014038086,0.0,82.80331420898438,82.80331420898438,82.80331420898438,82.80331420898438,0.7894222140312195,20260730
2023-07-05,ChargerFull,FeasibleITransformer,96,112.5530014038086,112.5530014038086,0.0,98.41153717041016,98.41153717041016,98.41153717041016,98.41153717041016,0.7882945537567139,20260730
2023-07-06,ChargerFull,FeasibleITransformer,32,2.1019999980926514,14.850000381469727,0.28125,3.2424004077911377,14.75597095489502,3.2424004077911377,14.75597095489502,0.6172400712966919,20260730
2023-07-06,ChargerFull,FeasibleITransformer,48,42.125,63.60099792480469,2.4375,25.449172973632812,30.641948699951172,25.449172973632812,30.641948699951172,2.150031566619873,20260730
2023-07-06,ChargerFull,FeasibleITransformer,64,77.25,86.08599853515625,3.125,47.372310638427734,56.76456069946289,47.372310638427734,56.76456069946289,3.571287155151367,20260730
2023-07-06,ChargerFull,FeasibleITransformer,80,133.0570068359375,133.0570068359375,2.9375,107.67559814453125,107.67559814453125,107.67559814453125,107.67559814453125,2.8206615447998047,20260730
2023-07-06,ChargerFull,FeasibleITransformer,84,133.0570068359375,133.0570068359375,0.0,114.36227416992188,114.36227416992188,114.36227416992188,114.36227416992188,1.0131338834762573,20260730
2023-07-06,ChargerFull,FeasibleITransformer,96,133.0570068359375,133.0570068359375,0.0,124.99327087402344,124.99327087402344,124.99327087402344,124.99327087402344,0.5369184017181396,20260730
2023-07-07,ChargerFull,FeasibleITransformer,32,0.0,19.799999237060547,0.375,1.617337703704834,12.834551811218262,1.617337703704834,12.834551811218262,0.5421664714813232,20260730
2023-07-07,ChargerFull,FeasibleITransformer,48,18.961999893188477,53.98600387573242,2.125,19.52998161315918,25.30876922607422,19.52998161315918,25.30876922607422,2.1501951217651367,20260730
2023-07-07,ChargerFull,FeasibleITransformer,64,81.76899719238281,94.96900177001953,4.0625,44.86146926879883,57.481285095214844,44.86146926879883,57.481285095214844,2.7634217739105225,20260730
2023-07-07,ChargerFull,FeasibleITransformer,80,94.96900177001953,94.96900177001953,0.5,102.88105773925781,102.88105773925781,102.88105773925781,102.88105773925781,2.366657257080078,20260730
2023-07-07,ChargerFull,FeasibleITransformer,84,94.96900177001953,94.96900177001953,0.0,110.60956573486328,110.60956573486328,110.60956573486328,110.60956573486328,1.170987844467163,20260730
2023-07-07,ChargerFull,FeasibleITransformer,96,94.96900177001953,94.96900177001953,0.0,121.0972900390625,121.0972900390625,121.0972900390625,121.0972900390625,0.5296823978424072,20260730
2023-07-08,ChargerFull,FeasibleITransformer,32,0.0,0.0,0.0,1.3239634037017822,9.529458999633789,1.3239634037017822,9.529458999633789,0.41232579946517944,20260730
2023-07-08,ChargerFull,FeasibleITransformer,48,9.368000984191895,23.7810001373291,1.8125,11.27491283416748,19.10517120361328,11.27491283416748,19.10517120361328,1.9223201274871826,20260730
2023-07-08,ChargerFull,FeasibleITransformer,64,48.98400115966797,48.98400115966797,1.9375,35.755348205566406,49.756229400634766,35.755348205566406,49.756229400634766,2.2154059410095215,20260730
2023-07-08,ChargerFull,FeasibleITransformer,80,50.14600372314453,50.14600372314453,0.125,67.13470458984375,67.89997100830078,67.13470458984375,67.89997100830078,1.3373428583145142,20260730
2023-07-08,ChargerFull,FeasibleITransformer,84,50.14600372314453,50.14600372314453,0.0,75.30728149414062,75.56249237060547,75.30728149414062,75.56249237060547,1.2382694482803345,20260730
2023-07-08,ChargerFull,FeasibleITransformer,96,50.14600372314453,50.14600372314453,0.0,85.1798324584961,85.1798324584961,85.1798324584961,85.1798324584961,0.4986133575439453,20260730
2023-07-09,ChargerFull,FeasibleITransformer,32,0.0,0.0,0.0,1.4596951007843018,7.741266250610352,1.4596951007843018,7.741266250610352,0.295364111661911,20260730
2023-07-09,ChargerFull,FeasibleITransformer,48,10.38700008392334,10.38700008392334,0.625,7.90408182144165,18.714677810668945,7.90408182144165,18.714677810668945,1.7147972583770752,20260730
2023-07-09,ChargerFull,FeasibleITransformer,64,14.985000610351562,21.58500099182129,0.625,30.314573287963867,44.96906661987305,30.314573287963867,44.96906661987305,1.774126648902893,20260730
2023-07-09,ChargerFull,FeasibleITransformer,80,22.229000091552734,22.229000091552734,0.4375,51.20203399658203,56.26312255859375,51.20203399658203,56.26312255859375,1.1550559997558594,20260730
2023-07-09,ChargerFull,FeasibleITransformer,84,22.229000091552734,22.229000091552734,0.0,58.32204818725586,62.1419677734375,58.32204818725586,62.1419677734375,1.2021716833114624,20260730
2023-07-09,ChargerFull,FeasibleITransformer,96,22.229000091552734,22.229000091552734,0.0,69.86773681640625,69.86773681640625,69.86773681640625,69.86773681640625,0.6491409540176392,20260730
2023-07-10,ChargerFull,FeasibleITransformer,32,0.0,16.5,0.3125,2.9201602935791016,10.664087295532227,2.9201602935791016,10.664087295532227,0.384045273065567,20260730
2023-07-10,ChargerFull,FeasibleITransformer,48,26.132999420166016,31.397001266479492,1.25,9.440666198730469,26.94017791748047,9.440666198730469,26.94017791748047,1.5872377157211304,20260730
2023-07-10,ChargerFull,FeasibleITransformer,64,36.03300094604492,41.0260009765625,1.125,24.11033058166504,45.456966400146484,24.11033058166504,45.456966400146484,2.4918062686920166,20260730
2023-07-10,ChargerFull,FeasibleITransformer,80,75.00599670410156,78.26200103759766,1.75,49.61552047729492,54.7319450378418,49.61552047729492,54.7319450378418,1.3280061483383179,20260730
2023-07-10,ChargerFull,FeasibleITransformer,84,78.30599975585938,78.30599975585938,0.5,55.294822692871094,59.80929183959961,55.294822692871094,59.80929183959961,0.8605000972747803,20260730
2023-07-10,ChargerFull,FeasibleITransformer,96,78.30599975585938,78.30599975585938,0.0,69.67546081542969,69.67546081542969,69.67546081542969,69.67546081542969,0.7262951135635376,20260730
2023-07-11,ChargerFull,FeasibleITransformer,32,0.0,21.450000762939453,0.40625,4.437955379486084,9.88679027557373,4.437955379486084,9.88679027557373,0.3972913324832916,20260730
2023-07-11,ChargerFull,FeasibleITransformer,48,25.659000396728516,95.90799713134766,3.8125,14.621654510498047,32.22600555419922,14.621654510498047,32.22600555419922,1.8194756507873535,20260730
2023-07-11,ChargerFull,FeasibleITransformer,64,108.74501037597656,138.4449920654297,4.875,26.82931137084961,45.76470184326172,26.82931137084961,45.76470184326172,2.8992719650268555,20260730
2023-07-11,ChargerFull,FeasibleITransformer,80,148.20599365234375,148.75498962402344,1.625,53.77033996582031,56.422752380371094,53.77033996582031,56.422752380371094,1.815517544746399,20260730
2023-07-11,ChargerFull,FeasibleITransformer,84,149.8560028076172,149.8560028076172,0.25,57.323265075683594,59.63946533203125,57.323265075683594,59.63946533203125,0.5383215546607971,20260730
2023-07-11,ChargerFull,FeasibleITransformer,96,149.8560028076172,149.8560028076172,0.0,71.01251983642578,71.01251983642578,71.01251983642578,71.01251983642578,0.6913769245147705,20260730
2023-07-12,ChargerFull,FeasibleITransformer,32,0.0,18.149999618530273,0.34375,4.359254837036133,10.917115211486816,4.359254837036133,10.917115211486816,0.4681567847728729,20260730
2023-07-12,ChargerFull,FeasibleITransformer,48,1.6430000066757202,39.4379997253418,2.0625,30.650531768798828,40.575923919677734,30.650531768798828,40.575923919677734,2.4659476280212402,20260730
2023-07-12,ChargerFull,FeasibleITransformer,64,59.23099899291992,80.35700225830078,3.5,56.97886657714844,64.34931945800781,56.97886657714844,64.34931945800781,3.700944185256958,20260730
2023-07-12,ChargerFull,FeasibleITransformer,80,82.0,88.57099914550781,1.5625,98.05271911621094,98.05271911621094,98.05271911621094,98.05271911621094,2.180084705352783,20260730
2023-07-12,ChargerFull,FeasibleITransformer,84,86.92100524902344,88.57099914550781,1.0,101.97657012939453,101.97657012939453,101.97657012939453,101.97657012939453,0.5945243835449219,20260730
2023-07-12,ChargerFull,FeasibleITransformer,96,88.57099914550781,88.57099914550781,0.0833333358168602,113.2550277709961,113.2550277709961,113.2550277709961,113.2550277709961,0.5696189403533936,20260730
2023-07-13,ChargerFull,FeasibleITransformer,32,0.0,4.949999809265137,0.09375,2.6652729511260986,12.098831176757812,2.6652729511260986,12.098831176757812,0.6208674311637878,20260730
2023-07-13,ChargerFull,FeasibleITransformer,48,72.54100036621094,84.06300354003906,3.8125,27.406673431396484,29.898815155029297,27.406673431396484,29.898815155029297,2.197981834411621,20260730
2023-07-13,ChargerFull,FeasibleITransformer,64,111.79200744628906,114.5050048828125,2.3125,72.78559112548828,74.32411193847656,72.78559112548828,74.32411193847656,3.6388297080993652,20260730
2023-07-13,ChargerFull,FeasibleITransformer,80,159.3000030517578,159.3000030517578,2.5,141.4304962158203,141.4304962158203,141.4304962158203,141.4304962158203,2.829484462738037,20260730
2023-07-13,ChargerFull,FeasibleITransformer,84,159.3000030517578,159.3000030517578,0.0,147.3131866455078,147.3131866455078,147.3131866455078,147.3131866455078,0.8913192749023438,20260730
2023-07-13,ChargerFull,FeasibleITransformer,96,159.3000030517578,159.3000030517578,0.0,154.04287719726562,154.04287719726562,154.04287719726562,154.04287719726562,0.33988311886787415,20260730
2023-07-14,ChargerFull,FeasibleITransformer,32,0.9089999794960022,14.850000381469727,0.28125,1.405527114868164,10.835821151733398,1.405527114868164,10.835821151733398,0.5219425559043884,20260730
2023-07-14,ChargerFull,FeasibleITransformer,48,30.94499969482422,32.595001220703125,1.5,19.642654418945312,22.52568817138672,19.642654418945312,22.52568817138672,2.0369482040405273,20260730
2023-07-14,ChargerFull,FeasibleITransformer,64,58.197998046875,63.14799880981445,1.875,57.73311233520508,66.95816040039062,57.73311233520508,66.95816040039062,3.262363910675049,20260730
2023-07-14,ChargerFull,FeasibleITransformer,80,90.84500122070312,94.26199340820312,1.625,119.48779296875,119.48779296875,119.48779296875,119.48779296875,2.384575366973877,20260730
2023-07-14,ChargerFull,FeasibleITransformer,84,97.44499206542969,97.44499206542969,1.0,127.69869232177734,127.69869232177734,127.69869232177734,127.69869232177734,1.2440760135650635,20260730
2023-07-14,ChargerFull,FeasibleITransformer,96,97.44499206542969,97.44499206542969,0.0,134.72222900390625,134.72222900390625,134.72222900390625,134.72222900390625,0.354724645614624,20260730
2023-07-15,ChargerFull,FeasibleITransformer,32,0.0,0.0,0.0,1.0421220064163208,7.878756999969482,1.0421220064163208,7.878756999969482,0.3602980971336365,20260730
2023-07-15,ChargerFull,FeasibleITransformer,48,0.0,0.0,0.0,10.685636520385742,16.23192596435547,10.685636520385742,16.23192596435547,1.6632230281829834,20260730
2023-07-15,ChargerFull,FeasibleITransformer,64,10.382999420166016,10.382999420166016,0.75,35.672752380371094,48.083683013916016,35.672752380371094,48.083683013916016,1.9449560642242432,20260730
2023-07-15,ChargerFull,FeasibleITransformer,80,15.918998718261719,15.918998718261719,0.4375,66.97962951660156,68.46662902832031,66.97962951660156,68.46662902832031,1.5664913654327393,20260730
2023-07-15,ChargerFull,FeasibleITransformer,84,15.918998718261719,15.918998718261719,0.0,76.11213684082031,76.35994720458984,76.11213684082031,76.35994720458984,1.3837127685546875,20260730
2023-07-15,ChargerFull,FeasibleITransformer,96,15.918998718261719,15.918998718261719,0.0,83.63035583496094,83.63035583496094,83.63035583496094,83.63035583496094,0.37970781326293945,20260730
2023-07-16,ChargerFull,FeasibleITransformer,32,0.0,0.0,0.0,1.5548980236053467,7.472413063049316,1.5548980236053467,7.472413063049316,0.297997385263443,20260730
2023-07-16,ChargerFull,FeasibleITransformer,48,0.0,0.0,0.0,8.800088882446289,18.235122680664062,8.800088882446289,18.235122680664062,1.6261003017425537,20260730
2023-07-16,ChargerFull,FeasibleITransformer,64,17.957000732421875,21.191999435424805,0.9375,23.676755905151367,39.932979583740234,23.676755905151367,39.932979583740234,1.787741780281067,20260730
2023-07-16,ChargerFull,FeasibleITransformer,80,47.46900177001953,52.60700225830078,1.3125,49.04222106933594,52.73749923706055,49.04222106933594,52.73749923706055,1.3899883031845093,20260730
2023-07-16,ChargerFull,FeasibleITransformer,84,54.069000244140625,59.207000732421875,1.0,56.764739990234375,58.971641540527344,56.764739990234375,58.971641540527344,1.1700776815414429,20260730
2023-07-16,ChargerFull,FeasibleITransformer,96,68.91900634765625,68.91900634765625,0.75,67.0223388671875,67.0223388671875,67.0223388671875,67.0223388671875,0.5180608034133911,20260730
2023-07-17,ChargerFull,FeasibleITransformer,32,0.0,3.299999952316284,0.0625,2.1649489402770996,11.156750679016113,2.1649489402770996,11.156750679016113,0.3434646427631378,20260730
2023-07-17,ChargerFull,FeasibleITransformer,48,50.70399856567383,69.35600280761719,3.4375,10.135027885437012,32.27195739746094,10.135027885437012,32.27195739746094,1.7198741436004639,20260730
2023-07-17,ChargerFull,FeasibleITransformer,64,85.68800354003906,90.63800048828125,2.875,26.070968627929688,51.633296966552734,26.070968627929688,51.633296966552734,2.294667959213257,20260730
2023-07-17,ChargerFull,FeasibleITransformer,80,98.52300262451172,98.52300262451172,0.875,60.30128479003906,62.93439865112305,60.30128479003906,62.93439865112305,1.573264718055725,20260730
2023-07-17,ChargerFull,FeasibleITransformer,84,98.52300262451172,98.52300262451172,0.0,67.23570251464844,68.76497650146484,67.23570251464844,68.76497650146484,1.0506682395935059,20260730
2023-07-17,ChargerFull,FeasibleITransformer,96,98.52300262451172,98.52300262451172,0.0,81.87020874023438,81.87020874023438,81.87020874023438,81.87020874023438,0.7391170263290405,20260730
2023-07-18,ChargerFull,FeasibleITransformer,32,0.0,1.649999976158142,0.03125,2.2367773056030273,8.103909492492676,2.2367773056030273,8.103909492492676,0.29341191053390503,20260730
2023-07-18,ChargerFull,FeasibleITransformer,48,35.07099914550781,68.60800170898438,2.75,18.270689010620117,40.30985641479492,18.270689010620117,40.30985641479492,2.135464906692505,20260730
2023-07-18,ChargerFull,FeasibleITransformer,64,100.8219985961914,100.8219985961914,2.9375,40.50450897216797,59.673553466796875,40.50450897216797,59.673553466796875,3.121957302093506,20260730
2023-07-18,ChargerFull,FeasibleITransformer,80,133.8730010986328,133.8730010986328,1.8125,77.41886138916016,77.41886138916016,77.41886138916016,77.41886138916016,1.5620063543319702,20260730
2023-07-18,ChargerFull,FeasibleITransformer,84,140.23199462890625,140.23199462890625,1.0,81.74501037597656,81.74501037597656,81.74501037597656,81.74501037597656,0.6554778814315796,20260730
2023-07-18,ChargerFull,FeasibleITransformer,96,140.23199462890625,140.23199462890625,0.0,94.93001556396484,94.93001556396484,94.93001556396484,94.93001556396484,0.6659091114997864,20260730
2023-07-19,ChargerFull,FeasibleITransformer,32,0.0,25.990999221801758,0.5,2.664764404296875,7.898102283477783,2.664764404296875,7.898102283477783,0.3696249723434448,20260730
2023-07-19,ChargerFull,FeasibleITransformer,48,33.64099884033203,60.04100036621094,2.8125,35.43321990966797,38.17168045043945,35.43321990966797,38.17168045043945,2.2719366550445557,20260730
2023-07-19,ChargerFull,FeasibleITransformer,64,80.72799682617188,80.72799682617188,2.375,50.396018981933594,60.396446228027344,50.396018981933594,60.396446228027344,3.4895248413085938,20260730
2023-07-19,ChargerFull,FeasibleITransformer,80,90.96199798583984,90.96199798583984,0.9375,107.31018829345703,107.31018829345703,107.31018829345703,107.31018829345703,2.472864866256714,20260730
2023-07-19,ChargerFull,FeasibleITransformer,84,90.96199798583984,90.96199798583984,0.0,111.11749267578125,111.11749267578125,111.11749267578125,111.11749267578125,0.5768637657165527,20260730
2023-07-19,ChargerFull,FeasibleITransformer,96,90.96199798583984,90.96199798583984,0.0,121.3140869140625,121.3140869140625,121.3140869140625,121.3140869140625,0.5149796605110168,20260730
2023-07-20,ChargerFull,FeasibleITransformer,32,0.0,0.0,0.0,1.7050703763961792,9.887989044189453,1.7050703763961792,9.887989044189453,0.5617592334747314,20260730
2023-07-20,ChargerFull,FeasibleITransformer,48,50.82600021362305,71.7550048828125,3.375,29.438142776489258,29.438142776489258,29.438142776489258,29.438142776489258,2.2122910022735596,20260730
2023-07-20,ChargerFull,FeasibleITransformer,64,118.61499786376953,118.89299774169922,2.625,64.71768188476562,65.34639739990234,64.71768188476562,65.34639739990234,3.4153876304626465,20260730
2023-07-20,ChargerFull,FeasibleITransformer,80,129.17300415039062,129.17300415039062,0.9375,132.40591430664062,132.40591430664062,132.40591430664062,132.40591430664062,2.781904935836792,20260730
2023-07-20,ChargerFull,FeasibleITransformer,84,129.17300415039062,129.17300415039062,0.0,136.7859649658203,136.7859649658203,136.7859649658203,136.7859649658203,0.6636442542076111,20260730
2023-07-20,ChargerFull,FeasibleITransformer,96,129.17300415039062,129.17300415039062,0.0,143.5738983154297,143.5738983154297,143.5738983154297,143.5738983154297,0.34282487630844116,20260730
2023-07-21,ChargerFull,FeasibleITransformer,32,0.0,0.0,0.0,1.0968207120895386,10.961653709411621,1.0968207120895386,10.961653709411621,0.5639088153839111,20260730
2023-07-21,ChargerFull,FeasibleITransformer,48,12.330999374389648,15.631000518798828,1.125,22.04231834411621,25.671070098876953,22.04231834411621,25.671070098876953,2.2050952911376953,20260730
2023-07-21,ChargerFull,FeasibleITransformer,64,60.209999084472656,65.81900024414062,2.125,65.82500457763672,67.8117904663086,65.82500457763672,67.8117904663086,2.980919599533081,20260730
2023-07-21,ChargerFull,FeasibleITransformer,80,94.1760025024414,94.1760025024414,1.375,121.32601165771484,121.32601165771484,121.32601165771484,121.32601165771484,2.221737861633301,20260730
2023-07-21,ChargerFull,FeasibleITransformer,84,94.1760025024414,94.1760025024414,0.0,128.7052001953125,128.7052001953125,128.7052001953125,128.7052001953125,1.1180590391159058,20260730
2023-07-21,ChargerFull,FeasibleITransformer,96,94.1760025024414,94.1760025024414,0.0,135.8033905029297,135.8033905029297,135.8033905029297,135.8033905029297,0.35849490761756897,20260730
2023-07-22,ChargerFull,FeasibleITransformer,32,0.0,1.649999976158142,0.03125,0.7140183448791504,8.286945343017578,0.7140183448791504,8.286945343017578,0.3647345304489136,20260730
2023-07-22,ChargerFull,FeasibleITransformer,48,9.642999649047852,22.983999252319336,1.5625,11.829236030578613,17.6584529876709,11.829236030578613,17.6584529876709,1.7709137201309204,20260730
2023-07-22,ChargerFull,FeasibleITransformer,64,42.54199981689453,47.492000579833984,2.125,35.30166244506836,48.028114318847656,35.30166244506836,48.028114318847656,2.0149283409118652,20260730
2023-07-22,ChargerFull,FeasibleITransformer,80,49.152000427246094,49.152000427246094,0.3125,66.32386016845703,68.3011703491211,66.32386016845703,68.3011703491211,1.4465054273605347,20260730
2023-07-22,ChargerFull,FeasibleITransformer,84,49.152000427246094,49.152000427246094,0.0,75.0314712524414,75.7499771118164,75.0314712524414,75.7499771118164,1.3193359375,20260730
2023-07-22,ChargerFull,FeasibleITransformer,96,49.152000427246094,49.152000427246094,0.0,83.6151351928711,83.6151351928711,83.6151351928711,83.6151351928711,0.43351835012435913,20260730
2023-07-23,ChargerFull,FeasibleITransformer,32,0.0,0.0,0.0,1.009223461151123,5.335773944854736,1.009223461151123,5.335773944854736,0.2545906603336334,20260730
2023-07-23,ChargerFull,FeasibleITransformer,48,5.4029998779296875,5.4029998779296875,0.5,10.15744400024414,18.90928077697754,10.15744400024414,18.90928077697754,1.9212532043457031,20260730
2023-07-23,ChargerFull,FeasibleITransformer,64,5.4029998779296875,5.4029998779296875,0.0,32.315452575683594,42.80185317993164,32.315452575683594,42.80185317993164,1.5114907026290894,20260730
2023-07-23,ChargerFull,FeasibleITransformer,80,26.038000106811523,28.927000045776367,1.5625,55.775848388671875,59.650386810302734,55.775848388671875,59.650386810302734,1.0953643321990967,20260730
2023-07-23,ChargerFull,FeasibleITransformer,84,29.33799934387207,29.33799934387207,0.5,62.6073112487793,64.7415771484375,62.6073112487793,64.7415771484375,1.1175391674041748,20260730
2023-07-23,ChargerFull,FeasibleITransformer,96,29.33799934387207,29.33799934387207,0.0,72.89175415039062,72.89175415039062,72.89175415039062,72.89175415039062,0.5308589935302734,20260730
2023-07-24,ChargerFull,FeasibleITransformer,32,0.0,0.0,0.0,1.8742156028747559,7.043976306915283,1.8742156028747559,7.043976306915283,0.26529231667518616,20260730
2023-07-24,ChargerFull,FeasibleITransformer,48,32.415000915527344,36.92000198364258,2.4375,11.977313041687012,30.949119567871094,11.977313041687012,30.949119567871094,2.0780327320098877,20260730
2023-07-24,ChargerFull,FeasibleITransformer,64,79.33300018310547,95.83299255371094,2.875,29.255443572998047,47.30937194824219,29.255443572998047,47.30937194824219,1.9542999267578125,20260730
2023-07-24,ChargerFull,FeasibleITransformer,80,133.98899841308594,135.6389923095703,2.3125,61.523277282714844,64.55006408691406,61.523277282714844,64.55006408691406,1.3371667861938477,20260730
2023-07-24,ChargerFull,FeasibleITransformer,84,135.6389923095703,135.6389923095703,0.25,66.10208129882812,68.33601379394531,66.10208129882812,68.33601379394531,0.6937572956085205,20260730
2023-07-24,ChargerFull,FeasibleITransformer,96,135.6389923095703,135.6389923095703,0.0,78.6211166381836,78.6211166381836,78.6211166381836,78.6211166381836,0.6322747468948364,20260730
2023-07-25,ChargerFull,FeasibleITransformer,32,0.0,0.0,0.0,2.865734577178955,8.521230697631836,2.865734577178955,8.521230697631836,0.33508363366127014,20260730
2023-07-25,ChargerFull,FeasibleITransformer,48,30.4950008392334,41.2239990234375,2.125,17.95048713684082,39.90704345703125,17.95048713684082,39.90704345703125,2.163302183151245,20260730
2023-07-25,ChargerFull,FeasibleITransformer,64,50.641998291015625,61.371002197265625,2.25,45.79480743408203,62.82605743408203,45.79480743408203,62.82605743408203,3.022092819213867,20260730
2023-07-25,ChargerFull,FeasibleITransformer,80,69.97699737548828,69.97699737548828,0.8125,93.75250244140625,94.56468200683594,93.75250244140625,94.56468200683594,2.104858875274658,20260730
2023-07-25,ChargerFull,FeasibleITransformer,84,69.97699737548828,69.97699737548828,0.0,97.39222717285156,98.16702270507812,97.39222717285156,98.16702270507812,0.5514698624610901,20260730
2023-07-25,ChargerFull,FeasibleITransformer,96,69.97699737548828,69.97699737548828,0.0,109.36311340332031,109.36311340332031,109.36311340332031,109.36311340332031,0.6045907735824585,20260730
2023-07-26,ChargerFull,FeasibleITransformer,32,0.0,0.0,0.0,1.7044787406921387,6.537430286407471,1.7044787406921387,6.537430286407471,0.37419527769088745,20260730
2023-07-26,ChargerFull,FeasibleITransformer,48,13.441999435424805,38.915000915527344,3.4375,25.71360969543457,31.64078712463379,25.71360969543457,31.64078712463379,2.210373640060425,20260730
2023-07-26,ChargerFull,FeasibleITransformer,64,71.8010025024414,73.0979995727539,3.625,48.433841705322266,52.96070098876953,48.433841705322266,52.96070098876953,3.1835615634918213,20260730
2023-07-26,ChargerFull,FeasibleITransformer,80,99.8080062866211,99.8080062866211,1.5,101.49285888671875,101.49285888671875,101.49285888671875,101.49285888671875,2.4796462059020996,20260730
2023-07-26,ChargerFull,FeasibleITransformer,84,99.8080062866211,99.8080062866211,0.0,104.80401611328125,104.80401611328125,104.80401611328125,104.80401611328125,0.5016916394233704,20260730
2023-07-26,ChargerFull,FeasibleITransformer,96,99.8080062866211,99.8080062866211,0.0,114.74710845947266,114.74710845947266,114.74710845947266,114.74710845947266,0.5021761059761047,20260730
2023-07-27,ChargerFull,FeasibleITransformer,32,0.0,0.0,0.0,0.9899783730506897,7.3328447341918945,0.9899783730506897,7.3328447341918945,0.4290560781955719,20260730
2023-07-27,ChargerFull,FeasibleITransformer,48,3.9719998836517334,15.52199935913086,0.8125,26.718067169189453,27.32018280029297,26.718067169189453,27.32018280029297,2.581388235092163,20260730
2023-07-27,ChargerFull,FeasibleITransformer,64,42.35799789428711,55.55799865722656,3.1875,78.32701110839844,78.32701110839844,78.32701110839844,78.32701110839844,3.3840439319610596,20260730
2023-07-27,ChargerFull,FeasibleITransformer,80,64.79100036621094,73.04100036621094,1.6875,144.01986694335938,144.01986694335938,144.01986694335938,144.01986694335938,2.7037038803100586,20260730
2023-07-27,ChargerFull,FeasibleITransformer,84,71.39099884033203,73.04100036621094,1.0,147.99392700195312,147.99392700195312,147.99392700195312,147.99392700195312,0.6021310687065125,20260730
2023-07-27,ChargerFull,FeasibleITransformer,96,73.04100036621094,73.04100036621094,0.0833333358168602,154.66738891601562,154.66738891601562,154.66738891601562,154.66738891601562,0.33704423904418945,20260730
2023-07-28,ChargerFull,FeasibleITransformer,32,0.0,16.5,0.3125,0.8712245225906372,7.625767230987549,0.8712245225906372,7.625767230987549,0.44092318415641785,20260730
2023-07-28,ChargerFull,FeasibleITransformer,48,3.2219998836517334,52.99800109863281,2.3125,20.303754806518555,21.582849502563477,20.303754806518555,21.582849502563477,2.2925570011138916,20260730
2023-07-28,ChargerFull,FeasibleITransformer,64,45.29800033569336,53.49100112915039,2.875,55.4339485168457,60.48124313354492,55.4339485168457,60.48124313354492,2.7307236194610596,20260730
2023-07-28,ChargerFull,FeasibleITransformer,80,60.334999084472656,60.334999084472656,0.9375,100.41217041015625,100.41217041015625,100.41217041015625,100.41217041015625,1.904929757118225,20260730
2023-07-28,ChargerFull,FeasibleITransformer,84,60.334999084472656,60.334999084472656,0.0,106.04430389404297,106.04430389404297,106.04430389404297,106.04430389404297,0.853351354598999,20260730
2023-07-28,ChargerFull,FeasibleITransformer,96,60.334999084472656,60.334999084472656,0.0,112.00335693359375,112.00335693359375,112.00335693359375,112.00335693359375,0.3009627163410187,20260730
2023-07-29,ChargerFull,FeasibleITransformer,32,0.0,0.0,0.0,0.6338125467300415,6.852532386779785,0.6338125467300415,6.852532386779785,0.3520062565803528,20260730
2023-07-29,ChargerFull,FeasibleITransformer,48,20.29599952697754,24.634998321533203,1.25,11.906686782836914,16.326610565185547,11.906686782836914,16.326610565185547,1.646079421043396,20260730
2023-07-29,ChargerFull,FeasibleITransformer,64,44.28199768066406,48.24700164794922,1.5625,33.98102951049805,41.781715393066406,33.98102951049805,41.781715393066406,1.6485211849212646,20260730
2023-07-29,ChargerFull,FeasibleITransformer,80,59.3489990234375,59.3489990234375,0.625,54.6796989440918,57.376705169677734,54.6796989440918,57.376705169677734,1.271888256072998,20260730
2023-07-29,ChargerFull,FeasibleITransformer,84,59.3489990234375,59.3489990234375,0.0,61.74149703979492,62.91354751586914,61.74149703979492,62.91354751586914,1.1008963584899902,20260730
2023-07-29,ChargerFull,FeasibleITransformer,96,59.3489990234375,59.3489990234375,0.0,69.92344665527344,69.92344665527344,69.92344665527344,69.92344665527344,0.41322964429855347,20260730
2023-07-30,ChargerFull,FeasibleITransformer,32,0.0,4.949999809265137,0.09375,0.7998080253601074,6.183645725250244,0.7998080253601074,6.183645725250244,0.256104052066803,20260730
2023-07-30,ChargerFull,FeasibleITransformer,48,16.78499984741211,30.46099853515625,1.875,9.179794311523438,21.076988220214844,9.179794311523438,21.076988220214844,1.9662251472473145,20260730
2023-07-30,ChargerFull,FeasibleITransformer,64,42.78900146484375,47.73899841308594,1.6875,25.981107711791992,39.04352951049805,25.981107711791992,39.04352951049805,1.4964213371276855,20260730
2023-07-30,ChargerFull,FeasibleITransformer,80,68.73099517822266,68.73099517822266,1.125,44.84008026123047,48.503292083740234,44.84008026123047,48.503292083740234,0.9972392320632935,20260730
2023-07-30,ChargerFull,FeasibleITransformer,84,68.73099517822266,68.73099517822266,0.0,50.86016082763672,53.281097412109375,50.86016082763672,53.281097412109375,0.9121325016021729,20260730
2023-07-30,ChargerFull,FeasibleITransformer,96,68.73099517822266,68.73099517822266,0.0,62.33917999267578,62.33917999267578,62.33917999267578,62.33917999267578,0.5797485113143921,20260730
2023-07-31,ChargerFull,FeasibleITransformer,32,0.0,16.5,0.3125,1.5163246393203735,6.8350114822387695,1.5163246393203735,6.8350114822387695,0.2748781740665436,20260730
2023-07-31,ChargerFull,FeasibleITransformer,48,13.979999542236328,47.62399673461914,3.0,11.427011489868164,34.433109283447266,11.427011489868164,34.433109283447266,2.1602025032043457,20260730
2023-07-31,ChargerFull,FeasibleITransformer,64,101.18400573730469,106.95700073242188,3.625,30.694915771484375,53.15682601928711,30.694915771484375,53.15682601928711,2.4050278663635254,20260730
2023-07-31,ChargerFull,FeasibleITransformer,80,135.43299865722656,137.43600463867188,1.6875,68.39060974121094,69.907470703125,68.39060974121094,69.907470703125,1.6098862886428833,20260730
2023-07-31,ChargerFull,FeasibleITransformer,84,138.73300170898438,138.73300170898438,0.5,73.05150604248047,74.42066192626953,73.05150604248047,74.42066192626953,0.7061965465545654,20260730
2023-07-31,ChargerFull,FeasibleITransformer,96,138.73300170898438,138.73300170898438,0.0,84.8014907836914,84.8014907836914,84.8014907836914,84.8014907836914,0.5934339165687561,20260730
2023-08-01,ChargerFull,FeasibleITransformer,32,3.190000057220459,24.639999389648438,0.46875,1.6520830392837524,7.162457466125488,1.6520830392837524,7.162457466125488,0.3133033514022827,20260730
2023-08-01,ChargerFull,FeasibleITransformer,48,20.444000244140625,43.09099578857422,1.9375,16.761180877685547,41.389644622802734,16.761180877685547,41.389644622802734,2.4563498497009277,20260730
2023-08-01,ChargerFull,FeasibleITransformer,64,76.63499450683594,77.77799987792969,2.75,46.38478469848633,61.70619201660156,46.38478469848633,61.70619201660156,3.3174068927764893,20260730
2023-08-01,ChargerFull,FeasibleITransformer,80,93.25898742675781,93.25898742675781,1.4375,88.7890853881836,88.7890853881836,88.7890853881836,88.7890853881836,1.812058925628662,20260730
2023-08-01,ChargerFull,FeasibleITransformer,84,97.9439926147461,99.85899353027344,1.0,92.18146514892578,92.18146514892578,92.18146514892578,92.18146514892578,0.5139975547790527,20260730
2023-08-01,ChargerFull,FeasibleITransformer,96,104.54399108886719,104.54399108886719,0.3333333432674408,102.66854095458984,102.66854095458984,102.66854095458984,102.66854095458984,0.5296494960784912,20260730
2023-08-02,ChargerFull,FeasibleITransformer,32,0.0,0.0,0.0,1.2439165115356445,8.775166511535645,1.2439165115356445,8.775166511535645,0.4329151511192322,20260730
2023-08-02,ChargerFull,FeasibleITransformer,48,19.55900001525879,27.214000701904297,2.4375,26.481327056884766,34.45170593261719,26.481327056884766,34.45170593261719,2.318474292755127,20260730
2023-08-02,ChargerFull,FeasibleITransformer,64,56.435997009277344,59.736000061035156,2.125,56.00590133666992,62.15113830566406,56.00590133666992,62.15113830566406,3.478040933609009,20260730
2023-08-02,ChargerFull,FeasibleITransformer,80,71.86599731445312,81.68399810791016,1.9375,107.33842468261719,107.33842468261719,107.33842468261719,107.33842468261719,2.381220817565918,20260730
2023-08-02,ChargerFull,FeasibleITransformer,84,80.65299987792969,88.28399658203125,2.0,110.2316665649414,110.2316665649414,110.2316665649414,110.2316665649414,0.43837153911590576,20260730
2023-08-02,ChargerFull,FeasibleITransformer,96,88.90299224853516,88.90299224853516,0.4166666567325592,118.35304260253906,118.35304260253906,118.35304260253906,118.35304260253906,0.4101701080799103,20260730
2023-08-03,ChargerFull,FeasibleITransformer,32,0.0,18.149999618530273,0.34375,0.9774417877197266,8.87790584564209,0.9774417877197266,8.87790584564209,0.5337122082710266,20260730
2023-08-03,ChargerFull,FeasibleITransformer,48,36.13800048828125,62.538002014160156,3.1875,26.250621795654297,26.250621795654297,26.250621795654297,26.250621795654297,2.4116547107696533,20260730
2023-08-03,ChargerFull,FeasibleITransformer,64,87.19200134277344,114.15799713134766,3.25,61.80769729614258,61.80769729614258,61.80769729614258,61.80769729614258,3.1375620365142822,20260730
2023-08-03,ChargerFull,FeasibleITransformer,80,131.718994140625,133.85598754882812,2.0625,122.0450439453125,122.0450439453125,122.0450439453125,122.0450439453125,2.640455484390259,20260730
2023-08-03,ChargerFull,FeasibleITransformer,84,141.6580047607422,146.56900024414062,2.0,126.0731201171875,126.0731201171875,126.0731201171875,126.0731201171875,0.6103148460388184,20260730
2023-08-03,ChargerFull,FeasibleITransformer,96,146.60800170898438,146.60800170898438,0.25,132.73704528808594,132.73704528808594,132.73704528808594,132.73704528808594,0.3365618586540222,20260730
2023-08-04,ChargerFull,FeasibleITransformer,32,0.0,18.149999618530273,0.34375,0.9472247958183289,15.8543062210083,0.9472247958183289,15.8543062210083,0.5997902750968933,20260730
2023-08-04,ChargerFull,FeasibleITransformer,48,42.2239990234375,58.03200149536133,2.5625,20.964242935180664,27.362621307373047,20.964242935180664,27.362621307373047,2.0913140773773193,20260730
2023-08-04,ChargerFull,FeasibleITransformer,64,91.26699829101562,106.1969985961914,3.0625,60.65448760986328,63.430633544921875,60.65448760986328,63.430633544921875,2.637021780014038,20260730
2023-08-04,ChargerFull,FeasibleITransformer,80,118.57599639892578,118.57599639892578,1.375,106.89108276367188,106.89108276367188,106.89108276367188,106.89108276367188,2.0322318077087402,20260730
2023-08-04,ChargerFull,FeasibleITransformer,84,118.57599639892578,118.57599639892578,0.0,113.62867736816406,113.62867736816406,113.62867736816406,113.62867736816406,1.020847201347351,20260730
2023-08-04,ChargerFull,FeasibleITransformer,96,118.57599639892578,118.57599639892578,0.0,120.3563461303711,120.3563461303711,120.3563461303711,120.3563461303711,0.33978140354156494,20260730
2023-08-05,ChargerFull,FeasibleITransformer,32,0.0,0.0,0.0,0.893029510974884,12.848448753356934,0.893029510974884,12.848448753356934,0.475533664226532,20260730
2023-08-05,ChargerFull,FeasibleITransformer,48,23.649999618530273,45.41999816894531,2.375,13.920283317565918,24.526288986206055,13.920283317565918,24.526288986206055,2.0241599082946777,20260730
2023-08-05,ChargerFull,FeasibleITransformer,64,62.85099792480469,68.15999603271484,2.4375,39.73994064331055,50.164764404296875,39.73994064331055,50.164764404296875,1.857511043548584,20260730
2023-08-05,ChargerFull,FeasibleITransformer,80,70.99700164794922,79.20600128173828,0.8125,69.80375671386719,70.51192474365234,69.80375671386719,70.51192474365234,1.3956366777420044,20260730
2023-08-05,ChargerFull,FeasibleITransformer,84,77.5560073852539,79.20600128173828,1.0,77.56277465820312,77.65657043457031,77.56277465820312,77.65657043457031,1.175608515739441,20260730
2023-08-05,ChargerFull,FeasibleITransformer,96,79.20600128173828,79.20600128173828,0.0833333358168602,86.20142364501953,86.20142364501953,86.20142364501953,86.20142364501953,0.4362958073616028,20260730
2023-08-06,ChargerFull,FeasibleITransformer,32,0.0,0.0,0.0,1.2159957885742188,11.013800621032715,1.2159957885742188,11.013800621032715,0.3703209161758423,20260730
2023-08-06,ChargerFull,FeasibleITransformer,48,16.119998931884766,17.975000381469727,0.9375,10.437846183776855,25.11822509765625,10.437846183776855,25.11822509765625,2.020641565322876,20260730
2023-08-06,ChargerFull,FeasibleITransformer,64,39.68600082397461,44.2400016784668,1.25,29.035396575927734,46.03364944458008,29.035396575927734,46.03364944458008,1.687223196029663,20260730
2023-08-06,ChargerFull,FeasibleITransformer,80,58.13300323486328,58.13300323486328,1.625,59.27092742919922,60.39496994018555,59.27092742919922,60.39496994018555,1.3824901580810547,20260730
2023-08-06,ChargerFull,FeasibleITransformer,84,58.13300323486328,58.13300323486328,0.0,67.55592346191406,67.59637451171875,67.55592346191406,67.59637451171875,1.2553030252456665,20260730
2023-08-06,ChargerFull,FeasibleITransformer,96,58.13300323486328,58.13300323486328,0.0,78.27252197265625,78.27252197265625,78.27252197265625,78.27252197265625,0.5412424802780151,20260730
2023-08-07,ChargerFull,FeasibleITransformer,32,0.0,0.0,0.0,1.6328930854797363,9.151762962341309,1.6328930854797363,9.151762962341309,0.2697710692882538,20260730
2023-08-07,ChargerFull,FeasibleITransformer,48,17.618999481201172,40.60099792480469,2.3125,14.75098705291748,42.26697540283203,14.75098705291748,42.26697540283203,2.3823108673095703,20260730
2023-08-07,ChargerFull,FeasibleITransformer,64,74.9739990234375,75.68099975585938,2.9375,44.81764221191406,65.33084106445312,44.81764221191406,65.33084106445312,2.3798370361328125,20260730
2023-08-07,ChargerFull,FeasibleITransformer,80,90.42900085449219,92.07901000976562,1.375,86.21813201904297,87.27861785888672,86.21813201904297,87.27861785888672,1.7008869647979736,20260730
2023-08-07,ChargerFull,FeasibleITransformer,84,92.07901000976562,92.07901000976562,0.25,91.46223449707031,92.13712310791016,91.46223449707031,92.13712310791016,0.8204020857810974,20260730
2023-08-07,ChargerFull,FeasibleITransformer,96,92.07901000976562,92.07901000976562,0.0,102.9989013671875,102.9989013671875,102.9989013671875,102.9989013671875,0.5826597213745117,20260730
2023-08-08,ChargerFull,FeasibleITransformer,32,7.624000072479248,21.44999885559082,0.40625,2.3787786960601807,7.544093132019043,2.3787786960601807,7.544093132019043,0.2926841378211975,20260730
2023-08-08,ChargerFull,FeasibleITransformer,48,83.0199966430664,101.74400329589844,4.0,21.71158218383789,47.9030647277832,21.71158218383789,47.9030647277832,2.4873955249786377,20260730
2023-08-08,ChargerFull,FeasibleITransformer,64,121.11900329589844,140.20401000976562,2.5625,50.356990814208984,67.75303649902344,50.356990814208984,67.75303649902344,3.0978331565856934,20260730
2023-08-08,ChargerFull,FeasibleITransformer,80,152.3249969482422,152.3249969482422,1.25,94.3569107055664,94.3569107055664,94.3569107055664,94.3569107055664,2.0187487602233887,20260730
2023-08-08,ChargerFull,FeasibleITransformer,84,152.3249969482422,152.3249969482422,0.0,98.87494659423828,98.87494659423828,98.87494659423828,98.87494659423828,0.6845501065254211,20260730
2023-08-08,ChargerFull,FeasibleITransformer,96,152.3249969482422,152.3249969482422,0.0,110.36140441894531,110.36140441894531,110.36140441894531,110.36140441894531,0.58012455701828,20260730
2023-08-09,ChargerFull,FeasibleITransformer,32,5.883999824523926,18.149999618530273,0.34375,2.0011909008026123,7.99310302734375,2.0011909008026123,7.99310302734375,0.3256809711456299,20260730
2023-08-09,ChargerFull,FeasibleITransformer,48,41.08000183105469,75.7300033569336,3.1875,32.645774841308594,36.105316162109375,32.645774841308594,36.105316162109375,2.4846365451812744,20260730
2023-08-09,ChargerFull,FeasibleITransformer,64,129.97799682617188,149.7779998779297,4.5,56.280330657958984,62.350399017333984,56.280330657958984,62.350399017333984,3.451491594314575,20260730
2023-08-09,ChargerFull,FeasibleITransformer,80,167.00201416015625,167.00201416015625,1.4375,109.85114288330078,109.85114288330078,109.85114288330078,109.85114288330078,2.290306568145752,20260730
2023-08-09,ChargerFull,FeasibleITransformer,84,167.00201416015625,167.00201416015625,0.0,113.18569946289062,113.18569946289062,113.18569946289062,113.18569946289062,0.505237340927124,20260730
2023-08-09,ChargerFull,FeasibleITransformer,96,167.00201416015625,167.00201416015625,0.0,121.67691040039062,121.67691040039062,121.67691040039062,121.67691040039062,0.42884838581085205,20260730
2023-08-10,ChargerFull,FeasibleITransformer,32,6.682000160217285,27.22199821472168,0.59375,1.9011180400848389,11.237037658691406,1.9011180400848389,11.237037658691406,0.5290660858154297,20260730
2023-08-10,ChargerFull,FeasibleITransformer,48,48.6870002746582,75.04600524902344,3.5,30.48883056640625,33.56354522705078,30.48883056640625,33.56354522705078,2.638648509979248,20260730
2023-08-10,ChargerFull,FeasibleITransformer,64,86.98699951171875,96.52400207519531,3.5,72.30615997314453,72.91553497314453,72.30615997314453,72.91553497314453,3.6720547676086426,20260730
2023-08-10,ChargerFull,FeasibleITransformer,80,122.79999542236328,129.13299560546875,2.0625,133.061767578125,133.06175231933594,133.061767578125,133.06175231933594,2.308295488357544,20260730
2023-08-10,ChargerFull,FeasibleITransformer,84,129.40000915527344,134.35000610351562,1.0,137.23800659179688,137.23800659179688,137.23800659179688,137.23800659179688,0.6327669620513916,20260730
2023-08-10,ChargerFull,FeasibleITransformer,96,134.35000610351562,134.35000610351562,0.25,144.33853149414062,144.33853149414062,144.33853149414062,144.33853149414062,0.3586123585700989,20260730
2023-08-11,ChargerFull,FeasibleITransformer,32,0.0,18.149999618530273,0.34375,1.980457067489624,17.69609260559082,1.980457067489624,17.69609260559082,0.6967002153396606,20260730
2023-08-11,ChargerFull,FeasibleITransformer,48,45.78300094604492,53.755001068115234,1.9375,31.16816520690918,37.19560241699219,31.16816520690918,37.19560241699219,2.731471300125122,20260730
2023-08-11,ChargerFull,FeasibleITransformer,64,62.154998779296875,62.154998779296875,1.625,82.03125762939453,83.7203598022461,82.03125762939453,83.7203598022461,2.9832417964935303,20260730
2023-08-11,ChargerFull,FeasibleITransformer,80,62.154998779296875,62.154998779296875,0.0,129.78823852539062,129.78823852539062,129.78823852539062,129.78823852539062,1.825402855873108,20260730
2023-08-11,ChargerFull,FeasibleITransformer,84,62.154998779296875,62.154998779296875,0.0,135.644287109375,135.644287109375,135.644287109375,135.644287109375,0.8872771263122559,20260730
2023-08-11,ChargerFull,FeasibleITransformer,96,62.154998779296875,62.154998779296875,0.0,142.16357421875,142.16357421875,142.16357421875,142.16357421875,0.3292577862739563,20260730
2023-08-12,ChargerFull,FeasibleITransformer,32,0.0,0.0,0.0,1.5522063970565796,12.783709526062012,1.5522063970565796,12.783709526062012,0.44797778129577637,20260730
2023-08-12,ChargerFull,FeasibleITransformer,48,5.170000076293945,9.465999603271484,0.75,16.745569229125977,26.87920570373535,16.745569229125977,26.87920570373535,2.2596914768218994,20260730
2023-08-12,ChargerFull,FeasibleITransformer,64,31.78299903869629,36.58000183105469,2.75,40.99479675292969,54.01779556274414,40.99479675292969,54.01779556274414,1.7705010175704956,20260730
2023-08-12,ChargerFull,FeasibleITransformer,80,41.02900314331055,41.02900314331055,0.5,75.06208038330078,75.06208038330078,75.06208038330078,75.06208038330078,1.3800642490386963,20260730
2023-08-12,ChargerFull,FeasibleITransformer,84,41.02900314331055,41.02900314331055,0.0,82.36846923828125,82.36846923828125,82.36846923828125,82.36846923828125,1.1070293188095093,20260730
2023-08-12,ChargerFull,FeasibleITransformer,96,41.02900314331055,41.02900314331055,0.0,89.44232177734375,89.44232177734375,89.44232177734375,89.44232177734375,0.35726499557495117,20260730
2023-08-13,ChargerFull,FeasibleITransformer,32,0.0,0.0,0.0,1.801008939743042,9.762414932250977,1.801008939743042,9.762414932250977,0.3394734263420105,20260730
2023-08-13,ChargerFull,FeasibleITransformer,48,4.267000198364258,10.866999626159668,0.4375,11.184906005859375,24.9913330078125,11.184906005859375,24.9913330078125,2.1966359615325928,20260730
2023-08-13,ChargerFull,FeasibleITransformer,64,29.85700035095215,34.08300018310547,1.4375,28.14825439453125,44.39426040649414,28.14825439453125,44.39426040649414,1.5154895782470703,20260730
2023-08-13,ChargerFull,FeasibleITransformer,80,57.689998626708984,65.48699951171875,2.0625,55.77935028076172,56.285526275634766,55.77935028076172,56.285526275634766,1.0809382200241089,20260730
2023-08-13,ChargerFull,FeasibleITransformer,84,63.83700180053711,65.48699951171875,1.25,62.04254913330078,62.04443359375,62.04254913330078,62.04443359375,0.9489695429801941,20260730
2023-08-13,ChargerFull,FeasibleITransformer,96,65.48699951171875,65.48699951171875,0.0833333358168602,71.04036712646484,71.04036712646484,71.04036712646484,71.04036712646484,0.4544351100921631,20260730
2023-08-14,ChargerFull,FeasibleITransformer,32,0.0,16.732999801635742,0.375,2.919459342956543,10.079056739807129,2.919459342956543,10.079056739807129,0.32779890298843384,20260730
2023-08-14,ChargerFull,FeasibleITransformer,48,26.76799964904785,44.88800048828125,3.0,15.986260414123535,39.739166259765625,15.986260414123535,39.739166259765625,2.511202096939087,20260730
2023-08-14,ChargerFull,FeasibleITransformer,64,94.40699768066406,102.1709976196289,3.5,59.06370544433594,68.03255462646484,59.06370544433594,68.03255462646484,2.41373610496521,20260730
2023-08-14,ChargerFull,FeasibleITransformer,80,130.99200439453125,130.99200439453125,1.5,87.65399169921875,88.00855255126953,87.65399169921875,88.00855255126953,1.2043806314468384,20260730
2023-08-14,ChargerFull,FeasibleITransformer,84,130.99200439453125,130.99200439453125,0.0,91.7547607421875,91.95048522949219,91.7547607421875,91.95048522949219,0.621329665184021,20260730
2023-08-14,ChargerFull,FeasibleITransformer,96,130.99200439453125,130.99200439453125,0.0,101.67485046386719,101.67485046386719,101.67485046386719,101.67485046386719,0.5010146498680115,20260730
2023-08-15,ChargerFull,FeasibleITransformer,32,1.9529999494552612,21.44999885559082,0.40625,4.020969867706299,8.034238815307617,4.020969867706299,8.034238815307617,0.2909783720970154,20260730
2023-08-15,ChargerFull,FeasibleITransformer,48,53.152000427246094,82.21600341796875,3.3125,23.939414978027344,42.43647766113281,23.939414978027344,42.43647766113281,2.4730935096740723,20260730
2023-08-15,ChargerFull,FeasibleITransformer,64,119.2239990234375,121.52999877929688,2.625,59.20673751831055,70.60403442382812,59.20673751831055,70.60403442382812,3.147819995880127,20260730
2023-08-15,ChargerFull,FeasibleITransformer,80,123.75299835205078,123.75299835205078,0.4375,104.50505065917969,104.50505065917969,104.50505065917969,104.50505065917969,1.8716107606887817,20260730
2023-08-15,ChargerFull,FeasibleITransformer,84,123.75299835205078,123.75299835205078,0.0,109.08747863769531,109.08747863769531,109.08747863769531,109.08747863769531,0.694303572177887,20260730
2023-08-15,ChargerFull,FeasibleITransformer,96,123.75299835205078,123.75299835205078,0.0,120.77574157714844,120.77574157714844,120.77574157714844,120.77574157714844,0.5903171896934509,20260730
2023-08-16,ChargerFull,FeasibleITransformer,32,13.8100004196167,15.460000038146973,0.46875,3.1247453689575195,9.29613971710205,3.1247453689575195,9.29613971710205,0.3750208616256714,20260730
2023-08-16,ChargerFull,FeasibleITransformer,48,45.97100067138672,71.35700225830078,3.125,31.63251304626465,40.165191650390625,31.63251304626465,40.165191650390625,2.582942008972168,20260730
2023-08-16,ChargerFull,FeasibleITransformer,64,108.3030014038086,120.66899871826172,3.5,65.50503540039062,70.80516815185547,65.50503540039062,70.80516815185547,3.7386841773986816,20260730
2023-08-16,ChargerFull,FeasibleITransformer,80,135.4550018310547,135.4550018310547,1.25,119.47467803955078,119.47467803955078,119.47467803955078,119.47467803955078,2.3699209690093994,20260730
2023-08-16,ChargerFull,FeasibleITransformer,84,135.4550018310547,136.17799377441406,0.25,124.05166625976562,124.05166625976562,124.05166625976562,124.05166625976562,0.6934849619865417,20260730
2023-08-16,ChargerFull,FeasibleITransformer,96,136.17799377441406,136.17799377441406,0.0833333358168602,132.4398956298828,132.4398956298828,132.4398956298828,132.4398956298828,0.4236477315425873,20260730
2023-08-17,ChargerFull,FeasibleITransformer,32,6.690999984741211,6.690999984741211,0.25,2.159877300262451,11.537711143493652,2.159877300262451,11.537711143493652,0.5951644778251648,20260730
2023-08-17,ChargerFull,FeasibleITransformer,48,19.243999481201172,57.63199996948242,3.0625,32.66756057739258,35.09496307373047,32.66756057739258,35.09496307373047,2.5677242279052734,20260730
2023-08-17,ChargerFull,FeasibleITransformer,64,79.36100006103516,113.31700134277344,3.4375,75.5562515258789,75.86307525634766,75.5562515258789,75.86307525634766,3.413015842437744,20260730
2023-08-17,ChargerFull,FeasibleITransformer,80,135.1510009765625,136.80101013183594,2.5,133.294921875,133.294921875,133.294921875,133.294921875,2.4064743518829346,20260730
2023-08-17,ChargerFull,FeasibleITransformer,84,136.80101013183594,136.80101013183594,0.25,137.5395965576172,137.5395965576172,137.5395965576172,137.5395965576172,0.6431319713592529,20260730
2023-08-17,ChargerFull,FeasibleITransformer,96,136.80101013183594,136.80101013183594,0.0,143.193359375,143.193359375,143.193359375,143.193359375,0.2855439782142639,20260730
2023-08-18,ChargerFull,FeasibleITransformer,32,6.9039998054504395,6.9039998054504395,0.25,1.6274532079696655,9.938455581665039,1.6274532079696655,9.938455581665039,0.58135586977005,20260730
2023-08-18,ChargerFull,FeasibleITransformer,48,19.98999786376953,26.59000015258789,1.625,29.232330322265625,31.218799591064453,29.232330322265625,31.218799591064453,2.622753858566284,20260730
2023-08-18,ChargerFull,FeasibleITransformer,64,43.295997619628906,43.77799987792969,1.1875,66.8502426147461,68.9358901977539,66.8502426147461,68.9358901977539,2.3592517375946045,20260730
2023-08-18,ChargerFull,FeasibleITransformer,80,61.01499938964844,64.60999298095703,0.875,101.40381622314453,101.40381622314453,101.40381622314453,101.40381622314453,1.4923019409179688,20260730
2023-08-18,ChargerFull,FeasibleITransformer,84,70.21800231933594,74.02799987792969,1.75,105.50596618652344,105.50596618652344,105.50596618652344,105.50596618652344,0.6215386390686035,20260730
2023-08-18,ChargerFull,FeasibleITransformer,96,86.53099822998047,86.53099822998047,0.8333333134651184,109.83902740478516,109.83902740478516,109.83902740478516,109.83902740478516,0.2188415825366974,20260730
2023-08-19,ChargerFull,FeasibleITransformer,32,0.0,4.949999809265137,0.09375,2.1716136932373047,7.780976295471191,2.1716136932373047,7.780976295471191,0.3951793611049652,20260730
2023-08-19,ChargerFull,FeasibleITransformer,48,15.104999542236328,21.14099884033203,1.6875,17.554487228393555,22.842926025390625,17.554487228393555,22.842926025390625,2.3833696842193604,20260730
2023-08-19,ChargerFull,FeasibleITransformer,64,42.19000244140625,47.00699996948242,1.5625,43.60356521606445,52.295677185058594,43.60356521606445,52.295677185058594,1.7079613208770752,20260730
2023-08-19,ChargerFull,FeasibleITransformer,80,80.19900512695312,83.44000244140625,1.5,70.8371353149414,70.8371353149414,70.8371353149414,70.8371353149414,1.1090251207351685,20260730
2023-08-19,ChargerFull,FeasibleITransformer,84,86.79900360107422,88.4489974975586,1.0,76.10811614990234,76.10811614990234,76.10811614990234,76.10811614990234,0.7986339330673218,20260730
2023-08-19,ChargerFull,FeasibleITransformer,96,88.4489974975586,88.4489974975586,0.0833333358168602,82.7405014038086,82.7405014038086,82.7405014038086,82.7405014038086,0.3349683880805969,20260730
2023-08-20,ChargerFull,FeasibleITransformer,32,0.0,0.0,0.0,2.7904512882232666,9.16827392578125,2.7904512882232666,9.16827392578125,0.3200683891773224,20260730
2023-08-20,ChargerFull,FeasibleITransformer,48,0.0,0.0,0.0,19.036361694335938,28.17109489440918,19.036361694335938,28.17109489440918,2.3520567417144775,20260730
2023-08-20,ChargerFull,FeasibleITransformer,64,0.0,0.0,0.0,46.16535949707031,57.837242126464844,46.16535949707031,57.837242126464844,1.7188949584960938,20260730
2023-08-20,ChargerFull,FeasibleITransformer,80,0.0,0.0,0.0,74.33973693847656,74.33973693847656,74.33973693847656,74.33973693847656,1.137939691543579,20260730
2023-08-20,ChargerFull,FeasibleITransformer,84,0.0,0.0,0.0,79.50725555419922,79.50725555419922,79.50725555419922,79.50725555419922,0.7829595804214478,20260730
2023-08-20,ChargerFull,FeasibleITransformer,96,0.0,0.0,0.0,88.20438385009766,88.20438385009766,88.20438385009766,88.20438385009766,0.4392487406730652,20260730
2023-08-21,ChargerFull,FeasibleITransformer,32,7.275000095367432,12.225000381469727,0.25,4.459208965301514,8.48659896850586,4.459208965301514,8.48659896850586,0.33968597650527954,20260730
2023-08-21,ChargerFull,FeasibleITransformer,48,28.7810001373291,35.38100051879883,1.5625,15.883584976196289,32.80228805541992,15.883584976196289,32.80228805541992,2.1401777267456055,20260730
2023-08-21,ChargerFull,FeasibleITransformer,64,56.59800338745117,58.24800109863281,1.75,34.120086669921875,51.789371490478516,34.120086669921875,51.789371490478516,2.188946008682251,20260730
2023-08-21,ChargerFull,FeasibleITransformer,80,66.0,66.0,0.375,62.6582145690918,63.7252082824707,62.6582145690918,63.7252082824707,1.1482893228530884,20260730
2023-08-21,ChargerFull,FeasibleITransformer,84,66.0,66.0,0.0,67.55709838867188,68.48693084716797,67.55709838867188,68.48693084716797,0.742255687713623,20260730
2023-08-21,ChargerFull,FeasibleITransformer,96,66.0,66.0,0.0,79.59221649169922,79.59221649169922,79.59221649169922,79.59221649169922,0.607833981513977,20260730
2023-08-22,ChargerFull,FeasibleITransformer,32,13.371000289916992,18.149999618530273,0.34375,6.152647495269775,7.270895481109619,6.152647495269775,7.270895481109619,0.34197843074798584,20260730
2023-08-22,ChargerFull,FeasibleITransformer,48,36.1359977722168,54.727996826171875,2.0,25.913280487060547,40.48957824707031,25.913280487060547,40.48957824707031,2.2754197120666504,20260730
2023-08-22,ChargerFull,FeasibleITransformer,64,61.7819938659668,71.68199157714844,2.3125,46.91602325439453,60.83600997924805,46.91602325439453,60.83600997924805,2.800224781036377,20260730
2023-08-22,ChargerFull,FeasibleITransformer,80,85.68598937988281,85.68598937988281,1.0625,85.37733459472656,85.37733459472656,85.37733459472656,85.37733459472656,1.5859320163726807,20260730
2023-08-22,ChargerFull,FeasibleITransformer,84,85.68598937988281,85.68598937988281,0.0,89.24860382080078,89.24860382080078,89.24860382080078,89.24860382080078,0.5865548849105835,20260730
2023-08-22,ChargerFull,FeasibleITransformer,96,85.68598937988281,85.68598937988281,0.0,99.84771728515625,99.84771728515625,99.84771728515625,99.84771728515625,0.5353085994720459,20260730
2023-08-23,ChargerFull,FeasibleITransformer,32,0.0,16.5,0.3125,4.441711902618408,5.848428249359131,4.441711902618408,5.848428249359131,0.3685833215713501,20260730
2023-08-23,ChargerFull,FeasibleITransformer,48,10.91200065612793,43.86699676513672,3.0,31.309898376464844,33.90250778198242,31.309898376464844,33.90250778198242,2.313976287841797,20260730
2023-08-23,ChargerFull,FeasibleITransformer,64,63.14699935913086,74.33500671386719,4.125,46.501304626464844,53.638118743896484,46.501304626464844,53.638118743896484,3.281135082244873,20260730
2023-08-23,ChargerFull,FeasibleITransformer,80,97.12699890136719,97.12699890136719,1.8125,92.16165924072266,92.16165924072266,92.16165924072266,92.16165924072266,2.154528856277466,20260730
2023-08-23,ChargerFull,FeasibleITransformer,84,97.12699890136719,97.12699890136719,0.0,95.3128662109375,95.3128662109375,95.3128662109375,95.3128662109375,0.4774564206600189,20260730
2023-08-23,ChargerFull,FeasibleITransformer,96,97.12699890136719,97.12699890136719,0.0,103.88638305664062,103.88638305664062,103.88638305664062,103.88638305664062,0.43300577998161316,20260730
2023-08-24,ChargerFull,FeasibleITransformer,32,0.0,4.949999809265137,0.09375,2.600984573364258,10.562949180603027,2.600984573364258,10.562949180603027,0.6220613718032837,20260730
2023-08-24,ChargerFull,FeasibleITransformer,48,43.7660026550293,85.01600646972656,3.375,33.81023406982422,34.43809127807617,33.81023406982422,34.43809127807617,2.643555164337158,20260730
2023-08-24,ChargerFull,FeasibleITransformer,64,97.50900268554688,105.56900787353516,3.1875,72.75048828125,74.99832153320312,72.75048828125,74.99832153320312,3.266569137573242,20260730
2023-08-24,ChargerFull,FeasibleITransformer,80,114.12001037597656,123.65000915527344,1.0625,118.64042663574219,118.64042663574219,118.64042663574219,118.64042663574219,1.9406319856643677,20260730
2023-08-24,ChargerFull,FeasibleITransformer,84,127.57199096679688,132.20098876953125,2.5,121.67303466796875,121.67303466796875,121.67303466796875,121.67303466796875,0.45948725938796997,20260730
2023-08-24,ChargerFull,FeasibleITransformer,96,140.77200317382812,140.77200317382812,0.6666666865348816,127.01603698730469,127.01603698730469,127.01603698730469,127.01603698730469,0.2698477506637573,20260730
2023-08-25,ChargerFull,FeasibleITransformer,32,7.175000190734863,7.175000190734863,0.25,1.7538939714431763,13.151427268981934,1.7538939714431763,13.151427268981934,0.6270434856414795,20260730
2023-08-25,ChargerFull,FeasibleITransformer,48,29.63800048828125,39.99800109863281,2.5,22.351308822631836,28.102907180786133,22.351308822631836,28.102907180786133,2.389644145965576,20260730
2023-08-25,ChargerFull,FeasibleITransformer,64,42.58300018310547,56.13800048828125,2.0625,55.433929443359375,57.5445442199707,55.433929443359375,57.5445442199707,2.470870018005371,20260730
2023-08-25,ChargerFull,FeasibleITransformer,80,82.62300109863281,84.27300262451172,2.1875,87.33489990234375,87.33490753173828,87.33489990234375,87.33490753173828,1.2755354642868042,20260730
2023-08-25,ChargerFull,FeasibleITransformer,84,84.27300262451172,84.27300262451172,0.25,92.0422134399414,92.04222106933594,92.0422134399414,92.04222106933594,0.7132290005683899,20260730
2023-08-25,ChargerFull,FeasibleITransformer,96,84.27300262451172,84.27300262451172,0.0,97.55684661865234,97.55684661865234,97.55684661865234,97.55684661865234,0.27851641178131104,20260730
2023-08-26,ChargerFull,FeasibleITransformer,32,0.0,0.0,0.0,2.0938892364501953,8.816868782043457,2.0938892364501953,8.816868782043457,0.36219358444213867,20260730
2023-08-26,ChargerFull,FeasibleITransformer,48,23.3489990234375,28.298999786376953,1.375,13.129354476928711,19.33568572998047,13.129354476928711,19.33568572998047,1.9318270683288574,20260730
2023-08-26,ChargerFull,FeasibleITransformer,64,75.39300537109375,75.39300537109375,3.1875,24.2357234954834,40.13716506958008,24.2357234954834,40.13716506958008,1.6932201385498047,20260730
2023-08-26,ChargerFull,FeasibleITransformer,80,87.02400207519531,95.27400207519531,1.0625,51.844295501708984,51.844295501708984,51.844295501708984,51.844295501708984,1.1538267135620117,20260730
2023-08-26,ChargerFull,FeasibleITransformer,84,93.6240005493164,95.27400207519531,1.0,58.76195526123047,58.76195526123047,58.76195526123047,58.76195526123047,1.0481290817260742,20260730
2023-08-26,ChargerFull,FeasibleITransformer,96,95.27400207519531,95.27400207519531,0.0833333358168602,66.23938751220703,66.23938751220703,66.23938751220703,66.23938751220703,0.3776482045650482,20260730
2023-08-27,ChargerFull,FeasibleITransformer,32,0.0,0.0,0.0,2.8013153076171875,7.11781644821167,2.8013153076171875,7.11781644821167,0.2701614201068878,20260730
2023-08-27,ChargerFull,FeasibleITransformer,48,15.612000465393066,19.799999237060547,0.75,10.82720947265625,21.334972381591797,10.82720947265625,21.334972381591797,2.027434825897217,20260730
2023-08-27,ChargerFull,FeasibleITransformer,64,47.83599853515625,48.98200225830078,1.375,21.730518341064453,41.07865905761719,21.730518341064453,41.07865905761719,1.407288908958435,20260730
2023-08-27,ChargerFull,FeasibleITransformer,80,66.48400115966797,67.72899627685547,1.3125,48.65713882446289,49.71513748168945,48.65713882446289,49.71513748168945,1.103078007698059,20260730
2023-08-27,ChargerFull,FeasibleITransformer,84,71.43399810791016,71.43399810791016,0.75,55.251766204833984,56.35391616821289,55.251766204833984,56.35391616821289,0.9991858601570129,20260730
2023-08-27,ChargerFull,FeasibleITransformer,96,71.43399810791016,71.43399810791016,0.0,65.36994934082031,65.36994934082031,65.36994934082031,65.36994934082031,0.5110195279121399,20260730
2023-08-28,ChargerFull,FeasibleITransformer,32,11.70199966430664,11.70199966430664,0.28125,4.661798477172852,9.535550117492676,4.661798477172852,9.535550117492676,0.389150470495224,20260730
2023-08-28,ChargerFull,FeasibleITransformer,48,62.960994720458984,77.33299255371094,2.8125,20.902210235595703,36.607906341552734,20.902210235595703,36.607906341552734,2.3327534198760986,20260730
2023-08-28,ChargerFull,FeasibleITransformer,64,132.14999389648438,132.14999389648438,2.625,48.52507019042969,60.04449462890625,48.52507019042969,60.04449462890625,1.977323055267334,20260730
2023-08-28,ChargerFull,FeasibleITransformer,80,156.41000366210938,156.41000366210938,1.0625,75.30382537841797,75.33772277832031,75.30382537841797,75.33772277832031,1.040544033050537,20260730
2023-08-28,ChargerFull,FeasibleITransformer,84,156.41000366210938,156.41000366210938,0.0,79.43560028076172,79.43560028076172,79.43560028076172,79.43560028076172,0.62602698802948,20260730
2023-08-28,ChargerFull,FeasibleITransformer,96,156.41000366210938,156.41000366210938,0.0,89.66184997558594,89.66184997558594,89.66184997558594,89.66184997558594,0.5164771676063538,20260730
2023-08-29,ChargerFull,FeasibleITransformer,32,2.5190000534057617,4.949999809265137,0.09375,5.555386543273926,7.683888912200928,5.555386543273926,7.683888912200928,0.3631766140460968,20260730
2023-08-29,ChargerFull,FeasibleITransformer,48,43.7239990234375,56.45800018310547,2.5,30.541366577148438,45.661041259765625,30.541366577148438,45.661041259765625,2.5909528732299805,20260730
2023-08-29,ChargerFull,FeasibleITransformer,64,68.66000366210938,78.3740005493164,1.3125,69.77782440185547,75.55758666992188,69.77782440185547,75.55758666992188,2.7998011112213135,20260730
2023-08-29,ChargerFull,FeasibleITransformer,80,114.79100036621094,116.3790054321289,2.0,107.83676147460938,107.83676147460938,107.83676147460938,107.83676147460938,1.4698951244354248,20260730
2023-08-29,ChargerFull,FeasibleITransformer,84,118.09100341796875,118.09100341796875,0.5,110.94237518310547,110.94237518310547,110.94237518310547,110.94237518310547,0.4705478549003601,20260730
2023-08-29,ChargerFull,FeasibleITransformer,96,118.09100341796875,118.09100341796875,0.0,121.30982971191406,121.30982971191406,121.30982971191406,121.30982971191406,0.5236086845397949,20260730
2023-08-30,ChargerFull,FeasibleITransformer,32,0.0,15.878000259399414,0.3125,5.33660888671875,7.370536804199219,5.33660888671875,7.370536804199219,0.44059473276138306,20260730
2023-08-30,ChargerFull,FeasibleITransformer,48,13.398000717163086,35.14400100708008,2.625,38.58407211303711,41.914188385009766,38.58407211303711,41.914188385009766,2.6891913414001465,20260730
2023-08-30,ChargerFull,FeasibleITransformer,64,45.14500045776367,58.0880012512207,3.5625,80.32091522216797,80.41846466064453,80.32091522216797,80.41846466064453,3.7121195793151855,20260730
2023-08-30,ChargerFull,FeasibleITransformer,80,83.01100158691406,83.01100158691406,1.6875,137.27218627929688,137.27218627929688,137.27218627929688,137.27218627929688,2.1572458744049072,20260730
2023-08-30,ChargerFull,FeasibleITransformer,84,83.01100158691406,83.01100158691406,0.0,140.02659606933594,140.02659606933594,140.02659606933594,140.02659606933594,0.41733384132385254,20260730
2023-08-30,ChargerFull,FeasibleITransformer,96,83.01100158691406,83.01100158691406,0.0,147.7107391357422,147.7107391357422,147.7107391357422,147.7107391357422,0.38808783888816833,20260730
2023-08-31,ChargerFull,FeasibleITransformer,32,2.924999952316284,21.450000762939453,0.40625,3.3466906547546387,8.06291389465332,3.3466906547546387,8.06291389465332,0.5649282932281494,20260730
2023-08-31,ChargerFull,FeasibleITransformer,48,31.292999267578125,62.04899597167969,2.5,30.05086898803711,30.292369842529297,30.05086898803711,30.292369842529297,2.639220952987671,20260730
2023-08-31,ChargerFull,FeasibleITransformer,64,75.56700134277344,82.66799926757812,2.5,60.88128662109375,62.23255157470703,60.88128662109375,62.23255157470703,3.009756326675415,20260730
2023-08-31,ChargerFull,FeasibleITransformer,80,134.45199584960938,143.8509979248047,3.3125,118.84739685058594,118.84739685058594,118.84739685058594,118.84739685058594,2.264270782470703,20260730
2023-08-31,ChargerFull,FeasibleITransformer,84,150.95199584960938,158.60400390625,2.5,122.56401824951172,122.56401824951172,122.56401824951172,122.56401824951172,0.5631244778633118,20260730
2023-08-31,ChargerFull,FeasibleITransformer,96,162.50201416015625,162.50201416015625,0.5833333730697632,128.95181274414062,128.95181274414062,128.95181274414062,128.95181274414062,0.32261568307876587,20260730
2023-09-01,ChargerFull,FeasibleITransformer,32,0.0,15.67300033569336,0.34375,2.4784741401672363,10.618391990661621,2.4784741401672363,10.618391990661621,0.5532640218734741,20260730
2023-09-01,ChargerFull,FeasibleITransformer,48,47.16800308227539,53.62300109863281,2.3125,24.678937911987305,26.561552047729492,24.678937911987305,26.561552047729492,2.4448351860046387,20260730
2023-09-01,ChargerFull,FeasibleITransformer,64,95.47699737548828,105.66300201416016,2.3125,57.72646713256836,60.7391471862793,57.72646713256836,60.7391471862793,2.341625690460205,20260730
2023-09-01,ChargerFull,FeasibleITransformer,80,133.5260009765625,137.7639923095703,2.0,106.2260971069336,106.2260971069336,106.2260971069336,106.2260971069336,2.0487542152404785,20260730
2023-09-01,ChargerFull,FeasibleITransformer,84,138.87399291992188,148.37600708007812,1.75,112.46170806884766,112.46170806884766,112.46170806884766,112.46170806884766,0.9447899460792542,20260730
2023-09-01,ChargerFull,FeasibleITransformer,96,148.7740020751953,148.7740020751953,0.5,118.9957275390625,118.9957275390625,118.9957275390625,118.9957275390625,0.33000093698501587,20260730
2023-09-02,ChargerFull,FeasibleITransformer,32,0.0,0.0,0.0,1.8562923669815063,8.792489051818848,1.8562923669815063,8.792489051818848,0.39495205879211426,20260730
2023-09-02,ChargerFull,FeasibleITransformer,48,17.689998626708984,22.639999389648438,1.3125,15.2990140914917,20.846467971801758,15.2990140914917,20.846467971801758,2.09785532951355,20260730
2023-09-02,ChargerFull,FeasibleITransformer,64,29.70599937438965,29.70599937438965,0.75,37.44790267944336,48.44337463378906,37.44790267944336,48.44337463378906,1.6914538145065308,20260730
2023-09-02,ChargerFull,FeasibleITransformer,80,36.35599899291992,36.35599899291992,0.4375,75.98660278320312,75.98660278320312,75.98660278320312,75.98660278320312,1.5164344310760498,20260730
2023-09-02,ChargerFull,FeasibleITransformer,84,36.35599899291992,36.35599899291992,0.0,82.76717376708984,82.76717376708984,82.76717376708984,82.76717376708984,1.0273596048355103,20260730
2023-09-02,ChargerFull,FeasibleITransformer,96,36.35599899291992,36.35599899291992,0.0,88.9874267578125,88.9874267578125,88.9874267578125,88.9874267578125,0.3141539692878723,20260730
2023-09-03,ChargerFull,FeasibleITransformer,32,0.0,0.0,0.0,2.490990161895752,7.374623775482178,2.490990161895752,7.374623775482178,0.30971309542655945,20260730
2023-09-03,ChargerFull,FeasibleITransformer,48,4.216000080108643,5.866000175476074,0.3125,10.74875259399414,20.945207595825195,10.74875259399414,20.945207595825195,1.9650931358337402,20260730
2023-09-03,ChargerFull,FeasibleITransformer,64,16.232999801635742,16.232999801635742,0.75,27.139902114868164,39.01613998413086,27.139902114868164,39.01613998413086,1.3107223510742188,20260730
2023-09-03,ChargerFull,FeasibleITransformer,80,33.777000427246094,44.474998474121094,1.6875,49.683074951171875,49.683074951171875,49.683074951171875,49.683074951171875,0.8539081811904907,20260730
2023-09-03,ChargerFull,FeasibleITransformer,84,46.861000061035156,50.1609992980957,2.0,55.861480712890625,55.861480712890625,55.861480712890625,55.861480712890625,0.9361216425895691,20260730
2023-09-03,ChargerFull,FeasibleITransformer,96,50.1609992980957,50.1609992980957,0.1666666716337204,63.78545379638672,63.78545379638672,63.78545379638672,63.78545379638672,0.40020063519477844,20260730
2023-09-04,ChargerFull,FeasibleITransformer,32,0.0,0.0,0.0,5.720195293426514,10.29195499420166,5.720195293426514,10.29195499420166,0.40268534421920776,20260730
2023-09-04,ChargerFull,FeasibleITransformer,48,3.6500000953674316,3.6500000953674316,0.3125,19.673280715942383,36.80809020996094,19.673280715942383,36.80809020996094,2.3753092288970947,20260730
2023-09-04,ChargerFull,FeasibleITransformer,64,27.916000366210938,29.93400001525879,1.25,42.060245513916016,54.75711441040039,42.060245513916016,54.75711441040039,1.7937185764312744,20260730
2023-09-04,ChargerFull,FeasibleITransformer,80,38.178001403808594,38.178001403808594,0.5625,66.61476135253906,67.10189819335938,66.61476135253906,67.10189819335938,0.9374198913574219,20260730
2023-09-04,ChargerFull,FeasibleITransformer,84,38.178001403808594,38.178001403808594,0.0,70.27537536621094,71.0299072265625,70.27537536621094,71.0299072265625,0.554638683795929,20260730
2023-09-04,ChargerFull,FeasibleITransformer,96,38.178001403808594,38.178001403808594,0.0,79.99457550048828,79.99457550048828,79.99457550048828,79.99457550048828,0.49086853861808777,20260730
2023-09-05,ChargerFull,FeasibleITransformer,32,11.805000305175781,14.159000396728516,0.3125,4.654093265533447,7.5036115646362305,4.654093265533447,7.5036115646362305,0.3674374222755432,20260730
2023-09-05,ChargerFull,FeasibleITransformer,48,31.944000244140625,66.84600067138672,2.5,27.277149200439453,40.32686233520508,27.277149200439453,40.32686233520508,2.410220146179199,20260730
2023-09-05,ChargerFull,FeasibleITransformer,64,65.53500366210938,79.94700622558594,3.25,49.83842086791992,61.49392318725586,49.83842086791992,61.49392318725586,2.7154717445373535,20260730
2023-09-05,ChargerFull,FeasibleITransformer,80,79.94700622558594,79.94700622558594,0.5625,84.6709976196289,84.6709976196289,84.6709976196289,84.6709976196289,1.4434340000152588,20260730
2023-09-05,ChargerFull,FeasibleITransformer,84,79.94700622558594,79.94700622558594,0.0,87.1334228515625,87.1334228515625,87.1334228515625,87.1334228515625,0.3730939030647278,20260730
2023-09-05,ChargerFull,FeasibleITransformer,96,79.94700622558594,79.94700622558594,0.0,96.40668487548828,96.40668487548828,96.40668487548828,96.40668487548828,0.4683467447757721,20260730
2023-09-06,ChargerFull,FeasibleITransformer,32,0.0,0.0,0.0,4.381660461425781,6.384810924530029,4.381660461425781,6.384810924530029,0.3635426163673401,20260730
2023-09-06,ChargerFull,FeasibleITransformer,48,34.91699981689453,44.499000549316406,2.875,35.58683776855469,40.521358489990234,35.58683776855469,40.521358489990234,2.506772518157959,20260730
2023-09-06,ChargerFull,FeasibleITransformer,64,74.45499420166016,92.74800109863281,3.1875,62.169673919677734,64.86842346191406,62.169673919677734,64.86842346191406,3.5773587226867676,20260730
2023-09-06,ChargerFull,FeasibleITransformer,80,116.67499542236328,116.67499542236328,1.6875,111.31694030761719,111.31694030761719,111.31694030761719,111.31694030761719,2.21126389503479,20260730
2023-09-06,ChargerFull,FeasibleITransformer,84,116.67499542236328,116.67499542236328,0.0,115.10941314697266,115.10941314697266,115.10941314697266,115.10941314697266,0.5746164321899414,20260730
2023-09-06,ChargerFull,FeasibleITransformer,96,116.67499542236328,116.67499542236328,0.0,123.63699340820312,123.63699340820312,123.63699340820312,123.63699340820312,0.4306858777999878,20260730
2023-09-07,ChargerFull,FeasibleITransformer,32,0.0,18.149999618530273,0.34375,3.8620944023132324,7.820894241333008,3.8620944023132324,7.820894241333008,0.5335841178894043,20260730
2023-09-07,ChargerFull,FeasibleITransformer,48,32.8129997253418,69.11100769042969,3.375,31.211763381958008,31.211761474609375,31.211763381958008,31.211761474609375,2.7056665420532227,20260730
2023-09-07,ChargerFull,FeasibleITransformer,64,57.56100082397461,93.6820068359375,3.875,71.828857421875,72.0738525390625,71.828857421875,72.0738525390625,3.0908665657043457,20260730
2023-09-07,ChargerFull,FeasibleITransformer,80,104.11900329589844,122.00700378417969,3.125,136.28045654296875,136.28045654296875,136.28045654296875,136.28045654296875,2.5671627521514893,20260730
2023-09-07,ChargerFull,FeasibleITransformer,84,117.31900787353516,128.6070098876953,2.0,140.9589080810547,140.9589080810547,140.9589080810547,140.9589080810547,0.708855152130127,20260730
2023-09-07,ChargerFull,FeasibleITransformer,96,135.46900939941406,135.46900939941406,0.9166666269302368,148.2469024658203,148.2469024658203,148.2469024658203,148.2469024658203,0.3680804967880249,20260730
2023-09-08,ChargerFull,FeasibleITransformer,32,0.5619999766349792,18.149999618530273,0.34375,2.6501312255859375,11.579413414001465,2.6501312255859375,11.579413414001465,0.5639118552207947,20260730
2023-09-08,ChargerFull,FeasibleITransformer,48,31.808000564575195,51.222999572753906,2.0,25.14374542236328,27.842235565185547,25.14374542236328,27.842235565185547,2.686349391937256,20260730
2023-09-08,ChargerFull,FeasibleITransformer,64,83.07499694824219,92.62699890136719,3.4375,62.95427703857422,64.13107299804688,62.95427703857422,64.13107299804688,2.6082189083099365,20260730
2023-09-08,ChargerFull,FeasibleITransformer,80,109.0510025024414,110.70100402832031,1.0625,115.07693481445312,115.07693481445312,115.07693481445312,115.07693481445312,2.0849368572235107,20260730
2023-09-08,ChargerFull,FeasibleITransformer,84,110.70100402832031,110.70100402832031,0.25,121.26148986816406,121.26148986816406,121.26148986816406,121.26148986816406,0.9370530843734741,20260730
2023-09-08,ChargerFull,FeasibleITransformer,96,110.70100402832031,110.70100402832031,0.0,128.02297973632812,128.02297973632812,128.02297973632812,128.02297973632812,0.3414900004863739,20260730
2023-09-09,ChargerFull,FeasibleITransformer,32,0.0,0.0,0.0,1.7043812274932861,7.624417304992676,1.7043812274932861,7.624417304992676,0.37924981117248535,20260730
2023-09-09,ChargerFull,FeasibleITransformer,48,2.940000057220459,5.440000057220459,0.875,12.817938804626465,16.67045021057129,12.817938804626465,16.67045021057129,1.9819772243499756,20260730
2023-09-09,ChargerFull,FeasibleITransformer,64,26.743000030517578,28.597999572753906,1.1875,31.05193328857422,38.030033111572266,31.05193328857422,38.030033111572266,1.7056010961532593,20260730
2023-09-09,ChargerFull,FeasibleITransformer,80,34.547000885009766,37.84700012207031,0.4375,53.8492431640625,54.01570129394531,53.8492431640625,54.01570129394531,0.9557674527168274,20260730
2023-09-09,ChargerFull,FeasibleITransformer,84,34.547000885009766,40.48600387573242,1.0,59.8074951171875,59.81428909301758,59.8074951171875,59.81428909301758,0.9027649164199829,20260730
2023-09-09,ChargerFull,FeasibleITransformer,96,40.48600387573242,40.48600387573242,0.5833333134651184,65.80738067626953,65.80738067626953,65.80738067626953,65.80738067626953,0.3030244708061218,20260730
2023-09-10,ChargerFull,FeasibleITransformer,32,3.1419999599456787,3.1419999599456787,0.125,3.048687696456909,5.729155540466309,3.048687696456909,5.729155540466309,0.32365041971206665,20260730
2023-09-10,ChargerFull,FeasibleITransformer,48,16.053998947143555,21.003997802734375,0.75,10.613237380981445,16.68414306640625,10.613237380981445,16.68414306640625,1.7725435495376587,20260730
2023-09-10,ChargerFull,FeasibleITransformer,64,31.529998779296875,37.13800048828125,1.6875,20.90219497680664,31.915172576904297,20.90219497680664,31.915172576904297,1.259559988975525,20260730
2023-09-10,ChargerFull,FeasibleITransformer,80,62.683998107910156,65.04100036621094,1.6875,34.6546630859375,37.36176681518555,34.6546630859375,37.36176681518555,0.6142202019691467,20260730
2023-09-10,ChargerFull,FeasibleITransformer,84,69.28399658203125,71.64099884033203,1.0,39.14329528808594,41.101951599121094,39.14329528808594,41.101951599121094,0.6679948568344116,20260730
2023-09-10,ChargerFull,FeasibleITransformer,96,79.18399047851562,79.18399047851562,0.5,47.92720031738281,47.92720031738281,47.92720031738281,47.92720031738281,0.4476655423641205,20260730
2023-09-11,ChargerFull,FeasibleITransformer,32,0.5879999995231628,1.649999976158142,0.03125,5.353432655334473,8.576054573059082,5.353432655334473,8.576054573059082,0.38032737374305725,20260730
2023-09-11,ChargerFull,FeasibleITransformer,48,15.145000457763672,23.39900016784668,2.0,17.441692352294922,34.714603424072266,17.441692352294922,34.714603424072266,2.338498592376709,20260730
2023-09-11,ChargerFull,FeasibleITransformer,64,27.769001007080078,32.722999572753906,2.3125,38.420650482177734,52.50640106201172,38.420650482177734,52.50640106201172,1.8033781051635742,20260730
2023-09-11,ChargerFull,FeasibleITransformer,80,37.2609977722168,37.2609977722168,0.875,63.18950653076172,63.78519821166992,63.18950653076172,63.78519821166992,0.9976391196250916,20260730
2023-09-11,ChargerFull,FeasibleITransformer,84,37.2609977722168,37.2609977722168,0.0,66.8219223022461,67.53097534179688,66.8219223022461,67.53097534179688,0.5503663420677185,20260730
2023-09-11,ChargerFull,FeasibleITransformer,96,37.2609977722168,37.2609977722168,0.0,78.37740325927734,78.37740325927734,78.37740325927734,78.37740325927734,0.583609938621521,20260730
2023-09-12,ChargerFull,FeasibleITransformer,32,2.6989998817443848,23.099998474121094,0.4375,7.230681896209717,7.441551685333252,7.230681896209717,7.441551685333252,0.3395627439022064,20260730
2023-09-12,ChargerFull,FeasibleITransformer,48,29.099000930786133,46.6619987487793,3.0,26.955535888671875,39.829193115234375,26.955535888671875,39.829193115234375,2.720869302749634,20260730
2023-09-12,ChargerFull,FeasibleITransformer,64,48.76799774169922,63.731998443603516,2.6875,52.07414627075195,60.67201232910156,52.07414627075195,60.67201232910156,2.8390450477600098,20260730
2023-09-12,ChargerFull,FeasibleITransformer,80,73.33300018310547,73.33300018310547,2.0625,89.94207000732422,90.1439437866211,89.94207000732422,90.1439437866211,1.6325547695159912,20260730
2023-09-12,ChargerFull,FeasibleITransformer,84,73.33300018310547,73.33300018310547,0.0,92.81298828125,92.92097473144531,92.81298828125,92.92097473144531,0.4349881410598755,20260730
2023-09-12,ChargerFull,FeasibleITransformer,96,73.33300018310547,73.33300018310547,0.0,105.15339660644531,105.15339660644531,105.15339660644531,105.15339660644531,0.6232531070709229,20260730
2023-09-13,ChargerFull,FeasibleITransformer,32,0.0,18.149999618530273,0.34375,4.694206237792969,7.779014587402344,4.694206237792969,7.779014587402344,0.3840098977088928,20260730
2023-09-13,ChargerFull,FeasibleITransformer,48,35.77399826049805,66.54199981689453,2.875,33.87129211425781,40.585723876953125,33.87129211425781,40.585723876953125,2.724874973297119,20260730
2023-09-13,ChargerFull,FeasibleITransformer,64,99.52899169921875,106.95199584960938,2.8125,57.52312088012695,60.44888687133789,57.52312088012695,60.44888687133789,3.324486017227173,20260730
2023-09-13,ChargerFull,FeasibleITransformer,80,127.12799835205078,127.12799835205078,1.125,116.88587188720703,116.88587188720703,116.88587188720703,116.88587188720703,2.7394566535949707,20260730
2023-09-13,ChargerFull,FeasibleITransformer,84,127.12799835205078,127.12799835205078,0.0,120.68858337402344,120.68858337402344,120.68858337402344,120.68858337402344,0.5761681795120239,20260730
2023-09-13,ChargerFull,FeasibleITransformer,96,127.12799835205078,127.12799835205078,0.0,130.71099853515625,130.71099853515625,130.71099853515625,130.71099853515625,0.5061825513839722,20260730
2023-09-14,ChargerFull,FeasibleITransformer,32,0.0,18.149999618530273,0.34375,2.8547310829162598,8.499490737915039,2.8547310829162598,8.499490737915039,0.5214964151382446,20260730
2023-09-14,ChargerFull,FeasibleITransformer,48,17.349000930786133,18.999000549316406,1.0,30.615814208984375,30.615814208984375,30.615814208984375,30.615814208984375,2.7412171363830566,20260730
2023-09-14,ChargerFull,FeasibleITransformer,64,33.14400100708008,33.14400100708008,1.0,63.32167053222656,63.46091079711914,63.32167053222656,63.46091079711914,3.001131772994995,20260730
2023-09-14,ChargerFull,FeasibleITransformer,80,41.83300018310547,41.83300018310547,0.375,119.24021911621094,119.24021911621094,119.24021911621094,119.24021911621094,2.2499840259552,20260730
2023-09-14,ChargerFull,FeasibleITransformer,84,41.83300018310547,41.83300018310547,0.0,125.08755493164062,125.08755493164062,125.08755493164062,125.08755493164062,0.885958194732666,20260730
2023-09-14,ChargerFull,FeasibleITransformer,96,41.83300018310547,41.83300018310547,0.0,132.22169494628906,132.22169494628906,132.22169494628906,132.22169494628906,0.36031052470207214,20260730
2023-09-15,ChargerFull,FeasibleITransformer,32,0.0,18.149999618530273,0.34375,1.8051683902740479,9.858101844787598,1.8051683902740479,9.858101844787598,0.6015720963478088,20260730
2023-09-15,ChargerFull,FeasibleITransformer,48,32.972999572753906,59.595001220703125,3.0625,27.44788932800293,27.44788932800293,27.44788932800293,27.44788932800293,2.3813204765319824,20260730
2023-09-15,ChargerFull,FeasibleITransformer,64,59.972999572753906,64.54499816894531,2.1875,58.044097900390625,58.92725372314453,58.044097900390625,58.92725372314453,2.2645163536071777,20260730
2023-09-15,ChargerFull,FeasibleITransformer,80,84.25599670410156,84.25599670410156,1.0625,89.53699493408203,89.53699493408203,89.53699493408203,89.53699493408203,1.3813889026641846,20260730
2023-09-15,ChargerFull,FeasibleITransformer,84,84.25599670410156,84.25599670410156,0.0,94.4417495727539,94.4417495727539,94.4417495727539,94.4417495727539,0.7431440353393555,20260730
2023-09-15,ChargerFull,FeasibleITransformer,96,84.25599670410156,84.25599670410156,0.0,100.53173828125,100.53173828125,100.53173828125,100.53173828125,0.3075751066207886,20260730
2023-09-16,ChargerFull,FeasibleITransformer,32,0.0,1.649999976158142,0.03125,2.0196845531463623,6.925125598907471,2.0196845531463623,6.925125598907471,0.3991484045982361,20260730
2023-09-16,ChargerFull,FeasibleITransformer,48,20.290000915527344,26.889999389648438,1.5,16.174381256103516,16.725614547729492,16.174381256103516,16.725614547729492,2.0274369716644287,20260730
2023-09-16,ChargerFull,FeasibleITransformer,64,50.99599838256836,54.295997619628906,1.8125,29.48719024658203,36.89500427246094,29.48719024658203,36.89500427246094,1.422626256942749,20260730
2023-09-16,ChargerFull,FeasibleITransformer,80,72.41199493408203,75.75199890136719,1.0625,49.5970458984375,49.5970458984375,49.5970458984375,49.5970458984375,0.920377254486084,20260730
2023-09-16,ChargerFull,FeasibleITransformer,84,79.01200103759766,82.35199737548828,1.0,54.50524139404297,54.5052375793457,54.50524139404297,54.5052375793457,0.7436649799346924,20260730
2023-09-16,ChargerFull,FeasibleITransformer,96,85.61199951171875,85.61199951171875,0.3333333432674408,61.218055725097656,61.218055725097656,61.218055725097656,61.218055725097656,0.33903104066848755,20260730
2023-09-17,ChargerFull,FeasibleITransformer,32,0.0,0.0,0.0,2.2486021518707275,5.272485733032227,2.2486021518707275,5.272485733032227,0.26684725284576416,20260730
2023-09-17,ChargerFull,FeasibleITransformer,48,14.726999282836914,18.027000427246094,1.375,11.00636100769043,17.33514404296875,11.00636100769043,17.33514404296875,1.8406577110290527,20260730
2023-09-17,ChargerFull,FeasibleITransformer,64,32.391998291015625,32.391998291015625,1.0,17.082162857055664,30.59942626953125,17.082162857055664,30.59942626953125,1.1306195259094238,20260730
2023-09-17,ChargerFull,FeasibleITransformer,80,52.35499572753906,56.12999725341797,0.9375,32.02067947387695,33.75922775268555,32.02067947387695,33.75922775268555,0.7977933883666992,20260730
2023-09-17,ChargerFull,FeasibleITransformer,84,58.954994201660156,62.72999572753906,1.0,36.57918930053711,37.81608200073242,36.57918930053711,37.81608200073242,0.6906836032867432,20260730
2023-09-17,ChargerFull,FeasibleITransformer,96,75.45500183105469,75.45500183105469,0.8333333134651184,45.6507682800293,45.6507682800293,45.6507682800293,45.6507682800293,0.4581603407859802,20260730
2023-09-18,ChargerFull,FeasibleITransformer,32,0.0,3.299999952316284,0.0625,4.445488929748535,4.609377861022949,4.445488929748535,4.609377861022949,0.26064419746398926,20260730
2023-09-18,ChargerFull,FeasibleITransformer,48,19.957000732421875,46.005001068115234,2.625,16.922719955444336,28.476572036743164,16.922719955444336,28.476572036743164,2.278691291809082,20260730
2023-09-18,ChargerFull,FeasibleITransformer,64,86.64900207519531,96.81700134277344,3.625,30.28575897216797,43.187530517578125,30.28575897216797,43.187530517578125,1.7842434644699097,20260730
2023-09-18,ChargerFull,FeasibleITransformer,80,110.052001953125,119.83200073242188,1.375,46.50898742675781,48.915794372558594,46.50898742675781,48.915794372558594,0.772841215133667,20260730
2023-09-18,ChargerFull,FeasibleITransformer,84,118.302001953125,121.60198974609375,1.25,49.85523986816406,51.597679138183594,49.85523986816406,51.597679138183594,0.5070075392723083,20260730
2023-09-18,ChargerFull,FeasibleITransformer,96,123.375,123.375,0.4166666865348816,61.20010757446289,61.20010757446289,61.20010757446289,61.20010757446289,0.5729731321334839,20260730
2023-09-19,ChargerFull,FeasibleITransformer,32,0.0,4.949999809265137,0.09375,6.679994106292725,6.679994583129883,6.679994106292725,6.679994583129883,0.31981778144836426,20260730
2023-09-19,ChargerFull,FeasibleITransformer,48,53.808998107910156,78.76300048828125,3.6875,27.256071090698242,39.92994689941406,27.256071090698242,39.92994689941406,2.6402435302734375,20260730
2023-09-19,ChargerFull,FeasibleITransformer,64,124.16999816894531,144.02999877929688,4.9375,41.28711700439453,56.24280548095703,41.28711700439453,56.24280548095703,2.8115031719207764,20260730
2023-09-19,ChargerFull,FeasibleITransformer,80,165.61199951171875,178.67999267578125,2.625,73.32194519042969,73.61532592773438,73.32194519042969,73.61532592773438,1.4257335662841797,20260730
2023-09-19,ChargerFull,FeasibleITransformer,84,173.86199951171875,185.91000366210938,2.25,75.88090515136719,75.96849060058594,75.88090515136719,75.96849060058594,0.3877198100090027,20260730
2023-09-19,ChargerFull,FeasibleITransformer,96,187.1219940185547,187.1219940185547,0.8333333134651184,88.74047088623047,88.74047088623047,88.74047088623047,88.74047088623047,0.6494737267494202,20260730
2023-09-20,ChargerFull,FeasibleITransformer,32,0.0,23.100000381469727,0.4375,3.350341796875,8.511446952819824,3.350341796875,8.511446952819824,0.42429468035697937,20260730
2023-09-20,ChargerFull,FeasibleITransformer,48,29.61199951171875,79.75699615478516,3.375,32.58512878417969,41.11435317993164,32.58512878417969,41.11435317993164,2.8076415061950684,20260730
2023-09-20,ChargerFull,FeasibleITransformer,64,107.6510009765625,126.81100463867188,4.125,79.72215270996094,80.65582275390625,79.72215270996094,80.65582275390625,3.8129281997680664,20260730
2023-09-20,ChargerFull,FeasibleITransformer,80,146.32699584960938,148.78700256347656,1.5625,142.11349487304688,142.11349487304688,142.11349487304688,142.11349487304688,2.5588595867156982,20260730
2023-09-20,ChargerFull,FeasibleITransformer,84,152.927001953125,155.38699340820312,1.0,145.8250274658203,145.8250274658203,145.8250274658203,145.8250274658203,0.562353789806366,20260730
2023-09-20,ChargerFull,FeasibleITransformer,96,165.49400329589844,165.49400329589844,0.6666666865348816,157.1468048095703,157.1468048095703,157.1468048095703,157.1468048095703,0.5718072652816772,20260730
2023-09-21,ChargerFull,FeasibleITransformer,32,1.8309999704360962,24.75,0.46875,2.1742098331451416,9.249563217163086,2.1742098331451416,9.249563217163086,0.5813646912574768,20260730
2023-09-21,ChargerFull,FeasibleITransformer,48,55.12200164794922,81.78199768066406,3.625,32.18638610839844,33.917720794677734,32.18638610839844,33.917720794677734,2.8978137969970703,20260730
2023-09-21,ChargerFull,FeasibleITransformer,64,116.968994140625,122.1820068359375,3.75,89.33374786376953,89.33374786376953,89.33374786376953,89.33374786376953,3.404578924179077,20260730
2023-09-21,ChargerFull,FeasibleITransformer,80,161.8409881591797,162.88299560546875,2.0625,148.67369079589844,148.67369079589844,148.67369079589844,148.67369079589844,2.2477259635925293,20260730
2023-09-21,ChargerFull,FeasibleITransformer,84,165.1409912109375,165.1409912109375,0.5,153.3795928955078,153.3795928955078,153.3795928955078,153.3795928955078,0.7130142450332642,20260730
2023-09-21,ChargerFull,FeasibleITransformer,96,165.1409912109375,165.1409912109375,0.0,162.24984741210938,162.24984741210938,162.24984741210938,162.24984741210938,0.4479921758174896,20260730
2023-09-22,ChargerFull,FeasibleITransformer,32,0.2199999988079071,6.599999904632568,0.125,1.6728928089141846,8.57177734375,1.6728928089141846,8.57177734375,0.5841754674911499,20260730
2023-09-22,ChargerFull,FeasibleITransformer,48,63.99299621582031,67.89299774169922,2.5,33.12760925292969,33.12760925292969,33.12760925292969,33.12760925292969,2.940518856048584,20260730
2023-09-22,ChargerFull,FeasibleITransformer,64,82.2439956665039,98.7439956665039,1.8125,82.82621002197266,83.68368530273438,82.82621002197266,83.68368530273438,2.5685064792633057,20260730
2023-09-22,ChargerFull,FeasibleITransformer,80,99.99800109863281,109.25700378417969,1.9375,119.78441619873047,119.78441619873047,119.78441619873047,119.78441619873047,1.3999323844909668,20260730
2023-09-22,ChargerFull,FeasibleITransformer,84,103.57400512695312,112.8330078125,1.75,124.86007690429688,124.86007690429688,124.86007690429688,124.86007690429688,0.7690383195877075,20260730
2023-09-22,ChargerFull,FeasibleITransformer,96,112.8330078125,112.8330078125,0.5833333134651184,132.37496948242188,132.37496948242188,132.37496948242188,132.37496948242188,0.37954002618789673,20260730
2023-09-23,ChargerFull,FeasibleITransformer,32,0.0,0.0,0.0,1.6615536212921143,6.4487433433532715,1.6615536212921143,6.4487433433532715,0.38060587644577026,20260730
2023-09-23,ChargerFull,FeasibleITransformer,48,25.935998916625977,27.766998291015625,1.25,20.756103515625,22.422719955444336,20.756103515625,22.422719955444336,2.4051356315612793,20260730
2023-09-23,ChargerFull,FeasibleITransformer,64,79.42100524902344,85.86900329589844,2.375,54.19503402709961,60.68077087402344,54.19503402709961,60.68077087402344,1.7468305826187134,20260730
2023-09-23,ChargerFull,FeasibleITransformer,80,105.82099914550781,105.82099914550781,1.0,82.34379577636719,83.3049087524414,82.34379577636719,83.3049087524414,1.1567537784576416,20260730
2023-09-23,ChargerFull,FeasibleITransformer,84,105.82099914550781,105.82099914550781,0.0,88.88062286376953,89.37310028076172,88.88062286376953,89.37310028076172,0.9904274344444275,20260730
2023-09-23,ChargerFull,FeasibleITransformer,96,105.82099914550781,105.82099914550781,0.0,98.40019226074219,98.40019226074219,98.40019226074219,98.40019226074219,0.48078662157058716,20260730
2023-09-24,ChargerFull,FeasibleITransformer,32,0.0,0.0,0.0,3.539608955383301,6.4536027908325195,3.539608955383301,6.4536027908325195,0.3041524887084961,20260730
2023-09-24,ChargerFull,FeasibleITransformer,48,2.6659998893737793,6.599999904632568,0.25,16.02925682067871,22.039566040039062,16.02925682067871,22.039566040039062,2.1829588413238525,20260730
2023-09-24,ChargerFull,FeasibleITransformer,64,38.73100280761719,38.73100280761719,1.625,29.826833724975586,42.45610427856445,29.826833724975586,42.45610427856445,1.4914186000823975,20260730
2023-09-24,ChargerFull,FeasibleITransformer,80,61.5469970703125,61.5469970703125,0.9375,50.63014221191406,53.367252349853516,50.63014221191406,53.367252349853516,1.017287015914917,20260730
2023-09-24,ChargerFull,FeasibleITransformer,84,66.97699737548828,68.14700317382812,1.0,57.343013763427734,59.37838363647461,57.343013763427734,59.37838363647461,1.0239319801330566,20260730
2023-09-24,ChargerFull,FeasibleITransformer,96,75.22699737548828,75.22699737548828,0.4166666567325592,70.08594512939453,70.08594512939453,70.08594512939453,70.08594512939453,0.6435824632644653,20260730
2023-09-25,ChargerFull,FeasibleITransformer,32,0.7490000128746033,3.299999952316284,0.0625,5.826628684997559,6.814473628997803,5.826628684997559,6.814473628997803,0.27485522627830505,20260730
2023-09-25,ChargerFull,FeasibleITransformer,48,35.98099899291992,43.48200225830078,2.125,20.423126220703125,34.584083557128906,20.423126220703125,34.584083557128906,2.605192184448242,20260730
2023-09-25,ChargerFull,FeasibleITransformer,64,66.73399353027344,75.68799591064453,2.875,39.99580764770508,53.20153045654297,39.99580764770508,53.20153045654297,2.1786446571350098,20260730
2023-09-25,ChargerFull,FeasibleITransformer,80,83.31599426269531,83.31599426269531,1.3125,62.699317932128906,66.09891510009766,62.699317932128906,66.09891510009766,1.0446759462356567,20260730
2023-09-25,ChargerFull,FeasibleITransformer,84,83.98799133300781,86.61599731445312,0.5,67.26242065429688,69.83199310302734,67.26242065429688,69.83199310302734,0.6306260824203491,20260730
2023-09-25,ChargerFull,FeasibleITransformer,96,109.43299865722656,109.43299865722656,1.5,81.297119140625,81.297119140625,81.297119140625,81.297119140625,0.7442466020584106,20260730
2023-09-26,ChargerFull,FeasibleITransformer,32,0.7059999704360962,18.39900016784668,0.65625,5.962718963623047,6.264434337615967,5.962718963623047,6.264434337615967,0.3334365487098694,20260730
2023-09-26,ChargerFull,FeasibleITransformer,48,55.10099792480469,78.24700164794922,3.625,37.24151611328125,53.571468353271484,37.24151611328125,53.571468353271484,3.023655414581299,20260730
2023-09-26,ChargerFull,FeasibleITransformer,64,113.76499938964844,128.15899658203125,3.375,66.31307983398438,78.74891662597656,66.31307983398438,78.74891662597656,3.035464286804199,20260730
2023-09-26,ChargerFull,FeasibleITransformer,80,128.15899658203125,128.15899658203125,1.3125,107.20623779296875,107.20623779296875,107.20623779296875,107.20623779296875,1.8170455694198608,20260730
2023-09-26,ChargerFull,FeasibleITransformer,84,128.15899658203125,128.15899658203125,0.0,110.38037109375,110.38037109375,110.38037109375,110.38037109375,0.48092925548553467,20260730
2023-09-26,ChargerFull,FeasibleITransformer,96,140.03599548339844,140.03599548339844,0.6666666865348816,126.58940124511719,126.58940124511719,126.58940124511719,126.58940124511719,0.8186374306678772,20260730
2023-09-27,ChargerFull,FeasibleITransformer,32,0.0,1.649999976158142,0.03125,3.382551670074463,7.956765651702881,3.382551670074463,7.956765651702881,0.46926915645599365,20260730
2023-09-27,ChargerFull,FeasibleITransformer,48,40.779998779296875,49.18899917602539,2.75,44.908329010009766,49.608795166015625,44.908329010009766,49.608795166015625,3.07784366607666,20260730
2023-09-27,ChargerFull,FeasibleITransformer,64,101.20100402832031,102.44000244140625,3.5,74.77242279052734,76.2761459350586,74.77242279052734,76.2761459350586,3.4328463077545166,20260730
2023-09-27,ChargerFull,FeasibleITransformer,80,136.885009765625,153.70098876953125,2.625,127.96392822265625,127.96392822265625,127.96392822265625,127.96392822265625,2.2056665420532227,20260730
2023-09-27,ChargerFull,FeasibleITransformer,84,152.07699584960938,157.02700805664062,2.5,131.08987426757812,131.08987426757812,131.08987426757812,131.08987426757812,0.4736250042915344,20260730
2023-09-27,ChargerFull,FeasibleITransformer,96,157.02700805664062,157.02700805664062,0.25,144.56100463867188,144.56100463867188,144.56100463867188,144.56100463867188,0.6803617477416992,20260730
2023-09-28,ChargerFull,FeasibleITransformer,32,2.5880000591278076,6.599999904632568,0.125,2.547250986099243,8.60425853729248,2.547250986099243,8.60425853729248,0.5852224826812744,20260730
2023-09-28,ChargerFull,FeasibleITransformer,48,21.642000198364258,49.22599792480469,2.4375,30.58793830871582,30.58793830871582,30.58793830871582,30.58793830871582,2.9023571014404297,20260730
2023-09-28,ChargerFull,FeasibleITransformer,64,83.38500213623047,103.57599639892578,3.5,74.2159423828125,74.2159423828125,74.2159423828125,74.2159423828125,3.175708055496216,20260730
2023-09-28,ChargerFull,FeasibleITransformer,80,119.21900177001953,129.11900329589844,2.0625,130.9047088623047,130.9047088623047,130.9047088623047,130.9047088623047,2.2714810371398926,20260730
2023-09-28,ChargerFull,FeasibleITransformer,84,123.55899810791016,130.1590118408203,1.0,134.9982452392578,134.9982452392578,134.9982452392578,134.9982452392578,0.6202337145805359,20260730
2023-09-28,ChargerFull,FeasibleITransformer,96,130.1590118408203,130.1590118408203,0.3333333432674408,145.6090850830078,145.6090850830078,145.6090850830078,145.6090850830078,0.5359005331993103,20260730
2023-09-29,ChargerFull,FeasibleITransformer,32,0.0,0.0,0.0,2.0931663513183594,8.094045639038086,2.0931663513183594,8.094045639038086,0.551673173904419,20260730
2023-09-29,ChargerFull,FeasibleITransformer,48,17.38599967956543,31.099998474121094,2.5625,26.298982620239258,26.298982620239258,26.298982620239258,26.298982620239258,2.781914234161377,20260730
2023-09-29,ChargerFull,FeasibleITransformer,64,52.72800064086914,65.11100769042969,4.125,82.47069549560547,82.77658081054688,82.47069549560547,82.77658081054688,2.833932876586914,20260730
2023-09-29,ChargerFull,FeasibleITransformer,80,65.11100769042969,65.11100769042969,0.75,125.59095764160156,125.59095764160156,125.59095764160156,125.59095764160156,1.6595373153686523,20260730
2023-09-29,ChargerFull,FeasibleITransformer,84,65.11100769042969,65.11100769042969,0.0,131.5047607421875,131.5047607421875,131.5047607421875,131.5047607421875,0.8960304856300354,20260730
2023-09-29,ChargerFull,FeasibleITransformer,96,71.05000305175781,71.05000305175781,0.6666666865348816,140.2016143798828,140.2016143798828,140.2016143798828,140.2016143798828,0.4392349123954773,20260730
2023-09-30,ChargerFull,FeasibleITransformer,32,0.0,0.0,0.0,2.673693895339966,5.467546463012695,2.673693895339966,5.467546463012695,0.34410977363586426,20260730
2023-09-30,ChargerFull,FeasibleITransformer,48,30.658000946044922,40.05400085449219,3.0625,16.11199951171875,17.097700119018555,16.11199951171875,17.097700119018555,2.2257497310638428,20260730
2023-09-30,ChargerFull,FeasibleITransformer,64,57.05000305175781,69.41600036621094,1.75,36.68978500366211,40.565574645996094,36.68978500366211,40.565574645996094,1.7277477979660034,20260730
2023-09-30,ChargerFull,FeasibleITransformer,80,100.1709976196289,105.06299591064453,2.25,54.67591857910156,55.64148712158203,54.67591857910156,55.64148712158203,0.9056922197341919,20260730
2023-09-30,ChargerFull,FeasibleITransformer,84,106.77099609375,111.66300201416016,1.0,61.314109802246094,61.804656982421875,61.314109802246094,61.804656982421875,1.0133259296417236,20260730
2023-09-30,ChargerFull,FeasibleITransformer,96,132.11199951171875,132.11199951171875,1.4166667461395264,72.60667419433594,72.60667419433594,72.60667419433594,72.60667419433594,0.5703316330909729,20260730
