date,task,model,anchor_slot,actual_lower_kwh,actual_upper_kwh,actual_occupied_equivalent,raw_predicted_lower_kwh,raw_predicted_upper_kwh,predicted_lower_kwh,predicted_upper_kwh,predicted_occupied_equivalent,seed
2023-07-01,EV,FeasibleITransformer,32,0.0,0.0,0.0,1.7193571329116821,5.8538641929626465,1.7193571329116821,5.8538641929626465,0.4145036041736603,20260732
2023-07-01,EV,FeasibleITransformer,48,0.0,0.0,0.0,14.16606616973877,42.89204788208008,14.16606616973877,42.89204788208008,2.165205717086792,20260732
2023-07-01,EV,FeasibleITransformer,64,0.0,8.269000053405762,0.6875,47.16629409790039,47.402915954589844,47.16629409790039,47.402915954589844,4.94379186630249,20260732
2023-07-01,EV,FeasibleITransformer,80,0.0,8.269000053405762,1.0,66.98831176757812,66.99623107910156,66.98831176757812,66.99623107910156,3.8366973400115967,20260732
2023-07-01,EV,FeasibleITransformer,84,1.6690000295639038,8.269000053405762,1.0,73.74269104003906,73.74269104003906,73.74269104003906,73.74269104003906,1.1552479267120361,20260732
2023-07-01,EV,FeasibleITransformer,96,8.269000053405762,8.269000053405762,0.3333333432674408,91.64137268066406,91.64137268066406,91.64137268066406,91.64137268066406,0.9347437620162964,20260732
2023-07-02,EV,FeasibleITransformer,32,0.0,0.0,0.0,1.8031238317489624,4.587050914764404,1.8031238317489624,4.587050914764404,0.4493846595287323,20260732
2023-07-02,EV,FeasibleITransformer,48,0.0,0.0,0.0,15.885110855102539,38.1428337097168,15.885110855102539,38.1428337097168,2.1915931701660156,20260732
2023-07-02,EV,FeasibleITransformer,64,0.0,0.0,0.0,43.227333068847656,43.27302932739258,43.227333068847656,43.27302932739258,4.938744068145752,20260732
2023-07-02,EV,FeasibleITransformer,80,14.317999839782715,18.149999618530273,0.6875,62.85041809082031,62.86772155761719,62.85041809082031,62.86772155761719,3.415926933288574,20260732
2023-07-02,EV,FeasibleITransformer,84,20.917999267578125,24.75,1.0,69.08610534667969,69.08610534667969,69.08610534667969,69.08610534667969,1.0752038955688477,20260732
2023-07-02,EV,FeasibleITransformer,96,25.868000030517578,25.868000030517578,0.25,86.95478820800781,86.95478820800781,86.95478820800781,86.95478820800781,0.9376943707466125,20260732
2023-07-03,EV,FeasibleITransformer,32,0.0,0.0,0.0,1.6553860902786255,3.8065185546875,1.6553860902786255,3.8065185546875,0.5040743947029114,20260732
2023-07-03,EV,FeasibleITransformer,48,0.0,8.196000099182129,0.375,24.55193519592285,47.75868225097656,24.55193519592285,47.75868225097656,3.231175422668457,20260732
2023-07-03,EV,FeasibleITransformer,64,21.006000518798828,30.029998779296875,2.0,54.710365295410156,55.41464614868164,54.710365295410156,55.41464614868164,5.475111484527588,20260732
2023-07-03,EV,FeasibleITransformer,80,41.68299865722656,41.68299865722656,1.3125,74.801513671875,74.84911346435547,74.801513671875,74.84911346435547,3.297912120819092,20260732
2023-07-03,EV,FeasibleITransformer,84,41.68299865722656,41.68299865722656,0.0,81.22818756103516,81.250244140625,81.22818756103516,81.250244140625,1.1280186176300049,20260732
2023-07-03,EV,FeasibleITransformer,96,41.68299865722656,41.68299865722656,0.0,99.6361083984375,99.6361083984375,99.6361083984375,99.6361083984375,0.9776864051818848,20260732
2023-07-04,EV,FeasibleITransformer,32,0.0,0.0,0.0,1.2220638990402222,3.509873628616333,1.2220638990402222,3.509873628616333,0.5291855931282043,20260732
2023-07-04,EV,FeasibleITransformer,48,0.0,0.0,0.0,34.94667434692383,61.99658966064453,34.94667434692383,61.99658966064453,4.25092077255249,20260732
2023-07-04,EV,FeasibleITransformer,64,0.0,0.0,0.0,67.30580139160156,69.71016693115234,67.30580139160156,69.71016693115234,5.7908782958984375,20260732
2023-07-04,EV,FeasibleITransformer,80,0.0,0.0,0.0,84.5743408203125,84.68144226074219,84.5743408203125,84.68144226074219,3.375356674194336,20260732
2023-07-04,EV,FeasibleITransformer,84,0.0,0.0,0.0,92.12395477294922,92.13687896728516,92.12395477294922,92.13687896728516,1.3566474914550781,20260732
2023-07-04,EV,FeasibleITransformer,96,0.0,0.0,0.0,110.7707748413086,110.7707748413086,110.7707748413086,110.7707748413086,0.957139790058136,20260732
2023-07-05,EV,FeasibleITransformer,32,0.0,9.899999618530273,0.1875,1.0144670009613037,4.0185041427612305,1.0144670009613037,4.0185041427612305,0.5237573981285095,20260732
2023-07-05,EV,FeasibleITransformer,48,0.0,32.875,1.875,36.95966720581055,73.48353576660156,36.95966720581055,73.48353576660156,4.734377861022949,20260732
2023-07-05,EV,FeasibleITransformer,64,36.58399963378906,46.07500076293945,2.4375,72.19229888916016,79.01871490478516,72.19229888916016,79.01871490478516,5.669628143310547,20260732
2023-07-05,EV,FeasibleITransformer,80,46.48400115966797,46.48400115966797,0.375,90.72650146484375,90.8725814819336,90.72650146484375,90.8725814819336,3.5916357040405273,20260732
2023-07-05,EV,FeasibleITransformer,84,46.48400115966797,46.48400115966797,0.0,98.61096954345703,98.65538787841797,98.61096954345703,98.65538787841797,1.384937047958374,20260732
2023-07-05,EV,FeasibleITransformer,96,46.48400115966797,46.48400115966797,0.0,116.79015350341797,116.79015350341797,116.79015350341797,116.79015350341797,0.9856292009353638,20260732
2023-07-06,EV,FeasibleITransformer,32,0.0,0.0,0.0,1.085666298866272,5.176241874694824,1.085666298866272,5.176241874694824,0.4749967157840729,20260732
2023-07-06,EV,FeasibleITransformer,48,0.0,8.276000022888184,0.5,26.941553115844727,69.71189880371094,26.941553115844727,69.71189880371094,3.702421188354492,20260732
2023-07-06,EV,FeasibleITransformer,64,8.276000022888184,12.000999450683594,1.1875,69.66532135009766,73.58045196533203,69.66532135009766,73.58045196533203,5.577688694000244,20260732
2023-07-06,EV,FeasibleITransformer,80,16.927000045776367,16.927000045776367,0.5,85.33209991455078,85.5272445678711,85.33209991455078,85.5272445678711,3.957350254058838,20260732
2023-07-06,EV,FeasibleITransformer,84,16.927000045776367,16.927000045776367,0.0,93.8681640625,93.91931915283203,93.8681640625,93.91931915283203,1.5156056880950928,20260732
2023-07-06,EV,FeasibleITransformer,96,16.927000045776367,16.927000045776367,0.0,111.9112548828125,111.9112548828125,111.9112548828125,111.9112548828125,0.9325308799743652,20260732
2023-07-07,EV,FeasibleITransformer,32,0.0,0.0,0.0,1.4240097999572754,6.4359025955200195,1.4240097999572754,6.4359025955200195,0.4527590274810791,20260732
2023-07-07,EV,FeasibleITransformer,48,0.0,16.874000549316406,0.875,17.279521942138672,55.00599670410156,17.279521942138672,55.00599670410156,2.6951751708984375,20260732
2023-07-07,EV,FeasibleITransformer,64,15.632999420166016,28.83300018310547,1.875,58.41899871826172,59.50419616699219,58.41899871826172,59.50419616699219,5.157535076141357,20260732
2023-07-07,EV,FeasibleITransformer,80,28.83300018310547,28.83300018310547,0.5,75.54535675048828,75.5755844116211,75.54535675048828,75.5755844116211,4.030357360839844,20260732
2023-07-07,EV,FeasibleITransformer,84,28.83300018310547,28.83300018310547,0.0,83.51760864257812,83.52533721923828,83.51760864257812,83.52533721923828,1.4165676832199097,20260732
2023-07-07,EV,FeasibleITransformer,96,28.83300018310547,28.83300018310547,0.0,101.39376068115234,101.39376068115234,101.39376068115234,101.39376068115234,0.9275454878807068,20260732
2023-07-08,EV,FeasibleITransformer,32,0.0,0.0,0.0,1.7662204504013062,6.2836174964904785,1.7662204504013062,6.2836174964904785,0.4434649348258972,20260732
2023-07-08,EV,FeasibleITransformer,48,0.0,11.701000213623047,1.0,13.8314790725708,44.14922332763672,13.8314790725708,44.14922332763672,2.132347822189331,20260732
2023-07-08,EV,FeasibleITransformer,64,11.701000213623047,11.701000213623047,0.625,47.757266998291016,47.8377799987793,47.757266998291016,47.8377799987793,5.05850076675415,20260732
2023-07-08,EV,FeasibleITransformer,80,11.701000213623047,11.701000213623047,0.0,66.78697204589844,66.78697204589844,66.78697204589844,66.78697204589844,3.667249917984009,20260732
2023-07-08,EV,FeasibleITransformer,84,11.701000213623047,11.701000213623047,0.0,73.4957504272461,73.4957504272461,73.4957504272461,73.4957504272461,1.1416363716125488,20260732
2023-07-08,EV,FeasibleITransformer,96,11.701000213623047,11.701000213623047,0.0,91.28557586669922,91.28557586669922,91.28557586669922,91.28557586669922,0.941761314868927,20260732
2023-07-09,EV,FeasibleITransformer,32,0.0,0.0,0.0,1.738368272781372,4.658545970916748,1.738368272781372,4.658545970916748,0.4491593539714813,20260732
2023-07-09,EV,FeasibleITransformer,48,0.0,0.0,0.0,15.283477783203125,39.012046813964844,15.283477783203125,39.012046813964844,2.127910852432251,20260732
2023-07-09,EV,FeasibleITransformer,64,0.0,0.0,0.0,43.98088073730469,44.08553695678711,43.98088073730469,44.08553695678711,5.024685859680176,20260732
2023-07-09,EV,FeasibleITransformer,80,0.0,0.0,0.0,62.88380813598633,62.90024185180664,62.88380813598633,62.90024185180664,3.3087093830108643,20260732
2023-07-09,EV,FeasibleITransformer,84,0.0,0.0,0.0,69.11511993408203,69.11511993408203,69.11511993408203,69.11511993408203,1.0743926763534546,20260732
2023-07-09,EV,FeasibleITransformer,96,0.0,0.0,0.0,86.82952117919922,86.82952117919922,86.82952117919922,86.82952117919922,0.9243243336677551,20260732
2023-07-10,EV,FeasibleITransformer,32,0.0,0.0,0.0,1.5042943954467773,3.6907835006713867,1.5042943954467773,3.6907835006713867,0.5077130794525146,20260732
2023-07-10,EV,FeasibleITransformer,48,6.285999774932861,6.599999904632568,0.25,22.837858200073242,46.91227340698242,22.837858200073242,46.91227340698242,2.9360125064849854,20260732
2023-07-10,EV,FeasibleITransformer,64,11.236000061035156,12.88599967956543,0.25,54.1473388671875,54.82445526123047,54.1473388671875,54.82445526123047,5.524423599243164,20260732
2023-07-10,EV,FeasibleITransformer,80,36.029998779296875,39.2859992980957,1.0,75.03597259521484,75.06185150146484,75.03597259521484,75.06185150146484,3.094513416290283,20260732
2023-07-10,EV,FeasibleITransformer,84,39.33000183105469,39.33000183105469,0.5,81.08316040039062,81.0929183959961,81.08316040039062,81.0929183959961,1.007369041442871,20260732
2023-07-10,EV,FeasibleITransformer,96,39.33000183105469,39.33000183105469,0.0,98.85443878173828,98.85443878173828,98.85443878173828,98.85443878173828,0.9182831645011902,20260732
2023-07-11,EV,FeasibleITransformer,32,0.0,4.949999809265137,0.09375,1.2389864921569824,3.555248975753784,1.2389864921569824,3.555248975753784,0.5519126653671265,20260732
2023-07-11,EV,FeasibleITransformer,48,2.7079999446868896,31.350000381469727,1.0,34.00617218017578,62.2177848815918,34.00617218017578,62.2177848815918,4.011200904846191,20260732
2023-07-11,EV,FeasibleITransformer,64,29.107999801635742,39.007999420166016,1.0,67.30126190185547,69.2854995727539,67.30126190185547,69.2854995727539,5.539707660675049,20260732
2023-07-11,EV,FeasibleITransformer,80,41.75899887084961,42.30799865722656,0.5,83.12651062011719,83.34649658203125,83.12651062011719,83.34649658203125,3.2551538944244385,20260732
2023-07-11,EV,FeasibleITransformer,84,43.409000396728516,43.409000396728516,0.25,90.89531707763672,90.9736328125,90.89531707763672,90.9736328125,1.3023761510849,20260732
2023-07-11,EV,FeasibleITransformer,96,43.409000396728516,43.409000396728516,0.0,109.28887176513672,109.28887176513672,109.28887176513672,109.28887176513672,0.936767578125,20260732
2023-07-12,EV,FeasibleITransformer,32,0.0,0.0,0.0,0.9320138096809387,3.9569220542907715,0.9320138096809387,3.9569220542907715,0.5351239442825317,20260732
2023-07-12,EV,FeasibleITransformer,48,0.0,5.921000003814697,0.875,34.5315055847168,70.98725891113281,34.5315055847168,70.98725891113281,4.279353618621826,20260732
2023-07-12,EV,FeasibleITransformer,64,5.921000003814697,13.889999389648438,1.1875,70.22726440429688,76.14444732666016,70.22726440429688,76.14444732666016,5.523769378662109,20260732
2023-07-12,EV,FeasibleITransformer,80,13.889999389648438,13.889999389648438,0.3125,86.31950378417969,86.70198822021484,86.31950378417969,86.70198822021484,3.3464908599853516,20260732
2023-07-12,EV,FeasibleITransformer,84,13.889999389648438,13.889999389648438,0.0,94.25305938720703,94.27240753173828,94.25305938720703,94.27240753173828,1.3034530878067017,20260732
2023-07-12,EV,FeasibleITransformer,96,13.889999389648438,13.889999389648438,0.0,112.07166290283203,112.07166290283203,112.07166290283203,112.07166290283203,0.9136977791786194,20260732
2023-07-13,EV,FeasibleITransformer,32,0.0,3.299999952316284,0.0625,1.017686367034912,5.031402587890625,1.017686367034912,5.031402587890625,0.4812122583389282,20260732
2023-07-13,EV,FeasibleITransformer,48,35.59600067138672,37.24599838256836,1.625,26.026498794555664,67.32816314697266,26.026498794555664,67.32816314697266,3.473407030105591,20260732
2023-07-13,EV,FeasibleITransformer,64,45.459999084472656,45.459999084472656,1.0625,68.40013885498047,71.22368621826172,68.40013885498047,71.22368621826172,5.347663879394531,20260732
2023-07-13,EV,FeasibleITransformer,80,45.459999084472656,45.459999084472656,0.0,81.07969665527344,81.1590576171875,81.07969665527344,81.1590576171875,3.631662607192993,20260732
2023-07-13,EV,FeasibleITransformer,84,45.459999084472656,45.459999084472656,0.0,89.59749603271484,89.59749603271484,89.59749603271484,89.59749603271484,1.3914790153503418,20260732
2023-07-13,EV,FeasibleITransformer,96,45.459999084472656,45.459999084472656,0.0,107.17623901367188,107.17623901367188,107.17623901367188,107.17623901367188,0.8996618986129761,20260732
2023-07-14,EV,FeasibleITransformer,32,0.0,0.0,0.0,1.34730863571167,6.796538352966309,1.34730863571167,6.796538352966309,0.47492727637290955,20260732
2023-07-14,EV,FeasibleITransformer,48,0.0,0.0,0.0,16.875730514526367,58.299407958984375,16.875730514526367,58.299407958984375,2.652399778366089,20260732
2023-07-14,EV,FeasibleITransformer,64,12.180000305175781,12.180000305175781,0.5,60.82399368286133,62.34278106689453,60.82399368286133,62.34278106689453,5.189377784729004,20260732
2023-07-14,EV,FeasibleITransformer,80,35.163002014160156,38.58000183105469,1.0,80.05121612548828,80.05121612548828,80.05121612548828,80.05121612548828,3.8855085372924805,20260732
2023-07-14,EV,FeasibleITransformer,84,41.76300048828125,41.76300048828125,1.0,87.62291717529297,87.62291717529297,87.62291717529297,87.62291717529297,1.2279293537139893,20260732
2023-07-14,EV,FeasibleITransformer,96,41.76300048828125,41.76300048828125,0.0,104.95966339111328,104.95966339111328,104.95966339111328,104.95966339111328,0.8794971108436584,20260732
2023-07-15,EV,FeasibleITransformer,32,0.0,0.0,0.0,1.6009526252746582,6.221651077270508,1.6009526252746582,6.221651077270508,0.4369634985923767,20260732
2023-07-15,EV,FeasibleITransformer,48,0.0,0.0,0.0,13.1472806930542,43.54771423339844,13.1472806930542,43.54771423339844,1.9269537925720215,20260732
2023-07-15,EV,FeasibleITransformer,64,0.0,0.0,0.0,47.94536590576172,47.99332046508789,47.94536590576172,47.99332046508789,4.776076316833496,20260732
2023-07-15,EV,FeasibleITransformer,80,0.0,0.0,0.0,67.00455474853516,67.00830841064453,67.00455474853516,67.00830841064453,3.595642328262329,20260732
2023-07-15,EV,FeasibleITransformer,84,0.0,0.0,0.0,74.3249282836914,74.3249282836914,74.3249282836914,74.3249282836914,1.188254952430725,20260732
2023-07-15,EV,FeasibleITransformer,96,0.0,0.0,0.0,92.09571075439453,92.09571075439453,92.09571075439453,92.09571075439453,0.9156045317649841,20260732
2023-07-16,EV,FeasibleITransformer,32,0.0,0.0,0.0,1.6539552211761475,4.673507213592529,1.6539552211761475,4.673507213592529,0.44482237100601196,20260732
2023-07-16,EV,FeasibleITransformer,48,0.0,0.0,0.0,14.951200485229492,39.1994514465332,14.951200485229492,39.1994514465332,1.9629696607589722,20260732
2023-07-16,EV,FeasibleITransformer,64,0.0,0.0,0.0,44.370243072509766,44.39146041870117,44.370243072509766,44.39146041870117,4.726151466369629,20260732
2023-07-16,EV,FeasibleITransformer,80,0.0,0.0,0.0,64.28289031982422,64.28289031982422,64.28289031982422,64.28289031982422,3.1757848262786865,20260732
2023-07-16,EV,FeasibleITransformer,84,0.0,0.0,0.0,71.0879135131836,71.0879135131836,71.0879135131836,71.0879135131836,1.0455342531204224,20260732
2023-07-16,EV,FeasibleITransformer,96,0.0,0.0,0.0,88.89421844482422,88.89421844482422,88.89421844482422,88.89421844482422,0.8993212580680847,20260732
2023-07-17,EV,FeasibleITransformer,32,0.0,3.299999952316284,0.0625,1.3215570449829102,3.566399335861206,1.3215570449829102,3.566399335861206,0.4934685528278351,20260732
2023-07-17,EV,FeasibleITransformer,48,15.423999786376953,28.35300064086914,1.8125,21.737926483154297,43.588985443115234,21.737926483154297,43.588985443115234,2.5578489303588867,20260732
2023-07-17,EV,FeasibleITransformer,64,27.84600067138672,32.79600143432617,1.5,49.6568603515625,49.79338455200195,49.6568603515625,49.79338455200195,4.746459007263184,20260732
2023-07-17,EV,FeasibleITransformer,80,32.79600143432617,32.79600143432617,0.1875,66.91452026367188,66.97242736816406,66.91452026367188,66.97242736816406,2.9957871437072754,20260732
2023-07-17,EV,FeasibleITransformer,84,32.79600143432617,32.79600143432617,0.0,73.52665710449219,73.52960205078125,73.52665710449219,73.52960205078125,1.0516598224639893,20260732
2023-07-17,EV,FeasibleITransformer,96,32.79600143432617,32.79600143432617,0.0,91.0846939086914,91.0846939086914,91.0846939086914,91.0846939086914,0.8969760537147522,20260732
2023-07-18,EV,FeasibleITransformer,32,0.0,1.649999976158142,0.03125,1.0290229320526123,3.441740036010742,1.0290229320526123,3.441740036010742,0.5368589162826538,20260732
2023-07-18,EV,FeasibleITransformer,48,30.812999725341797,49.5,1.8125,31.603029251098633,59.15611267089844,31.603029251098633,59.15611267089844,3.6270864009857178,20260732
2023-07-18,EV,FeasibleITransformer,64,68.76300048828125,68.76300048828125,1.4375,63.606624603271484,65.4941635131836,63.606624603271484,65.4941635131836,5.38753080368042,20260732
2023-07-18,EV,FeasibleITransformer,80,68.76300048828125,68.76300048828125,0.0,77.8159408569336,77.88801574707031,77.8159408569336,77.88801574707031,3.0237748622894287,20260732
2023-07-18,EV,FeasibleITransformer,84,68.76300048828125,68.76300048828125,0.0,84.87882995605469,84.89308166503906,84.87882995605469,84.89308166503906,1.1419790983200073,20260732
2023-07-18,EV,FeasibleITransformer,96,68.76300048828125,68.76300048828125,0.0,102.66885375976562,102.66885375976562,102.66885375976562,102.66885375976562,0.8993902802467346,20260732
2023-07-19,EV,FeasibleITransformer,32,0.0,25.990999221801758,0.5,0.8485454320907593,4.126712799072266,0.8485454320907593,4.126712799072266,0.5294989347457886,20260732
2023-07-19,EV,FeasibleITransformer,48,25.095001220703125,31.69499969482422,1.5625,34.184173583984375,70.8423080444336,34.184173583984375,70.8423080444336,4.197254180908203,20260732
2023-07-19,EV,FeasibleITransformer,64,40.73999786376953,40.73999786376953,0.875,71.86528778076172,76.26106262207031,71.86528778076172,76.26106262207031,5.444238662719727,20260732
2023-07-19,EV,FeasibleITransformer,80,40.73999786376953,40.73999786376953,0.0,86.73965454101562,86.87108612060547,86.73965454101562,86.87108612060547,3.128618001937866,20260732
2023-07-19,EV,FeasibleITransformer,84,40.73999786376953,40.73999786376953,0.0,94.56133270263672,94.6720199584961,94.56133270263672,94.6720199584961,1.248104453086853,20260732
2023-07-19,EV,FeasibleITransformer,96,40.73999786376953,40.73999786376953,0.0,112.2608642578125,112.2608642578125,112.2608642578125,112.2608642578125,0.9049971103668213,20260732
2023-07-20,EV,FeasibleITransformer,32,0.0,0.0,0.0,0.9515519738197327,5.496090888977051,0.9515519738197327,5.496090888977051,0.5112382173538208,20260732
2023-07-20,EV,FeasibleITransformer,48,11.159000396728516,17.759000778198242,0.9375,25.729501724243164,68.85082244873047,25.729501724243164,68.85082244873047,3.5255515575408936,20260732
2023-07-20,EV,FeasibleITransformer,64,17.759000778198242,17.759000778198242,0.25,71.96639251708984,73.92808532714844,71.96639251708984,73.92808532714844,5.27956485748291,20260732
2023-07-20,EV,FeasibleITransformer,80,17.759000778198242,17.759000778198242,0.0,83.5468978881836,83.6505126953125,83.5468978881836,83.6505126953125,3.3963489532470703,20260732
2023-07-20,EV,FeasibleITransformer,84,17.759000778198242,17.759000778198242,0.0,91.80079650878906,91.80364990234375,91.80079650878906,91.80364990234375,1.3392422199249268,20260732
2023-07-20,EV,FeasibleITransformer,96,17.759000778198242,17.759000778198242,0.0,109.79210662841797,109.79210662841797,109.79210662841797,109.79210662841797,0.91423499584198,20260732
2023-07-21,EV,FeasibleITransformer,32,0.0,0.0,0.0,1.1158604621887207,6.390911102294922,1.1158604621887207,6.390911102294922,0.42857542634010315,20260732
2023-07-21,EV,FeasibleITransformer,48,0.7179999947547913,4.01800012588501,0.1875,15.814884185791016,56.08142852783203,15.814884185791016,56.08142852783203,2.3841805458068848,20260732
2023-07-21,EV,FeasibleITransformer,64,4.01800012588501,4.01800012588501,0.125,60.004241943359375,60.794837951660156,60.004241943359375,60.794837951660156,5.206661701202393,20260732
2023-07-21,EV,FeasibleITransformer,80,7.895999908447266,7.895999908447266,0.1875,76.53765106201172,76.55470275878906,76.53765106201172,76.55470275878906,3.6962761878967285,20260732
2023-07-21,EV,FeasibleITransformer,84,7.895999908447266,7.895999908447266,0.0,84.80338287353516,84.80338287353516,84.80338287353516,84.80338287353516,1.2809395790100098,20260732
2023-07-21,EV,FeasibleITransformer,96,7.895999908447266,7.895999908447266,0.0,101.86998748779297,101.86998748779297,101.86998748779297,101.86998748779297,0.8627147078514099,20260732
2023-07-22,EV,FeasibleITransformer,32,0.0,1.649999976158142,0.03125,1.3169585466384888,5.936708927154541,1.3169585466384888,5.936708927154541,0.4431644082069397,20260732
2023-07-22,EV,FeasibleITransformer,48,0.0,11.82699966430664,1.0,12.127680778503418,41.88094711303711,12.127680778503418,41.88094711303711,1.850135087966919,20260732
2023-07-22,EV,FeasibleITransformer,64,11.82699966430664,11.82699966430664,0.5,45.5160026550293,45.519432067871094,45.5160026550293,45.519432067871094,4.580982208251953,20260732
2023-07-22,EV,FeasibleITransformer,80,11.82699966430664,11.82699966430664,0.0,62.54296112060547,62.54296112060547,62.54296112060547,62.54296112060547,3.2714431285858154,20260732
2023-07-22,EV,FeasibleITransformer,84,11.82699966430664,11.82699966430664,0.0,68.79717254638672,68.79717254638672,68.79717254638672,68.79717254638672,1.025746464729309,20260732
2023-07-22,EV,FeasibleITransformer,96,11.82699966430664,11.82699966430664,0.0,85.86862182617188,85.86862182617188,85.86862182617188,85.86862182617188,0.8800768852233887,20260732
2023-07-23,EV,FeasibleITransformer,32,0.0,0.0,0.0,1.479097843170166,4.854199409484863,1.479097843170166,4.854199409484863,0.4731426537036896,20260732
2023-07-23,EV,FeasibleITransformer,48,0.0,0.0,0.0,14.064016342163086,38.39792251586914,14.064016342163086,38.39792251586914,2.0386250019073486,20260732
2023-07-23,EV,FeasibleITransformer,64,0.0,0.0,0.0,43.30997085571289,43.31515884399414,43.30997085571289,43.31515884399414,4.710325717926025,20260732
2023-07-23,EV,FeasibleITransformer,80,11.973999977111816,11.973999977111816,1.125,61.03178024291992,61.03178024291992,61.03178024291992,61.03178024291992,2.9268593788146973,20260732
2023-07-23,EV,FeasibleITransformer,84,11.973999977111816,11.973999977111816,0.0,66.88877868652344,66.88877868652344,66.88877868652344,66.88877868652344,0.9388076663017273,20260732
2023-07-23,EV,FeasibleITransformer,96,11.973999977111816,11.973999977111816,0.0,84.35137939453125,84.35137939453125,84.35137939453125,84.35137939453125,0.8878162503242493,20260732
2023-07-24,EV,FeasibleITransformer,32,0.0,0.0,0.0,1.3068591356277466,3.861931324005127,1.3068591356277466,3.861931324005127,0.5026585459709167,20260732
2023-07-24,EV,FeasibleITransformer,48,32.41499710083008,36.92000198364258,2.4375,21.765886306762695,45.37004089355469,21.765886306762695,45.37004089355469,2.6960980892181396,20260732
2023-07-24,EV,FeasibleITransformer,64,57.165000915527344,57.165000915527344,0.9375,51.84703063964844,52.02839279174805,51.84703063964844,52.02839279174805,5.131729602813721,20260732
2023-07-24,EV,FeasibleITransformer,80,57.165000915527344,57.165000915527344,0.0,68.61653137207031,68.63855743408203,68.61653137207031,68.63855743408203,3.00406551361084,20260732
2023-07-24,EV,FeasibleITransformer,84,57.165000915527344,57.165000915527344,0.0,74.82011413574219,74.82273864746094,74.82011413574219,74.82273864746094,0.9579027891159058,20260732
2023-07-24,EV,FeasibleITransformer,96,57.165000915527344,57.165000915527344,0.0,92.40633392333984,92.40633392333984,92.40633392333984,92.40633392333984,0.8931294083595276,20260732
2023-07-25,EV,FeasibleITransformer,32,0.0,0.0,0.0,1.0145567655563354,3.561089038848877,1.0145567655563354,3.561089038848877,0.5615698099136353,20260732
2023-07-25,EV,FeasibleITransformer,48,30.4950008392334,30.4950008392334,1.625,32.01982116699219,59.22810363769531,32.01982116699219,59.22810363769531,3.8811697959899902,20260732
2023-07-25,EV,FeasibleITransformer,64,30.4950008392334,30.4950008392334,0.0,65.29145812988281,66.00928497314453,65.29145812988281,66.00928497314453,5.327239036560059,20260732
2023-07-25,EV,FeasibleITransformer,80,39.10100173950195,39.10100173950195,0.375,78.02196502685547,78.16107940673828,78.02196502685547,78.16107940673828,2.913954496383667,20260732
2023-07-25,EV,FeasibleITransformer,84,39.10100173950195,39.10100173950195,0.0,84.94742584228516,85.06360626220703,84.94742584228516,85.06360626220703,1.136795163154602,20260732
2023-07-25,EV,FeasibleITransformer,96,39.10100173950195,39.10100173950195,0.0,103.10810852050781,103.10810852050781,103.10810852050781,103.10810852050781,0.924177348613739,20260732
2023-07-26,EV,FeasibleITransformer,32,0.0,0.0,0.0,0.8627895712852478,4.203683376312256,0.8627895712852478,4.203683376312256,0.566032886505127,20260732
2023-07-26,EV,FeasibleITransformer,48,4.068999767303467,15.503999710083008,1.75,34.303585052490234,71.09344482421875,34.303585052490234,71.09344482421875,4.484603404998779,20260732
2023-07-26,EV,FeasibleITransformer,64,33.71399688720703,33.71399688720703,1.9375,73.16949462890625,76.638427734375,73.16949462890625,76.638427734375,5.356308937072754,20260732
2023-07-26,EV,FeasibleITransformer,80,33.71399688720703,33.71399688720703,0.0,85.23795318603516,85.3548812866211,85.23795318603516,85.3548812866211,3.177628993988037,20260732
2023-07-26,EV,FeasibleITransformer,84,33.71399688720703,33.71399688720703,0.0,92.83489990234375,92.84368133544922,92.83489990234375,92.84368133544922,1.230210304260254,20260732
2023-07-26,EV,FeasibleITransformer,96,33.71399688720703,33.71399688720703,0.0,110.81429290771484,110.81429290771484,110.81429290771484,110.81429290771484,0.9165270328521729,20260732
2023-07-27,EV,FeasibleITransformer,32,0.0,0.0,0.0,0.9359586238861084,5.514562129974365,0.9359586238861084,5.514562129974365,0.5025513768196106,20260732
2023-07-27,EV,FeasibleITransformer,48,3.9719998836517334,13.871999740600586,0.75,25.984601974487305,69.76700592041016,25.984601974487305,69.76700592041016,3.717863082885742,20260732
2023-07-27,EV,FeasibleITransformer,64,13.871999740600586,13.871999740600586,0.375,72.90057373046875,74.39713287353516,72.90057373046875,74.39713287353516,5.460054874420166,20260732
2023-07-27,EV,FeasibleITransformer,80,13.871999740600586,13.871999740600586,0.0,85.93895721435547,85.95357513427734,85.93895721435547,85.95357513427734,3.462686538696289,20260732
2023-07-27,EV,FeasibleITransformer,84,13.871999740600586,13.871999740600586,0.0,93.91875457763672,93.91875457763672,93.91875457763672,93.91875457763672,1.2740726470947266,20260732
2023-07-27,EV,FeasibleITransformer,96,13.871999740600586,13.871999740600586,0.0,111.12406921386719,111.12406921386719,111.12406921386719,111.12406921386719,0.8769229650497437,20260732
2023-07-28,EV,FeasibleITransformer,32,0.0,0.0,0.0,1.1842730045318604,6.734251022338867,1.1842730045318604,6.734251022338867,0.45542633533477783,20260732
2023-07-28,EV,FeasibleITransformer,48,0.0,0.0,0.0,15.824689865112305,55.78789520263672,15.824689865112305,55.78789520263672,2.497737169265747,20260732
2023-07-28,EV,FeasibleITransformer,64,0.0,0.0,0.0,59.019344329833984,59.14082336425781,59.019344329833984,59.14082336425781,5.005911827087402,20260732
2023-07-28,EV,FeasibleITransformer,80,0.0,0.0,0.0,73.06810760498047,73.06809997558594,73.06810760498047,73.06809997558594,3.7509992122650146,20260732
2023-07-28,EV,FeasibleITransformer,84,0.0,0.0,0.0,81.04450988769531,81.04450988769531,81.04450988769531,81.04450988769531,1.2337617874145508,20260732
2023-07-28,EV,FeasibleITransformer,96,0.0,0.0,0.0,98.66331481933594,98.66331481933594,98.66331481933594,98.66331481933594,0.8904826045036316,20260732
2023-07-29,EV,FeasibleITransformer,32,0.0,0.0,0.0,1.3756662607192993,6.228373050689697,1.3756662607192993,6.228373050689697,0.43573054671287537,20260732
2023-07-29,EV,FeasibleITransformer,48,0.0,0.0,0.0,11.981348991394043,43.39638900756836,11.981348991394043,43.39638900756836,1.9554837942123413,20260732
2023-07-29,EV,FeasibleITransformer,64,1.225000023841858,1.225000023841858,0.125,47.43390655517578,47.43507385253906,47.43390655517578,47.43507385253906,4.802232265472412,20260732
2023-07-29,EV,FeasibleITransformer,80,1.225000023841858,1.225000023841858,0.0,64.32405090332031,64.32405090332031,64.32405090332031,64.32405090332031,3.3525750637054443,20260732
2023-07-29,EV,FeasibleITransformer,84,1.225000023841858,1.225000023841858,0.0,70.57523345947266,70.57523345947266,70.57523345947266,70.57523345947266,1.0610830783843994,20260732
2023-07-29,EV,FeasibleITransformer,96,1.225000023841858,1.225000023841858,0.0,87.82767486572266,87.82767486572266,87.82767486572266,87.82767486572266,0.8814839124679565,20260732
2023-07-30,EV,FeasibleITransformer,32,0.0,4.949999809265137,0.09375,1.573542833328247,4.9565558433532715,1.573542833328247,4.9565558433532715,0.46999815106391907,20260732
2023-07-30,EV,FeasibleITransformer,48,8.61400032043457,11.913999557495117,1.0,13.988471984863281,38.74348831176758,13.988471984863281,38.74348831176758,1.9776700735092163,20260732
2023-07-30,EV,FeasibleITransformer,64,17.972999572753906,17.972999572753906,0.5,43.95956802368164,43.960960388183594,43.95956802368164,43.960960388183594,4.726840019226074,20260732
2023-07-30,EV,FeasibleITransformer,80,17.972999572753906,17.972999572753906,0.0,61.71942138671875,61.71942138671875,61.71942138671875,61.71942138671875,3.1380746364593506,20260732
2023-07-30,EV,FeasibleITransformer,84,17.972999572753906,17.972999572753906,0.0,67.63927459716797,67.63927459716797,67.63927459716797,67.63927459716797,0.9884858131408691,20260732
2023-07-30,EV,FeasibleITransformer,96,17.972999572753906,17.972999572753906,0.0,85.09255981445312,85.09255981445312,85.09255981445312,85.09255981445312,0.8858241438865662,20260732
2023-07-31,EV,FeasibleITransformer,32,0.0,0.0,0.0,1.2423852682113647,3.910458564758301,1.2423852682113647,3.910458564758301,0.5206892490386963,20260732
2023-07-31,EV,FeasibleITransformer,48,2.813000202178955,4.564000129699707,0.75,22.45021629333496,46.65055847167969,22.45021629333496,46.65055847167969,3.036953926086426,20260732
2023-07-31,EV,FeasibleITransformer,64,45.78700256347656,48.26000213623047,1.8125,54.291141510009766,54.44336700439453,54.291141510009766,54.44336700439453,5.309349060058594,20260732
2023-07-31,EV,FeasibleITransformer,80,49.08700180053711,49.08700180053711,0.125,71.37943267822266,71.3805160522461,71.37943267822266,71.3805160522461,2.8348591327667236,20260732
2023-07-31,EV,FeasibleITransformer,84,49.08700180053711,49.08700180053711,0.0,77.20158386230469,77.20158386230469,77.20158386230469,77.20158386230469,0.912500262260437,20260732
2023-07-31,EV,FeasibleITransformer,96,49.08700180053711,49.08700180053711,0.0,94.66350555419922,94.66350555419922,94.66350555419922,94.66350555419922,0.8824765682220459,20260732
2023-08-01,EV,FeasibleITransformer,32,3.190000057220459,6.489999771118164,0.125,1.0164482593536377,3.7051124572753906,1.0164482593536377,3.7051124572753906,0.571282684803009,20260732
2023-08-01,EV,FeasibleITransformer,48,16.391000747680664,18.03999900817871,0.5625,31.66292381286621,59.919918060302734,31.66292381286621,59.919918060302734,3.9505720138549805,20260732
2023-08-01,EV,FeasibleITransformer,64,36.191001892089844,37.33399963378906,1.0625,66.14490509033203,66.78399658203125,66.14490509033203,66.78399658203125,5.474425315856934,20260732
2023-08-01,EV,FeasibleITransformer,80,37.33399963378906,37.33399963378906,0.125,78.22952270507812,78.23381805419922,78.22952270507812,78.23381805419922,2.854929208755493,20260732
2023-08-01,EV,FeasibleITransformer,84,42.01899719238281,43.933998107910156,1.0,85.18631744384766,85.18631744384766,85.18631744384766,85.18631744384766,1.0869580507278442,20260732
2023-08-01,EV,FeasibleITransformer,96,48.61899948120117,48.61899948120117,0.3333333432674408,102.92759704589844,102.92759704589844,102.92759704589844,102.92759704589844,0.898001492023468,20260732
2023-08-02,EV,FeasibleITransformer,32,0.0,0.0,0.0,0.9939924478530884,4.68645715713501,0.9939924478530884,4.68645715713501,0.6252771019935608,20260732
2023-08-02,EV,FeasibleITransformer,48,0.0,6.005000114440918,0.9375,34.80532455444336,74.43997955322266,34.80532455444336,74.43997955322266,4.65786075592041,20260732
2023-08-02,EV,FeasibleITransformer,64,27.388999938964844,30.68899917602539,1.6875,77.32425689697266,80.67050170898438,77.32425689697266,80.67050170898438,5.918691635131836,20260732
2023-08-02,EV,FeasibleITransformer,80,30.68899917602539,30.68899917602539,0.125,89.34656524658203,89.4883041381836,89.34656524658203,89.4883041381836,3.12178373336792,20260732
2023-08-02,EV,FeasibleITransformer,84,30.68899917602539,30.68899917602539,0.0,97.26626586914062,97.27117156982422,97.26626586914062,97.27117156982422,1.3343417644500732,20260732
2023-08-02,EV,FeasibleITransformer,96,30.68899917602539,30.68899917602539,0.0,115.16621398925781,115.16621398925781,115.16621398925781,115.16621398925781,0.9468650221824646,20260732
2023-08-03,EV,FeasibleITransformer,32,0.0,0.0,0.0,0.9644719362258911,5.821916580200195,0.9644719362258911,5.821916580200195,0.5287690162658691,20260732
2023-08-03,EV,FeasibleITransformer,48,18.555999755859375,31.756000518798828,2.0625,25.41657257080078,70.52591705322266,25.41657257080078,70.52591705322266,3.6790997982025146,20260732
2023-08-03,EV,FeasibleITransformer,64,45.60099792480469,72.56700134277344,1.75,73.74214172363281,74.95805358886719,73.74214172363281,74.95805358886719,5.568292617797852,20260732
2023-08-03,EV,FeasibleITransformer,80,76.95099639892578,76.95099639892578,1.1875,85.05970001220703,85.08567810058594,85.05970001220703,85.08567810058594,3.436253547668457,20260732
2023-08-03,EV,FeasibleITransformer,84,76.95099639892578,76.95099639892578,0.0,93.08926391601562,93.09831237792969,93.08926391601562,93.09831237792969,1.3198316097259521,20260732
2023-08-03,EV,FeasibleITransformer,96,76.95099639892578,76.95099639892578,0.0,110.772216796875,110.772216796875,110.772216796875,110.772216796875,0.8988581299781799,20260732
2023-08-04,EV,FeasibleITransformer,32,0.0,0.0,0.0,1.240026831626892,7.1778717041015625,1.240026831626892,7.1778717041015625,0.48699402809143066,20260732
2023-08-04,EV,FeasibleITransformer,48,0.0,8.25,0.3125,15.631107330322266,57.496585845947266,15.631107330322266,57.496585845947266,2.51998233795166,20260732
2023-08-04,EV,FeasibleITransformer,64,15.270999908447266,18.570999145507812,1.0,60.79233169555664,61.08266067504883,60.79233169555664,61.08266067504883,5.31110954284668,20260732
2023-08-04,EV,FeasibleITransformer,80,22.779998779296875,22.779998779296875,0.625,74.81266784667969,74.81302642822266,74.81266784667969,74.81302642822266,3.6608211994171143,20260732
2023-08-04,EV,FeasibleITransformer,84,22.779998779296875,22.779998779296875,0.0,82.7032470703125,82.7032470703125,82.7032470703125,82.7032470703125,1.2994056940078735,20260732
2023-08-04,EV,FeasibleITransformer,96,22.779998779296875,22.779998779296875,0.0,100.22918701171875,100.22918701171875,100.22918701171875,100.22918701171875,0.8974154591560364,20260732
2023-08-05,EV,FeasibleITransformer,32,0.0,0.0,0.0,1.3919678926467896,6.586629390716553,1.3919678926467896,6.586629390716553,0.4547296166419983,20260732
2023-08-05,EV,FeasibleITransformer,48,11.979999542236328,33.75,1.8125,11.76058578491211,44.7426643371582,11.76058578491211,44.7426643371582,1.9613388776779175,20260732
2023-08-05,EV,FeasibleITransformer,64,42.43000030517578,47.73899841308594,1.875,50.09571838378906,50.12343978881836,50.09571838378906,50.12343978881836,5.043111801147461,20260732
2023-08-05,EV,FeasibleITransformer,80,47.73899841308594,47.73899841308594,0.3125,66.78787231445312,66.78913116455078,66.78787231445312,66.78913116455078,3.334092140197754,20260732
2023-08-05,EV,FeasibleITransformer,84,47.73899841308594,47.73899841308594,0.0,73.2216796875,73.2216796875,73.2216796875,73.2216796875,1.0420159101486206,20260732
2023-08-05,EV,FeasibleITransformer,96,47.73899841308594,47.73899841308594,0.0,90.29573059082031,90.29573059082031,90.29573059082031,90.29573059082031,0.8707536458969116,20260732
2023-08-06,EV,FeasibleITransformer,32,0.0,0.0,0.0,1.5714240074157715,5.530810832977295,1.5714240074157715,5.530810832977295,0.5093082785606384,20260732
2023-08-06,EV,FeasibleITransformer,48,0.0,0.0,0.0,14.609455108642578,40.52096176147461,14.609455108642578,40.52096176147461,2.1340091228485107,20260732
2023-08-06,EV,FeasibleITransformer,64,0.0,4.553999900817871,0.1875,47.03789520263672,47.04362487792969,47.03789520263672,47.04362487792969,5.077899932861328,20260732
2023-08-06,EV,FeasibleITransformer,80,10.121999740600586,10.121999740600586,1.25,65.05567932128906,65.05567932128906,65.05567932128906,65.05567932128906,3.111720561981201,20260732
2023-08-06,EV,FeasibleITransformer,84,10.121999740600586,10.121999740600586,0.0,71.01373291015625,71.01373291015625,71.01373291015625,71.01373291015625,0.9481669068336487,20260732
2023-08-06,EV,FeasibleITransformer,96,10.121999740600586,10.121999740600586,0.0,88.38207244873047,88.38207244873047,88.38207244873047,88.38207244873047,0.8823542594909668,20260732
2023-08-07,EV,FeasibleITransformer,32,0.0,0.0,0.0,1.4124844074249268,4.217655181884766,1.4124844074249268,4.217655181884766,0.5466434359550476,20260732
2023-08-07,EV,FeasibleITransformer,48,11.246999740600586,19.496999740600586,1.1875,22.141054153442383,47.38737487792969,22.141054153442383,47.38737487792969,2.9593610763549805,20260732
2023-08-07,EV,FeasibleITransformer,64,24.957000732421875,24.957000732421875,1.25,55.04810333251953,55.16449737548828,55.04810333251953,55.16449737548828,5.402374744415283,20260732
2023-08-07,EV,FeasibleITransformer,80,25.562000274658203,27.21200180053711,0.8125,71.24917602539062,71.26717376708984,71.24917602539062,71.26717376708984,2.9664182662963867,20260732
2023-08-07,EV,FeasibleITransformer,84,27.21200180053711,27.21200180053711,0.25,77.27828216552734,77.28254699707031,77.27828216552734,77.28254699707031,0.9790380001068115,20260732
2023-08-07,EV,FeasibleITransformer,96,27.21200180053711,27.21200180053711,0.0,94.81291198730469,94.81291198730469,94.81291198730469,94.81291198730469,0.8976631760597229,20260732
2023-08-08,EV,FeasibleITransformer,32,0.5640000104904175,3.299999952316284,0.0625,1.2148629426956177,4.054625988006592,1.2148629426956177,4.054625988006592,0.6103954315185547,20260732
2023-08-08,EV,FeasibleITransformer,48,20.36400032043457,31.91400146484375,1.1875,33.226261138916016,64.30240631103516,33.226261138916016,64.30240631103516,4.185332298278809,20260732
2023-08-08,EV,FeasibleITransformer,64,39.49199676513672,57.641998291015625,1.75,71.75049591064453,72.88388061523438,71.75049591064453,72.88388061523438,5.924501419067383,20260732
2023-08-08,EV,FeasibleITransformer,80,57.641998291015625,57.641998291015625,0.6875,86.34324645996094,86.40620422363281,86.34324645996094,86.40620422363281,3.077054977416992,20260732
2023-08-08,EV,FeasibleITransformer,84,57.641998291015625,57.641998291015625,0.0,93.7222900390625,93.72445678710938,93.7222900390625,93.72445678710938,1.2199357748031616,20260732
2023-08-08,EV,FeasibleITransformer,96,57.641998291015625,57.641998291015625,0.0,111.78861236572266,111.78861236572266,111.78861236572266,111.78861236572266,0.9484745264053345,20260732
2023-08-09,EV,FeasibleITransformer,32,0.0,0.0,0.0,1.05939781665802,4.81873083114624,1.05939781665802,4.81873083114624,0.6190714240074158,20260732
2023-08-09,EV,FeasibleITransformer,48,8.795999526977539,18.696001052856445,1.3125,35.11593246459961,78.08078002929688,35.11593246459961,78.08078002929688,4.834972381591797,20260732
2023-08-09,EV,FeasibleITransformer,64,18.696001052856445,18.696001052856445,0.375,83.1731948852539,86.73970794677734,83.1731948852539,86.73970794677734,6.322525501251221,20260732
2023-08-09,EV,FeasibleITransformer,80,18.696001052856445,18.696001052856445,0.0,96.56905364990234,96.65299987792969,96.56905364990234,96.65299987792969,3.356358051300049,20260732
2023-08-09,EV,FeasibleITransformer,84,18.696001052856445,18.696001052856445,0.0,104.76795959472656,104.78331756591797,104.76795959472656,104.78331756591797,1.3306585550308228,20260732
2023-08-09,EV,FeasibleITransformer,96,18.696001052856445,18.696001052856445,0.0,122.89120483398438,122.89120483398438,122.89120483398438,122.89120483398438,0.927396297454834,20260732
2023-08-10,EV,FeasibleITransformer,32,6.682000160217285,9.071999549865723,0.25,0.9992154836654663,6.032883644104004,0.9992154836654663,6.032883644104004,0.5482833385467529,20260732
2023-08-10,EV,FeasibleITransformer,48,26.48200035095215,46.24100112915039,2.3125,26.355236053466797,73.29719543457031,26.355236053466797,73.29719543457031,3.998995065689087,20260732
2023-08-10,EV,FeasibleITransformer,64,45.5620002746582,53.77100372314453,2.3125,77.78980255126953,79.10704040527344,77.78980255126953,79.10704040527344,5.6221394538879395,20260732
2023-08-10,EV,FeasibleITransformer,80,53.77100372314453,53.77100372314453,0.375,89.71174621582031,89.76436614990234,89.71174621582031,89.76436614990234,3.644516706466675,20260732
2023-08-10,EV,FeasibleITransformer,84,53.77100372314453,53.77100372314453,0.0,97.97948455810547,98.01203155517578,97.97948455810547,98.01203155517578,1.3569705486297607,20260732
2023-08-10,EV,FeasibleITransformer,96,53.77100372314453,53.77100372314453,0.0,115.3644790649414,115.3644790649414,115.3644790649414,115.3644790649414,0.9036700129508972,20260732
2023-08-11,EV,FeasibleITransformer,32,0.0,0.0,0.0,1.443124532699585,7.687949180603027,1.443124532699585,7.687949180603027,0.5307846665382385,20260732
2023-08-11,EV,FeasibleITransformer,48,0.0,0.0,0.0,16.108407974243164,60.21085739135742,16.108407974243164,60.21085739135742,2.775015354156494,20260732
2023-08-11,EV,FeasibleITransformer,64,5.497000217437744,5.497000217437744,1.1875,63.785362243652344,64.93717956542969,63.785362243652344,64.93717956542969,5.568593502044678,20260732
2023-08-11,EV,FeasibleITransformer,80,5.497000217437744,5.497000217437744,0.0,80.21236419677734,80.23831939697266,80.21236419677734,80.23831939697266,3.9029529094696045,20260732
2023-08-11,EV,FeasibleITransformer,84,5.497000217437744,5.497000217437744,0.0,88.32208251953125,88.32208251953125,88.32208251953125,88.32208251953125,1.304604411125183,20260732
2023-08-11,EV,FeasibleITransformer,96,5.497000217437744,5.497000217437744,0.0,105.64949035644531,105.64949035644531,105.64949035644531,105.64949035644531,0.8848763108253479,20260732
2023-08-12,EV,FeasibleITransformer,32,0.0,0.0,0.0,1.4467945098876953,6.954462051391602,1.4467945098876953,6.954462051391602,0.4832983911037445,20260732
2023-08-12,EV,FeasibleITransformer,48,0.0,4.296000003814697,0.5,11.901320457458496,44.77482986450195,11.901320457458496,44.77482986450195,2.060368537902832,20260732
2023-08-12,EV,FeasibleITransformer,64,5.421000003814697,9.717000007629395,1.375,49.81602096557617,49.861419677734375,49.81602096557617,49.861419677734375,5.101829528808594,20260732
2023-08-12,EV,FeasibleITransformer,80,9.717000007629395,9.717000007629395,0.3125,66.8727035522461,66.87974548339844,66.8727035522461,66.87974548339844,3.414066791534424,20260732
2023-08-12,EV,FeasibleITransformer,84,9.717000007629395,9.717000007629395,0.0,73.43235778808594,73.4323501586914,73.43235778808594,73.4323501586914,1.047180414199829,20260732
2023-08-12,EV,FeasibleITransformer,96,9.717000007629395,9.717000007629395,0.0,90.36441802978516,90.36441802978516,90.36441802978516,90.36441802978516,0.869270384311676,20260732
2023-08-13,EV,FeasibleITransformer,32,0.0,0.0,0.0,1.8352925777435303,5.869781970977783,1.8352925777435303,5.869781970977783,0.5212000012397766,20260732
2023-08-13,EV,FeasibleITransformer,48,0.0,0.0,0.0,14.483746528625488,42.084930419921875,14.483746528625488,42.084930419921875,2.196800708770752,20260732
2023-08-13,EV,FeasibleITransformer,64,5.197999954223633,8.25,0.3125,48.938350677490234,49.03083419799805,48.938350677490234,49.03083419799805,5.335385322570801,20260732
2023-08-13,EV,FeasibleITransformer,80,25.750999450683594,27.4010009765625,1.25,68.16207122802734,68.16807556152344,68.16207122802734,68.16807556152344,3.2798116207122803,20260732
2023-08-13,EV,FeasibleITransformer,84,27.4010009765625,27.4010009765625,0.25,74.08941650390625,74.08941650390625,74.08941650390625,74.08941650390625,0.9662190079689026,20260732
2023-08-13,EV,FeasibleITransformer,96,27.4010009765625,27.4010009765625,0.0,91.1919937133789,91.1919937133789,91.1919937133789,91.1919937133789,0.8806199431419373,20260732
2023-08-14,EV,FeasibleITransformer,32,0.0,1.649999976158142,0.03125,1.553907036781311,4.687234878540039,1.553907036781311,4.687234878540039,0.5773817300796509,20260732
2023-08-14,EV,FeasibleITransformer,48,21.06399917602539,24.10099983215332,1.5,22.523313522338867,49.63520050048828,22.523313522338867,49.63520050048828,3.161841869354248,20260732
2023-08-14,EV,FeasibleITransformer,64,41.26499557495117,41.26499557495117,0.875,59.98965072631836,60.12430191040039,59.98965072631836,60.12430191040039,5.840136528015137,20260732
2023-08-14,EV,FeasibleITransformer,80,41.26499557495117,41.26499557495117,0.0,76.26805877685547,76.27082061767578,76.26805877685547,76.27082061767578,3.0477612018585205,20260732
2023-08-14,EV,FeasibleITransformer,84,41.26499557495117,41.26499557495117,0.0,82.68243408203125,82.68243408203125,82.68243408203125,82.68243408203125,1.0425220727920532,20260732
2023-08-14,EV,FeasibleITransformer,96,41.26499557495117,41.26499557495117,0.0,100.23896026611328,100.23896026611328,100.23896026611328,100.23896026611328,0.9052050709724426,20260732
2023-08-15,EV,FeasibleITransformer,32,1.9529999494552612,3.299999952316284,0.0625,1.2746953964233398,4.35650634765625,1.2746953964233398,4.35650634765625,0.656920313835144,20260732
2023-08-15,EV,FeasibleITransformer,48,27.69700050354004,30.003000259399414,1.0625,32.91115188598633,64.91262817382812,32.91115188598633,64.91262817382812,4.359698295593262,20260732
2023-08-15,EV,FeasibleITransformer,64,54.09700012207031,56.40299987792969,1.0,71.93164825439453,73.24242401123047,71.93164825439453,73.24242401123047,5.980023384094238,20260732
2023-08-15,EV,FeasibleITransformer,80,57.397003173828125,57.397003173828125,0.125,85.47437286376953,85.52655792236328,85.47437286376953,85.52655792236328,2.9878392219543457,20260732
2023-08-15,EV,FeasibleITransformer,84,57.397003173828125,57.397003173828125,0.0,92.6681900024414,92.69538116455078,92.6681900024414,92.69538116455078,1.1882752180099487,20260732
2023-08-15,EV,FeasibleITransformer,96,57.397003173828125,57.397003173828125,0.0,110.67849731445312,110.67849731445312,110.67849731445312,110.67849731445312,0.9361366629600525,20260732
2023-08-16,EV,FeasibleITransformer,32,0.0,1.649999976158142,0.03125,1.1144698858261108,5.1626386642456055,1.1144698858261108,5.1626386642456055,0.6468597054481506,20260732
2023-08-16,EV,FeasibleITransformer,48,32.1609992980957,57.5469970703125,3.125,36.19326400756836,78.31095123291016,36.19326400756836,78.31095123291016,4.810249328613281,20260732
2023-08-16,EV,FeasibleITransformer,64,83.65299987792969,93.55299377441406,2.75,82.03960418701172,85.2660903930664,82.03960418701172,85.2660903930664,6.207625865936279,20260732
2023-08-16,EV,FeasibleITransformer,80,94.55500793457031,94.55500793457031,0.5625,94.63448333740234,94.71487426757812,94.63448333740234,94.71487426757812,3.335292339324951,20260732
2023-08-16,EV,FeasibleITransformer,84,94.55500793457031,94.55500793457031,0.0,102.96998596191406,102.9754638671875,102.96998596191406,102.9754638671875,1.360373854637146,20260732
2023-08-16,EV,FeasibleITransformer,96,94.55500793457031,94.55500793457031,0.0,120.968994140625,120.968994140625,120.968994140625,120.968994140625,0.9231317043304443,20260732
2023-08-17,EV,FeasibleITransformer,32,0.0,0.0,0.0,1.1905620098114014,6.815535545349121,1.1905620098114014,6.815535545349121,0.5896917581558228,20260732
2023-08-17,EV,FeasibleITransformer,48,5.326000213623047,33.375999450683594,1.875,26.688661575317383,78.16241455078125,26.688661575317383,78.16241455078125,4.367901802062988,20260732
2023-08-17,EV,FeasibleITransformer,64,36.37699890136719,62.777000427246094,2.0,80.90991973876953,83.56568908691406,80.90991973876953,83.56568908691406,6.099348545074463,20260732
2023-08-17,EV,FeasibleITransformer,80,62.777000427246094,62.777000427246094,1.0,96.10719299316406,96.14083862304688,96.10719299316406,96.14083862304688,3.684504270553589,20260732
2023-08-17,EV,FeasibleITransformer,84,62.777000427246094,62.777000427246094,0.0,104.66014099121094,104.66014099121094,104.66014099121094,104.66014099121094,1.3961683511734009,20260732
2023-08-17,EV,FeasibleITransformer,96,62.777000427246094,62.777000427246094,0.0,122.24456024169922,122.24456024169922,122.24456024169922,122.24456024169922,0.9059351086616516,20260732
2023-08-18,EV,FeasibleITransformer,32,0.0,0.0,0.0,1.5526294708251953,8.357230186462402,1.5526294708251953,8.357230186462402,0.5342152714729309,20260732
2023-08-18,EV,FeasibleITransformer,48,4.329999923706055,10.930000305175781,1.125,16.307220458984375,61.82749557495117,16.307220458984375,61.82749557495117,2.9077179431915283,20260732
2023-08-18,EV,FeasibleITransformer,64,11.901000022888184,11.901000022888184,0.5625,66.23062133789062,66.37459564208984,66.23062133789062,66.37459564208984,5.603135585784912,20260732
2023-08-18,EV,FeasibleITransformer,80,11.901000022888184,11.901000022888184,0.0,80.09130096435547,80.10282135009766,80.09130096435547,80.10282135009766,3.836118698120117,20260732
2023-08-18,EV,FeasibleITransformer,84,11.901000022888184,11.901000022888184,0.0,88.18331146240234,88.18331146240234,88.18331146240234,88.18331146240234,1.3254051208496094,20260732
2023-08-18,EV,FeasibleITransformer,96,11.901000022888184,11.901000022888184,0.0,105.93744659423828,105.93744659423828,105.93744659423828,105.93744659423828,0.9055359363555908,20260732
2023-08-19,EV,FeasibleITransformer,32,0.0,0.0,0.0,1.6125030517578125,7.608612060546875,1.6125030517578125,7.608612060546875,0.4958362579345703,20260732
2023-08-19,EV,FeasibleITransformer,48,0.0,0.0,0.0,12.312996864318848,49.515052795410156,12.312996864318848,49.515052795410156,2.322443962097168,20260732
2023-08-19,EV,FeasibleITransformer,64,0.0,1.649999976158142,0.0625,55.66564178466797,55.6923828125,55.66564178466797,55.6923828125,5.640269756317139,20260732
2023-08-19,EV,FeasibleITransformer,80,24.80900001525879,28.049999237060547,1.0,73.57270050048828,73.57646942138672,73.57270050048828,73.57646942138672,3.5052711963653564,20260732
2023-08-19,EV,FeasibleITransformer,84,31.409000396728516,33.058998107910156,1.0,80.4359359741211,80.4359359741211,80.4359359741211,80.4359359741211,1.1285853385925293,20260732
2023-08-19,EV,FeasibleITransformer,96,33.058998107910156,33.058998107910156,0.0833333358168602,97.6799545288086,97.6799545288086,97.6799545288086,97.6799545288086,0.8919711709022522,20260732
2023-08-20,EV,FeasibleITransformer,32,0.0,0.0,0.0,1.9871500730514526,6.198460578918457,1.9871500730514526,6.198460578918457,0.5510782599449158,20260732
2023-08-20,EV,FeasibleITransformer,48,0.0,0.0,0.0,14.642322540283203,43.02008819580078,14.642322540283203,43.02008819580078,2.2376437187194824,20260732
2023-08-20,EV,FeasibleITransformer,64,0.0,0.0,0.0,49.727577209472656,49.750431060791016,49.727577209472656,49.750431060791016,5.282580852508545,20260732
2023-08-20,EV,FeasibleITransformer,80,0.0,0.0,0.0,67.91316986083984,67.92261505126953,67.91316986083984,67.92261505126953,3.482541084289551,20260732
2023-08-20,EV,FeasibleITransformer,84,0.0,0.0,0.0,74.14295959472656,74.14295959472656,74.14295959472656,74.14295959472656,1.0886743068695068,20260732
2023-08-20,EV,FeasibleITransformer,96,0.0,0.0,0.0,91.8853530883789,91.8853530883789,91.8853530883789,91.8853530883789,0.908244788646698,20260732
2023-08-21,EV,FeasibleITransformer,32,0.0,4.949999809265137,0.09375,1.4931482076644897,4.644723892211914,1.4931482076644897,4.644723892211914,0.5762560367584229,20260732
2023-08-21,EV,FeasibleITransformer,48,14.255000114440918,17.55500030517578,1.0,22.013408660888672,49.8349609375,22.013408660888672,49.8349609375,3.2791085243225098,20260732
2023-08-21,EV,FeasibleITransformer,64,17.55500030517578,17.55500030517578,0.125,59.23636245727539,59.44761657714844,59.23636245727539,59.44761657714844,5.732771396636963,20260732
2023-08-21,EV,FeasibleITransformer,80,17.55500030517578,17.55500030517578,0.0,75.03811645507812,75.05409240722656,75.03811645507812,75.05409240722656,2.947455406188965,20260732
2023-08-21,EV,FeasibleITransformer,84,17.55500030517578,17.55500030517578,0.0,81.59517669677734,81.60025024414062,81.59517669677734,81.60025024414062,1.0127466917037964,20260732
2023-08-21,EV,FeasibleITransformer,96,17.55500030517578,17.55500030517578,0.0,99.12068176269531,99.12068176269531,99.12068176269531,99.12068176269531,0.8899375796318054,20260732
2023-08-22,EV,FeasibleITransformer,32,0.0,0.0,0.0,1.1939464807510376,4.312923908233643,1.1939464807510376,4.312923908233643,0.6487886905670166,20260732
2023-08-22,EV,FeasibleITransformer,48,3.1579999923706055,3.1579999923706055,0.4375,31.988399505615234,63.82584762573242,31.988399505615234,63.82584762573242,4.180113315582275,20260732
2023-08-22,EV,FeasibleITransformer,64,3.1579999923706055,3.1579999923706055,0.0,71.50881958007812,72.64417266845703,71.50881958007812,72.64417266845703,5.7771077156066895,20260732
2023-08-22,EV,FeasibleITransformer,80,3.1579999923706055,3.1579999923706055,0.0,83.79853820800781,83.8907699584961,83.79853820800781,83.8907699584961,3.045760154724121,20260732
2023-08-22,EV,FeasibleITransformer,84,3.1579999923706055,3.1579999923706055,0.0,91.1712417602539,91.20771789550781,91.1712417602539,91.20771789550781,1.192131757736206,20260732
2023-08-22,EV,FeasibleITransformer,96,3.1579999923706055,3.1579999923706055,0.0,109.03199005126953,109.03199005126953,109.03199005126953,109.03199005126953,0.9272989630699158,20260732
2023-08-23,EV,FeasibleITransformer,32,0.0,0.0,0.0,0.9877643585205078,5.038551330566406,0.9877643585205078,5.038551330566406,0.6191284656524658,20260732
2023-08-23,EV,FeasibleITransformer,48,2.822000026702881,10.457000732421875,1.5,34.79826736450195,80.83531951904297,34.79826736450195,80.83531951904297,5.042694568634033,20260732
2023-08-23,EV,FeasibleITransformer,64,10.457000732421875,15.045000076293945,0.9375,84.6848373413086,88.67781829833984,84.6848373413086,88.67781829833984,6.355000972747803,20260732
2023-08-23,EV,FeasibleITransformer,80,26.45600128173828,26.45600128173828,1.0625,98.29426574707031,98.3890380859375,98.29426574707031,98.3890380859375,3.2029616832733154,20260732
2023-08-23,EV,FeasibleITransformer,84,26.45600128173828,26.45600128173828,0.0,106.28825378417969,106.2903060913086,106.28825378417969,106.2903060913086,1.3245571851730347,20260732
2023-08-23,EV,FeasibleITransformer,96,26.45600128173828,26.45600128173828,0.0,123.91555786132812,123.91555786132812,123.91555786132812,123.91555786132812,0.9028370380401611,20260732
2023-08-24,EV,FeasibleITransformer,32,0.0,3.299999952316284,0.0625,1.1005009412765503,6.553769111633301,1.1005009412765503,6.553769111633301,0.5825698375701904,20260732
2023-08-24,EV,FeasibleITransformer,48,11.46399974822998,27.964000701904297,1.0,25.04617691040039,75.71601104736328,25.04617691040039,75.71601104736328,4.005370140075684,20260732
2023-08-24,EV,FeasibleITransformer,64,27.964000701904297,34.374000549316406,1.3125,78.07026672363281,80.80107116699219,78.07026672363281,80.80107116699219,5.885153770446777,20260732
2023-08-24,EV,FeasibleITransformer,80,34.374000549316406,34.374000549316406,0.3125,90.77190399169922,90.87309265136719,90.77190399169922,90.87309265136719,3.7441279888153076,20260732
2023-08-24,EV,FeasibleITransformer,84,36.345001220703125,37.67399978637695,0.5,99.30108642578125,99.30108642578125,99.30108642578125,99.30108642578125,1.3602824211120605,20260732
2023-08-24,EV,FeasibleITransformer,96,46.24500274658203,46.24500274658203,0.5,116.58120727539062,116.58120727539062,116.58120727539062,116.58120727539062,0.8842011094093323,20260732
2023-08-25,EV,FeasibleITransformer,32,0.0,0.0,0.0,1.3759396076202393,8.109712600708008,1.3759396076202393,8.109712600708008,0.5367048978805542,20260732
2023-08-25,EV,FeasibleITransformer,48,4.1020002365112305,12.452000617980957,1.6875,15.333584785461426,60.03782272338867,15.333584785461426,60.03782272338867,2.7363791465759277,20260732
2023-08-25,EV,FeasibleITransformer,64,12.097000122070312,25.652000427246094,1.875,64.14584350585938,64.3399658203125,64.14584350585938,64.3399658203125,5.436504364013672,20260732
2023-08-25,EV,FeasibleITransformer,80,48.99199676513672,50.641998291015625,2.0625,76.24539184570312,76.27239990234375,76.24539184570312,76.27239990234375,3.770787000656128,20260732
2023-08-25,EV,FeasibleITransformer,84,50.641998291015625,50.641998291015625,0.25,84.1811752319336,84.18605041503906,84.1811752319336,84.18605041503906,1.389426350593567,20260732
2023-08-25,EV,FeasibleITransformer,96,50.641998291015625,50.641998291015625,0.0,101.61670684814453,101.61670684814453,101.61670684814453,101.61670684814453,0.9510468244552612,20260732
2023-08-26,EV,FeasibleITransformer,32,0.0,0.0,0.0,1.7465237379074097,8.140588760375977,1.7465237379074097,8.140588760375977,0.5190425515174866,20260732
2023-08-26,EV,FeasibleITransformer,48,0.0,0.0,0.0,12.4895658493042,50.34225082397461,12.4895658493042,50.34225082397461,2.2783069610595703,20260732
2023-08-26,EV,FeasibleITransformer,64,8.35200023651123,8.35200023651123,0.5,55.72278594970703,55.77505874633789,55.72278594970703,55.77505874633789,5.561534881591797,20260732
2023-08-26,EV,FeasibleITransformer,80,8.35200023651123,8.35200023651123,0.0,74.50148010253906,74.50419616699219,74.50148010253906,74.50419616699219,3.749143600463867,20260732
2023-08-26,EV,FeasibleITransformer,84,8.35200023651123,8.35200023651123,0.0,81.49292755126953,81.49292755126953,81.49292755126953,81.49292755126953,1.176943063735962,20260732
2023-08-26,EV,FeasibleITransformer,96,8.35200023651123,8.35200023651123,0.0,98.9557113647461,98.9557113647461,98.9557113647461,98.9557113647461,0.8939352631568909,20260732
2023-08-27,EV,FeasibleITransformer,32,0.0,0.0,0.0,1.7040430307388306,6.532835960388184,1.7040430307388306,6.532835960388184,0.5455097556114197,20260732
2023-08-27,EV,FeasibleITransformer,48,15.612000465393066,19.799999237060547,0.75,14.19644546508789,43.47797393798828,14.19644546508789,43.47797393798828,2.2586536407470703,20260732
2023-08-27,EV,FeasibleITransformer,64,39.31399917602539,39.31399917602539,0.9375,50.93035125732422,50.942630767822266,50.93035125732422,50.942630767822266,5.2019429206848145,20260732
2023-08-27,EV,FeasibleITransformer,80,44.54800033569336,44.54800033569336,0.6875,69.89237213134766,69.89752197265625,69.89237213134766,69.89752197265625,3.3554444313049316,20260732
2023-08-27,EV,FeasibleITransformer,84,44.54800033569336,44.54800033569336,0.0,76.00709533691406,76.00709533691406,76.00709533691406,76.00709533691406,1.0508992671966553,20260732
2023-08-27,EV,FeasibleITransformer,96,44.54800033569336,44.54800033569336,0.0,93.41997528076172,93.41997528076172,93.41997528076172,93.41997528076172,0.9083356261253357,20260732
2023-08-28,EV,FeasibleITransformer,32,0.0,0.0,0.0,1.5821881294250488,4.940694332122803,1.5821881294250488,4.940694332122803,0.6163933873176575,20260732
2023-08-28,EV,FeasibleITransformer,48,42.83799743652344,55.73099899291992,2.4375,22.042221069335938,50.12590789794922,22.042221069335938,50.12590789794922,3.1941797733306885,20260732
2023-08-28,EV,FeasibleITransformer,64,97.28800201416016,97.28800201416016,2.0625,60.658199310302734,60.754066467285156,60.658199310302734,60.754066467285156,5.817538738250732,20260732
2023-08-28,EV,FeasibleITransformer,80,105.98500061035156,105.98500061035156,0.375,76.4629898071289,76.51275634765625,76.4629898071289,76.51275634765625,3.1025989055633545,20260732
2023-08-28,EV,FeasibleITransformer,84,105.98500061035156,105.98500061035156,0.0,83.01911926269531,83.01971435546875,83.01911926269531,83.01971435546875,1.0962518453598022,20260732
2023-08-28,EV,FeasibleITransformer,96,105.98500061035156,105.98500061035156,0.0,100.87743377685547,100.87743377685547,100.87743377685547,100.87743377685547,0.9273954629898071,20260732
2023-08-29,EV,FeasibleITransformer,32,2.5190000534057617,4.949999809265137,0.09375,1.3295210599899292,4.733158588409424,1.3295210599899292,4.733158588409424,0.6778143048286438,20260732
2023-08-29,EV,FeasibleITransformer,48,22.319000244140625,22.319000244140625,0.75,33.19838333129883,67.29198455810547,33.19838333129883,67.29198455810547,4.4277215003967285,20260732
2023-08-29,EV,FeasibleITransformer,64,22.319000244140625,22.319000244140625,0.0,75.98683166503906,77.40399169921875,75.98683166503906,77.40399169921875,6.148410797119141,20260732
2023-08-29,EV,FeasibleITransformer,80,22.319000244140625,22.319000244140625,0.0,89.90667724609375,89.94754028320312,89.90667724609375,89.94754028320312,3.1242716312408447,20260732
2023-08-29,EV,FeasibleITransformer,84,22.319000244140625,22.319000244140625,0.0,97.51480865478516,97.51667785644531,97.51480865478516,97.51667785644531,1.273425579071045,20260732
2023-08-29,EV,FeasibleITransformer,96,22.319000244140625,22.319000244140625,0.0,116.15388488769531,116.15388488769531,116.15388488769531,116.15388488769531,0.9629544615745544,20260732
2023-08-30,EV,FeasibleITransformer,32,0.0,0.0,0.0,1.2115858793258667,5.691627502441406,1.2115858793258667,5.691627502441406,0.6719235777854919,20260732
2023-08-30,EV,FeasibleITransformer,48,0.0,4.2179999351501465,0.625,36.872703552246094,86.3134765625,36.872703552246094,86.3134765625,5.220418453216553,20260732
2023-08-30,EV,FeasibleITransformer,64,4.2179999351501465,5.711999893188477,1.6875,92.59413146972656,97.23170471191406,92.59413146972656,97.23170471191406,6.666884422302246,20260732
2023-08-30,EV,FeasibleITransformer,80,25.583999633789062,25.583999633789062,1.0625,108.65178680419922,108.85961151123047,108.65178680419922,108.85961151123047,3.448394298553467,20260732
2023-08-30,EV,FeasibleITransformer,84,25.583999633789062,25.583999633789062,0.0,117.30995178222656,117.35237884521484,117.30995178222656,117.35237884521484,1.4091986417770386,20260732
2023-08-30,EV,FeasibleITransformer,96,25.583999633789062,25.583999633789062,0.0,135.38746643066406,135.38746643066406,135.38746643066406,135.38746643066406,0.9392907619476318,20260732
2023-08-31,EV,FeasibleITransformer,32,2.924999952316284,4.949999809265137,0.09375,1.373661756515503,7.4259538650512695,1.373661756515503,7.4259538650512695,0.6228278875350952,20260732
2023-08-31,EV,FeasibleITransformer,48,19.424999237060547,19.424999237060547,0.625,26.961088180541992,80.57079315185547,26.961088180541992,80.57079315185547,4.3248772621154785,20260732
2023-08-31,EV,FeasibleITransformer,64,19.424999237060547,24.875999450683594,0.5,83.95005798339844,86.6884765625,83.95005798339844,86.6884765625,6.163667678833008,20260732
2023-08-31,EV,FeasibleITransformer,80,30.01799964904785,30.01799964904785,0.8125,97.17870330810547,97.25560760498047,97.17870330810547,97.25560760498047,3.9450926780700684,20260732
2023-08-31,EV,FeasibleITransformer,84,30.01799964904785,30.01799964904785,0.0,106.24803161621094,106.24803161621094,106.24803161621094,106.24803161621094,1.5017327070236206,20260732
2023-08-31,EV,FeasibleITransformer,96,30.01799964904785,30.01799964904785,0.0,124.30509185791016,124.30509185791016,124.30509185791016,124.30509185791016,0.959673285484314,20260732
2023-09-01,EV,FeasibleITransformer,32,0.0,0.0,0.0,1.5037730932235718,8.655403137207031,1.5037730932235718,8.655403137207031,0.5550068616867065,20260732
2023-09-01,EV,FeasibleITransformer,48,17.350000381469727,19.799999237060547,0.75,15.877676963806152,62.98601531982422,15.877676963806152,62.98601531982422,2.8496837615966797,20260732
2023-09-01,EV,FeasibleITransformer,64,25.600000381469727,25.600000381469727,0.3125,68.05699157714844,68.40422058105469,68.05699157714844,68.40422058105469,5.704476833343506,20260732
2023-09-01,EV,FeasibleITransformer,80,25.600000381469727,25.600000381469727,0.0,82.94445037841797,82.94673919677734,82.94445037841797,82.94673919677734,4.072134017944336,20260732
2023-09-01,EV,FeasibleITransformer,84,25.600000381469727,25.600000381469727,0.0,91.00215911865234,91.00215911865234,91.00215911865234,91.00215911865234,1.3515040874481201,20260732
2023-09-01,EV,FeasibleITransformer,96,25.600000381469727,25.600000381469727,0.0,108.36034393310547,108.36034393310547,108.36034393310547,108.36034393310547,0.8986639380455017,20260732
2023-09-02,EV,FeasibleITransformer,32,0.0,0.0,0.0,1.6497150659561157,7.877989768981934,1.6497150659561157,7.877989768981934,0.513840913772583,20260732
2023-09-02,EV,FeasibleITransformer,48,0.0,0.0,0.0,11.96081256866455,47.55573654174805,11.96081256866455,47.55573654174805,2.1338605880737305,20260732
2023-09-02,EV,FeasibleITransformer,64,0.0,0.0,0.0,53.628482818603516,53.65878677368164,53.628482818603516,53.65878677368164,5.3433451652526855,20260732
2023-09-02,EV,FeasibleITransformer,80,0.0,0.0,0.0,71.66757202148438,71.66757202148438,71.66757202148438,71.66757202148438,3.5987772941589355,20260732
2023-09-02,EV,FeasibleITransformer,84,0.0,0.0,0.0,78.6740951538086,78.6740951538086,78.6740951538086,78.6740951538086,1.1680985689163208,20260732
2023-09-02,EV,FeasibleITransformer,96,0.0,0.0,0.0,95.68701934814453,95.68701934814453,95.68701934814453,95.68701934814453,0.8788706660270691,20260732
2023-09-03,EV,FeasibleITransformer,32,0.0,0.0,0.0,1.7728649377822876,6.23445987701416,1.7728649377822876,6.23445987701416,0.5618301630020142,20260732
2023-09-03,EV,FeasibleITransformer,48,0.0,0.0,0.0,13.838581085205078,42.71036911010742,13.838581085205078,42.71036911010742,2.188730478286743,20260732
2023-09-03,EV,FeasibleITransformer,64,0.0,0.0,0.0,50.87320327758789,50.99043655395508,50.87320327758789,50.99043655395508,5.205463886260986,20260732
2023-09-03,EV,FeasibleITransformer,80,5.257999897003174,5.257999897003174,0.6875,69.86873626708984,69.86873626708984,69.86873626708984,69.86873626708984,3.378793239593506,20260732
2023-09-03,EV,FeasibleITransformer,84,5.257999897003174,5.257999897003174,0.0,76.06080627441406,76.06080627441406,76.06080627441406,76.06080627441406,0.9983410835266113,20260732
2023-09-03,EV,FeasibleITransformer,96,5.257999897003174,5.257999897003174,0.0,93.16835021972656,93.16835021972656,93.16835021972656,93.16835021972656,0.8777596354484558,20260732
2023-09-04,EV,FeasibleITransformer,32,0.0,0.0,0.0,1.3924808502197266,4.714864253997803,1.3924808502197266,4.714864253997803,0.6048597097396851,20260732
2023-09-04,EV,FeasibleITransformer,48,0.0,0.0,0.0,20.641115188598633,48.01464080810547,20.641115188598633,48.01464080810547,3.044196844100952,20260732
2023-09-04,EV,FeasibleITransformer,64,0.0,0.0,0.0,58.408050537109375,58.48835372924805,58.408050537109375,58.48835372924805,5.324566841125488,20260732
2023-09-04,EV,FeasibleITransformer,80,5.604000091552734,5.604000091552734,0.25,72.62806701660156,72.66716766357422,72.62806701660156,72.66716766357422,2.979667901992798,20260732
2023-09-04,EV,FeasibleITransformer,84,5.604000091552734,5.604000091552734,0.0,78.902099609375,78.9026107788086,78.902099609375,78.9026107788086,1.04381263256073,20260732
2023-09-04,EV,FeasibleITransformer,96,5.604000091552734,5.604000091552734,0.0,96.37328338623047,96.37328338623047,96.37328338623047,96.37328338623047,0.8914287090301514,20260732
2023-09-05,EV,FeasibleITransformer,32,0.9459999799728394,3.299999952316284,0.0625,1.197325348854065,4.495605945587158,1.197325348854065,4.495605945587158,0.6658598184585571,20260732
2023-09-05,EV,FeasibleITransformer,48,19.09600067138672,32.05500030517578,1.3125,30.98865509033203,63.74541473388672,30.98865509033203,63.74541473388672,4.087800025939941,20260732
2023-09-05,EV,FeasibleITransformer,64,28.755001068115234,34.91699981689453,1.375,71.88639831542969,73.2860336303711,71.88639831542969,73.2860336303711,5.532321453094482,20260732
2023-09-05,EV,FeasibleITransformer,80,34.91699981689453,34.91699981689453,0.25,84.00736236572266,84.13616943359375,84.00736236572266,84.13616943359375,2.94335675239563,20260732
2023-09-05,EV,FeasibleITransformer,84,34.91699981689453,34.91699981689453,0.0,91.12874603271484,91.14036560058594,91.12874603271484,91.14036560058594,1.167359709739685,20260732
2023-09-05,EV,FeasibleITransformer,96,34.91699981689453,34.91699981689453,0.0,108.52259063720703,108.52259063720703,108.52259063720703,108.52259063720703,0.8990994095802307,20260732
2023-09-06,EV,FeasibleITransformer,32,0.0,0.0,0.0,1.0173442363739014,5.244206428527832,1.0173442363739014,5.244206428527832,0.654259979724884,20260732
2023-09-06,EV,FeasibleITransformer,48,11.413000106811523,19.345001220703125,1.5,33.13246154785156,76.57565307617188,33.13246154785156,76.57565307617188,4.575023651123047,20260732
2023-09-06,EV,FeasibleITransformer,64,27.45800018310547,27.45800018310547,0.75,80.01488494873047,84.50313568115234,80.01488494873047,84.50313568115234,5.787927627563477,20260732
2023-09-06,EV,FeasibleITransformer,80,45.625,45.625,0.75,92.8673324584961,93.1108627319336,92.8673324584961,93.1108627319336,3.3409838676452637,20260732
2023-09-06,EV,FeasibleITransformer,84,45.625,45.625,0.0,101.10907745361328,101.18523406982422,101.10907745361328,101.18523406982422,1.3664833307266235,20260732
2023-09-06,EV,FeasibleITransformer,96,45.625,45.625,0.0,118.46687316894531,118.46687316894531,118.46687316894531,118.46687316894531,0.9006790518760681,20260732
2023-09-07,EV,FeasibleITransformer,32,0.0,0.0,0.0,1.271946907043457,7.257857799530029,1.271946907043457,7.257857799530029,0.6075633764266968,20260732
2023-09-07,EV,FeasibleITransformer,48,32.8129997253418,40.49800109863281,2.0625,25.14745330810547,76.47037506103516,25.14745330810547,76.47037506103516,3.926780939102173,20260732
2023-09-07,EV,FeasibleITransformer,64,38.847999572753906,46.33100128173828,1.875,80.58567810058594,82.60619354248047,80.58567810058594,82.60619354248047,5.676462173461914,20260732
2023-09-07,EV,FeasibleITransformer,80,52.5150032043457,52.5150032043457,1.1875,93.01702880859375,93.15525817871094,93.01702880859375,93.15525817871094,3.6990339756011963,20260732
2023-09-07,EV,FeasibleITransformer,84,52.5150032043457,52.5150032043457,0.0,101.59510803222656,101.62244415283203,101.59510803222656,101.62244415283203,1.4329941272735596,20260732
2023-09-07,EV,FeasibleITransformer,96,52.5150032043457,52.5150032043457,0.0,118.81526184082031,118.81526184082031,118.81526184082031,118.81526184082031,0.9203293919563293,20260732
2023-09-08,EV,FeasibleITransformer,32,0.0,0.0,0.0,1.5773042440414429,9.342146873474121,1.5773042440414429,9.342146873474121,0.5750975608825684,20260732
2023-09-08,EV,FeasibleITransformer,48,0.0,6.215000152587891,0.375,15.893433570861816,64.45433807373047,15.893433570861816,64.45433807373047,2.889857769012451,20260732
2023-09-08,EV,FeasibleITransformer,64,6.215000152587891,6.215000152587891,0.3125,70.34742736816406,70.6201400756836,70.34742736816406,70.6201400756836,5.659592628479004,20260732
2023-09-08,EV,FeasibleITransformer,80,6.215000152587891,6.215000152587891,0.0,85.4869155883789,85.49177551269531,85.4869155883789,85.49177551269531,4.002570152282715,20260732
2023-09-08,EV,FeasibleITransformer,84,6.215000152587891,6.215000152587891,0.0,93.4786148071289,93.4786148071289,93.4786148071289,93.4786148071289,1.3860911130905151,20260732
2023-09-08,EV,FeasibleITransformer,96,6.215000152587891,6.215000152587891,0.0,110.8673324584961,110.8673324584961,110.8673324584961,110.8673324584961,0.8984062075614929,20260732
2023-09-09,EV,FeasibleITransformer,32,0.0,0.0,0.0,1.6230074167251587,8.19177532196045,1.6230074167251587,8.19177532196045,0.5320724248886108,20260732
2023-09-09,EV,FeasibleITransformer,48,2.940000057220459,2.940000057220459,0.375,11.516983985900879,48.45170593261719,11.516983985900879,48.45170593261719,2.1197469234466553,20260732
2023-09-09,EV,FeasibleITransformer,64,10.229000091552734,11.878999710083008,0.375,54.417755126953125,54.43594741821289,54.417755126953125,54.43594741821289,5.067513942718506,20260732
2023-09-09,EV,FeasibleITransformer,80,14.732999801635742,14.732999801635742,0.1875,71.81416320800781,71.81416320800781,71.81416320800781,71.81416320800781,3.5772852897644043,20260732
2023-09-09,EV,FeasibleITransformer,84,14.732999801635742,14.732999801635742,0.0,78.78777313232422,78.78777313232422,78.78777313232422,78.78777313232422,1.1991162300109863,20260732
2023-09-09,EV,FeasibleITransformer,96,14.732999801635742,14.732999801635742,0.0,95.81974792480469,95.81974792480469,95.81974792480469,95.81974792480469,0.8920325636863708,20260732
2023-09-10,EV,FeasibleITransformer,32,3.1419999599456787,3.1419999599456787,0.125,1.7394777536392212,6.497777462005615,1.7394777536392212,6.497777462005615,0.5499541759490967,20260732
2023-09-10,EV,FeasibleITransformer,48,3.1419999599456787,3.1419999599456787,0.0,13.684122085571289,43.843177795410156,13.684122085571289,43.843177795410156,2.272165536880493,20260732
2023-09-10,EV,FeasibleITransformer,64,3.1419999599456787,3.1419999599456787,0.0,52.64410400390625,52.70477294921875,52.64410400390625,52.70477294921875,5.083239555358887,20260732
2023-09-10,EV,FeasibleITransformer,80,8.602999687194824,8.602999687194824,0.625,72.05420684814453,72.05420684814453,72.05420684814453,72.05420684814453,3.4413230419158936,20260732
2023-09-10,EV,FeasibleITransformer,84,8.602999687194824,8.602999687194824,0.0,78.53727722167969,78.53726959228516,78.53727722167969,78.53726959228516,1.0412993431091309,20260732
2023-09-10,EV,FeasibleITransformer,96,8.602999687194824,8.602999687194824,0.0,95.6915512084961,95.6915512084961,95.6915512084961,95.6915512084961,0.870262622833252,20260732
2023-09-11,EV,FeasibleITransformer,32,0.5879999995231628,1.649999976158142,0.03125,1.659940242767334,5.015041351318359,1.659940242767334,5.015041351318359,0.6548284888267517,20260732
2023-09-11,EV,FeasibleITransformer,48,15.145000457763672,23.39900016784668,2.0,20.98093605041504,49.72964859008789,20.98093605041504,49.72964859008789,3.089942455291748,20260732
2023-09-11,EV,FeasibleITransformer,64,24.174999237060547,29.128999710083008,1.875,61.050968170166016,61.18803024291992,61.050968170166016,61.18803024291992,5.32409143447876,20260732
2023-09-11,EV,FeasibleITransformer,80,33.66699981689453,33.66699981689453,0.875,75.50334167480469,75.53246307373047,75.50334167480469,75.53246307373047,2.902017593383789,20260732
2023-09-11,EV,FeasibleITransformer,84,33.66699981689453,33.66699981689453,0.0,82.10904693603516,82.11150360107422,82.10904693603516,82.11150360107422,1.0753337144851685,20260732
2023-09-11,EV,FeasibleITransformer,96,33.66699981689453,33.66699981689453,0.0,99.69041442871094,99.69041442871094,99.69041442871094,99.69041442871094,0.9182074069976807,20260732
2023-09-12,EV,FeasibleITransformer,32,0.0,4.949999809265137,0.09375,1.4023993015289307,4.921238899230957,1.4023993015289307,4.921238899230957,0.7082662582397461,20260732
2023-09-12,EV,FeasibleITransformer,48,0.0,12.61299991607666,2.0,33.488059997558594,68.30757141113281,33.488059997558594,68.30757141113281,4.478157997131348,20260732
2023-09-12,EV,FeasibleITransformer,64,8.376999855041504,18.39099884033203,1.875,78.10140228271484,79.96294403076172,78.10140228271484,79.96294403076172,5.784780025482178,20260732
2023-09-12,EV,FeasibleITransformer,80,27.99199867248535,27.99199867248535,1.875,91.24479675292969,91.4769058227539,91.24479675292969,91.4769058227539,3.12345814704895,20260732
2023-09-12,EV,FeasibleITransformer,84,27.99199867248535,27.99199867248535,0.0,98.92857360839844,98.99787902832031,98.92857360839844,98.99787902832031,1.2686306238174438,20260732
2023-09-12,EV,FeasibleITransformer,96,27.99199867248535,27.99199867248535,0.0,116.90152740478516,116.90152740478516,116.90152740478516,116.90152740478516,0.929573118686676,20260732
2023-09-13,EV,FeasibleITransformer,32,0.0,0.0,0.0,1.1296613216400146,5.872939586639404,1.1296613216400146,5.872939586639404,0.6749216914176941,20260732
2023-09-13,EV,FeasibleITransformer,48,6.0289998054504395,9.81399917602539,0.875,34.691585540771484,83.04814910888672,34.691585540771484,83.04814910888672,5.049224376678467,20260732
2023-09-13,EV,FeasibleITransformer,64,10.979000091552734,10.979000091552734,0.1875,87.88397979736328,93.28295135498047,87.88397979736328,93.28295135498047,6.126020908355713,20260732
2023-09-13,EV,FeasibleITransformer,80,12.177999496459961,12.177999496459961,0.125,103.57450103759766,103.79598999023438,103.57450103759766,103.79598999023438,3.473038673400879,20260732
2023-09-13,EV,FeasibleITransformer,84,12.177999496459961,12.177999496459961,0.0,111.95820617675781,112.00531768798828,111.95820617675781,112.00531768798828,1.361536979675293,20260732
2023-09-13,EV,FeasibleITransformer,96,12.177999496459961,12.177999496459961,0.0,129.4425811767578,129.4425811767578,129.4425811767578,129.4425811767578,0.8961155414581299,20260732
2023-09-14,EV,FeasibleITransformer,32,0.0,0.0,0.0,1.0295485258102417,6.920578479766846,1.0295485258102417,6.920578479766846,0.5892491340637207,20260732
2023-09-14,EV,FeasibleITransformer,48,0.0,0.0,0.0,24.334379196166992,75.92374420166016,24.334379196166992,75.92374420166016,3.8997457027435303,20260732
2023-09-14,EV,FeasibleITransformer,64,2.309999942779541,2.309999942779541,0.125,81.05577087402344,83.07357025146484,81.05577087402344,83.07357025146484,5.625561714172363,20260732
2023-09-14,EV,FeasibleITransformer,80,2.309999942779541,2.309999942779541,0.0,93.3066635131836,93.34619140625,93.3066635131836,93.34619140625,3.6974852085113525,20260732
2023-09-14,EV,FeasibleITransformer,84,2.309999942779541,2.309999942779541,0.0,101.86814880371094,101.8696517944336,101.86814880371094,101.8696517944336,1.4093642234802246,20260732
2023-09-14,EV,FeasibleITransformer,96,2.309999942779541,2.309999942779541,0.0,118.72309875488281,118.72309875488281,118.72309875488281,118.72309875488281,0.8923093676567078,20260732
2023-09-15,EV,FeasibleITransformer,32,0.0,0.0,0.0,1.1483370065689087,8.365867614746094,1.1483370065689087,8.365867614746094,0.5316750407218933,20260732
2023-09-15,EV,FeasibleITransformer,48,0.0,5.942999839782715,0.625,14.530279159545898,61.928287506103516,14.530279159545898,61.928287506103516,2.7502596378326416,20260732
2023-09-15,EV,FeasibleITransformer,64,5.942999839782715,5.942999839782715,0.4375,67.53026580810547,67.76922607421875,67.53026580810547,67.76922607421875,5.117525577545166,20260732
2023-09-15,EV,FeasibleITransformer,80,5.942999839782715,5.942999839782715,0.0,81.70336151123047,81.70336151123047,81.70336151123047,81.70336151123047,3.631650447845459,20260732
2023-09-15,EV,FeasibleITransformer,84,5.942999839782715,5.942999839782715,0.0,89.78263092041016,89.78263092041016,89.78263092041016,89.78263092041016,1.2800828218460083,20260732
2023-09-15,EV,FeasibleITransformer,96,5.942999839782715,5.942999839782715,0.0,106.5408706665039,106.5408706665039,106.5408706665039,106.5408706665039,0.8603822588920593,20260732
2023-09-16,EV,FeasibleITransformer,32,0.0,0.0,0.0,1.4694970846176147,7.989869594573975,1.4694970846176147,7.989869594573975,0.5272100567817688,20260732
2023-09-16,EV,FeasibleITransformer,48,0.0,0.0,0.0,11.261642456054688,48.073143005371094,11.261642456054688,48.073143005371094,2.057950735092163,20260732
2023-09-16,EV,FeasibleITransformer,64,0.0,0.0,0.0,54.07848358154297,54.0998649597168,54.07848358154297,54.0998649597168,4.701348781585693,20260732
2023-09-16,EV,FeasibleITransformer,80,0.0,0.0,0.0,71.23040771484375,71.23040771484375,71.23040771484375,71.23040771484375,3.4203853607177734,20260732
2023-09-16,EV,FeasibleITransformer,84,0.0,0.0,0.0,78.24626159667969,78.24626159667969,78.24626159667969,78.24626159667969,1.1369954347610474,20260732
2023-09-16,EV,FeasibleITransformer,96,0.0,0.0,0.0,94.8017349243164,94.8017349243164,94.8017349243164,94.8017349243164,0.854069709777832,20260732
2023-09-17,EV,FeasibleITransformer,32,0.0,0.0,0.0,1.6073211431503296,6.280881404876709,1.6073211431503296,6.280881404876709,0.5592862367630005,20260732
2023-09-17,EV,FeasibleITransformer,48,0.0,0.0,0.0,12.967765808105469,41.53525161743164,12.967765808105469,41.53525161743164,2.0130808353424072,20260732
2023-09-17,EV,FeasibleITransformer,64,0.0,0.0,0.0,50.489524841308594,50.494102478027344,50.489524841308594,50.494102478027344,4.756836891174316,20260732
2023-09-17,EV,FeasibleITransformer,80,19.96299934387207,23.738000869750977,0.9375,69.00164031982422,69.00332641601562,69.00164031982422,69.00332641601562,3.200198173522949,20260732
2023-09-17,EV,FeasibleITransformer,84,26.562999725341797,30.33799934387207,1.0,75.24005126953125,75.24005126953125,75.24005126953125,75.24005126953125,1.008223295211792,20260732
2023-09-17,EV,FeasibleITransformer,96,43.06300354003906,43.06300354003906,0.8333333134651184,91.8937759399414,91.8937759399414,91.8937759399414,91.8937759399414,0.8704302906990051,20260732
2023-09-18,EV,FeasibleITransformer,32,0.0,0.0,0.0,1.4276182651519775,5.043131351470947,1.4276182651519775,5.043131351470947,0.6237494945526123,20260732
2023-09-18,EV,FeasibleITransformer,48,0.0,4.401000022888184,0.625,20.75870132446289,50.88347244262695,20.75870132446289,50.88347244262695,3.2219526767730713,20260732
2023-09-18,EV,FeasibleITransformer,64,4.401000022888184,4.401000022888184,0.4375,63.45085144042969,63.86756896972656,63.45085144042969,63.86756896972656,5.248769760131836,20260732
2023-09-18,EV,FeasibleITransformer,80,6.171000003814697,14.300999641418457,0.375,78.2713623046875,78.31442260742188,78.2713623046875,78.31442260742188,2.979860544204712,20260732
2023-09-18,EV,FeasibleITransformer,84,12.770999908447266,16.070999145507812,1.0,84.73504638671875,84.73504638671875,84.73504638671875,84.73504638671875,1.0643295049667358,20260732
2023-09-18,EV,FeasibleITransformer,96,17.8439998626709,17.8439998626709,0.4166666865348816,102.2299575805664,102.2299575805664,102.2299575805664,102.2299575805664,0.9416412115097046,20260732
2023-09-19,EV,FeasibleITransformer,32,0.0,0.0,0.0,1.1929903030395508,4.809246063232422,1.1929903030395508,4.809246063232422,0.6763292551040649,20260732
2023-09-19,EV,FeasibleITransformer,48,18.121000289916992,22.28999900817871,1.0625,30.405515670776367,64.82583618164062,30.405515670776367,64.82583618164062,4.203084468841553,20260732
2023-09-19,EV,FeasibleITransformer,64,39.57099914550781,39.57099914550781,0.8125,73.94823455810547,76.2471694946289,73.94823455810547,76.2471694946289,5.37619161605835,20260732
2023-09-19,EV,FeasibleITransformer,80,39.57099914550781,39.57099914550781,0.0,86.98480987548828,87.15359497070312,86.98480987548828,87.15359497070312,3.0028839111328125,20260732
2023-09-19,EV,FeasibleITransformer,84,39.57099914550781,39.57099914550781,0.0,94.33068084716797,94.33068084716797,94.33068084716797,94.33068084716797,1.23427152633667,20260732
2023-09-19,EV,FeasibleITransformer,96,39.57099914550781,39.57099914550781,0.0,112.09381866455078,112.09381866455078,112.09381866455078,112.09381866455078,0.9490411281585693,20260732
2023-09-20,EV,FeasibleITransformer,32,0.0,0.0,0.0,1.0194495916366577,5.468454360961914,1.0194495916366577,5.468454360961914,0.6614294648170471,20260732
2023-09-20,EV,FeasibleITransformer,48,8.416999816894531,10.910999298095703,0.625,33.469364166259766,79.56680297851562,33.469364166259766,79.56680297851562,4.703484058380127,20260732
2023-09-20,EV,FeasibleITransformer,64,34.91600036621094,34.91600036621094,1.3125,82.62370300292969,88.53982543945312,82.62370300292969,88.53982543945312,5.485385894775391,20260732
2023-09-20,EV,FeasibleITransformer,80,34.91600036621094,34.91600036621094,0.0,98.01388549804688,98.27699279785156,98.01388549804688,98.27699279785156,3.3303189277648926,20260732
2023-09-20,EV,FeasibleITransformer,84,34.91600036621094,34.91600036621094,0.0,106.8525390625,106.87276458740234,106.8525390625,106.87276458740234,1.4274685382843018,20260732
2023-09-20,EV,FeasibleITransformer,96,34.91600036621094,34.91600036621094,0.0,124.97412872314453,124.97412872314453,124.97412872314453,124.97412872314453,0.9390105605125427,20260732
2023-09-21,EV,FeasibleITransformer,32,1.4249999523162842,4.949999809265137,0.09375,1.09023118019104,7.282147407531738,1.09023118019104,7.282147407531738,0.608291745185852,20260732
2023-09-21,EV,FeasibleITransformer,48,24.524999618530273,24.524999618530273,0.875,24.634309768676758,76.88233184814453,24.634309768676758,76.88233184814453,3.7369377613067627,20260732
2023-09-21,EV,FeasibleITransformer,64,25.850000381469727,25.850000381469727,0.0625,82.5052719116211,84.15064239501953,82.5052719116211,84.15064239501953,5.434792518615723,20260732
2023-09-21,EV,FeasibleITransformer,80,32.018001556396484,32.018001556396484,0.4375,93.06790924072266,93.21540832519531,93.06790924072266,93.21540832519531,3.6141602993011475,20260732
2023-09-21,EV,FeasibleITransformer,84,32.018001556396484,32.018001556396484,0.0,101.91071319580078,101.97758483886719,101.91071319580078,101.97758483886719,1.5205570459365845,20260732
2023-09-21,EV,FeasibleITransformer,96,32.018001556396484,32.018001556396484,0.0,119.87057495117188,119.87057495117188,119.87057495117188,119.87057495117188,0.9566308259963989,20260732
2023-09-22,EV,FeasibleITransformer,32,0.2199999988079071,3.299999952316284,0.0625,1.3550641536712646,8.742302894592285,1.3550641536712646,8.742302894592285,0.569223940372467,20260732
2023-09-22,EV,FeasibleITransformer,48,23.31999969482422,23.31999969482422,0.875,14.916624069213867,62.82969284057617,14.916624069213867,62.82969284057617,2.780595302581787,20260732
2023-09-22,EV,FeasibleITransformer,64,23.31999969482422,23.31999969482422,0.0,68.98818969726562,69.0721664428711,68.98818969726562,69.0721664428711,4.95712423324585,20260732
2023-09-22,EV,FeasibleITransformer,80,24.124000549316406,24.124000549316406,0.0625,82.18705749511719,82.18705749511719,82.18705749511719,82.18705749511719,3.6929352283477783,20260732
2023-09-22,EV,FeasibleITransformer,84,24.124000549316406,24.124000549316406,0.0,90.63929748535156,90.63929748535156,90.63929748535156,90.63929748535156,1.3924955129623413,20260732
2023-09-22,EV,FeasibleITransformer,96,24.124000549316406,24.124000549316406,0.0,107.99585723876953,107.99585723876953,107.99585723876953,107.99585723876953,0.8947420716285706,20260732
2023-09-23,EV,FeasibleITransformer,32,0.0,0.0,0.0,1.521832823753357,8.122282028198242,1.521832823753357,8.122282028198242,0.5415084362030029,20260732
2023-09-23,EV,FeasibleITransformer,48,0.0,0.0,0.0,11.016823768615723,46.73979187011719,11.016823768615723,46.73979187011719,1.9181228876113892,20260732
2023-09-23,EV,FeasibleITransformer,64,0.0,0.0,0.0,53.67999267578125,53.67999267578125,53.67999267578125,53.67999267578125,4.663573265075684,20260732
2023-09-23,EV,FeasibleITransformer,80,0.0,0.0,0.0,70.39250183105469,70.39250183105469,70.39250183105469,70.39250183105469,3.299574851989746,20260732
2023-09-23,EV,FeasibleITransformer,84,0.0,0.0,0.0,77.66423034667969,77.66423034667969,77.66423034667969,77.66423034667969,1.1709412336349487,20260732
2023-09-23,EV,FeasibleITransformer,96,0.0,0.0,0.0,94.87226104736328,94.87226104736328,94.87226104736328,94.87226104736328,0.9017587304115295,20260732
2023-09-24,EV,FeasibleITransformer,32,0.0,0.0,0.0,1.8056203126907349,6.445148468017578,1.8056203126907349,6.445148468017578,0.5769188404083252,20260732
2023-09-24,EV,FeasibleITransformer,48,0.0,0.0,0.0,13.31179141998291,42.65699005126953,13.31179141998291,42.65699005126953,2.0147101879119873,20260732
2023-09-24,EV,FeasibleITransformer,64,11.263999938964844,11.263999938964844,0.5,52.083648681640625,52.0908088684082,52.083648681640625,52.0908088684082,4.558202266693115,20260732
2023-09-24,EV,FeasibleITransformer,80,30.326000213623047,30.326000213623047,0.75,70.12703704833984,70.12703704833984,70.12703704833984,70.12703704833984,3.190394878387451,20260732
2023-09-24,EV,FeasibleITransformer,84,30.326000213623047,30.326000213623047,0.0,76.7289047241211,76.7289047241211,76.7289047241211,76.7289047241211,1.0741735696792603,20260732
2023-09-24,EV,FeasibleITransformer,96,30.326000213623047,30.326000213623047,0.0,94.3567886352539,94.3567886352539,94.3567886352539,94.3567886352539,0.9293441772460938,20260732
2023-09-25,EV,FeasibleITransformer,32,0.0,0.0,0.0,1.3740335702896118,4.945107460021973,1.3740335702896118,4.945107460021973,0.6287378668785095,20260732
2023-09-25,EV,FeasibleITransformer,48,0.0,4.949999809265137,0.1875,20.347509384155273,49.288631439208984,20.347509384155273,49.288631439208984,2.976978063583374,20260732
2023-09-25,EV,FeasibleITransformer,64,27.452999114990234,30.588998794555664,2.1875,62.09653091430664,62.379608154296875,62.09653091430664,62.379608154296875,5.058997631072998,20260732
2023-09-25,EV,FeasibleITransformer,80,38.21699905395508,38.21699905395508,0.6875,77.12860870361328,77.13963317871094,77.12860870361328,77.13963317871094,2.867213726043701,20260732
2023-09-25,EV,FeasibleITransformer,84,38.21699905395508,38.21699905395508,0.0,83.63057708740234,83.63057708740234,83.63057708740234,83.63057708740234,1.0842885971069336,20260732
2023-09-25,EV,FeasibleITransformer,96,38.21699905395508,38.21699905395508,0.0,100.82666015625,100.82666015625,100.82666015625,100.82666015625,0.9256923198699951,20260732
2023-09-26,EV,FeasibleITransformer,32,0.7059999704360962,0.7059999704360962,0.3125,1.2725342512130737,5.0075836181640625,1.2725342512130737,5.0075836181640625,0.6876596808433533,20260732
2023-09-26,EV,FeasibleITransformer,48,0.7059999704360962,15.610000610351562,0.875,31.519018173217773,66.40989685058594,31.519018173217773,66.40989685058594,4.05404806137085,20260732
2023-09-26,EV,FeasibleITransformer,64,25.2239990234375,35.124000549316406,1.875,76.68710327148438,79.97901153564453,76.68710327148438,79.97901153564453,5.440478324890137,20260732
2023-09-26,EV,FeasibleITransformer,80,35.124000549316406,35.124000549316406,0.375,92.11665344238281,92.22454833984375,92.11665344238281,92.22454833984375,2.9393322467803955,20260732
2023-09-26,EV,FeasibleITransformer,84,35.124000549316406,35.124000549316406,0.0,99.72100067138672,99.72100067138672,99.72100067138672,99.72100067138672,1.192635416984558,20260732
2023-09-26,EV,FeasibleITransformer,96,35.124000549316406,35.124000549316406,0.0,117.25774383544922,117.25774383544922,117.25774383544922,117.25774383544922,0.9110597372055054,20260732
2023-09-27,EV,FeasibleITransformer,32,0.0,1.649999976158142,0.03125,1.0629138946533203,5.653271198272705,1.0629138946533203,5.653271198272705,0.7042815685272217,20260732
2023-09-27,EV,FeasibleITransformer,48,33.77899932861328,40.93899917602539,2.4375,33.48914337158203,81.02851867675781,33.48914337158203,81.02851867675781,4.450733184814453,20260732
2023-09-27,EV,FeasibleITransformer,64,81.39800262451172,81.39800262451172,2.0625,84.8354721069336,91.60884857177734,84.8354721069336,91.60884857177734,5.705725193023682,20260732
2023-09-27,EV,FeasibleITransformer,80,95.2760009765625,95.2760009765625,0.5625,101.66621398925781,101.83740234375,101.66621398925781,101.83740234375,3.2204415798187256,20260732
2023-09-27,EV,FeasibleITransformer,84,95.2760009765625,95.2760009765625,0.0,110.52484130859375,110.52638244628906,110.52484130859375,110.52638244628906,1.3808207511901855,20260732
2023-09-27,EV,FeasibleITransformer,96,95.2760009765625,95.2760009765625,0.0,127.87955474853516,127.87955474853516,127.87955474853516,127.87955474853516,0.8914916515350342,20260732
2023-09-28,EV,FeasibleITransformer,32,2.5880000591278076,4.949999809265137,0.09375,1.102813959121704,7.520900726318359,1.102813959121704,7.520900726318359,0.6400385499000549,20260732
2023-09-28,EV,FeasibleITransformer,48,11.854000091552734,13.503999710083008,1.0625,24.257068634033203,76.69332885742188,24.257068634033203,76.69332885742188,3.690293312072754,20260732
2023-09-28,EV,FeasibleITransformer,64,24.446998596191406,24.446998596191406,0.5,83.34571075439453,84.9535903930664,83.34571075439453,84.9535903930664,5.433917045593262,20260732
2023-09-28,EV,FeasibleITransformer,80,24.446998596191406,24.446998596191406,0.0,95.14793395996094,95.17315673828125,95.14793395996094,95.17315673828125,3.622720241546631,20260732
2023-09-28,EV,FeasibleITransformer,84,24.446998596191406,24.446998596191406,0.0,104.40864562988281,104.40864562988281,104.40864562988281,104.40864562988281,1.4500709772109985,20260732
2023-09-28,EV,FeasibleITransformer,96,24.446998596191406,24.446998596191406,0.0,121.5247573852539,121.5247573852539,121.5247573852539,121.5247573852539,0.881283700466156,20260732
2023-09-29,EV,FeasibleITransformer,32,0.0,0.0,0.0,1.202012300491333,8.693354606628418,1.202012300491333,8.693354606628418,0.5937697887420654,20260732
2023-09-29,EV,FeasibleITransformer,48,0.0,9.854999542236328,1.5625,14.473082542419434,62.27156448364258,14.473082542419434,62.27156448364258,2.665909767150879,20260732
2023-09-29,EV,FeasibleITransformer,64,3.5899999141693115,12.672999382019043,2.5,69.34432220458984,69.38629913330078,69.34432220458984,69.38629913330078,4.931006908416748,20260732
2023-09-29,EV,FeasibleITransformer,80,12.672999382019043,12.672999382019043,0.625,83.50611114501953,83.51313781738281,83.50611114501953,83.51313781738281,3.4140961170196533,20260732
2023-09-29,EV,FeasibleITransformer,84,12.672999382019043,12.672999382019043,0.0,91.88333892822266,91.88333892822266,91.88333892822266,91.88333892822266,1.3067617416381836,20260732
2023-09-29,EV,FeasibleITransformer,96,12.672999382019043,12.672999382019043,0.0,108.50396728515625,108.50396728515625,108.50396728515625,108.50396728515625,0.8513103127479553,20260732
2023-09-30,EV,FeasibleITransformer,32,0.0,0.0,0.0,1.5527420043945312,8.730622291564941,1.5527420043945312,8.730622291564941,0.5540830492973328,20260732
2023-09-30,EV,FeasibleITransformer,48,14.746000289916992,16.889999389648438,1.0625,11.377643585205078,50.17795944213867,11.377643585205078,50.17795944213867,2.0745437145233154,20260732
2023-09-30,EV,FeasibleITransformer,64,26.32699966430664,37.84600067138672,0.875,58.94825744628906,58.94911193847656,58.94825744628906,58.94911193847656,4.980639934539795,20260732
2023-09-30,EV,FeasibleITransformer,80,42.82699966430664,42.82699966430664,0.625,78.67511749267578,78.67511749267578,78.67511749267578,78.67511749267578,3.4532411098480225,20260732
2023-09-30,EV,FeasibleITransformer,84,42.82699966430664,42.82699966430664,0.0,86.1006851196289,86.1006851196289,86.1006851196289,86.1006851196289,1.1714272499084473,20260732
2023-09-30,EV,FeasibleITransformer,96,47.4640007019043,47.4640007019043,0.3333333432674408,102.8241958618164,102.8241958618164,102.8241958618164,102.8241958618164,0.8612791895866394,20260732
2023-07-01,ChargerMatched,FeasibleITransformer,32,0.0,0.0,0.0,2.4307966232299805,3.0066123008728027,2.4307966232299805,3.0066123008728027,0.10515158623456955,20260732
2023-07-01,ChargerMatched,FeasibleITransformer,48,0.0,0.0,0.0,9.742433547973633,18.14409065246582,9.742433547973633,18.14409065246582,0.647179365158081,20260732
2023-07-01,ChargerMatched,FeasibleITransformer,64,0.0,8.269000053405762,0.6875,20.53856658935547,20.538564682006836,20.53856658935547,20.538564682006836,1.7493970394134521,20260732
2023-07-01,ChargerMatched,FeasibleITransformer,80,0.0,8.269000053405762,1.0,30.23097038269043,30.23097038269043,30.23097038269043,30.23097038269043,2.1291303634643555,20260732
2023-07-01,ChargerMatched,FeasibleITransformer,84,1.6690000295639038,8.269000053405762,1.0,33.97050094604492,33.97050094604492,33.97050094604492,33.97050094604492,0.6477857828140259,20260732
2023-07-01,ChargerMatched,FeasibleITransformer,96,8.269000053405762,8.269000053405762,0.3333333432674408,42.1651611328125,42.1651611328125,42.1651611328125,42.1651611328125,0.46889710426330566,20260732
2023-07-02,ChargerMatched,FeasibleITransformer,32,0.0,0.0,0.0,2.0509963035583496,2.1909337043762207,2.0509963035583496,2.1909337043762207,0.12765593826770782,20260732
2023-07-02,ChargerMatched,FeasibleITransformer,48,0.0,0.0,0.0,10.084084510803223,15.10357666015625,10.084084510803223,15.10357666015625,0.6204805374145508,20260732
2023-07-02,ChargerMatched,FeasibleITransformer,64,0.0,0.0,0.0,18.519481658935547,18.51948356628418,18.519481658935547,18.51948356628418,2.0355043411254883,20260732
2023-07-02,ChargerMatched,FeasibleITransformer,80,14.317999839782715,18.149999618530273,0.6875,24.026966094970703,24.026968002319336,24.026966094970703,24.026968002319336,1.4997644424438477,20260732
2023-07-02,ChargerMatched,FeasibleITransformer,84,20.917999267578125,24.75,1.0,27.566852569580078,27.566848754882812,27.566852569580078,27.566848754882812,0.6403311491012573,20260732
2023-07-02,ChargerMatched,FeasibleITransformer,96,25.868000030517578,25.868000030517578,0.25,35.33258819580078,35.33258819580078,35.33258819580078,35.33258819580078,0.44714123010635376,20260732
2023-07-03,ChargerMatched,FeasibleITransformer,32,0.0,0.0,0.0,1.2976348400115967,1.3709243535995483,1.2976348400115967,1.3709243535995483,0.1857081949710846,20260732
2023-07-03,ChargerMatched,FeasibleITransformer,48,0.0,8.196000099182129,0.375,8.9857177734375,12.725811004638672,8.9857177734375,12.725811004638672,0.7526843547821045,20260732
2023-07-03,ChargerMatched,FeasibleITransformer,64,21.006000518798828,30.029998779296875,2.0,16.994840621948242,16.994840621948242,16.994840621948242,16.994840621948242,1.8561122417449951,20260732
2023-07-03,ChargerMatched,FeasibleITransformer,80,41.68299865722656,41.68299865722656,1.3125,20.361629486083984,20.361629486083984,20.361629486083984,20.361629486083984,1.2700022459030151,20260732
2023-07-03,ChargerMatched,FeasibleITransformer,84,41.68299865722656,41.68299865722656,0.0,23.084148406982422,23.084148406982422,23.084148406982422,23.084148406982422,0.48646673560142517,20260732
2023-07-03,ChargerMatched,FeasibleITransformer,96,41.68299865722656,41.68299865722656,0.0,28.98818588256836,28.98818588256836,28.98818588256836,28.98818588256836,0.32387375831604004,20260732
2023-07-04,ChargerMatched,FeasibleITransformer,32,0.0,0.0,0.0,0.972226619720459,1.0271975994110107,0.972226619720459,1.0271975994110107,0.2267409861087799,20260732
2023-07-04,ChargerMatched,FeasibleITransformer,48,0.0,0.0,0.0,7.688511848449707,12.696893692016602,7.688511848449707,12.696893692016602,1.100292682647705,20260732
2023-07-04,ChargerMatched,FeasibleITransformer,64,0.0,0.0,0.0,15.077171325683594,17.09346580505371,15.077171325683594,17.09346580505371,1.9419127702713013,20260732
2023-07-04,ChargerMatched,FeasibleITransformer,80,0.0,0.0,0.0,21.717479705810547,21.717479705810547,21.717479705810547,21.717479705810547,1.181404709815979,20260732
2023-07-04,ChargerMatched,FeasibleITransformer,84,0.0,0.0,0.0,24.02584457397461,24.02584457397461,24.02584457397461,24.02584457397461,0.5274379849433899,20260732
2023-07-04,ChargerMatched,FeasibleITransformer,96,0.0,0.0,0.0,28.94559097290039,28.94559097290039,28.94559097290039,28.94559097290039,0.3234136700630188,20260732
2023-07-05,ChargerMatched,FeasibleITransformer,32,0.0,9.899999618530273,0.1875,0.7336863875389099,0.9997444152832031,0.7336863875389099,0.9997444152832031,0.20189449191093445,20260732
2023-07-05,ChargerMatched,FeasibleITransformer,48,0.0,32.875,1.875,6.1039018630981445,13.721664428710938,6.1039018630981445,13.721664428710938,1.3534597158432007,20260732
2023-07-05,ChargerMatched,FeasibleITransformer,64,36.58399963378906,46.07500076293945,2.4375,11.96878433227539,16.61895751953125,11.96878433227539,16.61895751953125,1.611688256263733,20260732
2023-07-05,ChargerMatched,FeasibleITransformer,80,46.48400115966797,46.48400115966797,0.375,20.23316192626953,20.23316192626953,20.23316192626953,20.23316192626953,1.287963628768921,20260732
2023-07-05,ChargerMatched,FeasibleITransformer,84,46.48400115966797,46.48400115966797,0.0,22.15203285217285,22.15203285217285,22.15203285217285,22.15203285217285,0.5193426012992859,20260732
2023-07-05,ChargerMatched,FeasibleITransformer,96,46.48400115966797,46.48400115966797,0.0,27.01513671875,27.01513671875,27.01513671875,27.01513671875,0.3090779483318329,20260732
2023-07-06,ChargerMatched,FeasibleITransformer,32,0.0,0.0,0.0,0.9687094688415527,1.725870132446289,0.9687094688415527,1.725870132446289,0.17791855335235596,20260732
2023-07-06,ChargerMatched,FeasibleITransformer,48,0.0,8.276000022888184,0.5,6.3685808181762695,16.526165008544922,6.3685808181762695,16.526165008544922,1.280036211013794,20260732
2023-07-06,ChargerMatched,FeasibleITransformer,64,8.276000022888184,12.000999450683594,1.1875,13.392937660217285,18.22039794921875,13.392937660217285,18.22039794921875,1.3362953662872314,20260732
2023-07-06,ChargerMatched,FeasibleITransformer,80,16.927000045776367,16.927000045776367,0.5,21.472400665283203,21.472402572631836,21.472400665283203,21.472402572631836,1.5810248851776123,20260732
2023-07-06,ChargerMatched,FeasibleITransformer,84,16.927000045776367,16.927000045776367,0.0,23.230854034423828,23.230854034423828,23.230854034423828,23.230854034423828,0.8420575857162476,20260732
2023-07-06,ChargerMatched,FeasibleITransformer,96,16.927000045776367,16.927000045776367,0.0,29.11613655090332,29.11613655090332,29.11613655090332,29.11613655090332,0.43591195344924927,20260732
2023-07-07,ChargerMatched,FeasibleITransformer,32,0.0,0.0,0.0,1.9653022289276123,3.021401882171631,1.9653022289276123,3.021401882171631,0.12768301367759705,20260732
2023-07-07,ChargerMatched,FeasibleITransformer,48,0.0,16.874000549316406,0.875,8.429373741149902,21.19989585876465,8.429373741149902,21.19989585876465,0.8562898635864258,20260732
2023-07-07,ChargerMatched,FeasibleITransformer,64,15.632999420166016,28.83300018310547,1.875,22.835041046142578,23.170856475830078,22.835041046142578,23.170856475830078,1.7760752439498901,20260732
2023-07-07,ChargerMatched,FeasibleITransformer,80,28.83300018310547,28.83300018310547,0.5,30.374534606933594,30.374530792236328,30.374534606933594,30.374530792236328,2.2536046504974365,20260732
2023-07-07,ChargerMatched,FeasibleITransformer,84,28.83300018310547,28.83300018310547,0.0,35.249794006347656,35.249794006347656,35.249794006347656,35.249794006347656,0.9402503967285156,20260732
2023-07-07,ChargerMatched,FeasibleITransformer,96,28.83300018310547,28.83300018310547,0.0,44.58899688720703,44.58899688720703,44.58899688720703,44.58899688720703,0.49539124965667725,20260732
2023-07-08,ChargerMatched,FeasibleITransformer,32,0.0,0.0,0.0,2.3655030727386475,2.7274742126464844,2.3655030727386475,2.7274742126464844,0.10861937701702118,20260732
2023-07-08,ChargerMatched,FeasibleITransformer,48,0.0,11.701000213623047,1.0,8.854823112487793,18.089521408081055,8.854823112487793,18.089521408081055,0.6285219192504883,20260732
2023-07-08,ChargerMatched,FeasibleITransformer,64,11.701000213623047,11.701000213623047,0.625,20.297819137573242,20.297819137573242,20.297819137573242,20.297819137573242,1.983664631843567,20260732
2023-07-08,ChargerMatched,FeasibleITransformer,80,11.701000213623047,11.701000213623047,0.0,26.34734344482422,26.34734344482422,26.34734344482422,26.34734344482422,1.9104204177856445,20260732
2023-07-08,ChargerMatched,FeasibleITransformer,84,11.701000213623047,11.701000213623047,0.0,31.28727912902832,31.287277221679688,31.28727912902832,31.287277221679688,0.788008451461792,20260732
2023-07-08,ChargerMatched,FeasibleITransformer,96,11.701000213623047,11.701000213623047,0.0,40.64177703857422,40.64177703857422,40.64177703857422,40.64177703857422,0.4724494516849518,20260732
2023-07-09,ChargerMatched,FeasibleITransformer,32,0.0,0.0,0.0,2.2665810585021973,2.439326286315918,2.2665810585021973,2.439326286315918,0.13393628597259521,20260732
2023-07-09,ChargerMatched,FeasibleITransformer,48,0.0,0.0,0.0,9.714574813842773,15.383084297180176,9.714574813842773,15.383084297180176,0.6226944327354431,20260732
2023-07-09,ChargerMatched,FeasibleITransformer,64,0.0,0.0,0.0,18.310531616210938,18.310531616210938,18.310531616210938,18.310531616210938,2.089780807495117,20260732
2023-07-09,ChargerMatched,FeasibleITransformer,80,0.0,0.0,0.0,23.054664611816406,23.054664611816406,23.054664611816406,23.054664611816406,1.585641622543335,20260732
2023-07-09,ChargerMatched,FeasibleITransformer,84,0.0,0.0,0.0,26.23077392578125,26.23077392578125,26.23077392578125,26.23077392578125,0.5772757530212402,20260732
2023-07-09,ChargerMatched,FeasibleITransformer,96,0.0,0.0,0.0,33.118263244628906,33.118263244628906,33.118263244628906,33.118263244628906,0.37673747539520264,20260732
2023-07-10,ChargerMatched,FeasibleITransformer,32,0.0,0.0,0.0,1.2331219911575317,1.3184715509414673,1.2331219911575317,1.3184715509414673,0.17620150744915009,20260732
2023-07-10,ChargerMatched,FeasibleITransformer,48,6.285999774932861,6.599999904632568,0.25,8.41287899017334,14.159119606018066,8.41287899017334,14.159119606018066,0.8433802127838135,20260732
2023-07-10,ChargerMatched,FeasibleITransformer,64,11.236000061035156,12.88599967956543,0.25,19.022790908813477,19.022789001464844,19.022790908813477,19.022789001464844,2.2890682220458984,20260732
2023-07-10,ChargerMatched,FeasibleITransformer,80,36.029998779296875,39.2859992980957,1.0,23.98286247253418,23.98286247253418,23.98286247253418,23.98286247253418,1.3358488082885742,20260732
2023-07-10,ChargerMatched,FeasibleITransformer,84,39.33000183105469,39.33000183105469,0.5,26.276853561401367,26.276851654052734,26.276853561401367,26.276851654052734,0.39245662093162537,20260732
2023-07-10,ChargerMatched,FeasibleITransformer,96,39.33000183105469,39.33000183105469,0.0,32.01211929321289,32.01211929321289,32.01211929321289,32.01211929321289,0.2945508658885956,20260732
2023-07-11,ChargerMatched,FeasibleITransformer,32,0.0,4.949999809265137,0.09375,1.2559466361999512,1.2906550168991089,1.2559466361999512,1.2906550168991089,0.2947741746902466,20260732
2023-07-11,ChargerMatched,FeasibleITransformer,48,2.7079999446868896,31.350000381469727,1.0,8.319038391113281,15.617490768432617,8.319038391113281,15.617490768432617,1.2220196723937988,20260732
2023-07-11,ChargerMatched,FeasibleITransformer,64,29.107999801635742,39.007999420166016,1.0,16.97812271118164,20.3681697845459,16.97812271118164,20.3681697845459,2.033146619796753,20260732
2023-07-11,ChargerMatched,FeasibleITransformer,80,41.75899887084961,42.30799865722656,0.5,25.33814239501953,25.33814239501953,25.33814239501953,25.33814239501953,1.1770128011703491,20260732
2023-07-11,ChargerMatched,FeasibleITransformer,84,43.409000396728516,43.409000396728516,0.25,27.34573745727539,27.34573745727539,27.34573745727539,27.34573745727539,0.48219624161720276,20260732
2023-07-11,ChargerMatched,FeasibleITransformer,96,43.409000396728516,43.409000396728516,0.0,31.76150894165039,31.76150894165039,31.76150894165039,31.76150894165039,0.30015984177589417,20260732
2023-07-12,ChargerMatched,FeasibleITransformer,32,0.0,0.0,0.0,0.7916198372840881,1.3437978029251099,0.7916198372840881,1.3437978029251099,0.24516841769218445,20260732
2023-07-12,ChargerMatched,FeasibleITransformer,48,0.0,5.921000003814697,0.875,6.467522144317627,18.680662155151367,6.467522144317627,18.680662155151367,1.574075698852539,20260732
2023-07-12,ChargerMatched,FeasibleITransformer,64,5.921000003814697,13.889999389648438,1.1875,14.455957412719727,22.049104690551758,14.455957412719727,22.049104690551758,1.671339750289917,20260732
2023-07-12,ChargerMatched,FeasibleITransformer,80,13.889999389648438,13.889999389648438,0.3125,27.103147506713867,27.103147506713867,27.103147506713867,27.103147506713867,1.1988495588302612,20260732
2023-07-12,ChargerMatched,FeasibleITransformer,84,13.889999389648438,13.889999389648438,0.0,28.726774215698242,28.726774215698242,28.726774215698242,28.726774215698242,0.47912442684173584,20260732
2023-07-12,ChargerMatched,FeasibleITransformer,96,13.889999389648438,13.889999389648438,0.0,32.566959381103516,32.566959381103516,32.566959381103516,32.566959381103516,0.2950800359249115,20260732
2023-07-13,ChargerMatched,FeasibleITransformer,32,0.0,3.299999952316284,0.0625,1.0496361255645752,1.813004970550537,1.0496361255645752,1.813004970550537,0.1853524148464203,20260732
2023-07-13,ChargerMatched,FeasibleITransformer,48,35.59600067138672,37.246002197265625,1.625,6.858642578125,22.46518325805664,6.858642578125,22.46518325805664,1.5057814121246338,20260732
2023-07-13,ChargerMatched,FeasibleITransformer,64,45.45999526977539,45.45999526977539,1.0625,16.850833892822266,24.83761215209961,16.850833892822266,24.83761215209961,1.7720797061920166,20260732
2023-07-13,ChargerMatched,FeasibleITransformer,80,45.45999526977539,45.45999526977539,0.0,29.878341674804688,29.878341674804688,29.878341674804688,29.878341674804688,1.6434805393218994,20260732
2023-07-13,ChargerMatched,FeasibleITransformer,84,45.45999526977539,45.45999526977539,0.0,33.327735900878906,33.327735900878906,33.327735900878906,33.327735900878906,0.6591764092445374,20260732
2023-07-13,ChargerMatched,FeasibleITransformer,96,45.45999526977539,45.45999526977539,0.0,39.668941497802734,39.668941497802734,39.668941497802734,39.668941497802734,0.35447263717651367,20260732
2023-07-14,ChargerMatched,FeasibleITransformer,32,0.0,0.0,0.0,1.566230058670044,2.7983803749084473,1.566230058670044,2.7983803749084473,0.12207116186618805,20260732
2023-07-14,ChargerMatched,FeasibleITransformer,48,0.0,0.0,0.0,8.955042839050293,23.325653076171875,8.955042839050293,23.325653076171875,0.9325425624847412,20260732
2023-07-14,ChargerMatched,FeasibleITransformer,64,12.180000305175781,12.180000305175781,0.5,25.441465377807617,25.61576271057129,25.441465377807617,25.61576271057129,1.8254209756851196,20260732
2023-07-14,ChargerMatched,FeasibleITransformer,80,35.163002014160156,38.58000183105469,1.0,31.70061683654785,31.70061683654785,31.70061683654785,31.70061683654785,2.0893502235412598,20260732
2023-07-14,ChargerMatched,FeasibleITransformer,84,41.76300048828125,41.76300048828125,1.0,36.84828186035156,36.84828186035156,36.84828186035156,36.84828186035156,0.8318172097206116,20260732
2023-07-14,ChargerMatched,FeasibleITransformer,96,41.76300048828125,41.76300048828125,0.0,46.057716369628906,46.057716369628906,46.057716369628906,46.057716369628906,0.46512293815612793,20260732
2023-07-15,ChargerMatched,FeasibleITransformer,32,0.0,0.0,0.0,1.9529592990875244,2.9533305168151855,1.9529592990875244,2.9533305168151855,0.10119784623384476,20260732
2023-07-15,ChargerMatched,FeasibleITransformer,48,0.0,0.0,0.0,9.732124328613281,21.2729434967041,9.732124328613281,21.2729434967041,0.7879564762115479,20260732
2023-07-15,ChargerMatched,FeasibleITransformer,64,0.0,0.0,0.0,24.390777587890625,24.390777587890625,24.390777587890625,24.390777587890625,1.9525279998779297,20260732
2023-07-15,ChargerMatched,FeasibleITransformer,80,0.0,0.0,0.0,33.70104217529297,33.70104217529297,33.70104217529297,33.70104217529297,2.0465872287750244,20260732
2023-07-15,ChargerMatched,FeasibleITransformer,84,0.0,0.0,0.0,38.855133056640625,38.855133056640625,38.855133056640625,38.855133056640625,0.8065703511238098,20260732
2023-07-15,ChargerMatched,FeasibleITransformer,96,0.0,0.0,0.0,47.47854232788086,47.47854232788086,47.47854232788086,47.47854232788086,0.43552592396736145,20260732
2023-07-16,ChargerMatched,FeasibleITransformer,32,0.0,0.0,0.0,2.280207633972168,2.434945583343506,2.280207633972168,2.434945583343506,0.12980620563030243,20260732
2023-07-16,ChargerMatched,FeasibleITransformer,48,0.0,0.0,0.0,10.540888786315918,17.006595611572266,10.540888786315918,17.006595611572266,0.5781511068344116,20260732
2023-07-16,ChargerMatched,FeasibleITransformer,64,0.0,0.0,0.0,20.447172164916992,20.447172164916992,20.447172164916992,20.447172164916992,2.073931932449341,20260732
2023-07-16,ChargerMatched,FeasibleITransformer,80,0.0,0.0,0.0,27.574661254882812,27.574661254882812,27.574661254882812,27.574661254882812,1.8829466104507446,20260732
2023-07-16,ChargerMatched,FeasibleITransformer,84,0.0,0.0,0.0,32.208587646484375,32.208587646484375,32.208587646484375,32.208587646484375,0.7316194176673889,20260732
2023-07-16,ChargerMatched,FeasibleITransformer,96,0.0,0.0,0.0,39.4378662109375,39.4378662109375,39.4378662109375,39.4378662109375,0.3651149868965149,20260732
2023-07-17,ChargerMatched,FeasibleITransformer,32,0.0,3.299999952316284,0.0625,1.3850120306015015,1.5615479946136475,1.3850120306015015,1.5615479946136475,0.185123473405838,20260732
2023-07-17,ChargerMatched,FeasibleITransformer,48,15.423999786376953,28.35300064086914,1.8125,9.808283805847168,15.781034469604492,9.808283805847168,15.781034469604492,0.9406881332397461,20260732
2023-07-17,ChargerMatched,FeasibleITransformer,64,27.84600067138672,32.79600143432617,1.5,20.965436935424805,20.965436935424805,20.965436935424805,20.965436935424805,2.2131848335266113,20260732
2023-07-17,ChargerMatched,FeasibleITransformer,80,32.79600143432617,32.79600143432617,0.1875,28.52556610107422,28.525569915771484,28.52556610107422,28.525569915771484,1.3763978481292725,20260732
2023-07-17,ChargerMatched,FeasibleITransformer,84,32.79600143432617,32.79600143432617,0.0,31.43349838256836,31.433502197265625,31.43349838256836,31.433502197265625,0.4560661315917969,20260732
2023-07-17,ChargerMatched,FeasibleITransformer,96,32.79600143432617,32.79600143432617,0.0,36.7880744934082,36.7880744934082,36.7880744934082,36.7880744934082,0.2704331576824188,20260732
2023-07-18,ChargerMatched,FeasibleITransformer,32,0.0,1.649999976158142,0.03125,0.806004524230957,1.4142451286315918,0.806004524230957,1.4142451286315918,0.24092188477516174,20260732
2023-07-18,ChargerMatched,FeasibleITransformer,48,30.812999725341797,49.5,1.8125,9.082810401916504,18.112014770507812,9.082810401916504,18.112014770507812,1.4957908391952515,20260732
2023-07-18,ChargerMatched,FeasibleITransformer,64,68.76300048828125,68.76300048828125,1.4375,18.673707962036133,22.64389419555664,18.673707962036133,22.64389419555664,1.9468661546707153,20260732
2023-07-18,ChargerMatched,FeasibleITransformer,80,68.76300048828125,68.76300048828125,0.0,27.126846313476562,27.134296417236328,27.126846313476562,27.134296417236328,1.1492056846618652,20260732
2023-07-18,ChargerMatched,FeasibleITransformer,84,68.76300048828125,68.76300048828125,0.0,28.979087829589844,28.979087829589844,28.979087829589844,28.979087829589844,0.4130690097808838,20260732
2023-07-18,ChargerMatched,FeasibleITransformer,96,68.76300048828125,68.76300048828125,0.0,32.729522705078125,32.729522705078125,32.729522705078125,32.729522705078125,0.24050967395305634,20260732
2023-07-19,ChargerMatched,FeasibleITransformer,32,0.0,25.990999221801758,0.5,0.6544225215911865,1.4567644596099854,0.6544225215911865,1.4567644596099854,0.24743226170539856,20260732
2023-07-19,ChargerMatched,FeasibleITransformer,48,25.095001220703125,31.69499969482422,1.5625,8.866815567016602,21.400699615478516,8.866815567016602,21.400699615478516,1.7637282609939575,20260732
2023-07-19,ChargerMatched,FeasibleITransformer,64,40.73999786376953,40.73999786376953,0.875,17.531814575195312,24.624401092529297,17.531814575195312,24.624401092529297,1.5363245010375977,20260732
2023-07-19,ChargerMatched,FeasibleITransformer,80,40.73999786376953,40.73999786376953,0.0,28.732379913330078,28.732379913330078,28.732379913330078,28.732379913330078,1.1176551580429077,20260732
2023-07-19,ChargerMatched,FeasibleITransformer,84,40.73999786376953,40.73999786376953,0.0,30.954307556152344,30.954307556152344,30.954307556152344,30.954307556152344,0.5448275804519653,20260732
2023-07-19,ChargerMatched,FeasibleITransformer,96,40.73999786376953,40.73999786376953,0.0,35.48752212524414,35.48752212524414,35.48752212524414,35.48752212524414,0.3009423613548279,20260732
2023-07-20,ChargerMatched,FeasibleITransformer,32,0.0,0.0,0.0,0.6370599269866943,2.2064626216888428,0.6370599269866943,2.2064626216888428,0.25090911984443665,20260732
2023-07-20,ChargerMatched,FeasibleITransformer,48,11.159000396728516,17.759000778198242,0.9375,9.208762168884277,25.900146484375,9.208762168884277,25.900146484375,1.5811141729354858,20260732
2023-07-20,ChargerMatched,FeasibleITransformer,64,17.759000778198242,17.759000778198242,0.25,21.49797821044922,28.50333023071289,21.49797821044922,28.50333023071289,1.6421951055526733,20260732
2023-07-20,ChargerMatched,FeasibleITransformer,80,17.759000778198242,17.759000778198242,0.0,34.56689453125,34.56689453125,34.56689453125,34.56689453125,1.4579005241394043,20260732
2023-07-20,ChargerMatched,FeasibleITransformer,84,17.759000778198242,17.759000778198242,0.0,37.037872314453125,37.037872314453125,37.037872314453125,37.037872314453125,0.6150698065757751,20260732
2023-07-20,ChargerMatched,FeasibleITransformer,96,17.759000778198242,17.759000778198242,0.0,43.416229248046875,43.416229248046875,43.416229248046875,43.416229248046875,0.35025420784950256,20260732
2023-07-21,ChargerMatched,FeasibleITransformer,32,0.0,0.0,0.0,1.3566170930862427,3.6914234161376953,1.3566170930862427,3.6914234161376953,0.1905912160873413,20260732
2023-07-21,ChargerMatched,FeasibleITransformer,48,0.7179999947547913,4.01800012588501,0.1875,10.430285453796387,26.543323516845703,10.430285453796387,26.543323516845703,1.1923993825912476,20260732
2023-07-21,ChargerMatched,FeasibleITransformer,64,4.01800012588501,4.01800012588501,0.125,28.434429168701172,28.924026489257812,28.434429168701172,28.924026489257812,1.707739233970642,20260732
2023-07-21,ChargerMatched,FeasibleITransformer,80,7.895999908447266,7.895999908447266,0.1875,37.51313781738281,37.51313781738281,37.51313781738281,37.51313781738281,1.9698870182037354,20260732
2023-07-21,ChargerMatched,FeasibleITransformer,84,7.895999908447266,7.895999908447266,0.0,42.637325286865234,42.637325286865234,42.637325286865234,42.637325286865234,0.9098222255706787,20260732
2023-07-21,ChargerMatched,FeasibleITransformer,96,7.895999908447266,7.895999908447266,0.0,51.35174560546875,51.35174560546875,51.35174560546875,51.35174560546875,0.4527023434638977,20260732
2023-07-22,ChargerMatched,FeasibleITransformer,32,0.0,1.649999976158142,0.03125,1.7259751558303833,3.2687339782714844,1.7259751558303833,3.2687339782714844,0.14272277057170868,20260732
2023-07-22,ChargerMatched,FeasibleITransformer,48,0.0,11.82699966430664,1.0,9.767207145690918,21.952505111694336,9.767207145690918,21.952505111694336,0.8087975978851318,20260732
2023-07-22,ChargerMatched,FeasibleITransformer,64,11.82699966430664,11.82699966430664,0.5,24.36412811279297,24.36412811279297,24.36412811279297,24.36412811279297,1.8574838638305664,20260732
2023-07-22,ChargerMatched,FeasibleITransformer,80,11.82699966430664,11.82699966430664,0.0,29.587989807128906,29.587989807128906,29.587989807128906,29.587989807128906,1.8420305252075195,20260732
2023-07-22,ChargerMatched,FeasibleITransformer,84,11.82699966430664,11.82699966430664,0.0,34.18057632446289,34.18057632446289,34.18057632446289,34.18057632446289,0.7589215040206909,20260732
2023-07-22,ChargerMatched,FeasibleITransformer,96,11.82699966430664,11.82699966430664,0.0,42.77595138549805,42.77595138549805,42.77595138549805,42.77595138549805,0.4411174952983856,20260732
2023-07-23,ChargerMatched,FeasibleITransformer,32,0.0,0.0,0.0,1.842949390411377,2.8401126861572266,1.842949390411377,2.8401126861572266,0.17832235991954803,20260732
2023-07-23,ChargerMatched,FeasibleITransformer,48,0.0,0.0,0.0,10.173140525817871,17.620681762695312,10.173140525817871,17.620681762695312,0.7353875637054443,20260732
2023-07-23,ChargerMatched,FeasibleITransformer,64,0.0,0.0,0.0,21.08976173400879,21.08976173400879,21.08976173400879,21.08976173400879,2.07731032371521,20260732
2023-07-23,ChargerMatched,FeasibleITransformer,80,11.973999977111816,11.973999977111816,1.125,27.40924835205078,27.409250259399414,27.40924835205078,27.409250259399414,1.5810099840164185,20260732
2023-07-23,ChargerMatched,FeasibleITransformer,84,11.973999977111816,11.973999977111816,0.0,30.872827529907227,30.872827529907227,30.872827529907227,30.872827529907227,0.551427960395813,20260732
2023-07-23,ChargerMatched,FeasibleITransformer,96,11.973999977111816,11.973999977111816,0.0,37.86701583862305,37.86701583862305,37.86701583862305,37.86701583862305,0.35324180126190186,20260732
2023-07-24,ChargerMatched,FeasibleITransformer,32,0.0,0.0,0.0,1.4740748405456543,2.4389820098876953,1.4740748405456543,2.4389820098876953,0.26941367983818054,20260732
2023-07-24,ChargerMatched,FeasibleITransformer,48,32.415000915527344,36.92000198364258,2.4375,12.65578842163086,19.615070343017578,12.65578842163086,19.615070343017578,1.1012420654296875,20260732
2023-07-24,ChargerMatched,FeasibleITransformer,64,57.165000915527344,57.165000915527344,0.9375,24.60630226135254,24.60630226135254,24.60630226135254,24.60630226135254,1.9813110828399658,20260732
2023-07-24,ChargerMatched,FeasibleITransformer,80,57.165000915527344,57.165000915527344,0.0,30.081707000732422,30.081707000732422,30.081707000732422,30.081707000732422,1.322635293006897,20260732
2023-07-24,ChargerMatched,FeasibleITransformer,84,57.165000915527344,57.165000915527344,0.0,32.73252487182617,32.73252868652344,32.73252487182617,32.73252868652344,0.488881379365921,20260732
2023-07-24,ChargerMatched,FeasibleITransformer,96,57.165000915527344,57.165000915527344,0.0,38.246742248535156,38.246742248535156,38.246742248535156,38.246742248535156,0.3028368353843689,20260732
2023-07-25,ChargerMatched,FeasibleITransformer,32,0.0,0.0,0.0,0.9575792551040649,1.644484281539917,0.9575792551040649,1.644484281539917,0.3754037022590637,20260732
2023-07-25,ChargerMatched,FeasibleITransformer,48,30.4950008392334,30.4950008392334,1.625,11.329933166503906,19.928678512573242,11.329933166503906,19.928678512573242,1.5607407093048096,20260732
2023-07-25,ChargerMatched,FeasibleITransformer,64,30.4950008392334,30.4950008392334,0.0,23.529682159423828,25.59162139892578,23.529682159423828,25.59162139892578,1.6522045135498047,20260732
2023-07-25,ChargerMatched,FeasibleITransformer,80,39.10100173950195,39.10100173950195,0.375,33.01617431640625,33.01617431640625,33.01617431640625,33.01617431640625,1.087943434715271,20260732
2023-07-25,ChargerMatched,FeasibleITransformer,84,39.10100173950195,39.10100173950195,0.0,35.28082275390625,35.280818939208984,35.28082275390625,35.280818939208984,0.45199814438819885,20260732
2023-07-25,ChargerMatched,FeasibleITransformer,96,39.10100173950195,39.10100173950195,0.0,39.54739761352539,39.54739761352539,39.54739761352539,39.54739761352539,0.26081955432891846,20260732
2023-07-26,ChargerMatched,FeasibleITransformer,32,0.0,0.0,0.0,0.5825932025909424,1.660189151763916,0.5825932025909424,1.660189151763916,0.35439395904541016,20260732
2023-07-26,ChargerMatched,FeasibleITransformer,48,4.068999767303467,15.503999710083008,1.75,9.792116165161133,21.707836151123047,9.792116165161133,21.707836151123047,1.9583238363265991,20260732
2023-07-26,ChargerMatched,FeasibleITransformer,64,33.7140007019043,33.7140007019043,1.9375,19.196626663208008,25.141494750976562,19.196626663208008,25.141494750976562,1.5391572713851929,20260732
2023-07-26,ChargerMatched,FeasibleITransformer,80,33.7140007019043,33.7140007019043,0.0,28.360076904296875,28.55409812927246,28.360076904296875,28.55409812927246,1.0182278156280518,20260732
2023-07-26,ChargerMatched,FeasibleITransformer,84,33.7140007019043,33.7140007019043,0.0,30.32666778564453,30.32666778564453,30.32666778564453,30.32666778564453,0.43182599544525146,20260732
2023-07-26,ChargerMatched,FeasibleITransformer,96,33.7140007019043,33.7140007019043,0.0,35.02867126464844,35.02867126464844,35.02867126464844,35.02867126464844,0.2598291337490082,20260732
2023-07-27,ChargerMatched,FeasibleITransformer,32,0.0,0.0,0.0,0.6643471717834473,2.1167168617248535,0.6643471717834473,2.1167168617248535,0.2256336212158203,20260732
2023-07-27,ChargerMatched,FeasibleITransformer,48,3.9719998836517334,13.871999740600586,0.75,8.713744163513184,22.272747039794922,8.713744163513184,22.272747039794922,1.632171869277954,20260732
2023-07-27,ChargerMatched,FeasibleITransformer,64,13.871999740600586,13.871999740600586,0.375,19.454177856445312,24.606788635253906,19.454177856445312,24.606788635253906,1.422940969467163,20260732
2023-07-27,ChargerMatched,FeasibleITransformer,80,13.871999740600586,13.871999740600586,0.0,29.132823944091797,29.132823944091797,29.132823944091797,29.132823944091797,1.4714702367782593,20260732
2023-07-27,ChargerMatched,FeasibleITransformer,84,13.871999740600586,13.871999740600586,0.0,31.63775062561035,31.63775062561035,31.63775062561035,31.63775062561035,0.6324683427810669,20260732
2023-07-27,ChargerMatched,FeasibleITransformer,96,13.871999740600586,13.871999740600586,0.0,37.65849685668945,37.65849685668945,37.65849685668945,37.65849685668945,0.3423480689525604,20260732
2023-07-28,ChargerMatched,FeasibleITransformer,32,0.0,0.0,0.0,1.0641897916793823,2.7179434299468994,1.0641897916793823,2.7179434299468994,0.14776253700256348,20260732
2023-07-28,ChargerMatched,FeasibleITransformer,48,0.0,0.0,0.0,8.199485778808594,23.943456649780273,8.199485778808594,23.943456649780273,1.1397409439086914,20260732
2023-07-28,ChargerMatched,FeasibleITransformer,64,0.0,0.0,0.0,26.07761001586914,26.202945709228516,26.07761001586914,26.202945709228516,1.7178120613098145,20260732
2023-07-28,ChargerMatched,FeasibleITransformer,80,0.0,0.0,0.0,33.1158332824707,33.1158332824707,33.1158332824707,33.1158332824707,1.8280820846557617,20260732
2023-07-28,ChargerMatched,FeasibleITransformer,84,0.0,0.0,0.0,37.45332336425781,37.45332336425781,37.45332336425781,37.45332336425781,0.7607923746109009,20260732
2023-07-28,ChargerMatched,FeasibleITransformer,96,0.0,0.0,0.0,45.110267639160156,45.110267639160156,45.110267639160156,45.110267639160156,0.3895869851112366,20260732
2023-07-29,ChargerMatched,FeasibleITransformer,32,0.0,0.0,0.0,1.686455488204956,2.9845731258392334,1.686455488204956,2.9845731258392334,0.14766311645507812,20260732
2023-07-29,ChargerMatched,FeasibleITransformer,48,0.0,0.0,0.0,8.822449684143066,18.921756744384766,8.822449684143066,18.921756744384766,0.7409296631813049,20260732
2023-07-29,ChargerMatched,FeasibleITransformer,64,1.225000023841858,1.225000023841858,0.125,21.061603546142578,21.061603546142578,21.061603546142578,21.061603546142578,1.7687844038009644,20260732
2023-07-29,ChargerMatched,FeasibleITransformer,80,1.225000023841858,1.225000023841858,0.0,24.7058162689209,24.7058162689209,24.7058162689209,24.7058162689209,1.8983545303344727,20260732
2023-07-29,ChargerMatched,FeasibleITransformer,84,1.225000023841858,1.225000023841858,0.0,29.301603317260742,29.301603317260742,29.301603317260742,29.301603317260742,0.7589035034179688,20260732
2023-07-29,ChargerMatched,FeasibleITransformer,96,1.225000023841858,1.225000023841858,0.0,37.56863021850586,37.56863021850586,37.56863021850586,37.56863021850586,0.4175264835357666,20260732
2023-07-30,ChargerMatched,FeasibleITransformer,32,0.0,4.949999809265137,0.09375,1.6999266147613525,2.2494630813598633,1.6999266147613525,2.2494630813598633,0.16597211360931396,20260732
2023-07-30,ChargerMatched,FeasibleITransformer,48,8.61400032043457,11.913999557495117,1.0,9.765117645263672,16.667009353637695,9.765117645263672,16.667009353637695,0.7773422002792358,20260732
2023-07-30,ChargerMatched,FeasibleITransformer,64,17.972999572753906,17.972999572753906,0.5,19.683792114257812,19.683792114257812,19.683792114257812,19.683792114257812,1.9140112400054932,20260732
2023-07-30,ChargerMatched,FeasibleITransformer,80,17.972999572753906,17.972999572753906,0.0,23.758270263671875,23.758270263671875,23.758270263671875,23.758270263671875,1.4974688291549683,20260732
2023-07-30,ChargerMatched,FeasibleITransformer,84,17.972999572753906,17.972999572753906,0.0,26.818885803222656,26.818885803222656,26.818885803222656,26.818885803222656,0.5425045490264893,20260732
2023-07-30,ChargerMatched,FeasibleITransformer,96,17.972999572753906,17.972999572753906,0.0,33.43804931640625,33.43804931640625,33.43804931640625,33.43804931640625,0.3359110653400421,20260732
2023-07-31,ChargerMatched,FeasibleITransformer,32,0.0,0.0,0.0,1.3549635410308838,1.9721404314041138,1.3549635410308838,1.9721404314041138,0.25951266288757324,20260732
2023-07-31,ChargerMatched,FeasibleITransformer,48,2.813000202178955,4.564000129699707,0.75,11.586051940917969,20.28099250793457,11.586051940917969,20.28099250793457,1.2738559246063232,20260732
2023-07-31,ChargerMatched,FeasibleITransformer,64,45.78700256347656,48.26000213623047,1.8125,26.038986206054688,26.038986206054688,26.038986206054688,26.038986206054688,2.1706604957580566,20260732
2023-07-31,ChargerMatched,FeasibleITransformer,80,49.086997985839844,49.086997985839844,0.125,32.392784118652344,32.392784118652344,32.392784118652344,32.392784118652344,1.2104361057281494,20260732
2023-07-31,ChargerMatched,FeasibleITransformer,84,49.086997985839844,49.086997985839844,0.0,34.95082092285156,34.95082092285156,34.95082092285156,34.95082092285156,0.4178478717803955,20260732
2023-07-31,ChargerMatched,FeasibleITransformer,96,49.086997985839844,49.086997985839844,0.0,39.99919128417969,39.99919128417969,39.99919128417969,39.99919128417969,0.2638072073459625,20260732
2023-08-01,ChargerMatched,FeasibleITransformer,32,3.190000057220459,6.489999771118164,0.125,0.9194732904434204,1.837117314338684,0.9194732904434204,1.837117314338684,0.353017657995224,20260732
2023-08-01,ChargerMatched,FeasibleITransformer,48,16.391000747680664,18.03999900817871,0.5625,10.61454963684082,20.010147094726562,10.61454963684082,20.010147094726562,1.766885757446289,20260732
2023-08-01,ChargerMatched,FeasibleITransformer,64,36.191001892089844,37.33399963378906,1.0625,23.64875602722168,25.721391677856445,23.64875602722168,25.721391677856445,1.8747466802597046,20260732
2023-08-01,ChargerMatched,FeasibleITransformer,80,37.33399963378906,37.33399963378906,0.125,30.14830780029297,30.148303985595703,30.14830780029297,30.148303985595703,1.0278255939483643,20260732
2023-08-01,ChargerMatched,FeasibleITransformer,84,42.01899719238281,43.933998107910156,1.0,32.20161819458008,32.20161819458008,32.20161819458008,32.20161819458008,0.38072630763053894,20260732
2023-08-01,ChargerMatched,FeasibleITransformer,96,48.61899948120117,48.61899948120117,0.3333333432674408,36.45085525512695,36.45085525512695,36.45085525512695,36.45085525512695,0.23889730870723724,20260732
2023-08-02,ChargerMatched,FeasibleITransformer,32,0.0,0.0,0.0,0.7828909754753113,1.920266032218933,0.7828909754753113,1.920266032218933,0.33167320489883423,20260732
2023-08-02,ChargerMatched,FeasibleITransformer,48,0.0,6.005000114440918,0.9375,9.065942764282227,21.164535522460938,9.065942764282227,21.164535522460938,1.6938245296478271,20260732
2023-08-02,ChargerMatched,FeasibleITransformer,64,27.388999938964844,30.68899917602539,1.6875,20.382328033447266,25.178163528442383,20.382328033447266,25.178163528442383,1.7022114992141724,20260732
2023-08-02,ChargerMatched,FeasibleITransformer,80,30.68899917602539,30.68899917602539,0.125,30.04952621459961,30.049528121948242,30.04952621459961,30.049528121948242,1.0526483058929443,20260732
2023-08-02,ChargerMatched,FeasibleITransformer,84,30.68899917602539,30.68899917602539,0.0,32.13328170776367,32.13328170776367,32.13328170776367,32.13328170776367,0.5258820056915283,20260732
2023-08-02,ChargerMatched,FeasibleITransformer,96,30.68899917602539,30.68899917602539,0.0,36.83827209472656,36.83827209472656,36.83827209472656,36.83827209472656,0.29401642084121704,20260732
2023-08-03,ChargerMatched,FeasibleITransformer,32,0.0,0.0,0.0,0.8700914978981018,2.5310072898864746,0.8700914978981018,2.5310072898864746,0.23623026907444,20260732
2023-08-03,ChargerMatched,FeasibleITransformer,48,18.555999755859375,31.756000518798828,2.0625,7.731640815734863,22.34126853942871,7.731640815734863,22.34126853942871,1.6422523260116577,20260732
2023-08-03,ChargerMatched,FeasibleITransformer,64,45.60099792480469,72.56700134277344,1.75,18.988765716552734,24.594587326049805,18.988765716552734,24.594587326049805,1.4984078407287598,20260732
2023-08-03,ChargerMatched,FeasibleITransformer,80,76.95099639892578,76.95099639892578,1.1875,28.224384307861328,28.224384307861328,28.224384307861328,28.224384307861328,1.38740074634552,20260732
2023-08-03,ChargerMatched,FeasibleITransformer,84,76.95099639892578,76.95099639892578,0.0,30.47695541381836,30.476953506469727,30.47695541381836,30.476953506469727,0.6959110498428345,20260732
2023-08-03,ChargerMatched,FeasibleITransformer,96,76.95099639892578,76.95099639892578,0.0,37.18947219848633,37.18947219848633,37.18947219848633,37.18947219848633,0.3569750487804413,20260732
2023-08-04,ChargerMatched,FeasibleITransformer,32,0.0,0.0,0.0,1.3753892183303833,3.0070784091949463,1.3753892183303833,3.0070784091949463,0.15383708477020264,20260732
2023-08-04,ChargerMatched,FeasibleITransformer,48,0.0,8.25,0.3125,8.42956829071045,22.994800567626953,8.42956829071045,22.994800567626953,1.1514376401901245,20260732
2023-08-04,ChargerMatched,FeasibleITransformer,64,15.270999908447266,18.570999145507812,1.0,25.19847297668457,25.363561630249023,25.19847297668457,25.363561630249023,1.761541724205017,20260732
2023-08-04,ChargerMatched,FeasibleITransformer,80,22.779998779296875,22.779998779296875,0.625,31.83153533935547,31.831539154052734,31.83153533935547,31.831539154052734,1.778969407081604,20260732
2023-08-04,ChargerMatched,FeasibleITransformer,84,22.779998779296875,22.779998779296875,0.0,36.28822326660156,36.28822326660156,36.28822326660156,36.28822326660156,0.8221782445907593,20260732
2023-08-04,ChargerMatched,FeasibleITransformer,96,22.779998779296875,22.779998779296875,0.0,44.58681106567383,44.58681106567383,44.58681106567383,44.58681106567383,0.42334800958633423,20260732
2023-08-05,ChargerMatched,FeasibleITransformer,32,0.0,0.0,0.0,2.357970952987671,4.300474643707275,2.357970952987671,4.300474643707275,0.1450178325176239,20260732
2023-08-05,ChargerMatched,FeasibleITransformer,48,11.979999542236328,33.75,1.8125,9.412199974060059,19.765634536743164,9.412199974060059,19.765634536743164,0.6885370016098022,20260732
2023-08-05,ChargerMatched,FeasibleITransformer,64,42.43000030517578,47.73899841308594,1.875,22.234256744384766,22.234256744384766,22.234256744384766,22.234256744384766,1.9059864282608032,20260732
2023-08-05,ChargerMatched,FeasibleITransformer,80,47.73899841308594,47.73899841308594,0.3125,28.22311019897461,28.22311019897461,28.22311019897461,28.22311019897461,2.0345771312713623,20260732
2023-08-05,ChargerMatched,FeasibleITransformer,84,47.73899841308594,47.73899841308594,0.0,32.60785675048828,32.60785675048828,32.60785675048828,32.60785675048828,0.7912079095840454,20260732
2023-08-05,ChargerMatched,FeasibleITransformer,96,47.73899841308594,47.73899841308594,0.0,40.81671142578125,40.81671142578125,40.81671142578125,40.81671142578125,0.4443490505218506,20260732
2023-08-06,ChargerMatched,FeasibleITransformer,32,0.0,0.0,0.0,2.3786654472351074,3.0580246448516846,2.3786654472351074,3.0580246448516846,0.16230976581573486,20260732
2023-08-06,ChargerMatched,FeasibleITransformer,48,0.0,0.0,0.0,9.625490188598633,18.376623153686523,9.625490188598633,18.376623153686523,0.805727481842041,20260732
2023-08-06,ChargerMatched,FeasibleITransformer,64,0.0,4.553999900817871,0.1875,22.86725616455078,22.86725425720215,22.86725616455078,22.86725425720215,2.3942606449127197,20260732
2023-08-06,ChargerMatched,FeasibleITransformer,80,10.121999740600586,10.121999740600586,1.25,30.674026489257812,30.674026489257812,30.674026489257812,30.674026489257812,1.5437283515930176,20260732
2023-08-06,ChargerMatched,FeasibleITransformer,84,10.121999740600586,10.121999740600586,0.0,34.55271911621094,34.55272674560547,34.55271911621094,34.55272674560547,0.6093530058860779,20260732
2023-08-06,ChargerMatched,FeasibleITransformer,96,10.121999740600586,10.121999740600586,0.0,41.262874603271484,41.262874603271484,41.262874603271484,41.262874603271484,0.3388965129852295,20260732
2023-08-07,ChargerMatched,FeasibleITransformer,32,0.0,0.0,0.0,1.8640692234039307,2.1489057540893555,1.8640692234039307,2.1489057540893555,0.2523497939109802,20260732
2023-08-07,ChargerMatched,FeasibleITransformer,48,11.246999740600586,19.496999740600586,1.1875,13.066085815429688,21.207040786743164,13.066085815429688,21.207040786743164,1.2886197566986084,20260732
2023-08-07,ChargerMatched,FeasibleITransformer,64,24.957000732421875,24.957000732421875,1.25,28.94240951538086,28.94240951538086,28.94240951538086,28.94240951538086,2.497763156890869,20260732
2023-08-07,ChargerMatched,FeasibleITransformer,80,25.562000274658203,27.21200180053711,0.8125,39.041656494140625,39.041656494140625,39.041656494140625,39.041656494140625,1.461226463317871,20260732
2023-08-07,ChargerMatched,FeasibleITransformer,84,27.21200180053711,27.21200180053711,0.25,41.80374526977539,41.80374526977539,41.80374526977539,41.80374526977539,0.453921377658844,20260732
2023-08-07,ChargerMatched,FeasibleITransformer,96,27.21200180053711,27.21200180053711,0.0,47.19540023803711,47.19540023803711,47.19540023803711,47.19540023803711,0.2735069990158081,20260732
2023-08-08,ChargerMatched,FeasibleITransformer,32,0.5640000104904175,3.299999952316284,0.0625,1.01763916015625,1.3881323337554932,1.01763916015625,1.3881323337554932,0.30865776538848877,20260732
2023-08-08,ChargerMatched,FeasibleITransformer,48,20.36400032043457,31.91400146484375,1.1875,10.161554336547852,21.037479400634766,10.161554336547852,21.037479400634766,1.7010698318481445,20260732
2023-08-08,ChargerMatched,FeasibleITransformer,64,39.49199676513672,57.641998291015625,1.75,28.3797664642334,29.747995376586914,28.3797664642334,29.747995376586914,2.199089765548706,20260732
2023-08-08,ChargerMatched,FeasibleITransformer,80,57.641998291015625,57.641998291015625,0.6875,36.144325256347656,36.144325256347656,36.144325256347656,36.144325256347656,0.9966317415237427,20260732
2023-08-08,ChargerMatched,FeasibleITransformer,84,57.641998291015625,57.641998291015625,0.0,38.3886833190918,38.3886833190918,38.3886833190918,38.3886833190918,0.4029525816440582,20260732
2023-08-08,ChargerMatched,FeasibleITransformer,96,57.641998291015625,57.641998291015625,0.0,42.526893615722656,42.526893615722656,42.526893615722656,42.526893615722656,0.228774756193161,20260732
2023-08-09,ChargerMatched,FeasibleITransformer,32,0.0,0.0,0.0,0.8744520545005798,2.084779739379883,0.8744520545005798,2.084779739379883,0.34176188707351685,20260732
2023-08-09,ChargerMatched,FeasibleITransformer,48,8.795999526977539,18.696001052856445,1.3125,9.139074325561523,23.474380493164062,9.139074325561523,23.474380493164062,1.802131175994873,20260732
2023-08-09,ChargerMatched,FeasibleITransformer,64,18.696001052856445,18.696001052856445,0.375,21.124210357666016,28.566099166870117,21.124210357666016,28.566099166870117,1.9047636985778809,20260732
2023-08-09,ChargerMatched,FeasibleITransformer,80,18.696001052856445,18.696001052856445,0.0,35.18227767944336,35.18227767944336,35.18227767944336,35.18227767944336,1.300329566001892,20260732
2023-08-09,ChargerMatched,FeasibleITransformer,84,18.696001052856445,18.696001052856445,0.0,37.82501983642578,37.82501983642578,37.82501983642578,37.82501983642578,0.5331183671951294,20260732
2023-08-09,ChargerMatched,FeasibleITransformer,96,18.696001052856445,18.696001052856445,0.0,42.79952621459961,42.79952621459961,42.79952621459961,42.79952621459961,0.2791673243045807,20260732
2023-08-10,ChargerMatched,FeasibleITransformer,32,6.682000160217285,9.071999549865723,0.25,0.8179669380187988,2.2915189266204834,0.8179669380187988,2.2915189266204834,0.22134876251220703,20260732
2023-08-10,ChargerMatched,FeasibleITransformer,48,26.48200035095215,46.24100112915039,2.3125,8.549251556396484,25.416500091552734,8.549251556396484,25.416500091552734,1.7004400491714478,20260732
2023-08-10,ChargerMatched,FeasibleITransformer,64,45.5620002746582,53.770999908447266,2.3125,22.6586971282959,28.702640533447266,22.6586971282959,28.702640533447266,1.801087737083435,20260732
2023-08-10,ChargerMatched,FeasibleITransformer,80,53.770999908447266,53.770999908447266,0.375,35.553001403808594,35.553001403808594,35.553001403808594,35.553001403808594,1.4476186037063599,20260732
2023-08-10,ChargerMatched,FeasibleITransformer,84,53.770999908447266,53.770999908447266,0.0,38.589866638183594,38.589866638183594,38.589866638183594,38.589866638183594,0.6483911275863647,20260732
2023-08-10,ChargerMatched,FeasibleITransformer,96,53.770999908447266,53.770999908447266,0.0,44.731468200683594,44.731468200683594,44.731468200683594,44.731468200683594,0.34795019030570984,20260732
2023-08-11,ChargerMatched,FeasibleITransformer,32,0.0,0.0,0.0,2.038755416870117,4.260607719421387,2.038755416870117,4.260607719421387,0.20226576924324036,20260732
2023-08-11,ChargerMatched,FeasibleITransformer,48,0.0,0.0,0.0,9.31643295288086,24.169506072998047,9.31643295288086,24.169506072998047,1.018017053604126,20260732
2023-08-11,ChargerMatched,FeasibleITransformer,64,5.497000217437744,5.497000217437744,1.1875,25.949310302734375,26.415081024169922,25.949310302734375,26.415081024169922,1.7182542085647583,20260732
2023-08-11,ChargerMatched,FeasibleITransformer,80,5.497000217437744,5.497000217437744,0.0,31.746828079223633,31.746828079223633,31.746828079223633,31.746828079223633,2.088892698287964,20260732
2023-08-11,ChargerMatched,FeasibleITransformer,84,5.497000217437744,5.497000217437744,0.0,35.99452209472656,35.99452209472656,35.99452209472656,35.99452209472656,0.8981150388717651,20260732
2023-08-11,ChargerMatched,FeasibleITransformer,96,5.497000217437744,5.497000217437744,0.0,44.398468017578125,44.398468017578125,44.398468017578125,44.398468017578125,0.4501720070838928,20260732
2023-08-12,ChargerMatched,FeasibleITransformer,32,0.0,0.0,0.0,3.176506280899048,4.413388729095459,3.176506280899048,4.413388729095459,0.15795621275901794,20260732
2023-08-12,ChargerMatched,FeasibleITransformer,48,0.0,4.296000003814697,0.5,10.569744110107422,23.059171676635742,10.569744110107422,23.059171676635742,0.8140441179275513,20260732
2023-08-12,ChargerMatched,FeasibleITransformer,64,5.421000003814697,9.717000007629395,1.375,25.804733276367188,25.804733276367188,25.804733276367188,25.804733276367188,2.2145705223083496,20260732
2023-08-12,ChargerMatched,FeasibleITransformer,80,9.717000007629395,9.717000007629395,0.3125,30.762222290039062,30.762222290039062,30.762222290039062,30.762222290039062,2.031985282897949,20260732
2023-08-12,ChargerMatched,FeasibleITransformer,84,9.717000007629395,9.717000007629395,0.0,35.63031768798828,35.63031768798828,35.63031768798828,35.63031768798828,0.7932664155960083,20260732
2023-08-12,ChargerMatched,FeasibleITransformer,96,9.717000007629395,9.717000007629395,0.0,44.289390563964844,44.289390563964844,44.289390563964844,44.289390563964844,0.4373267889022827,20260732
2023-08-13,ChargerMatched,FeasibleITransformer,32,0.0,0.0,0.0,2.1504812240600586,3.086906909942627,2.1504812240600586,3.086906909942627,0.17054447531700134,20260732
2023-08-13,ChargerMatched,FeasibleITransformer,48,0.0,0.0,0.0,9.556463241577148,18.532306671142578,9.556463241577148,18.532306671142578,0.8275408744812012,20260732
2023-08-13,ChargerMatched,FeasibleITransformer,64,5.197999954223633,8.25,0.3125,22.881568908691406,22.881568908691406,22.881568908691406,22.881568908691406,2.435180425643921,20260732
2023-08-13,ChargerMatched,FeasibleITransformer,80,25.750999450683594,27.4010009765625,1.25,29.6258602142334,29.625858306884766,29.6258602142334,29.625858306884766,1.601581335067749,20260732
2023-08-13,ChargerMatched,FeasibleITransformer,84,27.4010009765625,27.4010009765625,0.25,33.078094482421875,33.078094482421875,33.078094482421875,33.078094482421875,0.5263436436653137,20260732
2023-08-13,ChargerMatched,FeasibleITransformer,96,27.4010009765625,27.4010009765625,0.0,39.49113464355469,39.49113464355469,39.49113464355469,39.49113464355469,0.3238911032676697,20260732
2023-08-14,ChargerMatched,FeasibleITransformer,32,0.0,1.649999976158142,0.03125,2.2026686668395996,2.7488603591918945,2.2026686668395996,2.7488603591918945,0.2566502094268799,20260732
2023-08-14,ChargerMatched,FeasibleITransformer,48,21.06399917602539,24.10099983215332,1.5,12.672647476196289,21.592498779296875,12.672647476196289,21.592498779296875,1.1591285467147827,20260732
2023-08-14,ChargerMatched,FeasibleITransformer,64,41.26499938964844,41.26499938964844,0.875,29.311412811279297,29.311412811279297,29.311412811279297,29.311412811279297,2.619276523590088,20260732
2023-08-14,ChargerMatched,FeasibleITransformer,80,41.26499938964844,41.26499938964844,0.0,38.22510528564453,38.22510528564453,38.22510528564453,38.22510528564453,1.4143400192260742,20260732
2023-08-14,ChargerMatched,FeasibleITransformer,84,41.26499938964844,41.26499938964844,0.0,41.044227600097656,41.044227600097656,41.044227600097656,41.044227600097656,0.47873422503471375,20260732
2023-08-14,ChargerMatched,FeasibleITransformer,96,41.26499938964844,41.26499938964844,0.0,46.32478713989258,46.32478713989258,46.32478713989258,46.32478713989258,0.26751577854156494,20260732
2023-08-15,ChargerMatched,FeasibleITransformer,32,1.9529999494552612,3.299999952316284,0.0625,1.4706275463104248,2.0076093673706055,1.4706275463104248,2.0076093673706055,0.3404814600944519,20260732
2023-08-15,ChargerMatched,FeasibleITransformer,48,27.69700050354004,30.003000259399414,1.0625,10.415711402893066,21.453472137451172,10.415711402893066,21.453472137451172,1.6910344362258911,20260732
2023-08-15,ChargerMatched,FeasibleITransformer,64,54.09700012207031,56.40299987792969,1.0,28.648387908935547,30.674854278564453,28.648387908935547,30.674854278564453,2.383490800857544,20260732
2023-08-15,ChargerMatched,FeasibleITransformer,80,57.397003173828125,57.397003173828125,0.125,40.787933349609375,40.787933349609375,40.787933349609375,40.787933349609375,1.0794464349746704,20260732
2023-08-15,ChargerMatched,FeasibleITransformer,84,57.397003173828125,57.397003173828125,0.0,42.98948669433594,42.98948669433594,42.98948669433594,42.98948669433594,0.42648687958717346,20260732
2023-08-15,ChargerMatched,FeasibleITransformer,96,57.397003173828125,57.397003173828125,0.0,47.05855941772461,47.05855941772461,47.05855941772461,47.05855941772461,0.2319377064704895,20260732
2023-08-16,ChargerMatched,FeasibleITransformer,32,0.0,1.649999976158142,0.03125,1.119783878326416,1.9375792741775513,1.119783878326416,1.9375792741775513,0.3430301547050476,20260732
2023-08-16,ChargerMatched,FeasibleITransformer,48,32.1609992980957,57.547000885009766,3.125,10.797537803649902,25.336580276489258,10.797537803649902,25.336580276489258,1.8237546682357788,20260732
2023-08-16,ChargerMatched,FeasibleITransformer,64,83.65299987792969,93.55299377441406,2.75,24.75261116027832,30.6484375,24.75261116027832,30.6484375,1.9858014583587646,20260732
2023-08-16,ChargerMatched,FeasibleITransformer,80,94.55500030517578,94.55500030517578,0.5625,37.71808624267578,37.7409782409668,37.71808624267578,37.7409782409668,1.075057029724121,20260732
2023-08-16,ChargerMatched,FeasibleITransformer,84,94.55500030517578,94.55500030517578,0.0,40.197776794433594,40.197776794433594,40.197776794433594,40.197776794433594,0.5016252398490906,20260732
2023-08-16,ChargerMatched,FeasibleITransformer,96,94.55500030517578,94.55500030517578,0.0,44.50994110107422,44.50994110107422,44.50994110107422,44.50994110107422,0.25641870498657227,20260732
2023-08-17,ChargerMatched,FeasibleITransformer,32,0.0,0.0,0.0,1.2502148151397705,2.50909423828125,1.2502148151397705,2.50909423828125,0.21333198249340057,20260732
2023-08-17,ChargerMatched,FeasibleITransformer,48,5.326000213623047,33.375999450683594,1.875,9.262181282043457,28.826692581176758,9.262181282043457,28.826692581176758,1.8631157875061035,20260732
2023-08-17,ChargerMatched,FeasibleITransformer,64,36.37699890136719,62.777000427246094,2.0,25.257795333862305,32.57404708862305,25.257795333862305,32.57404708862305,1.9448668956756592,20260732
2023-08-17,ChargerMatched,FeasibleITransformer,80,62.777000427246094,62.777000427246094,1.0,40.375396728515625,40.375396728515625,40.375396728515625,40.375396728515625,1.5907403230667114,20260732
2023-08-17,ChargerMatched,FeasibleITransformer,84,62.777000427246094,62.777000427246094,0.0,43.98747634887695,43.98747634887695,43.98747634887695,43.98747634887695,0.6857262253761292,20260732
2023-08-17,ChargerMatched,FeasibleITransformer,96,62.777000427246094,62.777000427246094,0.0,50.483116149902344,50.483116149902344,50.483116149902344,50.483116149902344,0.34092894196510315,20260732
2023-08-18,ChargerMatched,FeasibleITransformer,32,0.0,0.0,0.0,1.870743989944458,3.362372875213623,1.870743989944458,3.362372875213623,0.15635496377944946,20260732
2023-08-18,ChargerMatched,FeasibleITransformer,48,4.329999923706055,10.930000305175781,1.125,9.185898780822754,26.383460998535156,9.185898780822754,26.383460998535156,1.19063138961792,20260732
2023-08-18,ChargerMatched,FeasibleITransformer,64,11.901000022888184,11.901000022888184,0.5625,28.510112762451172,29.046972274780273,28.510112762451172,29.046972274780273,2.0112290382385254,20260732
2023-08-18,ChargerMatched,FeasibleITransformer,80,11.901000022888184,11.901000022888184,0.0,36.42841720581055,36.42841720581055,36.42841720581055,36.42841720581055,1.9784064292907715,20260732
2023-08-18,ChargerMatched,FeasibleITransformer,84,11.901000022888184,11.901000022888184,0.0,40.947513580322266,40.947509765625,40.947513580322266,40.947509765625,0.7656036019325256,20260732
2023-08-18,ChargerMatched,FeasibleITransformer,96,11.901000022888184,11.901000022888184,0.0,48.41024398803711,48.41024398803711,48.41024398803711,48.41024398803711,0.3769056499004364,20260732
2023-08-19,ChargerMatched,FeasibleITransformer,32,0.0,0.0,0.0,2.444408893585205,3.7386746406555176,2.444408893585205,3.7386746406555176,0.13817569613456726,20260732
2023-08-19,ChargerMatched,FeasibleITransformer,48,0.0,0.0,0.0,9.126115798950195,21.649677276611328,9.126115798950195,21.649677276611328,0.8630631566047668,20260732
2023-08-19,ChargerMatched,FeasibleITransformer,64,0.0,1.649999976158142,0.0625,24.558746337890625,24.558746337890625,24.558746337890625,24.558746337890625,2.17555832862854,20260732
2023-08-19,ChargerMatched,FeasibleITransformer,80,24.80900001525879,28.049999237060547,1.0,30.8013973236084,30.8013973236084,30.8013973236084,30.8013973236084,1.9422210454940796,20260732
2023-08-19,ChargerMatched,FeasibleITransformer,84,31.409000396728516,33.058998107910156,1.0,35.16139221191406,35.16139221191406,35.16139221191406,35.16139221191406,0.7484159469604492,20260732
2023-08-19,ChargerMatched,FeasibleITransformer,96,33.058998107910156,33.058998107910156,0.0833333358168602,43.15183639526367,43.15183639526367,43.15183639526367,43.15183639526367,0.4127165675163269,20260732
2023-08-20,ChargerMatched,FeasibleITransformer,32,0.0,0.0,0.0,2.3253865242004395,2.7960102558135986,2.3253865242004395,2.7960102558135986,0.15516448020935059,20260732
2023-08-20,ChargerMatched,FeasibleITransformer,48,0.0,0.0,0.0,9.778934478759766,19.323848724365234,9.778934478759766,19.323848724365234,0.8128591775894165,20260732
2023-08-20,ChargerMatched,FeasibleITransformer,64,0.0,0.0,0.0,24.044591903686523,24.044591903686523,24.044591903686523,24.044591903686523,2.3449840545654297,20260732
2023-08-20,ChargerMatched,FeasibleITransformer,80,0.0,0.0,0.0,32.375999450683594,32.375999450683594,32.375999450683594,32.375999450683594,1.7717900276184082,20260732
2023-08-20,ChargerMatched,FeasibleITransformer,84,0.0,0.0,0.0,36.200462341308594,36.200462341308594,36.200462341308594,36.200462341308594,0.5794641971588135,20260732
2023-08-20,ChargerMatched,FeasibleITransformer,96,0.0,0.0,0.0,42.292484283447266,42.292484283447266,42.292484283447266,42.292484283447266,0.3076777458190918,20260732
2023-08-21,ChargerMatched,FeasibleITransformer,32,0.0,4.949999809265137,0.09375,1.9251747131347656,2.083570957183838,1.9251747131347656,2.083570957183838,0.22369368374347687,20260732
2023-08-21,ChargerMatched,FeasibleITransformer,48,14.255000114440918,17.55500030517578,1.0,11.582426071166992,21.376380920410156,11.582426071166992,21.376380920410156,1.163824439048767,20260732
2023-08-21,ChargerMatched,FeasibleITransformer,64,17.55500030517578,17.55500030517578,0.125,28.895463943481445,28.895463943481445,28.895463943481445,28.895463943481445,2.612032890319824,20260732
2023-08-21,ChargerMatched,FeasibleITransformer,80,17.55500030517578,17.55500030517578,0.0,36.146846771240234,36.146846771240234,36.146846771240234,36.146846771240234,1.3567209243774414,20260732
2023-08-21,ChargerMatched,FeasibleITransformer,84,17.55500030517578,17.55500030517578,0.0,39.20271682739258,39.20271682739258,39.20271682739258,39.20271682739258,0.5104960203170776,20260732
2023-08-21,ChargerMatched,FeasibleITransformer,96,17.55500030517578,17.55500030517578,0.0,44.32976150512695,44.32976150512695,44.32976150512695,44.32976150512695,0.2620623707771301,20260732
2023-08-22,ChargerMatched,FeasibleITransformer,32,0.0,0.0,0.0,1.0420856475830078,1.455795168876648,1.0420856475830078,1.455795168876648,0.29480186104774475,20260732
2023-08-22,ChargerMatched,FeasibleITransformer,48,3.1579999923706055,3.1579999923706055,0.4375,10.753954887390137,20.042972564697266,10.753954887390137,20.042972564697266,1.7214281558990479,20260732
2023-08-22,ChargerMatched,FeasibleITransformer,64,3.1579999923706055,3.1579999923706055,0.0,24.385549545288086,26.387569427490234,24.385549545288086,26.387569427490234,2.0180611610412598,20260732
2023-08-22,ChargerMatched,FeasibleITransformer,80,3.1579999923706055,3.1579999923706055,0.0,29.54473876953125,29.57107162475586,29.54473876953125,29.57107162475586,0.9358007907867432,20260732
2023-08-22,ChargerMatched,FeasibleITransformer,84,3.1579999923706055,3.1579999923706055,0.0,32.01972198486328,32.01972198486328,32.01972198486328,32.01972198486328,0.4463425278663635,20260732
2023-08-22,ChargerMatched,FeasibleITransformer,96,3.1579999923706055,3.1579999923706055,0.0,36.31127166748047,36.31127166748047,36.31127166748047,36.31127166748047,0.2374998927116394,20260732
2023-08-23,ChargerMatched,FeasibleITransformer,32,0.0,0.0,0.0,1.0876710414886475,1.6241950988769531,1.0876710414886475,1.6241950988769531,0.2936885356903076,20260732
2023-08-23,ChargerMatched,FeasibleITransformer,48,2.822000026702881,10.457000732421875,1.5,9.563436508178711,22.339744567871094,9.563436508178711,22.339744567871094,1.89170503616333,20260732
2023-08-23,ChargerMatched,FeasibleITransformer,64,10.457000732421875,15.045000076293945,0.9375,20.966445922851562,26.79766845703125,20.966445922851562,26.79766845703125,1.7598520517349243,20260732
2023-08-23,ChargerMatched,FeasibleITransformer,80,26.45600128173828,26.45600128173828,1.0625,31.193389892578125,31.424715042114258,31.193389892578125,31.424715042114258,1.1162841320037842,20260732
2023-08-23,ChargerMatched,FeasibleITransformer,84,26.45600128173828,26.45600128173828,0.0,33.939483642578125,33.939483642578125,33.939483642578125,33.939483642578125,0.532333493232727,20260732
2023-08-23,ChargerMatched,FeasibleITransformer,96,26.45600128173828,26.45600128173828,0.0,38.37015151977539,38.37015151977539,38.37015151977539,38.37015151977539,0.26744890213012695,20260732
2023-08-24,ChargerMatched,FeasibleITransformer,32,0.0,3.299999952316284,0.0625,1.2153000831604004,2.6931846141815186,1.2153000831604004,2.6931846141815186,0.21921126544475555,20260732
2023-08-24,ChargerMatched,FeasibleITransformer,48,11.46399974822998,27.964000701904297,1.0,8.778151512145996,25.64228630065918,8.778151512145996,25.64228630065918,1.8009756803512573,20260732
2023-08-24,ChargerMatched,FeasibleITransformer,64,27.964000701904297,34.374000549316406,1.3125,22.020557403564453,28.689411163330078,22.020557403564453,28.689411163330078,1.6093428134918213,20260732
2023-08-24,ChargerMatched,FeasibleITransformer,80,34.374000549316406,34.374000549316406,0.3125,33.64609909057617,33.64609909057617,33.64609909057617,33.64609909057617,1.5981265306472778,20260732
2023-08-24,ChargerMatched,FeasibleITransformer,84,36.345001220703125,37.67399978637695,0.5,37.05791473388672,37.05791473388672,37.05791473388672,37.05791473388672,0.772554337978363,20260732
2023-08-24,ChargerMatched,FeasibleITransformer,96,46.24500274658203,46.24500274658203,0.5,43.17723846435547,43.17723846435547,43.17723846435547,43.17723846435547,0.3439764976501465,20260732
2023-08-25,ChargerMatched,FeasibleITransformer,32,0.0,0.0,0.0,1.6048502922058105,3.5172648429870605,1.6048502922058105,3.5172648429870605,0.15321791172027588,20260732
2023-08-25,ChargerMatched,FeasibleITransformer,48,4.1020002365112305,12.452000617980957,1.6875,8.538423538208008,24.29585838317871,8.538423538208008,24.29585838317871,1.2370789051055908,20260732
2023-08-25,ChargerMatched,FeasibleITransformer,64,12.097000122070312,25.652000427246094,1.875,26.007339477539062,26.58831024169922,26.007339477539062,26.58831024169922,1.9234120845794678,20260732
2023-08-25,ChargerMatched,FeasibleITransformer,80,48.992000579833984,50.641998291015625,2.0625,31.074310302734375,31.074310302734375,31.074310302734375,31.074310302734375,1.6754374504089355,20260732
2023-08-25,ChargerMatched,FeasibleITransformer,84,50.641998291015625,50.641998291015625,0.25,34.47392272949219,34.47392272949219,34.47392272949219,34.47392272949219,0.8660284876823425,20260732
2023-08-25,ChargerMatched,FeasibleITransformer,96,50.641998291015625,50.641998291015625,0.0,42.4959716796875,42.4959716796875,42.4959716796875,42.4959716796875,0.4686371684074402,20260732
2023-08-26,ChargerMatched,FeasibleITransformer,32,0.0,0.0,0.0,2.667409658432007,4.432253837585449,2.667409658432007,4.432253837585449,0.13911627233028412,20260732
2023-08-26,ChargerMatched,FeasibleITransformer,48,0.0,0.0,0.0,10.509838104248047,23.04364776611328,10.509838104248047,23.04364776611328,0.9756356477737427,20260732
2023-08-26,ChargerMatched,FeasibleITransformer,64,8.35200023651123,8.35200023651123,0.5,26.058643341064453,26.058643341064453,26.058643341064453,26.058643341064453,1.9885680675506592,20260732
2023-08-26,ChargerMatched,FeasibleITransformer,80,8.35200023651123,8.35200023651123,0.0,32.47079849243164,32.47079849243164,32.47079849243164,32.47079849243164,2.0918476581573486,20260732
2023-08-26,ChargerMatched,FeasibleITransformer,84,8.35200023651123,8.35200023651123,0.0,37.58342361450195,37.58342361450195,37.58342361450195,37.58342361450195,0.9555220603942871,20260732
2023-08-26,ChargerMatched,FeasibleITransformer,96,8.35200023651123,8.35200023651123,0.0,46.72732162475586,46.72732162475586,46.72732162475586,46.72732162475586,0.47876667976379395,20260732
2023-08-27,ChargerMatched,FeasibleITransformer,32,0.0,0.0,0.0,2.289719343185425,3.0910303592681885,2.289719343185425,3.0910303592681885,0.16594316065311432,20260732
2023-08-27,ChargerMatched,FeasibleITransformer,48,15.612000465393066,19.799999237060547,0.75,9.258112907409668,17.254270553588867,9.258112907409668,17.254270553588867,0.7565932869911194,20260732
2023-08-27,ChargerMatched,FeasibleITransformer,64,39.31399917602539,39.31399917602539,0.9375,21.0195255279541,21.0195255279541,21.0195255279541,21.0195255279541,2.166578769683838,20260732
2023-08-27,ChargerMatched,FeasibleITransformer,80,44.54800033569336,44.54800033569336,0.6875,24.992149353027344,24.992149353027344,24.992149353027344,24.992149353027344,1.6571872234344482,20260732
2023-08-27,ChargerMatched,FeasibleITransformer,84,44.54800033569336,44.54800033569336,0.0,28.516897201538086,28.516897201538086,28.516897201538086,28.516897201538086,0.6399122476577759,20260732
2023-08-27,ChargerMatched,FeasibleITransformer,96,44.54800033569336,44.54800033569336,0.0,35.265933990478516,35.265933990478516,35.265933990478516,35.265933990478516,0.3484788239002228,20260732
2023-08-28,ChargerMatched,FeasibleITransformer,32,0.0,0.0,0.0,1.685053825378418,2.0810225009918213,1.685053825378418,2.0810225009918213,0.24539023637771606,20260732
2023-08-28,ChargerMatched,FeasibleITransformer,48,42.83799743652344,55.73099899291992,2.4375,9.505556106567383,16.14289093017578,9.505556106567383,16.14289093017578,1.0670653581619263,20260732
2023-08-28,ChargerMatched,FeasibleITransformer,64,97.28800201416016,97.28800201416016,2.0625,22.352907180786133,22.3529052734375,22.352907180786133,22.3529052734375,2.209746837615967,20260732
2023-08-28,ChargerMatched,FeasibleITransformer,80,105.98500061035156,105.98500061035156,0.375,27.65886878967285,27.65886878967285,27.65886878967285,27.65886878967285,1.245288610458374,20260732
2023-08-28,ChargerMatched,FeasibleITransformer,84,105.98500061035156,105.98500061035156,0.0,30.209260940551758,30.209260940551758,30.209260940551758,30.209260940551758,0.5181383490562439,20260732
2023-08-28,ChargerMatched,FeasibleITransformer,96,105.98500061035156,105.98500061035156,0.0,35.10993957519531,35.10993957519531,35.10993957519531,35.10993957519531,0.30726462602615356,20260732
2023-08-29,ChargerMatched,FeasibleITransformer,32,2.5190000534057617,4.949999809265137,0.09375,1.2107770442962646,1.5380078554153442,1.2107770442962646,1.5380078554153442,0.3057689964771271,20260732
2023-08-29,ChargerMatched,FeasibleITransformer,48,22.319000244140625,22.319000244140625,0.75,11.147823333740234,19.12055778503418,11.147823333740234,19.12055778503418,1.7778400182724,20260732
2023-08-29,ChargerMatched,FeasibleITransformer,64,22.319000244140625,22.319000244140625,0.0,23.83441925048828,25.799135208129883,23.83441925048828,25.799135208129883,1.859443187713623,20260732
2023-08-29,ChargerMatched,FeasibleITransformer,80,22.319000244140625,22.319000244140625,0.0,30.635822296142578,30.80520248413086,30.635822296142578,30.80520248413086,1.0276896953582764,20260732
2023-08-29,ChargerMatched,FeasibleITransformer,84,22.319000244140625,22.319000244140625,0.0,33.444435119628906,33.444435119628906,33.444435119628906,33.444435119628906,0.4830016791820526,20260732
2023-08-29,ChargerMatched,FeasibleITransformer,96,22.319000244140625,22.319000244140625,0.0,37.635746002197266,37.635746002197266,37.635746002197266,37.635746002197266,0.25782665610313416,20260732
2023-08-30,ChargerMatched,FeasibleITransformer,32,0.0,0.0,0.0,1.1558315753936768,1.9470763206481934,1.1558315753936768,1.9470763206481934,0.3181547224521637,20260732
2023-08-30,ChargerMatched,FeasibleITransformer,48,0.0,4.2179999351501465,0.625,10.359855651855469,24.538604736328125,10.359855651855469,24.538604736328125,1.9603990316390991,20260732
2023-08-30,ChargerMatched,FeasibleITransformer,64,4.2179999351501465,5.711999893188477,1.6875,23.850261688232422,29.701017379760742,23.850261688232422,29.701017379760742,1.7112611532211304,20260732
2023-08-30,ChargerMatched,FeasibleITransformer,80,25.583999633789062,25.583999633789062,1.0625,36.18537902832031,36.18537902832031,36.18537902832031,36.18537902832031,1.2342071533203125,20260732
2023-08-30,ChargerMatched,FeasibleITransformer,84,25.583999633789062,25.583999633789062,0.0,38.84659194946289,38.84659194946289,38.84659194946289,38.84659194946289,0.5649466514587402,20260732
2023-08-30,ChargerMatched,FeasibleITransformer,96,25.583999633789062,25.583999633789062,0.0,43.56568145751953,43.56568145751953,43.56568145751953,43.56568145751953,0.2885156571865082,20260732
2023-08-31,ChargerMatched,FeasibleITransformer,32,2.924999952316284,4.949999809265137,0.09375,0.9965057969093323,2.4177587032318115,0.9965057969093323,2.4177587032318115,0.21985989809036255,20260732
2023-08-31,ChargerMatched,FeasibleITransformer,48,19.424999237060547,19.424999237060547,0.625,8.215980529785156,23.94295310974121,8.215980529785156,23.94295310974121,1.8066375255584717,20260732
2023-08-31,ChargerMatched,FeasibleITransformer,64,19.424999237060547,24.875999450683594,0.5,21.995925903320312,27.00094985961914,21.995925903320312,27.00094985961914,1.7688053846359253,20260732
2023-08-31,ChargerMatched,FeasibleITransformer,80,30.01799964904785,30.01799964904785,0.8125,34.74970245361328,34.74970245361328,34.74970245361328,34.74970245361328,1.3903379440307617,20260732
2023-08-31,ChargerMatched,FeasibleITransformer,84,30.01799964904785,30.01799964904785,0.0,37.202613830566406,37.202613830566406,37.202613830566406,37.202613830566406,0.647974967956543,20260732
2023-08-31,ChargerMatched,FeasibleITransformer,96,30.01799964904785,30.01799964904785,0.0,42.32087707519531,42.32087707519531,42.32087707519531,42.32087707519531,0.33516544103622437,20260732
2023-09-01,ChargerMatched,FeasibleITransformer,32,0.0,0.0,0.0,1.7737771272659302,3.785679578781128,1.7737771272659302,3.785679578781128,0.1545247733592987,20260732
2023-09-01,ChargerMatched,FeasibleITransformer,48,17.350000381469727,19.799999237060547,0.75,9.400718688964844,24.59532928466797,9.400718688964844,24.59532928466797,1.2326018810272217,20260732
2023-09-01,ChargerMatched,FeasibleITransformer,64,25.600000381469727,25.600000381469727,0.3125,27.064353942871094,27.064353942871094,27.064353942871094,27.064353942871094,1.7212237119674683,20260732
2023-09-01,ChargerMatched,FeasibleITransformer,80,25.600000381469727,25.600000381469727,0.0,34.45023727416992,34.45023727416992,34.45023727416992,34.45023727416992,1.9990382194519043,20260732
2023-09-01,ChargerMatched,FeasibleITransformer,84,25.600000381469727,25.600000381469727,0.0,37.88848114013672,37.888484954833984,37.88848114013672,37.888484954833984,0.8906654715538025,20260732
2023-09-01,ChargerMatched,FeasibleITransformer,96,25.600000381469727,25.600000381469727,0.0,45.11577224731445,45.11577224731445,45.11577224731445,45.11577224731445,0.44014760851860046,20260732
2023-09-02,ChargerMatched,FeasibleITransformer,32,0.0,0.0,0.0,2.5403754711151123,3.6350672245025635,2.5403754711151123,3.6350672245025635,0.1394333839416504,20260732
2023-09-02,ChargerMatched,FeasibleITransformer,48,0.0,0.0,0.0,9.74605655670166,21.317642211914062,9.74605655670166,21.317642211914062,0.8538057804107666,20260732
2023-09-02,ChargerMatched,FeasibleITransformer,64,0.0,0.0,0.0,24.37512969970703,24.37512969970703,24.37512969970703,24.37512969970703,2.1377854347229004,20260732
2023-09-02,ChargerMatched,FeasibleITransformer,80,0.0,0.0,0.0,30.286643981933594,30.286643981933594,30.286643981933594,30.286643981933594,1.879420518875122,20260732
2023-09-02,ChargerMatched,FeasibleITransformer,84,0.0,0.0,0.0,35.535072326660156,35.535072326660156,35.535072326660156,35.535072326660156,0.8355616331100464,20260732
2023-09-02,ChargerMatched,FeasibleITransformer,96,0.0,0.0,0.0,43.638633728027344,43.638633728027344,43.638633728027344,43.638633728027344,0.4092704653739929,20260732
2023-09-03,ChargerMatched,FeasibleITransformer,32,0.0,0.0,0.0,2.41616153717041,3.5149412155151367,2.41616153717041,3.5149412155151367,0.18158313632011414,20260732
2023-09-03,ChargerMatched,FeasibleITransformer,48,0.0,0.0,0.0,10.497441291809082,17.271564483642578,10.497441291809082,17.271564483642578,0.691585123538971,20260732
2023-09-03,ChargerMatched,FeasibleITransformer,64,0.0,0.0,0.0,21.273008346557617,21.273008346557617,21.273008346557617,21.273008346557617,2.013855457305908,20260732
2023-09-03,ChargerMatched,FeasibleITransformer,80,5.257999897003174,5.257999897003174,0.6875,25.18489646911621,25.18489646911621,25.18489646911621,25.18489646911621,1.680907964706421,20260732
2023-09-03,ChargerMatched,FeasibleITransformer,84,5.257999897003174,5.257999897003174,0.0,28.961265563964844,28.961265563964844,28.961265563964844,28.961265563964844,0.6973721981048584,20260732
2023-09-03,ChargerMatched,FeasibleITransformer,96,5.257999897003174,5.257999897003174,0.0,35.89640808105469,35.89640808105469,35.89640808105469,35.89640808105469,0.38081419467926025,20260732
2023-09-04,ChargerMatched,FeasibleITransformer,32,0.0,0.0,0.0,2.000648021697998,2.4081871509552,2.000648021697998,2.4081871509552,0.22377032041549683,20260732
2023-09-04,ChargerMatched,FeasibleITransformer,48,0.0,0.0,0.0,10.841943740844727,16.49172592163086,10.841943740844727,16.49172592163086,1.1389119625091553,20260732
2023-09-04,ChargerMatched,FeasibleITransformer,64,0.0,0.0,0.0,22.428977966308594,22.428977966308594,22.428977966308594,22.428977966308594,2.117507219314575,20260732
2023-09-04,ChargerMatched,FeasibleITransformer,80,5.604000091552734,5.604000091552734,0.25,26.301273345947266,26.301273345947266,26.301273345947266,26.301273345947266,1.1919143199920654,20260732
2023-09-04,ChargerMatched,FeasibleITransformer,84,5.604000091552734,5.604000091552734,0.0,28.94074821472168,28.94074821472168,28.94074821472168,28.94074821472168,0.48578426241874695,20260732
2023-09-04,ChargerMatched,FeasibleITransformer,96,5.604000091552734,5.604000091552734,0.0,34.41546630859375,34.41546630859375,34.41546630859375,34.41546630859375,0.2926713228225708,20260732
2023-09-05,ChargerMatched,FeasibleITransformer,32,0.9459999799728394,3.299999952316284,0.0625,1.1493102312088013,1.345220923423767,1.1493102312088013,1.345220923423767,0.2918680012226105,20260732
2023-09-05,ChargerMatched,FeasibleITransformer,48,19.09600067138672,32.05500030517578,1.3125,8.529409408569336,14.92547607421875,8.529409408569336,14.92547607421875,1.4091399908065796,20260732
2023-09-05,ChargerMatched,FeasibleITransformer,64,28.755001068115234,34.91699981689453,1.375,17.592853546142578,19.292903900146484,17.592853546142578,19.292903900146484,1.6020936965942383,20260732
2023-09-05,ChargerMatched,FeasibleITransformer,80,34.91699981689453,34.91699981689453,0.25,21.835948944091797,22.223676681518555,21.835948944091797,22.223676681518555,0.9527472257614136,20260732
2023-09-05,ChargerMatched,FeasibleITransformer,84,34.91699981689453,34.91699981689453,0.0,24.01683235168457,24.016834259033203,24.01683235168457,24.016834259033203,0.39057016372680664,20260732
2023-09-05,ChargerMatched,FeasibleITransformer,96,34.91699981689453,34.91699981689453,0.0,27.332489013671875,27.332489013671875,27.332489013671875,27.332489013671875,0.22706496715545654,20260732
2023-09-06,ChargerMatched,FeasibleITransformer,32,0.0,0.0,0.0,1.0401759147644043,1.7304761409759521,1.0401759147644043,1.7304761409759521,0.30418533086776733,20260732
2023-09-06,ChargerMatched,FeasibleITransformer,48,11.413000106811523,19.345001220703125,1.5,9.415848731994629,21.46002960205078,9.415848731994629,21.46002960205078,1.879153847694397,20260732
2023-09-06,ChargerMatched,FeasibleITransformer,64,27.45800018310547,27.45800018310547,0.75,20.1420841217041,25.811979293823242,20.1420841217041,25.811979293823242,1.7142691612243652,20260732
2023-09-06,ChargerMatched,FeasibleITransformer,80,45.624996185302734,45.624996185302734,0.75,28.76960563659668,29.487667083740234,28.76960563659668,29.487667083740234,1.0577059984207153,20260732
2023-09-06,ChargerMatched,FeasibleITransformer,84,45.624996185302734,45.624996185302734,0.0,31.541095733642578,31.541099548339844,31.541095733642578,31.541099548339844,0.533779501914978,20260732
2023-09-06,ChargerMatched,FeasibleITransformer,96,45.624996185302734,45.624996185302734,0.0,35.804786682128906,35.804786682128906,35.804786682128906,35.804786682128906,0.2968127131462097,20260732
2023-09-07,ChargerMatched,FeasibleITransformer,32,0.0,0.0,0.0,1.4059081077575684,3.283902406692505,1.4059081077575684,3.283902406692505,0.22529709339141846,20260732
2023-09-07,ChargerMatched,FeasibleITransformer,48,32.8129997253418,40.49800109863281,2.0625,10.200526237487793,30.3200626373291,10.200526237487793,30.3200626373291,1.965911865234375,20260732
2023-09-07,ChargerMatched,FeasibleITransformer,64,38.847999572753906,46.33100128173828,1.875,26.48250389099121,34.30121612548828,26.48250389099121,34.30121612548828,1.7734509706497192,20260732
2023-09-07,ChargerMatched,FeasibleITransformer,80,52.51499938964844,52.51499938964844,1.1875,44.72169494628906,44.72169494628906,44.72169494628906,44.72169494628906,1.7066376209259033,20260732
2023-09-07,ChargerMatched,FeasibleITransformer,84,52.51499938964844,52.51499938964844,0.0,47.71790313720703,47.71790313720703,47.71790313720703,47.71790313720703,0.7062132954597473,20260732
2023-09-07,ChargerMatched,FeasibleITransformer,96,52.51499938964844,52.51499938964844,0.0,53.1746826171875,53.1746826171875,53.1746826171875,53.1746826171875,0.35292237997055054,20260732
2023-09-08,ChargerMatched,FeasibleITransformer,32,0.0,0.0,0.0,1.8505463600158691,4.099575996398926,1.8505463600158691,4.099575996398926,0.18187792599201202,20260732
2023-09-08,ChargerMatched,FeasibleITransformer,48,0.0,6.215000152587891,0.375,10.931885719299316,26.474647521972656,10.931885719299316,26.474647521972656,1.2043185234069824,20260732
2023-09-08,ChargerMatched,FeasibleITransformer,64,6.215000152587891,6.215000152587891,0.3125,29.096572875976562,29.2225399017334,29.096572875976562,29.2225399017334,1.8579198122024536,20260732
2023-09-08,ChargerMatched,FeasibleITransformer,80,6.215000152587891,6.215000152587891,0.0,34.54142379760742,34.54142379760742,34.54142379760742,34.54142379760742,2.0076727867126465,20260732
2023-09-08,ChargerMatched,FeasibleITransformer,84,6.215000152587891,6.215000152587891,0.0,38.999141693115234,38.999141693115234,38.999141693115234,38.999141693115234,0.9326540231704712,20260732
2023-09-08,ChargerMatched,FeasibleITransformer,96,6.215000152587891,6.215000152587891,0.0,47.59832763671875,47.59832763671875,47.59832763671875,47.59832763671875,0.44435885548591614,20260732
2023-09-09,ChargerMatched,FeasibleITransformer,32,0.0,0.0,0.0,2.43477201461792,3.892548084259033,2.43477201461792,3.892548084259033,0.15174835920333862,20260732
2023-09-09,ChargerMatched,FeasibleITransformer,48,2.940000057220459,2.940000057220459,0.375,8.216870307922363,17.867572784423828,8.216870307922363,17.867572784423828,0.7665107250213623,20260732
2023-09-09,ChargerMatched,FeasibleITransformer,64,10.229000091552734,11.878999710083008,0.375,20.2762508392334,20.2762508392334,20.2762508392334,20.2762508392334,1.9342677593231201,20260732
2023-09-09,ChargerMatched,FeasibleITransformer,80,14.732999801635742,14.732999801635742,0.1875,24.225862503051758,24.225862503051758,24.225862503051758,24.225862503051758,1.8908151388168335,20260732
2023-09-09,ChargerMatched,FeasibleITransformer,84,14.732999801635742,14.732999801635742,0.0,28.174070358276367,28.174068450927734,28.174070358276367,28.174068450927734,0.8059728145599365,20260732
2023-09-09,ChargerMatched,FeasibleITransformer,96,14.732999801635742,14.732999801635742,0.0,35.612831115722656,35.612831115722656,35.612831115722656,35.612831115722656,0.3945690989494324,20260732
2023-09-10,ChargerMatched,FeasibleITransformer,32,3.1419999599456787,3.1419999599456787,0.125,1.9553883075714111,2.7499806880950928,1.9553883075714111,2.7499806880950928,0.17061202228069305,20260732
2023-09-10,ChargerMatched,FeasibleITransformer,48,3.1419999599456787,3.1419999599456787,0.0,8.155000686645508,14.97793197631836,8.155000686645508,14.97793197631836,0.6900131106376648,20260732
2023-09-10,ChargerMatched,FeasibleITransformer,64,3.1419999599456787,3.1419999599456787,0.0,18.83747100830078,18.83746910095215,18.83747100830078,18.83746910095215,1.9610892534255981,20260732
2023-09-10,ChargerMatched,FeasibleITransformer,80,8.602999687194824,8.602999687194824,0.625,21.250173568725586,21.250171661376953,21.250173568725586,21.250171661376953,1.385048508644104,20260732
2023-09-10,ChargerMatched,FeasibleITransformer,84,8.602999687194824,8.602999687194824,0.0,24.408910751342773,24.40890884399414,24.408910751342773,24.40890884399414,0.5928431153297424,20260732
2023-09-10,ChargerMatched,FeasibleITransformer,96,8.602999687194824,8.602999687194824,0.0,30.749109268188477,30.749109268188477,30.749109268188477,30.749109268188477,0.3206508159637451,20260732
2023-09-11,ChargerMatched,FeasibleITransformer,32,0.5879999995231628,1.649999976158142,0.03125,2.0505118370056152,2.257202625274658,2.0505118370056152,2.257202625274658,0.2633938491344452,20260732
2023-09-11,ChargerMatched,FeasibleITransformer,48,15.145000457763672,23.39900016784668,2.0,10.042213439941406,16.210790634155273,10.042213439941406,16.210790634155273,1.2043949365615845,20260732
2023-09-11,ChargerMatched,FeasibleITransformer,64,24.174999237060547,29.128999710083008,1.875,22.616832733154297,22.616832733154297,22.616832733154297,22.616832733154297,2.041374921798706,20260732
2023-09-11,ChargerMatched,FeasibleITransformer,80,33.66699981689453,33.66699981689453,0.875,26.853534698486328,26.853534698486328,26.853534698486328,26.853534698486328,1.1728622913360596,20260732
2023-09-11,ChargerMatched,FeasibleITransformer,84,33.66699981689453,33.66699981689453,0.0,29.545833587646484,29.545833587646484,29.545833587646484,29.545833587646484,0.4735393822193146,20260732
2023-09-11,ChargerMatched,FeasibleITransformer,96,33.66699981689453,33.66699981689453,0.0,34.37650680541992,34.37650680541992,34.37650680541992,34.37650680541992,0.255175918340683,20260732
2023-09-12,ChargerMatched,FeasibleITransformer,32,0.0,4.949999809265137,0.09375,1.3426473140716553,1.6445268392562866,1.3426473140716553,1.6445268392562866,0.314697265625,20260732
2023-09-12,ChargerMatched,FeasibleITransformer,48,0.0,12.61299991607666,2.0,11.205677032470703,19.12660026550293,11.205677032470703,19.12660026550293,1.6507446765899658,20260732
2023-09-12,ChargerMatched,FeasibleITransformer,64,8.376999855041504,18.39099884033203,1.875,23.222787857055664,25.758102416992188,23.222787857055664,25.758102416992188,2.078862428665161,20260732
2023-09-12,ChargerMatched,FeasibleITransformer,80,27.992000579833984,27.992000579833984,1.875,30.464855194091797,31.021207809448242,30.464855194091797,31.021207809448242,0.9536743760108948,20260732
2023-09-12,ChargerMatched,FeasibleITransformer,84,27.992000579833984,27.992000579833984,0.0,32.643863677978516,32.643863677978516,32.643863677978516,32.643863677978516,0.41086065769195557,20260732
2023-09-12,ChargerMatched,FeasibleITransformer,96,27.992000579833984,27.992000579833984,0.0,35.67035675048828,35.67035675048828,35.67035675048828,35.67035675048828,0.23173239827156067,20260732
2023-09-13,ChargerMatched,FeasibleITransformer,32,0.0,0.0,0.0,1.052597165107727,2.148893117904663,1.052597165107727,2.148893117904663,0.3073769509792328,20260732
2023-09-13,ChargerMatched,FeasibleITransformer,48,6.0289998054504395,9.81399917602539,0.875,9.858843803405762,22.0648250579834,9.858843803405762,22.0648250579834,2.0903005599975586,20260732
2023-09-13,ChargerMatched,FeasibleITransformer,64,10.979000091552734,10.979000091552734,0.1875,19.862895965576172,25.947704315185547,19.862895965576172,25.947704315185547,1.6813600063323975,20260732
2023-09-13,ChargerMatched,FeasibleITransformer,80,12.177999496459961,12.177999496459961,0.125,29.029111862182617,29.8499755859375,29.029111862182617,29.8499755859375,1.223478078842163,20260732
2023-09-13,ChargerMatched,FeasibleITransformer,84,12.177999496459961,12.177999496459961,0.0,31.771438598632812,31.771438598632812,31.771438598632812,31.771438598632812,0.5089688301086426,20260732
2023-09-13,ChargerMatched,FeasibleITransformer,96,12.177999496459961,12.177999496459961,0.0,35.33180236816406,35.33180236816406,35.33180236816406,35.33180236816406,0.25942277908325195,20260732
2023-09-14,ChargerMatched,FeasibleITransformer,32,0.0,0.0,0.0,1.051479458808899,2.467107057571411,1.051479458808899,2.467107057571411,0.21064220368862152,20260732
2023-09-14,ChargerMatched,FeasibleITransformer,48,0.0,0.0,0.0,9.79150104522705,25.806747436523438,9.79150104522705,25.806747436523438,1.8123074769973755,20260732
2023-09-14,ChargerMatched,FeasibleITransformer,64,2.309999942779541,2.309999942779541,0.125,23.90203094482422,29.147228240966797,23.90203094482422,29.147228240966797,1.6093907356262207,20260732
2023-09-14,ChargerMatched,FeasibleITransformer,80,2.309999942779541,2.309999942779541,0.0,34.545902252197266,34.545902252197266,34.545902252197266,34.545902252197266,1.6980774402618408,20260732
2023-09-14,ChargerMatched,FeasibleITransformer,84,2.309999942779541,2.309999942779541,0.0,37.382450103759766,37.38245391845703,37.382450103759766,37.38245391845703,0.6855915188789368,20260732
2023-09-14,ChargerMatched,FeasibleITransformer,96,2.309999942779541,2.309999942779541,0.0,42.73214340209961,42.73214340209961,42.73214340209961,42.73214340209961,0.34845250844955444,20260732
2023-09-15,ChargerMatched,FeasibleITransformer,32,0.0,0.0,0.0,1.91936457157135,4.667418479919434,1.91936457157135,4.667418479919434,0.1602049618959427,20260732
2023-09-15,ChargerMatched,FeasibleITransformer,48,0.0,5.942999839782715,0.625,8.472855567932129,21.87679672241211,8.472855567932129,21.87679672241211,1.2684028148651123,20260732
2023-09-15,ChargerMatched,FeasibleITransformer,64,5.942999839782715,5.942999839782715,0.4375,23.77296257019043,24.17032241821289,23.77296257019043,24.17032241821289,1.6285145282745361,20260732
2023-09-15,ChargerMatched,FeasibleITransformer,80,5.942999839782715,5.942999839782715,0.0,26.95262908935547,26.95262908935547,26.95262908935547,26.95262908935547,1.9275119304656982,20260732
2023-09-15,ChargerMatched,FeasibleITransformer,84,5.942999839782715,5.942999839782715,0.0,30.535137176513672,30.535137176513672,30.535137176513672,30.535137176513672,0.8731305599212646,20260732
2023-09-15,ChargerMatched,FeasibleITransformer,96,5.942999839782715,5.942999839782715,0.0,37.36043930053711,37.36043930053711,37.36043930053711,37.36043930053711,0.41658449172973633,20260732
2023-09-16,ChargerMatched,FeasibleITransformer,32,0.0,0.0,0.0,2.582662343978882,4.589138507843018,2.582662343978882,4.589138507843018,0.13810144364833832,20260732
2023-09-16,ChargerMatched,FeasibleITransformer,48,0.0,0.0,0.0,9.125422477722168,20.394973754882812,9.125422477722168,20.394973754882812,0.8733201026916504,20260732
2023-09-16,ChargerMatched,FeasibleITransformer,64,0.0,0.0,0.0,23.420623779296875,23.420623779296875,23.420623779296875,23.420623779296875,2.033351182937622,20260732
2023-09-16,ChargerMatched,FeasibleITransformer,80,0.0,0.0,0.0,27.288768768310547,27.288768768310547,27.288768768310547,27.288768768310547,1.8883177042007446,20260732
2023-09-16,ChargerMatched,FeasibleITransformer,84,0.0,0.0,0.0,32.194007873535156,32.194007873535156,32.194007873535156,32.194007873535156,0.8500065803527832,20260732
2023-09-16,ChargerMatched,FeasibleITransformer,96,0.0,0.0,0.0,40.056983947753906,40.056983947753906,40.056983947753906,40.056983947753906,0.40729913115501404,20260732
2023-09-17,ChargerMatched,FeasibleITransformer,32,0.0,0.0,0.0,2.586186408996582,3.7543997764587402,2.586186408996582,3.7543997764587402,0.18478304147720337,20260732
2023-09-17,ChargerMatched,FeasibleITransformer,48,0.0,0.0,0.0,9.514535903930664,17.477947235107422,9.514535903930664,17.477947235107422,0.8357616662979126,20260732
2023-09-17,ChargerMatched,FeasibleITransformer,64,0.0,0.0,0.0,22.36157989501953,22.3615779876709,22.36157989501953,22.3615779876709,2.158662796020508,20260732
2023-09-17,ChargerMatched,FeasibleITransformer,80,19.96299934387207,23.738000869750977,0.9375,26.41439437866211,26.414390563964844,26.41439437866211,26.414390563964844,1.6433825492858887,20260732
2023-09-17,ChargerMatched,FeasibleITransformer,84,26.562999725341797,30.33799934387207,1.0,30.319042205810547,30.319042205810547,30.319042205810547,30.319042205810547,0.6321015954017639,20260732
2023-09-17,ChargerMatched,FeasibleITransformer,96,43.06300354003906,43.06300354003906,0.8333333134651184,36.74256896972656,36.74256896972656,36.74256896972656,36.74256896972656,0.3341723382472992,20260732
2023-09-18,ChargerMatched,FeasibleITransformer,32,0.0,0.0,0.0,1.899658203125,2.417119026184082,1.899658203125,2.417119026184082,0.2557162344455719,20260732
2023-09-18,ChargerMatched,FeasibleITransformer,48,0.0,4.401000022888184,0.625,10.615640640258789,17.217479705810547,10.615640640258789,17.217479705810547,1.164597988128662,20260732
2023-09-18,ChargerMatched,FeasibleITransformer,64,4.401000022888184,4.401000022888184,0.4375,23.379592895507812,23.379592895507812,23.379592895507812,23.379592895507812,2.1138081550598145,20260732
2023-09-18,ChargerMatched,FeasibleITransformer,80,6.171000003814697,14.300999641418457,0.375,25.583362579345703,25.583362579345703,25.583362579345703,25.583362579345703,1.1661683320999146,20260732
2023-09-18,ChargerMatched,FeasibleITransformer,84,12.770999908447266,16.070999145507812,1.0,28.39505386352539,28.39505386352539,28.39505386352539,28.39505386352539,0.5381340980529785,20260732
2023-09-18,ChargerMatched,FeasibleITransformer,96,17.8439998626709,17.8439998626709,0.4166666865348816,33.84614181518555,33.84614181518555,33.84614181518555,33.84614181518555,0.3559756278991699,20260732
2023-09-19,ChargerMatched,FeasibleITransformer,32,0.0,0.0,0.0,1.5748251676559448,2.147036075592041,1.5748251676559448,2.147036075592041,0.3347472846508026,20260732
2023-09-19,ChargerMatched,FeasibleITransformer,48,18.121000289916992,22.28999900817871,1.0625,8.915261268615723,16.075443267822266,8.915261268615723,16.075443267822266,1.7369561195373535,20260732
2023-09-19,ChargerMatched,FeasibleITransformer,64,39.57099914550781,39.57099914550781,0.8125,19.146514892578125,21.657569885253906,19.146514892578125,21.657569885253906,1.8753840923309326,20260732
2023-09-19,ChargerMatched,FeasibleITransformer,80,39.57099914550781,39.57099914550781,0.0,23.55362319946289,24.547134399414062,23.55362319946289,24.547134399414062,0.984534740447998,20260732
2023-09-19,ChargerMatched,FeasibleITransformer,84,39.57099914550781,39.57099914550781,0.0,26.494163513183594,26.494165420532227,26.494163513183594,26.494165420532227,0.5819757580757141,20260732
2023-09-19,ChargerMatched,FeasibleITransformer,96,39.57099914550781,39.57099914550781,0.0,30.389829635620117,30.389829635620117,30.389829635620117,30.389829635620117,0.35523009300231934,20260732
2023-09-20,ChargerMatched,FeasibleITransformer,32,0.0,0.0,0.0,1.110319972038269,1.942136526107788,1.110319972038269,1.942136526107788,0.32915693521499634,20260732
2023-09-20,ChargerMatched,FeasibleITransformer,48,8.416999816894531,10.910999298095703,0.625,9.27224063873291,19.978466033935547,9.27224063873291,19.978466033935547,2.0377724170684814,20260732
2023-09-20,ChargerMatched,FeasibleITransformer,64,34.91600036621094,34.91600036621094,1.3125,19.04019546508789,24.53228759765625,19.04019546508789,24.53228759765625,1.6334724426269531,20260732
2023-09-20,ChargerMatched,FeasibleITransformer,80,34.91600036621094,34.91600036621094,0.0,26.683147430419922,28.046995162963867,26.683147430419922,28.046995162963867,1.186600685119629,20260732
2023-09-20,ChargerMatched,FeasibleITransformer,84,34.91600036621094,34.91600036621094,0.0,30.52191925048828,30.52191925048828,30.52191925048828,30.52191925048828,0.6314647793769836,20260732
2023-09-20,ChargerMatched,FeasibleITransformer,96,34.91600036621094,34.91600036621094,0.0,35.173004150390625,35.173004150390625,35.173004150390625,35.173004150390625,0.35427629947662354,20260732
2023-09-21,ChargerMatched,FeasibleITransformer,32,1.4249999523162842,4.949999809265137,0.09375,1.271206021308899,3.2312982082366943,1.271206021308899,3.2312982082366943,0.24952903389930725,20260732
2023-09-21,ChargerMatched,FeasibleITransformer,48,24.524999618530273,24.524999618530273,0.875,9.334919929504395,22.96475601196289,9.334919929504395,22.96475601196289,1.7422107458114624,20260732
2023-09-21,ChargerMatched,FeasibleITransformer,64,25.850000381469727,25.850000381469727,0.0625,21.98239517211914,26.247802734375,21.98239517211914,26.247802734375,1.4747506380081177,20260732
2023-09-21,ChargerMatched,FeasibleITransformer,80,32.01799774169922,32.01799774169922,0.4375,29.613479614257812,29.613479614257812,29.613479614257812,29.613479614257812,1.412132740020752,20260732
2023-09-21,ChargerMatched,FeasibleITransformer,84,32.01799774169922,32.01799774169922,0.0,32.18796157836914,32.18796157836914,32.18796157836914,32.18796157836914,0.9507091045379639,20260732
2023-09-21,ChargerMatched,FeasibleITransformer,96,32.01799774169922,32.01799774169922,0.0,37.93904113769531,37.93904113769531,37.93904113769531,37.93904113769531,0.51210618019104,20260732
2023-09-22,ChargerMatched,FeasibleITransformer,32,0.2199999988079071,3.299999952316284,0.0625,1.6080266237258911,4.33793830871582,1.6080266237258911,4.33793830871582,0.17150253057479858,20260732
2023-09-22,ChargerMatched,FeasibleITransformer,48,23.31999969482422,23.31999969482422,0.875,8.84672737121582,22.715333938598633,8.84672737121582,22.715333938598633,1.1782418489456177,20260732
2023-09-22,ChargerMatched,FeasibleITransformer,64,23.31999969482422,23.31999969482422,0.0,25.4934024810791,25.4934024810791,25.4934024810791,25.4934024810791,1.6348295211791992,20260732
2023-09-22,ChargerMatched,FeasibleITransformer,80,24.124000549316406,24.124000549316406,0.0625,30.609004974365234,30.609004974365234,30.609004974365234,30.609004974365234,1.771673321723938,20260732
2023-09-22,ChargerMatched,FeasibleITransformer,84,24.124000549316406,24.124000549316406,0.0,33.82902908325195,33.82903289794922,33.82902908325195,33.82903289794922,1.0609900951385498,20260732
2023-09-22,ChargerMatched,FeasibleITransformer,96,24.124000549316406,24.124000549316406,0.0,41.932865142822266,41.932865142822266,41.932865142822266,41.932865142822266,0.5077546834945679,20260732
2023-09-23,ChargerMatched,FeasibleITransformer,32,0.0,0.0,0.0,2.3654098510742188,4.56722354888916,2.3654098510742188,4.56722354888916,0.15238617360591888,20260732
2023-09-23,ChargerMatched,FeasibleITransformer,48,0.0,0.0,0.0,8.055624008178711,18.511754989624023,8.055624008178711,18.511754989624023,0.822120726108551,20260732
2023-09-23,ChargerMatched,FeasibleITransformer,64,0.0,0.0,0.0,21.484661102294922,21.48465919494629,21.484661102294922,21.48465919494629,1.6942209005355835,20260732
2023-09-23,ChargerMatched,FeasibleITransformer,80,0.0,0.0,0.0,24.169614791870117,24.169614791870117,24.169614791870117,24.169614791870117,1.6397807598114014,20260732
2023-09-23,ChargerMatched,FeasibleITransformer,84,0.0,0.0,0.0,27.87592315673828,27.87592315673828,27.87592315673828,27.87592315673828,0.9980883598327637,20260732
2023-09-23,ChargerMatched,FeasibleITransformer,96,0.0,0.0,0.0,36.78923416137695,36.78923416137695,36.78923416137695,36.78923416137695,0.5116605758666992,20260732
2023-09-24,ChargerMatched,FeasibleITransformer,32,0.0,0.0,0.0,2.427626848220825,3.264875888824463,2.427626848220825,3.264875888824463,0.17569847404956818,20260732
2023-09-24,ChargerMatched,FeasibleITransformer,48,0.0,0.0,0.0,9.010587692260742,15.536029815673828,9.010587692260742,15.536029815673828,0.7287858128547668,20260732
2023-09-24,ChargerMatched,FeasibleITransformer,64,11.263999938964844,11.263999938964844,0.5,20.01924705505371,20.01924705505371,20.01924705505371,20.01924705505371,2.0169084072113037,20260732
2023-09-24,ChargerMatched,FeasibleITransformer,80,30.326000213623047,30.326000213623047,0.75,23.185165405273438,23.185165405273438,23.185165405273438,23.185165405273438,1.3920130729675293,20260732
2023-09-24,ChargerMatched,FeasibleITransformer,84,30.326000213623047,30.326000213623047,0.0,26.982933044433594,26.982933044433594,26.982933044433594,26.982933044433594,0.7416614294052124,20260732
2023-09-24,ChargerMatched,FeasibleITransformer,96,30.326000213623047,30.326000213623047,0.0,34.519752502441406,34.519752502441406,34.519752502441406,34.519752502441406,0.41636228561401367,20260732
2023-09-25,ChargerMatched,FeasibleITransformer,32,0.0,0.0,0.0,2.248565196990967,3.123227834701538,2.248565196990967,3.123227834701538,0.25853997468948364,20260732
2023-09-25,ChargerMatched,FeasibleITransformer,48,0.0,4.949999809265137,0.1875,9.837760925292969,16.62042808532715,9.837760925292969,16.62042808532715,1.224683403968811,20260732
2023-09-25,ChargerMatched,FeasibleITransformer,64,27.452999114990234,30.588998794555664,2.1875,24.54848289489746,24.54848289489746,24.54848289489746,24.54848289489746,2.271050214767456,20260732
2023-09-25,ChargerMatched,FeasibleITransformer,80,38.21699905395508,38.21699905395508,0.6875,28.492006301879883,28.492006301879883,28.492006301879883,28.492006301879883,1.2658164501190186,20260732
2023-09-25,ChargerMatched,FeasibleITransformer,84,38.21699905395508,38.21699905395508,0.0,31.60350799560547,31.60350799560547,31.60350799560547,31.60350799560547,0.6208382844924927,20260732
2023-09-25,ChargerMatched,FeasibleITransformer,96,38.21699905395508,38.21699905395508,0.0,37.45084762573242,37.45084762573242,37.45084762573242,37.45084762573242,0.3481619358062744,20260732
2023-09-26,ChargerMatched,FeasibleITransformer,32,0.7059999704360962,0.7059999704360962,0.3125,1.5031747817993164,2.6350626945495605,1.5031747817993164,2.6350626945495605,0.3237784504890442,20260732
2023-09-26,ChargerMatched,FeasibleITransformer,48,0.7059999704360962,15.610000610351562,0.875,10.36378288269043,18.58544158935547,10.36378288269043,18.58544158935547,1.8288211822509766,20260732
2023-09-26,ChargerMatched,FeasibleITransformer,64,25.224000930786133,35.124000549316406,1.875,23.855392456054688,26.71654510498047,23.855392456054688,26.71654510498047,1.8659617900848389,20260732
2023-09-26,ChargerMatched,FeasibleITransformer,80,35.124000549316406,35.124000549316406,0.375,30.58875274658203,31.048091888427734,30.58875274658203,31.048091888427734,1.0477951765060425,20260732
2023-09-26,ChargerMatched,FeasibleITransformer,84,35.124000549316406,35.124000549316406,0.0,33.833396911621094,33.833396911621094,33.833396911621094,33.833396911621094,0.5524808168411255,20260732
2023-09-26,ChargerMatched,FeasibleITransformer,96,35.124000549316406,35.124000549316406,0.0,38.73413848876953,38.73413848876953,38.73413848876953,38.73413848876953,0.3014698028564453,20260732
2023-09-27,ChargerMatched,FeasibleITransformer,32,0.0,1.649999976158142,0.03125,0.9533340930938721,2.147134304046631,0.9533340930938721,2.147134304046631,0.3847699463367462,20260732
2023-09-27,ChargerMatched,FeasibleITransformer,48,33.77899932861328,40.93899917602539,2.4375,9.234740257263184,20.480897903442383,9.234740257263184,20.480897903442383,1.8657804727554321,20260732
2023-09-27,ChargerMatched,FeasibleITransformer,64,81.39800262451172,81.39800262451172,2.0625,21.83935546875,27.025634765625,21.83935546875,27.025634765625,1.624464988708496,20260732
2023-09-27,ChargerMatched,FeasibleITransformer,80,95.2760009765625,95.2760009765625,0.5625,30.726160049438477,31.633712768554688,30.726160049438477,31.633712768554688,1.0496073961257935,20260732
2023-09-27,ChargerMatched,FeasibleITransformer,84,95.2760009765625,95.2760009765625,0.0,34.19078826904297,34.19078826904297,34.19078826904297,34.19078826904297,0.6364243030548096,20260732
2023-09-27,ChargerMatched,FeasibleITransformer,96,95.2760009765625,95.2760009765625,0.0,38.381507873535156,38.381507873535156,38.381507873535156,38.381507873535156,0.33076411485671997,20260732
2023-09-28,ChargerMatched,FeasibleITransformer,32,2.5880000591278076,4.949999809265137,0.09375,0.9987229108810425,3.0260801315307617,0.9987229108810425,3.0260801315307617,0.2794344127178192,20260732
2023-09-28,ChargerMatched,FeasibleITransformer,48,11.854000091552734,13.503999710083008,1.0625,10.037654876708984,25.68851089477539,10.037654876708984,25.68851089477539,1.8758082389831543,20260732
2023-09-28,ChargerMatched,FeasibleITransformer,64,24.44700050354004,24.44700050354004,0.5,25.780105590820312,30.168439865112305,25.780105590820312,30.168439865112305,1.511130452156067,20260732
2023-09-28,ChargerMatched,FeasibleITransformer,80,24.44700050354004,24.44700050354004,0.0,35.14166259765625,35.14166259765625,35.14166259765625,35.14166259765625,1.2538219690322876,20260732
2023-09-28,ChargerMatched,FeasibleITransformer,84,24.44700050354004,24.44700050354004,0.0,38.71632766723633,38.71632766723633,38.71632766723633,38.71632766723633,0.8608828186988831,20260732
2023-09-28,ChargerMatched,FeasibleITransformer,96,24.44700050354004,24.44700050354004,0.0,45.23066329956055,45.23066329956055,45.23066329956055,45.23066329956055,0.43183839321136475,20260732
2023-09-29,ChargerMatched,FeasibleITransformer,32,0.0,0.0,0.0,1.5799202919006348,4.758617401123047,1.5799202919006348,4.758617401123047,0.20662781596183777,20260732
2023-09-29,ChargerMatched,FeasibleITransformer,48,0.0,9.854999542236328,1.5625,8.435099601745605,22.963659286499023,8.435099601745605,22.963659286499023,1.321848750114441,20260732
2023-09-29,ChargerMatched,FeasibleITransformer,64,3.5899999141693115,12.67300033569336,2.5,26.532007217407227,26.532005310058594,26.532007217407227,26.532005310058594,1.5948716402053833,20260732
2023-09-29,ChargerMatched,FeasibleITransformer,80,12.67300033569336,12.67300033569336,0.625,32.184288024902344,32.184288024902344,32.184288024902344,32.184288024902344,1.4384173154830933,20260732
2023-09-29,ChargerMatched,FeasibleITransformer,84,12.67300033569336,12.67300033569336,0.0,36.0340461730957,36.0340461730957,36.0340461730957,36.0340461730957,0.9765188694000244,20260732
2023-09-29,ChargerMatched,FeasibleITransformer,96,12.67300033569336,12.67300033569336,0.0,44.100765228271484,44.100765228271484,44.100765228271484,44.100765228271484,0.4658213257789612,20260732
2023-09-30,ChargerMatched,FeasibleITransformer,32,0.0,0.0,0.0,2.5210089683532715,4.918925762176514,2.5210089683532715,4.918925762176514,0.1855638027191162,20260732
2023-09-30,ChargerMatched,FeasibleITransformer,48,14.746000289916992,16.889999389648438,1.0625,9.36485481262207,20.925506591796875,9.36485481262207,20.925506591796875,0.9369404315948486,20260732
2023-09-30,ChargerMatched,FeasibleITransformer,64,26.32699966430664,37.84600067138672,0.875,25.182302474975586,25.182302474975586,25.182302474975586,25.182302474975586,2.0113613605499268,20260732
2023-09-30,ChargerMatched,FeasibleITransformer,80,42.82699966430664,42.82699966430664,0.625,29.733078002929688,29.733078002929688,29.733078002929688,29.733078002929688,1.5358672142028809,20260732
2023-09-30,ChargerMatched,FeasibleITransformer,84,42.82699966430664,42.82699966430664,0.0,34.66837692260742,34.66837692260742,34.66837692260742,34.66837692260742,0.9775866270065308,20260732
2023-09-30,ChargerMatched,FeasibleITransformer,96,47.46399688720703,47.46399688720703,0.3333333432674408,44.773338317871094,44.773338317871094,44.773338317871094,44.773338317871094,0.5332790613174438,20260732
2023-07-01,ChargerFull,FeasibleITransformer,32,0.8399999737739563,4.949999809265137,0.09375,3.768089771270752,3.8140881061553955,3.768089771270752,3.8140881061553955,0.18332280218601227,20260732
2023-07-01,ChargerFull,FeasibleITransformer,48,16.05299949645996,19.35300064086914,0.8125,15.829227447509766,29.958017349243164,15.829227447509766,29.958017349243164,0.9500800967216492,20260732
2023-07-01,ChargerFull,FeasibleITransformer,64,27.618999481201172,35.88800048828125,1.5,36.32959747314453,36.32959747314453,36.32959747314453,36.32959747314453,2.7062342166900635,20260732
2023-07-01,ChargerFull,FeasibleITransformer,80,31.71500015258789,39.98400115966797,1.1875,61.77726364135742,61.77726364135742,61.77726364135742,61.77726364135742,2.2272112369537354,20260732
2023-07-01,ChargerFull,FeasibleITransformer,84,33.384002685546875,39.98400115966797,1.0,68.02129364013672,68.02130126953125,68.02129364013672,68.02130126953125,0.9834585785865784,20260732
2023-07-01,ChargerFull,FeasibleITransformer,96,39.98400115966797,39.98400115966797,0.3333333432674408,81.76071166992188,81.76071166992188,81.76071166992188,81.76071166992188,0.7080410718917847,20260732
2023-07-02,ChargerFull,FeasibleITransformer,32,0.0,0.0,0.0,2.92697811126709,2.92697811126709,2.92697811126709,2.92697811126709,0.22185036540031433,20260732
2023-07-02,ChargerFull,FeasibleITransformer,48,28.857999801635742,28.857999801635742,1.375,17.934049606323242,23.46082305908203,17.934049606323242,23.46082305908203,0.7282482385635376,20260732
2023-07-02,ChargerFull,FeasibleITransformer,64,47.73699951171875,47.73699951171875,1.3125,33.584800720214844,33.584800720214844,33.584800720214844,33.584800720214844,2.9265801906585693,20260732
2023-07-02,ChargerFull,FeasibleITransformer,80,62.05500030517578,77.2030029296875,1.1875,57.2662353515625,57.2662353515625,57.2662353515625,57.2662353515625,2.0724329948425293,20260732
2023-07-02,ChargerFull,FeasibleITransformer,84,73.37100219726562,83.8030014038086,2.0,62.326778411865234,62.326778411865234,62.326778411865234,62.326778411865234,0.8280603289604187,20260732
2023-07-02,ChargerFull,FeasibleITransformer,96,84.92100524902344,84.92100524902344,0.5833333730697632,74.85147094726562,74.85147094726562,74.85147094726562,74.85147094726562,0.6797385215759277,20260732
2023-07-03,ChargerFull,FeasibleITransformer,32,0.0,14.850000381469727,0.28125,2.684144973754883,2.684144973754883,2.684144973754883,2.684144973754883,0.3864349126815796,20260732
2023-07-03,ChargerFull,FeasibleITransformer,48,23.78799819946289,57.961997985839844,3.375,19.48542594909668,29.775144577026367,19.48542594909668,29.775144577026367,1.154376745223999,20260732
2023-07-03,ChargerFull,FeasibleITransformer,64,92.65199279785156,104.97600555419922,4.6875,43.890052795410156,43.890052795410156,43.890052795410156,43.890052795410156,3.1945295333862305,20260732
2023-07-03,ChargerFull,FeasibleITransformer,80,121.43299865722656,121.43299865722656,1.8125,62.333831787109375,62.333831787109375,62.333831787109375,62.333831787109375,1.638298511505127,20260732
2023-07-03,ChargerFull,FeasibleITransformer,84,121.43299865722656,121.43299865722656,0.0,66.37237548828125,66.37237548828125,66.37237548828125,66.37237548828125,0.6174461245536804,20260732
2023-07-03,ChargerFull,FeasibleITransformer,96,121.43299865722656,121.43299865722656,0.0,75.42930603027344,75.42930603027344,75.42930603027344,75.42930603027344,0.45742082595825195,20260732
2023-07-04,ChargerFull,FeasibleITransformer,32,0.0,0.0,0.0,3.565124034881592,3.5651237964630127,3.565124034881592,3.5651237964630127,0.7001738548278809,20260732
2023-07-04,ChargerFull,FeasibleITransformer,48,0.656000018119812,4.949999809265137,0.1875,20.986337661743164,40.3149528503418,20.986337661743164,40.3149528503418,2.0491888523101807,20260732
2023-07-04,ChargerFull,FeasibleITransformer,64,13.41200065612793,13.41200065612793,0.5625,53.96031188964844,56.28292465209961,53.96031188964844,56.28292465209961,3.178504467010498,20260732
2023-07-04,ChargerFull,FeasibleITransformer,80,16.437999725341797,16.437999725341797,0.3125,71.89641571044922,71.89641571044922,71.89641571044922,71.89641571044922,1.3845624923706055,20260732
2023-07-04,ChargerFull,FeasibleITransformer,84,16.437999725341797,16.437999725341797,0.0,75.78479766845703,75.78479766845703,75.78479766845703,75.78479766845703,0.6624976992607117,20260732
2023-07-04,ChargerFull,FeasibleITransformer,96,16.437999725341797,16.437999725341797,0.0,83.83892822265625,83.83892822265625,83.83892822265625,83.83892822265625,0.4580179452896118,20260732
2023-07-05,ChargerFull,FeasibleITransformer,32,0.0,26.399999618530273,0.5,2.943723201751709,3.035038471221924,2.943723201751709,3.035038471221924,0.5529398918151855,20260732
2023-07-05,ChargerFull,FeasibleITransformer,48,36.979000091552734,83.26399993896484,3.6875,16.491962432861328,36.341033935546875,16.491962432861328,36.341033935546875,1.7630536556243896,20260732
2023-07-05,ChargerFull,FeasibleITransformer,64,99.51699829101562,112.14399719238281,4.125,40.204429626464844,44.75327682495117,40.204429626464844,44.75327682495117,2.330744504928589,20260732
2023-07-05,ChargerFull,FeasibleITransformer,80,112.5530014038086,112.5530014038086,0.5,58.73079299926758,58.73079299926758,58.73079299926758,58.73079299926758,1.7204452753067017,20260732
2023-07-05,ChargerFull,FeasibleITransformer,84,112.5530014038086,112.5530014038086,0.0,62.860511779785156,62.860511779785156,62.860511779785156,62.860511779785156,0.7204254865646362,20260732
2023-07-05,ChargerFull,FeasibleITransformer,96,112.5530014038086,112.5530014038086,0.0,72.0138168334961,72.0138168334961,72.0138168334961,72.0138168334961,0.4818042516708374,20260732
2023-07-06,ChargerFull,FeasibleITransformer,32,2.1019999980926514,14.850000381469727,0.28125,2.441887617111206,4.04736852645874,2.441887617111206,4.04736852645874,0.48585957288742065,20260732
2023-07-06,ChargerFull,FeasibleITransformer,48,42.125,63.60099792480469,2.4375,14.67074203491211,43.38313674926758,14.67074203491211,43.38313674926758,2.0651485919952393,20260732
2023-07-06,ChargerFull,FeasibleITransformer,64,77.25,86.08599853515625,3.125,43.901546478271484,49.991058349609375,43.901546478271484,49.991058349609375,2.314850091934204,20260732
2023-07-06,ChargerFull,FeasibleITransformer,80,133.0570068359375,133.0570068359375,2.9375,62.526817321777344,62.526817321777344,62.526817321777344,62.526817321777344,1.3663007020950317,20260732
2023-07-06,ChargerFull,FeasibleITransformer,84,133.0570068359375,133.0570068359375,0.0,67.79349517822266,67.79349517822266,67.79349517822266,67.79349517822266,0.8938044309616089,20260732
2023-07-06,ChargerFull,FeasibleITransformer,96,133.0570068359375,133.0570068359375,0.0,79.07097625732422,79.07097625732422,79.07097625732422,79.07097625732422,0.5922878384590149,20260732
2023-07-07,ChargerFull,FeasibleITransformer,32,0.0,19.799999237060547,0.375,4.615241050720215,5.41389274597168,4.615241050720215,5.41389274597168,0.3158077895641327,20260732
2023-07-07,ChargerFull,FeasibleITransformer,48,18.961999893188477,53.98600387573242,2.125,18.529212951660156,45.1701774597168,18.529212951660156,45.1701774597168,1.4146666526794434,20260732
2023-07-07,ChargerFull,FeasibleITransformer,64,81.76899719238281,94.96900177001953,4.0625,50.089019775390625,50.35737609863281,50.089019775390625,50.35737609863281,2.5783908367156982,20260732
2023-07-07,ChargerFull,FeasibleITransformer,80,94.96900177001953,94.96900177001953,0.5,80.79557037353516,80.79557037353516,80.79557037353516,80.79557037353516,2.6701760292053223,20260732
2023-07-07,ChargerFull,FeasibleITransformer,84,94.96900177001953,94.96900177001953,0.0,88.31673431396484,88.31673431396484,88.31673431396484,88.31673431396484,1.2306681871414185,20260732
2023-07-07,ChargerFull,FeasibleITransformer,96,94.96900177001953,94.96900177001953,0.0,103.62579345703125,103.62579345703125,103.62579345703125,103.62579345703125,0.7731848955154419,20260732
2023-07-08,ChargerFull,FeasibleITransformer,32,0.0,0.0,0.0,3.6345763206481934,3.8985233306884766,3.6345763206481934,3.8985233306884766,0.2144753485918045,20260732
2023-07-08,ChargerFull,FeasibleITransformer,48,9.368000984191895,23.7810001373291,1.8125,15.115126609802246,30.32238006591797,15.115126609802246,30.32238006591797,0.8522011041641235,20260732
2023-07-08,ChargerFull,FeasibleITransformer,64,48.98400115966797,48.98400115966797,1.9375,37.824214935302734,37.824214935302734,37.824214935302734,37.824214935302734,3.05084228515625,20260732
2023-07-08,ChargerFull,FeasibleITransformer,80,50.14600372314453,50.14600372314453,0.125,66.87030029296875,66.87030029296875,66.87030029296875,66.87030029296875,2.1706650257110596,20260732
2023-07-08,ChargerFull,FeasibleITransformer,84,50.14600372314453,50.14600372314453,0.0,73.32513427734375,73.32513427734375,73.32513427734375,73.32513427734375,0.9780043959617615,20260732
2023-07-08,ChargerFull,FeasibleITransformer,96,50.14600372314453,50.14600372314453,0.0,84.20545959472656,84.20545959472656,84.20545959472656,84.20545959472656,0.5495110750198364,20260732
2023-07-09,ChargerFull,FeasibleITransformer,32,0.0,0.0,0.0,2.8890907764434814,2.8890907764434814,2.8890907764434814,2.8890907764434814,0.23132863640785217,20260732
2023-07-09,ChargerFull,FeasibleITransformer,48,10.38700008392334,10.38700008392334,0.625,15.954387664794922,27.129619598388672,15.954387664794922,27.129619598388672,0.9122119545936584,20260732
2023-07-09,ChargerFull,FeasibleITransformer,64,14.985000610351562,21.58500099182129,0.625,40.02131271362305,40.02131271362305,40.02131271362305,40.02131271362305,3.0806689262390137,20260732
2023-07-09,ChargerFull,FeasibleITransformer,80,22.229000091552734,22.229000091552734,0.4375,65.14659118652344,65.14659118652344,65.14659118652344,65.14659118652344,2.0369272232055664,20260732
2023-07-09,ChargerFull,FeasibleITransformer,84,22.229000091552734,22.229000091552734,0.0,69.92864990234375,69.92864990234375,69.92864990234375,69.92864990234375,0.7966294884681702,20260732
2023-07-09,ChargerFull,FeasibleITransformer,96,22.229000091552734,22.229000091552734,0.0,77.55397033691406,77.55397033691406,77.55397033691406,77.55397033691406,0.3881242871284485,20260732
2023-07-10,ChargerFull,FeasibleITransformer,32,0.0,16.5,0.3125,2.2507212162017822,2.5633013248443604,2.2507212162017822,2.5633013248443604,0.40170425176620483,20260732
2023-07-10,ChargerFull,FeasibleITransformer,48,26.132999420166016,31.397001266479492,1.25,17.10235595703125,29.21425437927246,17.10235595703125,29.21425437927246,1.3097835779190063,20260732
2023-07-10,ChargerFull,FeasibleITransformer,64,36.03300094604492,41.0260009765625,1.125,41.052852630615234,41.052852630615234,41.052852630615234,41.052852630615234,3.2181496620178223,20260732
2023-07-10,ChargerFull,FeasibleITransformer,80,75.00599670410156,78.26200103759766,1.75,61.5396728515625,61.5396728515625,61.5396728515625,61.5396728515625,1.4962577819824219,20260732
2023-07-10,ChargerFull,FeasibleITransformer,84,78.30599975585938,78.30599975585938,0.5,64.15879821777344,64.15879821777344,64.15879821777344,64.15879821777344,0.3968382477760315,20260732
2023-07-10,ChargerFull,FeasibleITransformer,96,78.30599975585938,78.30599975585938,0.0,69.9250259399414,69.9250259399414,69.9250259399414,69.9250259399414,0.2912231981754303,20260732
2023-07-11,ChargerFull,FeasibleITransformer,32,0.0,21.450000762939453,0.40625,2.400822639465332,3.5924623012542725,2.400822639465332,3.5924623012542725,0.7738112211227417,20260732
2023-07-11,ChargerFull,FeasibleITransformer,48,25.659000396728516,95.90799713134766,3.8125,18.10785675048828,38.24021911621094,18.10785675048828,38.24021911621094,1.8459455966949463,20260732
2023-07-11,ChargerFull,FeasibleITransformer,64,108.74501037597656,138.4449920654297,4.875,47.28773498535156,49.987449645996094,47.28773498535156,49.987449645996094,2.9635119438171387,20260732
2023-07-11,ChargerFull,FeasibleITransformer,80,148.20599365234375,148.75498962402344,1.625,61.427974700927734,61.427974700927734,61.427974700927734,61.427974700927734,1.3890631198883057,20260732
2023-07-11,ChargerFull,FeasibleITransformer,84,149.8560028076172,149.8560028076172,0.25,63.941219329833984,63.941219329833984,63.941219329833984,63.941219329833984,0.419598251581192,20260732
2023-07-11,ChargerFull,FeasibleITransformer,96,149.8560028076172,149.8560028076172,0.0,69.65379333496094,69.65379333496094,69.65379333496094,69.65379333496094,0.33014243841171265,20260732
2023-07-12,ChargerFull,FeasibleITransformer,32,0.0,18.149999618530273,0.34375,2.7031145095825195,3.7922163009643555,2.7031145095825195,3.7922163009643555,0.6861044764518738,20260732
2023-07-12,ChargerFull,FeasibleITransformer,48,1.6430000066757202,39.4379997253418,2.0625,20.414209365844727,53.96394348144531,20.414209365844727,53.96394348144531,2.5131845474243164,20260732
2023-07-12,ChargerFull,FeasibleITransformer,64,59.23099899291992,80.35700225830078,3.5,57.999900817871094,65.45391082763672,57.999900817871094,65.45391082763672,3.0245778560638428,20260732
2023-07-12,ChargerFull,FeasibleITransformer,80,82.0,88.57099914550781,1.5625,84.26781463623047,84.56157684326172,84.26781463623047,84.56157684326172,1.3051949739456177,20260732
2023-07-12,ChargerFull,FeasibleITransformer,84,86.92100524902344,88.57099914550781,1.0,86.95967102050781,86.95967102050781,86.95967102050781,86.95967102050781,0.45236724615097046,20260732
2023-07-12,ChargerFull,FeasibleITransformer,96,88.57099914550781,88.57099914550781,0.0833333358168602,92.81803894042969,92.81803894042969,92.81803894042969,92.81803894042969,0.37209898233413696,20260732
2023-07-13,ChargerFull,FeasibleITransformer,32,0.0,4.949999809265137,0.09375,3.090801477432251,4.8978729248046875,3.090801477432251,4.8978729248046875,0.5283059477806091,20260732
2023-07-13,ChargerFull,FeasibleITransformer,48,72.54100036621094,84.06300354003906,3.8125,20.652416229248047,55.086585998535156,20.652416229248047,55.086585998535156,2.294952154159546,20260732
2023-07-13,ChargerFull,FeasibleITransformer,64,111.79200744628906,114.5050048828125,2.3125,56.13908386230469,65.29121398925781,56.13908386230469,65.29121398925781,2.721007823944092,20260732
2023-07-13,ChargerFull,FeasibleITransformer,80,159.3000030517578,159.3000030517578,2.5,90.93550872802734,90.93550872802734,90.93550872802734,90.93550872802734,2.0193848609924316,20260732
2023-07-13,ChargerFull,FeasibleITransformer,84,159.3000030517578,159.3000030517578,0.0,96.05451202392578,96.05451202392578,96.05451202392578,96.05451202392578,0.7756069898605347,20260732
2023-07-13,ChargerFull,FeasibleITransformer,96,159.3000030517578,159.3000030517578,0.0,102.35094451904297,102.35094451904297,102.35094451904297,102.35094451904297,0.31800132989883423,20260732
2023-07-14,ChargerFull,FeasibleITransformer,32,0.9089999794960022,14.850000381469727,0.28125,3.2495579719543457,4.59934139251709,3.2495579719543457,4.59934139251709,0.2840461730957031,20260732
2023-07-14,ChargerFull,FeasibleITransformer,48,30.94499969482422,32.595001220703125,1.5,17.622526168823242,43.54668045043945,17.622526168823242,43.54668045043945,1.4469943046569824,20260732
2023-07-14,ChargerFull,FeasibleITransformer,64,58.197998046875,63.14799880981445,1.875,50.0067138671875,50.0067138671875,50.0067138671875,50.0067138671875,2.6136980056762695,20260732
2023-07-14,ChargerFull,FeasibleITransformer,80,90.84500122070312,94.26199340820312,1.625,77.62841796875,77.62841796875,77.62841796875,77.62841796875,2.5172829627990723,20260732
2023-07-14,ChargerFull,FeasibleITransformer,84,97.44499206542969,97.44499206542969,1.0,84.40533447265625,84.40533447265625,84.40533447265625,84.40533447265625,1.0268081426620483,20260732
2023-07-14,ChargerFull,FeasibleITransformer,96,97.44499206542969,97.44499206542969,0.0,92.89010620117188,92.89010620117188,92.89010620117188,92.89010620117188,0.4285237789154053,20260732
2023-07-15,ChargerFull,FeasibleITransformer,32,0.0,0.0,0.0,2.6250064373016357,3.545598268508911,2.6250064373016357,3.545598268508911,0.19818037748336792,20260732
2023-07-15,ChargerFull,FeasibleITransformer,48,0.0,0.0,0.0,13.889121055603027,28.8354434967041,13.889121055603027,28.8354434967041,0.9679561853408813,20260732
2023-07-15,ChargerFull,FeasibleITransformer,64,10.382999420166016,10.382999420166016,0.75,36.804443359375,36.804443359375,36.804443359375,36.804443359375,2.711012125015259,20260732
2023-07-15,ChargerFull,FeasibleITransformer,80,15.918998718261719,15.918998718261719,0.4375,66.94688415527344,66.94688415527344,66.94688415527344,66.94688415527344,2.201833486557007,20260732
2023-07-15,ChargerFull,FeasibleITransformer,84,15.918998718261719,15.918998718261719,0.0,72.67118835449219,72.67118835449219,72.67118835449219,72.67118835449219,0.8673186302185059,20260732
2023-07-15,ChargerFull,FeasibleITransformer,96,15.918998718261719,15.918998718261719,0.0,80.4699478149414,80.4699478149414,80.4699478149414,80.4699478149414,0.39387670159339905,20260732
2023-07-16,ChargerFull,FeasibleITransformer,32,0.0,0.0,0.0,2.4114561080932617,2.434772491455078,2.4114561080932617,2.434772491455078,0.21091753244400024,20260732
2023-07-16,ChargerFull,FeasibleITransformer,48,0.0,0.0,0.0,15.009669303894043,25.06328010559082,15.009669303894043,25.06328010559082,0.8286424875259399,20260732
2023-07-16,ChargerFull,FeasibleITransformer,64,17.957000732421875,21.191999435424805,0.9375,36.75495147705078,36.75495147705078,36.75495147705078,36.75495147705078,2.961906909942627,20260732
2023-07-16,ChargerFull,FeasibleITransformer,80,47.46900177001953,52.60700225830078,1.3125,60.04730224609375,60.04730224609375,60.04730224609375,60.04730224609375,2.0196125507354736,20260732
2023-07-16,ChargerFull,FeasibleITransformer,84,54.069000244140625,59.207000732421875,1.0,64.4315414428711,64.4315414428711,64.4315414428711,64.4315414428711,0.6697502136230469,20260732
2023-07-16,ChargerFull,FeasibleITransformer,96,68.91900634765625,68.91900634765625,0.75,70.78153228759766,70.78153228759766,70.78153228759766,70.78153228759766,0.32070693373680115,20260732
2023-07-17,ChargerFull,FeasibleITransformer,32,0.0,3.299999952316284,0.0625,3.315743923187256,3.705671548843384,3.315743923187256,3.705671548843384,0.4762055277824402,20260732
2023-07-17,ChargerFull,FeasibleITransformer,48,50.70399856567383,69.35600280761719,3.4375,17.725704193115234,30.816715240478516,17.725704193115234,30.816715240478516,1.228386402130127,20260732
2023-07-17,ChargerFull,FeasibleITransformer,64,85.68800354003906,90.63800048828125,2.875,44.50450897216797,44.50450897216797,44.50450897216797,44.50450897216797,3.1968343257904053,20260732
2023-07-17,ChargerFull,FeasibleITransformer,80,98.52300262451172,98.52300262451172,0.875,68.76444244384766,68.76444244384766,68.76444244384766,68.76444244384766,1.8157436847686768,20260732
2023-07-17,ChargerFull,FeasibleITransformer,84,98.52300262451172,98.52300262451172,0.0,72.8299560546875,72.8299560546875,72.8299560546875,72.8299560546875,0.6159866452217102,20260732
2023-07-17,ChargerFull,FeasibleITransformer,96,98.52300262451172,98.52300262451172,0.0,79.91168975830078,79.91168975830078,79.91168975830078,79.91168975830078,0.35766318440437317,20260732
2023-07-18,ChargerFull,FeasibleITransformer,32,0.0,1.649999976158142,0.03125,1.8681128025054932,2.8333792686462402,1.8681128025054932,2.8333792686462402,0.5736573338508606,20260732
2023-07-18,ChargerFull,FeasibleITransformer,48,35.07099914550781,68.60800170898438,2.75,18.69168472290039,41.35062026977539,18.69168472290039,41.35062026977539,2.210430860519409,20260732
2023-07-18,ChargerFull,FeasibleITransformer,64,100.8219985961914,100.8219985961914,2.9375,46.140892028808594,53.39201736450195,46.140892028808594,53.39201736450195,2.923691987991333,20260732
2023-07-18,ChargerFull,FeasibleITransformer,80,133.8730010986328,133.8730010986328,1.8125,65.9148178100586,65.9148178100586,65.9148178100586,65.9148178100586,1.3350650072097778,20260732
2023-07-18,ChargerFull,FeasibleITransformer,84,140.23199462890625,140.23199462890625,1.0,68.45787048339844,68.45787048339844,68.45787048339844,68.45787048339844,0.385312020778656,20260732
2023-07-18,ChargerFull,FeasibleITransformer,96,140.23199462890625,140.23199462890625,0.0,73.68293762207031,73.68293762207031,73.68293762207031,73.68293762207031,0.26389217376708984,20260732
2023-07-19,ChargerFull,FeasibleITransformer,32,0.0,25.990999221801758,0.5,1.4333299398422241,2.443899631500244,1.4333299398422241,2.443899631500244,0.5061996579170227,20260732
2023-07-19,ChargerFull,FeasibleITransformer,48,33.64099884033203,60.04100036621094,2.8125,17.049863815307617,44.25422668457031,17.049863815307617,44.25422668457031,2.179955005645752,20260732
2023-07-19,ChargerFull,FeasibleITransformer,64,80.72799682617188,80.72799682617188,2.375,41.37470626831055,50.88302230834961,41.37470626831055,50.88302230834961,2.3107008934020996,20260732
2023-07-19,ChargerFull,FeasibleITransformer,80,90.96199798583984,90.96199798583984,0.9375,64.01070404052734,64.01070404052734,64.01070404052734,64.01070404052734,1.490885853767395,20260732
2023-07-19,ChargerFull,FeasibleITransformer,84,90.96199798583984,90.96199798583984,0.0,67.7885513305664,67.7885513305664,67.7885513305664,67.7885513305664,0.6031132936477661,20260732
2023-07-19,ChargerFull,FeasibleITransformer,96,90.96199798583984,90.96199798583984,0.0,73.70354461669922,73.70354461669922,73.70354461669922,73.70354461669922,0.29873716831207275,20260732
2023-07-20,ChargerFull,FeasibleITransformer,32,0.0,0.0,0.0,1.3328518867492676,4.003344535827637,1.3328518867492676,4.003344535827637,0.47840458154678345,20260732
2023-07-20,ChargerFull,FeasibleITransformer,48,50.82600021362305,71.7550048828125,3.375,15.6008882522583,48.912498474121094,15.6008882522583,48.912498474121094,2.0523080825805664,20260732
2023-07-20,ChargerFull,FeasibleITransformer,64,118.61499786376953,118.89299774169922,2.625,45.9461669921875,54.73897171020508,45.9461669921875,54.73897171020508,2.4876856803894043,20260732
2023-07-20,ChargerFull,FeasibleITransformer,80,129.17300415039062,129.17300415039062,0.9375,78.6900405883789,78.6900405883789,78.6900405883789,78.6900405883789,2.027759552001953,20260732
2023-07-20,ChargerFull,FeasibleITransformer,84,129.17300415039062,129.17300415039062,0.0,83.30560302734375,83.30560302734375,83.30560302734375,83.30560302734375,0.69933021068573,20260732
2023-07-20,ChargerFull,FeasibleITransformer,96,129.17300415039062,129.17300415039062,0.0,90.79844665527344,90.79844665527344,90.79844665527344,90.79844665527344,0.37842586636543274,20260732
2023-07-21,ChargerFull,FeasibleITransformer,32,0.0,0.0,0.0,1.7295881509780884,4.079649925231934,1.7295881509780884,4.079649925231934,0.28472140431404114,20260732
2023-07-21,ChargerFull,FeasibleITransformer,48,12.330999374389648,15.631000518798828,1.125,14.214048385620117,41.78990173339844,14.214048385620117,41.78990173339844,1.5320557355880737,20260732
2023-07-21,ChargerFull,FeasibleITransformer,64,60.209999084472656,65.81900024414062,2.125,47.06123733520508,47.06123733520508,47.06123733520508,47.06123733520508,2.29378080368042,20260732
2023-07-21,ChargerFull,FeasibleITransformer,80,94.1760025024414,94.1760025024414,1.375,80.02747344970703,80.02747344970703,80.02747344970703,80.02747344970703,2.426344633102417,20260732
2023-07-21,ChargerFull,FeasibleITransformer,84,94.1760025024414,94.1760025024414,0.0,85.9797592163086,85.9797592163086,85.9797592163086,85.9797592163086,0.9473266005516052,20260732
2023-07-21,ChargerFull,FeasibleITransformer,96,94.1760025024414,94.1760025024414,0.0,95.31925964355469,95.31925964355469,95.31925964355469,95.31925964355469,0.47169190645217896,20260732
2023-07-22,ChargerFull,FeasibleITransformer,32,0.0,1.649999976158142,0.03125,1.962780237197876,3.5545570850372314,1.962780237197876,3.5545570850372314,0.20715761184692383,20260732
2023-07-22,ChargerFull,FeasibleITransformer,48,9.642999649047852,22.983999252319336,1.5625,13.27462100982666,27.375926971435547,13.27462100982666,27.375926971435547,0.910503625869751,20260732
2023-07-22,ChargerFull,FeasibleITransformer,64,42.54199981689453,47.492000579833984,2.125,36.83390426635742,36.83390426635742,36.83390426635742,36.83390426635742,2.655754566192627,20260732
2023-07-22,ChargerFull,FeasibleITransformer,80,49.152000427246094,49.152000427246094,0.3125,63.38670349121094,63.38670349121094,63.38670349121094,63.38670349121094,2.1235404014587402,20260732
2023-07-22,ChargerFull,FeasibleITransformer,84,49.152000427246094,49.152000427246094,0.0,67.99759674072266,67.99759674072266,67.99759674072266,67.99759674072266,0.8632954359054565,20260732
2023-07-22,ChargerFull,FeasibleITransformer,96,49.152000427246094,49.152000427246094,0.0,77.34742736816406,77.34742736816406,77.34742736816406,77.34742736816406,0.47736209630966187,20260732
2023-07-23,ChargerFull,FeasibleITransformer,32,0.0,0.0,0.0,2.260263442993164,2.906951665878296,2.260263442993164,2.906951665878296,0.23675750195980072,20260732
2023-07-23,ChargerFull,FeasibleITransformer,48,5.4029998779296875,5.4029998779296875,0.5,15.463315963745117,24.520309448242188,15.463315963745117,24.520309448242188,0.8708197474479675,20260732
2023-07-23,ChargerFull,FeasibleITransformer,64,5.4029998779296875,5.4029998779296875,0.0,33.32835388183594,33.32835388183594,33.32835388183594,33.32835388183594,2.7090814113616943,20260732
2023-07-23,ChargerFull,FeasibleITransformer,80,26.038000106811523,28.927000045776367,1.5625,61.20820617675781,61.20820236206055,61.20820617675781,61.20820236206055,2.1241936683654785,20260732
2023-07-23,ChargerFull,FeasibleITransformer,84,29.33799934387207,29.33799934387207,0.5,65.33674621582031,65.33674621582031,65.33674621582031,65.33674621582031,0.6329753994941711,20260732
2023-07-23,ChargerFull,FeasibleITransformer,96,29.33799934387207,29.33799934387207,0.0,73.52217102050781,73.52217102050781,73.52217102050781,73.52217102050781,0.4134055972099304,20260732
2023-07-24,ChargerFull,FeasibleITransformer,32,0.0,0.0,0.0,1.797561526298523,2.894947052001953,1.797561526298523,2.894947052001953,0.44430476427078247,20260732
2023-07-24,ChargerFull,FeasibleITransformer,48,32.415000915527344,36.92000198364258,2.4375,17.776575088500977,33.464256286621094,17.776575088500977,33.464256286621094,1.4820001125335693,20260732
2023-07-24,ChargerFull,FeasibleITransformer,64,79.33300018310547,95.83299255371094,2.875,42.715328216552734,42.715328216552734,42.715328216552734,42.715328216552734,2.816397190093994,20260732
2023-07-24,ChargerFull,FeasibleITransformer,80,133.98899841308594,135.6389923095703,2.3125,59.684974670410156,59.684974670410156,59.684974670410156,59.684974670410156,1.5135445594787598,20260732
2023-07-24,ChargerFull,FeasibleITransformer,84,135.6389923095703,135.6389923095703,0.25,62.83220672607422,62.832210540771484,62.83220672607422,62.832210540771484,0.49623334407806396,20260732
2023-07-24,ChargerFull,FeasibleITransformer,96,135.6389923095703,135.6389923095703,0.0,68.81655883789062,68.81655883789062,68.81655883789062,68.81655883789062,0.3022400140762329,20260732
2023-07-25,ChargerFull,FeasibleITransformer,32,0.0,0.0,0.0,1.8236855268478394,2.2251970767974854,1.8236855268478394,2.2251970767974854,0.592333197593689,20260732
2023-07-25,ChargerFull,FeasibleITransformer,48,30.4950008392334,41.2239990234375,2.125,20.253860473632812,42.5468864440918,20.253860473632812,42.5468864440918,2.1724538803100586,20260732
2023-07-25,ChargerFull,FeasibleITransformer,64,50.641998291015625,61.371002197265625,2.25,52.01108169555664,56.583641052246094,52.01108169555664,56.583641052246094,2.96112060546875,20260732
2023-07-25,ChargerFull,FeasibleITransformer,80,69.97699737548828,69.97699737548828,0.8125,76.30519104003906,76.30519104003906,76.30519104003906,76.30519104003906,1.3509035110473633,20260732
2023-07-25,ChargerFull,FeasibleITransformer,84,69.97699737548828,69.97699737548828,0.0,79.3641357421875,79.3641357421875,79.3641357421875,79.3641357421875,0.46347716450691223,20260732
2023-07-25,ChargerFull,FeasibleITransformer,96,69.97699737548828,69.97699737548828,0.0,84.57351684570312,84.57351684570312,84.57351684570312,84.57351684570312,0.2631000280380249,20260732
2023-07-26,ChargerFull,FeasibleITransformer,32,0.0,0.0,0.0,1.3190853595733643,2.3415799140930176,1.3190853595733643,2.3415799140930176,0.5626423954963684,20260732
2023-07-26,ChargerFull,FeasibleITransformer,48,13.441999435424805,38.915000915527344,3.4375,15.178671836853027,40.75236511230469,15.178671836853027,40.75236511230469,2.1556615829467773,20260732
2023-07-26,ChargerFull,FeasibleITransformer,64,71.8010025024414,73.0979995727539,3.625,38.74817657470703,48.9086799621582,38.74817657470703,48.9086799621582,2.3818750381469727,20260732
2023-07-26,ChargerFull,FeasibleITransformer,80,99.8080062866211,99.8080062866211,1.5,67.34515380859375,67.34515380859375,67.34515380859375,67.34515380859375,1.4624242782592773,20260732
2023-07-26,ChargerFull,FeasibleITransformer,84,99.8080062866211,99.8080062866211,0.0,70.23158264160156,70.23158264160156,70.23158264160156,70.23158264160156,0.43733781576156616,20260732
2023-07-26,ChargerFull,FeasibleITransformer,96,99.8080062866211,99.8080062866211,0.0,75.50544738769531,75.50544738769531,75.50544738769531,75.50544738769531,0.2663564682006836,20260732
2023-07-27,ChargerFull,FeasibleITransformer,32,0.0,0.0,0.0,1.0920087099075317,3.106191635131836,1.0920087099075317,3.106191635131836,0.36482569575309753,20260732
2023-07-27,ChargerFull,FeasibleITransformer,48,3.9719998836517334,15.52199935913086,0.8125,14.78922176361084,46.508087158203125,14.78922176361084,46.508087158203125,2.3452649116516113,20260732
2023-07-27,ChargerFull,FeasibleITransformer,64,42.35799789428711,55.55799865722656,3.1875,45.62263488769531,53.336883544921875,45.62263488769531,53.336883544921875,2.260249376296997,20260732
2023-07-27,ChargerFull,FeasibleITransformer,80,64.79100036621094,73.04100036621094,1.6875,83.81768035888672,83.81768035888672,83.81768035888672,83.81768035888672,2.108724355697632,20260732
2023-07-27,ChargerFull,FeasibleITransformer,84,71.39099884033203,73.04100036621094,1.0,87.55792999267578,87.55792999267578,87.55792999267578,87.55792999267578,0.6552324295043945,20260732
2023-07-27,ChargerFull,FeasibleITransformer,96,73.04100036621094,73.04100036621094,0.0833333358168602,94.67411041259766,94.67411041259766,94.67411041259766,94.67411041259766,0.3594030439853668,20260732
2023-07-28,ChargerFull,FeasibleITransformer,32,0.0,16.5,0.3125,1.684999942779541,2.9852325916290283,1.684999942779541,2.9852325916290283,0.20983117818832397,20260732
2023-07-28,ChargerFull,FeasibleITransformer,48,3.2219998836517334,52.99800109863281,2.3125,11.769775390625,33.017738342285156,11.769775390625,33.017738342285156,1.2431743144989014,20260732
2023-07-28,ChargerFull,FeasibleITransformer,64,45.29800033569336,53.49100112915039,2.875,38.615379333496094,38.615379333496094,38.615379333496094,38.615379333496094,2.4569051265716553,20260732
2023-07-28,ChargerFull,FeasibleITransformer,80,60.334999084472656,60.334999084472656,0.9375,67.08409881591797,67.08409881591797,67.08409881591797,67.08409881591797,2.2343692779541016,20260732
2023-07-28,ChargerFull,FeasibleITransformer,84,60.334999084472656,60.334999084472656,0.0,71.87387084960938,71.87386322021484,71.87387084960938,71.87386322021484,0.7741185426712036,20260732
2023-07-28,ChargerFull,FeasibleITransformer,96,60.334999084472656,60.334999084472656,0.0,79.28645324707031,79.28645324707031,79.28645324707031,79.28645324707031,0.3743732273578644,20260732
2023-07-29,ChargerFull,FeasibleITransformer,32,0.0,0.0,0.0,1.5488876104354858,2.6357226371765137,1.5488876104354858,2.6357226371765137,0.1733444482088089,20260732
2023-07-29,ChargerFull,FeasibleITransformer,48,20.29599952697754,24.634998321533203,1.25,10.554975509643555,20.461700439453125,10.554975509643555,20.461700439453125,0.7522882223129272,20260732
2023-07-29,ChargerFull,FeasibleITransformer,64,44.28199768066406,48.24700164794922,1.5625,25.724668502807617,25.724668502807617,25.724668502807617,25.724668502807617,2.2351644039154053,20260732
2023-07-29,ChargerFull,FeasibleITransformer,80,59.3489990234375,59.3489990234375,0.625,46.41547393798828,46.41547775268555,46.41547393798828,46.41547775268555,2.1529808044433594,20260732
2023-07-29,ChargerFull,FeasibleITransformer,84,59.3489990234375,59.3489990234375,0.0,50.29779052734375,50.297786712646484,50.29779052734375,50.297786712646484,0.7200185060501099,20260732
2023-07-29,ChargerFull,FeasibleITransformer,96,59.3489990234375,59.3489990234375,0.0,58.658103942871094,58.658103942871094,58.658103942871094,58.658103942871094,0.4490247070789337,20260732
2023-07-30,ChargerFull,FeasibleITransformer,32,0.0,4.949999809265137,0.09375,1.6212414503097534,2.1909260749816895,1.6212414503097534,2.1909260749816895,0.20952272415161133,20260732
2023-07-30,ChargerFull,FeasibleITransformer,48,16.78499984741211,30.46099853515625,1.875,15.531002044677734,23.476503372192383,15.531002044677734,23.476503372192383,0.9128876328468323,20260732
2023-07-30,ChargerFull,FeasibleITransformer,64,42.78900146484375,47.73899841308594,1.6875,29.563678741455078,29.563676834106445,29.563678741455078,29.563676834106445,2.438603639602661,20260732
2023-07-30,ChargerFull,FeasibleITransformer,80,68.73099517822266,68.73099517822266,1.125,48.57970428466797,48.57970428466797,48.57970428466797,48.57970428466797,1.911006212234497,20260732
2023-07-30,ChargerFull,FeasibleITransformer,84,68.73099517822266,68.73099517822266,0.0,52.16656494140625,52.16656494140625,52.16656494140625,52.16656494140625,0.6604858040809631,20260732
2023-07-30,ChargerFull,FeasibleITransformer,96,68.73099517822266,68.73099517822266,0.0,59.587364196777344,59.587364196777344,59.587364196777344,59.587364196777344,0.3967948257923126,20260732
2023-07-31,ChargerFull,FeasibleITransformer,32,0.0,16.5,0.3125,1.6744903326034546,3.0939903259277344,1.6744903326034546,3.0939903259277344,0.4256499707698822,20260732
2023-07-31,ChargerFull,FeasibleITransformer,48,13.979999542236328,47.62399673461914,3.0,20.819366455078125,38.329898834228516,20.819366455078125,38.329898834228516,1.7064993381500244,20260732
2023-07-31,ChargerFull,FeasibleITransformer,64,101.18400573730469,106.95700073242188,3.625,50.39051055908203,50.39051055908203,50.39051055908203,50.39051055908203,3.2429661750793457,20260732
2023-07-31,ChargerFull,FeasibleITransformer,80,135.43299865722656,137.43600463867188,1.6875,78.2994155883789,78.2994155883789,78.2994155883789,78.2994155883789,1.853400707244873,20260732
2023-07-31,ChargerFull,FeasibleITransformer,84,138.73300170898438,138.73300170898438,0.5,81.41889953613281,81.41889953613281,81.41889953613281,81.41889953613281,0.4726477861404419,20260732
2023-07-31,ChargerFull,FeasibleITransformer,96,138.73300170898438,138.73300170898438,0.0,87.02069091796875,87.02069091796875,87.02069091796875,87.02069091796875,0.28291940689086914,20260732
2023-08-01,ChargerFull,FeasibleITransformer,32,3.190000057220459,24.639999389648438,0.46875,1.2047991752624512,2.9457077980041504,1.2047991752624512,2.9457077980041504,0.583381175994873,20260732
2023-08-01,ChargerFull,FeasibleITransformer,48,20.444000244140625,43.09099578857422,1.9375,16.01190757751465,41.30085372924805,16.01190757751465,41.30085372924805,2.233098268508911,20260732
2023-08-01,ChargerFull,FeasibleITransformer,64,76.63499450683594,77.77799987792969,2.75,46.00617980957031,55.157257080078125,46.00617980957031,55.157257080078125,3.123000383377075,20260732
2023-08-01,ChargerFull,FeasibleITransformer,80,93.25898742675781,93.25898742675781,1.4375,76.87864685058594,76.87864685058594,76.87864685058594,76.87864685058594,1.6031301021575928,20260732
2023-08-01,ChargerFull,FeasibleITransformer,84,97.9439926147461,99.85899353027344,1.0,79.67987823486328,79.67987060546875,79.67987823486328,79.67987060546875,0.4244275689125061,20260732
2023-08-01,ChargerFull,FeasibleITransformer,96,104.54399108886719,104.54399108886719,0.3333333432674408,83.9662094116211,83.9662094116211,83.9662094116211,83.9662094116211,0.21648173034191132,20260732
2023-08-02,ChargerFull,FeasibleITransformer,32,0.0,0.0,0.0,0.8423856496810913,3.0682785511016846,0.8423856496810913,3.0682785511016846,0.5571762919425964,20260732
2023-08-02,ChargerFull,FeasibleITransformer,48,19.55900001525879,27.214000701904297,2.4375,13.27615737915039,45.1094856262207,13.27615737915039,45.1094856262207,2.3164796829223633,20260732
2023-08-02,ChargerFull,FeasibleITransformer,64,56.435997009277344,59.736000061035156,2.125,43.458099365234375,52.98375701904297,43.458099365234375,52.98375701904297,2.7015621662139893,20260732
2023-08-02,ChargerFull,FeasibleITransformer,80,71.86599731445312,81.68399810791016,1.9375,68.7382583618164,68.7382583618164,68.7382583618164,68.7382583618164,1.4704999923706055,20260732
2023-08-02,ChargerFull,FeasibleITransformer,84,80.65299987792969,88.28399658203125,2.0,72.23628234863281,72.23628234863281,72.23628234863281,72.23628234863281,0.5458183288574219,20260732
2023-08-02,ChargerFull,FeasibleITransformer,96,88.90299224853516,88.90299224853516,0.4166666567325592,77.5096435546875,77.5096435546875,77.5096435546875,77.5096435546875,0.26633161306381226,20260732
2023-08-03,ChargerFull,FeasibleITransformer,32,0.0,18.149999618530273,0.34375,0.8801912069320679,3.0858030319213867,0.8801912069320679,3.0858030319213867,0.2968860864639282,20260732
2023-08-03,ChargerFull,FeasibleITransformer,48,36.13800048828125,62.538002014160156,3.1875,12.25192642211914,42.83551788330078,12.25192642211914,42.83551788330078,2.0834972858428955,20260732
2023-08-03,ChargerFull,FeasibleITransformer,64,87.19200134277344,114.15799713134766,3.25,39.668270111083984,48.819053649902344,39.668270111083984,48.819053649902344,2.446387767791748,20260732
2023-08-03,ChargerFull,FeasibleITransformer,80,131.718994140625,133.85598754882812,2.0625,71.31950378417969,71.31950378417969,71.31950378417969,71.31950378417969,2.271404981613159,20260732
2023-08-03,ChargerFull,FeasibleITransformer,84,141.6580047607422,146.56900024414062,2.0,76.36827087402344,76.36827087402344,76.36827087402344,76.36827087402344,0.7649656534194946,20260732
2023-08-03,ChargerFull,FeasibleITransformer,96,146.60800170898438,146.60800170898438,0.25,83.79454803466797,83.79454803466797,83.79454803466797,83.79454803466797,0.37506380677223206,20260732
2023-08-04,ChargerFull,FeasibleITransformer,32,0.0,18.149999618530273,0.34375,1.4333257675170898,5.478869438171387,1.4333257675170898,5.478869438171387,0.3357120156288147,20260732
2023-08-04,ChargerFull,FeasibleITransformer,48,42.2239990234375,58.03200149536133,2.5625,13.47029972076416,43.880802154541016,13.47029972076416,43.880802154541016,1.5307791233062744,20260732
2023-08-04,ChargerFull,FeasibleITransformer,64,91.26699829101562,106.1969985961914,3.0625,49.93370056152344,50.434478759765625,49.93370056152344,50.434478759765625,2.7404818534851074,20260732
2023-08-04,ChargerFull,FeasibleITransformer,80,118.57599639892578,118.57599639892578,1.375,78.90592956542969,78.90592956542969,78.90592956542969,78.90592956542969,2.3622026443481445,20260732
2023-08-04,ChargerFull,FeasibleITransformer,84,118.57599639892578,118.57599639892578,0.0,85.5418472290039,85.5418472290039,85.5418472290039,85.5418472290039,1.1486153602600098,20260732
2023-08-04,ChargerFull,FeasibleITransformer,96,118.57599639892578,118.57599639892578,0.0,95.03839111328125,95.03839111328125,95.03839111328125,95.03839111328125,0.4796234965324402,20260732
2023-08-05,ChargerFull,FeasibleITransformer,32,0.0,0.0,0.0,2.266289710998535,5.163613319396973,2.266289710998535,5.163613319396973,0.22321970760822296,20260732
2023-08-05,ChargerFull,FeasibleITransformer,48,23.649999618530273,45.41999816894531,2.375,12.637628555297852,28.344079971313477,12.637628555297852,28.344079971313477,0.938418984413147,20260732
2023-08-05,ChargerFull,FeasibleITransformer,64,62.85099792480469,68.15999603271484,2.4375,33.251773834228516,33.251773834228516,33.251773834228516,33.251773834228516,2.565856456756592,20260732
2023-08-05,ChargerFull,FeasibleITransformer,80,70.99700164794922,79.20600128173828,0.8125,52.87363815307617,52.87363815307617,52.87363815307617,52.87363815307617,2.184896230697632,20260732
2023-08-05,ChargerFull,FeasibleITransformer,84,77.5560073852539,79.20600128173828,1.0,59.02808380126953,59.02808380126953,59.02808380126953,59.02808380126953,0.9442954063415527,20260732
2023-08-05,ChargerFull,FeasibleITransformer,96,79.20600128173828,79.20600128173828,0.0833333358168602,67.92145538330078,67.92145538330078,67.92145538330078,67.92145538330078,0.44915980100631714,20260732
2023-08-06,ChargerFull,FeasibleITransformer,32,0.0,0.0,0.0,2.466416120529175,3.5804455280303955,2.466416120529175,3.5804455280303955,0.2643892168998718,20260732
2023-08-06,ChargerFull,FeasibleITransformer,48,16.119998931884766,17.975000381469727,0.9375,15.106671333312988,26.939603805541992,15.106671333312988,26.939603805541992,0.9124515056610107,20260732
2023-08-06,ChargerFull,FeasibleITransformer,64,39.68600082397461,44.2400016784668,1.25,36.227745056152344,36.227745056152344,36.227745056152344,36.227745056152344,2.9761412143707275,20260732
2023-08-06,ChargerFull,FeasibleITransformer,80,58.13300323486328,58.13300323486328,1.625,58.054771423339844,58.054771423339844,58.054771423339844,58.054771423339844,2.0745766162872314,20260732
2023-08-06,ChargerFull,FeasibleITransformer,84,58.13300323486328,58.13300323486328,0.0,63.41912841796875,63.41912841796875,63.41912841796875,63.41912841796875,0.8127813339233398,20260732
2023-08-06,ChargerFull,FeasibleITransformer,96,58.13300323486328,58.13300323486328,0.0,71.23622131347656,71.23622131347656,71.23622131347656,71.23622131347656,0.3948025107383728,20260732
2023-08-07,ChargerFull,FeasibleITransformer,32,0.0,0.0,0.0,2.138439416885376,3.9355452060699463,2.138439416885376,3.9355452060699463,0.43911921977996826,20260732
2023-08-07,ChargerFull,FeasibleITransformer,48,17.618999481201172,40.60099792480469,2.3125,20.66876983642578,37.92753982543945,20.66876983642578,37.92753982543945,1.6870760917663574,20260732
2023-08-07,ChargerFull,FeasibleITransformer,64,74.9739990234375,75.68099975585938,2.9375,53.69200134277344,53.69200134277344,53.69200134277344,53.69200134277344,3.3984761238098145,20260732
2023-08-07,ChargerFull,FeasibleITransformer,80,90.42900085449219,92.07901000976562,1.375,89.77908325195312,89.77908325195312,89.77908325195312,89.77908325195312,2.1868300437927246,20260732
2023-08-07,ChargerFull,FeasibleITransformer,84,92.07901000976562,92.07901000976562,0.25,94.14445495605469,94.14445495605469,94.14445495605469,94.14445495605469,0.7286145091056824,20260732
2023-08-07,ChargerFull,FeasibleITransformer,96,92.07901000976562,92.07901000976562,0.0,100.42747497558594,100.42747497558594,100.42747497558594,100.42747497558594,0.31732508540153503,20260732
2023-08-08,ChargerFull,FeasibleITransformer,32,7.624000072479248,21.44999885559082,0.40625,1.0552680492401123,2.3947277069091797,1.0552680492401123,2.3947277069091797,0.5013895630836487,20260732
2023-08-08,ChargerFull,FeasibleITransformer,48,83.0199966430664,101.74400329589844,4.0,17.298330307006836,43.59593200683594,17.298330307006836,43.59593200683594,2.399980306625366,20260732
2023-08-08,ChargerFull,FeasibleITransformer,64,121.11900329589844,140.20401000976562,2.5625,56.54918670654297,61.48924255371094,56.54918670654297,61.48924255371094,3.341034412384033,20260732
2023-08-08,ChargerFull,FeasibleITransformer,80,152.3249969482422,152.3249969482422,1.25,79.9790267944336,79.9790267944336,79.9790267944336,79.9790267944336,1.4725308418273926,20260732
2023-08-08,ChargerFull,FeasibleITransformer,84,152.3249969482422,152.3249969482422,0.0,83.18731689453125,83.18731689453125,83.18731689453125,83.18731689453125,0.48610466718673706,20260732
2023-08-08,ChargerFull,FeasibleITransformer,96,152.3249969482422,152.3249969482422,0.0,87.75725555419922,87.75725555419922,87.75725555419922,87.75725555419922,0.23080503940582275,20260732
2023-08-09,ChargerFull,FeasibleITransformer,32,5.883999824523926,18.149999618530273,0.34375,1.257035493850708,3.018216609954834,1.257035493850708,3.018216609954834,0.5599709749221802,20260732
2023-08-09,ChargerFull,FeasibleITransformer,48,41.08000183105469,75.7300033569336,3.1875,20.304729461669922,48.055686950683594,20.304729461669922,48.055686950683594,2.515683650970459,20260732
2023-08-09,ChargerFull,FeasibleITransformer,64,129.97799682617188,149.7779998779297,4.5,48.88489532470703,58.852073669433594,48.88489532470703,58.852073669433594,2.681196689605713,20260732
2023-08-09,ChargerFull,FeasibleITransformer,80,167.00201416015625,167.00201416015625,1.4375,78.87152099609375,78.87152099609375,78.87152099609375,78.87152099609375,1.6594281196594238,20260732
2023-08-09,ChargerFull,FeasibleITransformer,84,167.00201416015625,167.00201416015625,0.0,83.15532684326172,83.15532684326172,83.15532684326172,83.15532684326172,0.7219531536102295,20260732
2023-08-09,ChargerFull,FeasibleITransformer,96,167.00201416015625,167.00201416015625,0.0,88.50601196289062,88.50601196289062,88.50601196289062,88.50601196289062,0.27023667097091675,20260732
2023-08-10,ChargerFull,FeasibleITransformer,32,6.682000160217285,27.22199821472168,0.59375,1.5564985275268555,4.161649227142334,1.5564985275268555,4.161649227142334,0.405499130487442,20260732
2023-08-10,ChargerFull,FeasibleITransformer,48,48.6870002746582,75.04600524902344,3.5,16.75186538696289,59.24277114868164,16.75186538696289,59.24277114868164,2.428452968597412,20260732
2023-08-10,ChargerFull,FeasibleITransformer,64,86.98699951171875,96.52400207519531,3.5,57.473670959472656,67.69721984863281,57.473670959472656,67.69721984863281,2.8498198986053467,20260732
2023-08-10,ChargerFull,FeasibleITransformer,80,122.79999542236328,129.13299560546875,2.0625,102.29141998291016,102.29141998291016,102.29141998291016,102.29141998291016,2.16279673576355,20260732
2023-08-10,ChargerFull,FeasibleITransformer,84,129.40000915527344,134.35000610351562,1.0,108.64501953125,108.64501953125,108.64501953125,108.64501953125,0.962665855884552,20260732
2023-08-10,ChargerFull,FeasibleITransformer,96,134.35000610351562,134.35000610351562,0.25,115.74785614013672,115.74785614013672,115.74785614013672,115.74785614013672,0.35872912406921387,20260732
2023-08-11,ChargerFull,FeasibleITransformer,32,0.0,18.149999618530273,0.34375,2.3940792083740234,7.199529647827148,2.3940792083740234,7.199529647827148,0.4040835201740265,20260732
2023-08-11,ChargerFull,FeasibleITransformer,48,45.78300094604492,53.755001068115234,1.9375,18.987159729003906,50.976593017578125,18.987159729003906,50.976593017578125,1.5959097146987915,20260732
2023-08-11,ChargerFull,FeasibleITransformer,64,62.154998779296875,62.154998779296875,1.625,57.3957405090332,57.654178619384766,57.3957405090332,57.654178619384766,2.747465133666992,20260732
2023-08-11,ChargerFull,FeasibleITransformer,80,62.154998779296875,62.154998779296875,0.0,83.06423950195312,83.06423950195312,83.06423950195312,83.06423950195312,2.3344922065734863,20260732
2023-08-11,ChargerFull,FeasibleITransformer,84,62.154998779296875,62.154998779296875,0.0,90.76879119873047,90.76879119873047,90.76879119873047,90.76879119873047,1.167358160018921,20260732
2023-08-11,ChargerFull,FeasibleITransformer,96,62.154998779296875,62.154998779296875,0.0,100.3347396850586,100.3347396850586,100.3347396850586,100.3347396850586,0.4831284284591675,20260732
2023-08-12,ChargerFull,FeasibleITransformer,32,0.0,0.0,0.0,3.0003890991210938,4.3235883712768555,3.0003890991210938,4.3235883712768555,0.23338598012924194,20260732
2023-08-12,ChargerFull,FeasibleITransformer,48,5.170000076293945,9.465999603271484,0.75,15.068398475646973,30.983413696289062,15.068398475646973,30.983413696289062,1.0447829961776733,20260732
2023-08-12,ChargerFull,FeasibleITransformer,64,31.78299903869629,36.58000183105469,2.75,37.81846618652344,37.81846618652344,37.81846618652344,37.81846618652344,2.631256103515625,20260732
2023-08-12,ChargerFull,FeasibleITransformer,80,41.02900314331055,41.02900314331055,0.5,53.82307052612305,53.82307434082031,53.82307052612305,53.82307434082031,2.054076910018921,20260732
2023-08-12,ChargerFull,FeasibleITransformer,84,41.02900314331055,41.02900314331055,0.0,59.64439392089844,59.64439392089844,59.64439392089844,59.64439392089844,0.8861495852470398,20260732
2023-08-12,ChargerFull,FeasibleITransformer,96,41.02900314331055,41.02900314331055,0.0,68.04963684082031,68.04963684082031,68.04963684082031,68.04963684082031,0.4245070517063141,20260732
2023-08-13,ChargerFull,FeasibleITransformer,32,0.0,0.0,0.0,2.9118475914001465,3.4292218685150146,2.9118475914001465,3.4292218685150146,0.25955042243003845,20260732
2023-08-13,ChargerFull,FeasibleITransformer,48,4.267000198364258,10.866999626159668,0.4375,16.057334899902344,26.78870964050293,16.057334899902344,26.78870964050293,0.9462369680404663,20260732
2023-08-13,ChargerFull,FeasibleITransformer,64,29.85700035095215,34.08300018310547,1.4375,34.121002197265625,34.121002197265625,34.121002197265625,34.121002197265625,2.830679416656494,20260732
2023-08-13,ChargerFull,FeasibleITransformer,80,57.689998626708984,65.48699951171875,2.0625,58.136775970458984,58.136775970458984,58.136775970458984,58.136775970458984,1.9024407863616943,20260732
2023-08-13,ChargerFull,FeasibleITransformer,84,63.83700180053711,65.48699951171875,1.25,62.211997985839844,62.211997985839844,62.211997985839844,62.211997985839844,0.6174576878547668,20260732
2023-08-13,ChargerFull,FeasibleITransformer,96,65.48699951171875,65.48699951171875,0.0833333358168602,69.24697875976562,69.24697875976562,69.24697875976562,69.24697875976562,0.355302095413208,20260732
2023-08-14,ChargerFull,FeasibleITransformer,32,0.0,16.732999801635742,0.375,3.715130090713501,4.476501941680908,3.715130090713501,4.476501941680908,0.47358667850494385,20260732
2023-08-14,ChargerFull,FeasibleITransformer,48,26.76799964904785,44.88800048828125,3.0,21.130895614624023,43.46654510498047,21.130895614624023,43.46654510498047,1.8274258375167847,20260732
2023-08-14,ChargerFull,FeasibleITransformer,64,94.40699768066406,102.1709976196289,3.5,60.36948013305664,60.36948013305664,60.36948013305664,60.36948013305664,3.4797143936157227,20260732
2023-08-14,ChargerFull,FeasibleITransformer,80,130.99200439453125,130.99200439453125,1.5,87.9448471069336,87.9448471069336,87.9448471069336,87.9448471069336,1.7644891738891602,20260732
2023-08-14,ChargerFull,FeasibleITransformer,84,130.99200439453125,130.99200439453125,0.0,92.02787017822266,92.02787017822266,92.02787017822266,92.02787017822266,0.6186385154724121,20260732
2023-08-14,ChargerFull,FeasibleITransformer,96,130.99200439453125,130.99200439453125,0.0,97.25294494628906,97.25294494628906,97.25294494628906,97.25294494628906,0.26389288902282715,20260732
2023-08-15,ChargerFull,FeasibleITransformer,32,1.9529999494552612,21.44999885559082,0.40625,2.8687875270843506,3.748616933822632,2.8687875270843506,3.748616933822632,0.644392728805542,20260732
2023-08-15,ChargerFull,FeasibleITransformer,48,53.152000427246094,82.21600341796875,3.3125,23.286148071289062,48.13731384277344,23.286148071289062,48.13731384277344,2.5082406997680664,20260732
2023-08-15,ChargerFull,FeasibleITransformer,64,119.2239990234375,121.52999877929688,2.625,66.5599365234375,70.14347839355469,66.5599365234375,70.14347839355469,3.325714588165283,20260732
2023-08-15,ChargerFull,FeasibleITransformer,80,123.75299835205078,123.75299835205078,0.4375,98.06571197509766,98.06571197509766,98.06571197509766,98.06571197509766,1.4981786012649536,20260732
2023-08-15,ChargerFull,FeasibleITransformer,84,123.75299835205078,123.75299835205078,0.0,101.90738677978516,101.90738677978516,101.90738677978516,101.90738677978516,0.5820729732513428,20260732
2023-08-15,ChargerFull,FeasibleITransformer,96,123.75299835205078,123.75299835205078,0.0,106.56231689453125,106.56231689453125,106.56231689453125,106.56231689453125,0.23509736359119415,20260732
2023-08-16,ChargerFull,FeasibleITransformer,32,13.8100004196167,15.460000038146973,0.46875,1.6503612995147705,3.8027420043945312,1.6503612995147705,3.8027420043945312,0.6020747423171997,20260732
2023-08-16,ChargerFull,FeasibleITransformer,48,45.97100067138672,71.35700225830078,3.125,21.79167366027832,49.359107971191406,21.79167366027832,49.359107971191406,2.414529800415039,20260732
2023-08-16,ChargerFull,FeasibleITransformer,64,108.3030014038086,120.66899871826172,3.5,51.35319900512695,60.09827423095703,51.35319900512695,60.09827423095703,2.592338800430298,20260732
2023-08-16,ChargerFull,FeasibleITransformer,80,135.4550018310547,135.4550018310547,1.25,81.62804412841797,81.62804412841797,81.62804412841797,81.62804412841797,1.50069260597229,20260732
2023-08-16,ChargerFull,FeasibleITransformer,84,135.4550018310547,136.17799377441406,0.25,85.65911865234375,85.65911865234375,85.65911865234375,85.65911865234375,0.6107672452926636,20260732
2023-08-16,ChargerFull,FeasibleITransformer,96,136.17799377441406,136.17799377441406,0.0833333358168602,90.31304168701172,90.31304168701172,90.31304168701172,90.31304168701172,0.23504666984081268,20260732
2023-08-17,ChargerFull,FeasibleITransformer,32,6.690999984741211,6.690999984741211,0.25,1.7427105903625488,4.486122131347656,1.7427105903625488,4.486122131347656,0.47166305780410767,20260732
2023-08-17,ChargerFull,FeasibleITransformer,48,19.243999481201172,57.63199996948242,3.0625,18.222949981689453,58.59772491455078,18.222949981689453,58.59772491455078,2.4569661617279053,20260732
2023-08-17,ChargerFull,FeasibleITransformer,64,79.36100006103516,113.31700134277344,3.4375,58.479618072509766,66.75770568847656,58.479618072509766,66.75770568847656,2.8117244243621826,20260732
2023-08-17,ChargerFull,FeasibleITransformer,80,135.1510009765625,136.80101013183594,2.5,92.37013244628906,92.37013244628906,92.37013244628906,92.37013244628906,1.7582480907440186,20260732
2023-08-17,ChargerFull,FeasibleITransformer,84,136.80101013183594,136.80101013183594,0.25,97.80850219726562,97.8084945678711,97.80850219726562,97.8084945678711,0.8239952921867371,20260732
2023-08-17,ChargerFull,FeasibleITransformer,96,136.80101013183594,136.80101013183594,0.0,104.0941390991211,104.0941390991211,104.0941390991211,104.0941390991211,0.31745657324790955,20260732
2023-08-18,ChargerFull,FeasibleITransformer,32,6.9039998054504395,6.9039998054504395,0.25,3.444333791732788,5.797153472900391,3.444333791732788,5.797153472900391,0.35397571325302124,20260732
2023-08-18,ChargerFull,FeasibleITransformer,48,19.98999786376953,26.59000015258789,1.625,16.700458526611328,47.95294952392578,16.700458526611328,47.95294952392578,1.645236611366272,20260732
2023-08-18,ChargerFull,FeasibleITransformer,64,43.295997619628906,43.77799987792969,1.1875,55.08588790893555,55.19680404663086,55.08588790893555,55.19680404663086,2.729119300842285,20260732
2023-08-18,ChargerFull,FeasibleITransformer,80,61.01499938964844,64.60999298095703,0.875,83.38900756835938,83.38900756835938,83.38900756835938,83.38900756835938,2.220438003540039,20260732
2023-08-18,ChargerFull,FeasibleITransformer,84,70.21800231933594,74.02799987792969,1.75,89.6678695678711,89.6678695678711,89.6678695678711,89.6678695678711,0.9513421058654785,20260732
2023-08-18,ChargerFull,FeasibleITransformer,96,86.53099822998047,86.53099822998047,0.8333333134651184,96.62132263183594,96.62132263183594,96.62132263183594,96.62132263183594,0.3511850833892822,20260732
2023-08-19,ChargerFull,FeasibleITransformer,32,0.0,4.949999809265137,0.09375,3.486978769302368,3.846639633178711,3.486978769302368,3.846639633178711,0.2363356649875641,20260732
2023-08-19,ChargerFull,FeasibleITransformer,48,15.104999542236328,21.14099884033203,1.6875,13.961921691894531,30.812543869018555,13.961921691894531,30.812543869018555,1.069218635559082,20260732
2023-08-19,ChargerFull,FeasibleITransformer,64,42.19000244140625,47.00699996948242,1.5625,36.53900146484375,36.53900146484375,36.53900146484375,36.53900146484375,2.6091601848602295,20260732
2023-08-19,ChargerFull,FeasibleITransformer,80,80.19900512695312,83.44000244140625,1.5,56.387359619140625,56.387359619140625,56.387359619140625,56.387359619140625,1.9157915115356445,20260732
2023-08-19,ChargerFull,FeasibleITransformer,84,86.79900360107422,88.4489974975586,1.0,61.75315475463867,61.75315475463867,61.75315475463867,61.75315475463867,0.8617105484008789,20260732
2023-08-19,ChargerFull,FeasibleITransformer,96,88.4489974975586,88.4489974975586,0.0833333358168602,69.82579803466797,69.82579803466797,69.82579803466797,69.82579803466797,0.4392077326774597,20260732
2023-08-20,ChargerFull,FeasibleITransformer,32,0.0,0.0,0.0,4.190512180328369,4.376246452331543,4.190512180328369,4.376246452331543,0.2858796715736389,20260732
2023-08-20,ChargerFull,FeasibleITransformer,48,0.0,0.0,0.0,16.834636688232422,31.483680725097656,16.834636688232422,31.483680725097656,1.0943535566329956,20260732
2023-08-20,ChargerFull,FeasibleITransformer,64,0.0,0.0,0.0,39.6825065612793,39.6825065612793,39.6825065612793,39.6825065612793,3.1914377212524414,20260732
2023-08-20,ChargerFull,FeasibleITransformer,80,0.0,0.0,0.0,63.89192199707031,63.89192199707031,63.89192199707031,63.89192199707031,1.9945948123931885,20260732
2023-08-20,ChargerFull,FeasibleITransformer,84,0.0,0.0,0.0,68.74148559570312,68.74148559570312,68.74148559570312,68.74148559570312,0.7347830533981323,20260732
2023-08-20,ChargerFull,FeasibleITransformer,96,0.0,0.0,0.0,75.73576354980469,75.73576354980469,75.73576354980469,75.73576354980469,0.3532463312149048,20260732
2023-08-21,ChargerFull,FeasibleITransformer,32,7.275000095367432,12.225000381469727,0.25,3.5019595623016357,3.5019595623016357,3.5019595623016357,3.5019595623016357,0.4619751274585724,20260732
2023-08-21,ChargerFull,FeasibleITransformer,48,28.7810001373291,35.38100051879883,1.5625,18.16659164428711,32.01233673095703,18.16659164428711,32.01233673095703,1.5345433950424194,20260732
2023-08-21,ChargerFull,FeasibleITransformer,64,56.59800338745117,58.24800109863281,1.75,45.176300048828125,45.176300048828125,45.176300048828125,45.176300048828125,3.0678772926330566,20260732
2023-08-21,ChargerFull,FeasibleITransformer,80,66.0,66.0,0.375,64.25570678710938,64.25570678710938,64.25570678710938,64.25570678710938,1.3961595296859741,20260732
2023-08-21,ChargerFull,FeasibleITransformer,84,66.0,66.0,0.0,67.32603454589844,67.32603454589844,67.32603454589844,67.32603454589844,0.4652024507522583,20260732
2023-08-21,ChargerFull,FeasibleITransformer,96,66.0,66.0,0.0,72.45553588867188,72.45553588867188,72.45553588867188,72.45553588867188,0.2590653896331787,20260732
2023-08-22,ChargerFull,FeasibleITransformer,32,13.371000289916992,18.149999618530273,0.34375,3.4897749423980713,3.541666269302368,3.4897749423980713,3.541666269302368,0.7150709629058838,20260732
2023-08-22,ChargerFull,FeasibleITransformer,48,36.1359977722168,54.727996826171875,2.0,19.944561004638672,39.172698974609375,19.944561004638672,39.172698974609375,2.1152021884918213,20260732
2023-08-22,ChargerFull,FeasibleITransformer,64,61.7819938659668,71.68199157714844,2.3125,53.23993682861328,54.665611267089844,53.23993682861328,54.665611267089844,2.880873680114746,20260732
2023-08-22,ChargerFull,FeasibleITransformer,80,85.68598937988281,85.68598937988281,1.0625,70.47889709472656,70.47889709472656,70.47889709472656,70.47889709472656,1.1133190393447876,20260732
2023-08-22,ChargerFull,FeasibleITransformer,84,85.68598937988281,85.68598937988281,0.0,73.64935302734375,73.64935302734375,73.64935302734375,73.64935302734375,0.4803735613822937,20260732
2023-08-22,ChargerFull,FeasibleITransformer,96,85.68598937988281,85.68598937988281,0.0,78.55328369140625,78.55328369140625,78.55328369140625,78.55328369140625,0.24767284095287323,20260732
2023-08-23,ChargerFull,FeasibleITransformer,32,0.0,16.5,0.3125,3.014742612838745,3.7085330486297607,3.014742612838745,3.7085330486297607,0.6511588096618652,20260732
2023-08-23,ChargerFull,FeasibleITransformer,48,10.91200065612793,43.86699676513672,3.0,22.414947509765625,45.99434280395508,22.414947509765625,45.99434280395508,2.2295005321502686,20260732
2023-08-23,ChargerFull,FeasibleITransformer,64,63.14699935913086,74.33500671386719,4.125,49.236209869384766,57.574039459228516,49.236209869384766,57.574039459228516,2.455148220062256,20260732
2023-08-23,ChargerFull,FeasibleITransformer,80,97.12699890136719,97.12699890136719,1.8125,72.5347671508789,72.5347671508789,72.5347671508789,72.5347671508789,1.4583017826080322,20260732
2023-08-23,ChargerFull,FeasibleITransformer,84,97.12699890136719,97.12699890136719,0.0,76.68648529052734,76.68648529052734,76.68648529052734,76.68648529052734,0.6290465593338013,20260732
2023-08-23,ChargerFull,FeasibleITransformer,96,97.12699890136719,97.12699890136719,0.0,82.2181625366211,82.2181625366211,82.2181625366211,82.2181625366211,0.2793785035610199,20260732
2023-08-24,ChargerFull,FeasibleITransformer,32,0.0,4.949999809265137,0.09375,2.9802756309509277,4.800256729125977,2.9802756309509277,4.800256729125977,0.525958776473999,20260732
2023-08-24,ChargerFull,FeasibleITransformer,48,43.7660026550293,85.01600646972656,3.375,15.68759536743164,49.21677780151367,15.68759536743164,49.21677780151367,2.127849578857422,20260732
2023-08-24,ChargerFull,FeasibleITransformer,64,97.50900268554688,105.56900787353516,3.1875,50.10681915283203,57.401222229003906,50.10681915283203,57.401222229003906,2.7292795181274414,20260732
2023-08-24,ChargerFull,FeasibleITransformer,80,114.12001037597656,123.65000915527344,1.0625,83.62615966796875,83.62615966796875,83.62615966796875,83.62615966796875,1.9225659370422363,20260732
2023-08-24,ChargerFull,FeasibleITransformer,84,127.57199096679688,132.20098876953125,2.5,88.96672821044922,88.96672821044922,88.96672821044922,88.96672821044922,0.8145677447319031,20260732
2023-08-24,ChargerFull,FeasibleITransformer,96,140.77200317382812,140.77200317382812,0.6666666865348816,96.2271499633789,96.2271499633789,96.2271499633789,96.2271499633789,0.366687536239624,20260732
2023-08-25,ChargerFull,FeasibleITransformer,32,7.175000190734863,7.175000190734863,0.25,3.7749552726745605,6.108409881591797,3.7749552726745605,6.108409881591797,0.39548826217651367,20260732
2023-08-25,ChargerFull,FeasibleITransformer,48,29.63800048828125,39.99800109863281,2.5,17.343050003051758,45.61983108520508,17.343050003051758,45.61983108520508,1.637489676475525,20260732
2023-08-25,ChargerFull,FeasibleITransformer,64,42.58300018310547,56.13800048828125,2.0625,51.24997329711914,51.635406494140625,51.24997329711914,51.635406494140625,2.4651856422424316,20260732
2023-08-25,ChargerFull,FeasibleITransformer,80,82.62300109863281,84.27300262451172,2.1875,65.04124450683594,65.04124450683594,65.04124450683594,65.04124450683594,1.893994927406311,20260732
2023-08-25,ChargerFull,FeasibleITransformer,84,84.27300262451172,84.27300262451172,0.25,71.4645004272461,71.4645004272461,71.4645004272461,71.4645004272461,1.1893614530563354,20260732
2023-08-25,ChargerFull,FeasibleITransformer,96,84.27300262451172,84.27300262451172,0.0,81.58976745605469,81.58976745605469,81.58976745605469,81.58976745605469,0.5204472541809082,20260732
2023-08-26,ChargerFull,FeasibleITransformer,32,0.0,0.0,0.0,4.069738864898682,4.736915111541748,4.069738864898682,4.736915111541748,0.2572818994522095,20260732
2023-08-26,ChargerFull,FeasibleITransformer,48,23.3489990234375,28.298999786376953,1.375,13.21988296508789,27.65303611755371,13.21988296508789,27.65303611755371,0.9721712470054626,20260732
2023-08-26,ChargerFull,FeasibleITransformer,64,75.39300537109375,75.39300537109375,3.1875,31.704360961914062,31.704360961914062,31.704360961914062,31.704360961914062,2.2549209594726562,20260732
2023-08-26,ChargerFull,FeasibleITransformer,80,87.02400207519531,95.27400207519531,1.0625,42.274845123291016,42.274845123291016,42.274845123291016,42.274845123291016,2.0028600692749023,20260732
2023-08-26,ChargerFull,FeasibleITransformer,84,93.6240005493164,95.27400207519531,1.0,49.42805862426758,49.42805480957031,49.42805862426758,49.42805480957031,1.0838203430175781,20260732
2023-08-26,ChargerFull,FeasibleITransformer,96,95.27400207519531,95.27400207519531,0.0833333358168602,58.47798156738281,58.47798156738281,58.47798156738281,58.47798156738281,0.4570668935775757,20260732
2023-08-27,ChargerFull,FeasibleITransformer,32,0.0,0.0,0.0,3.9311647415161133,4.091096878051758,3.9311647415161133,4.091096878051758,0.2850772738456726,20260732
2023-08-27,ChargerFull,FeasibleITransformer,48,15.612000465393066,19.799999237060547,0.75,13.061813354492188,24.184356689453125,13.061813354492188,24.184356689453125,0.8800234794616699,20260732
2023-08-27,ChargerFull,FeasibleITransformer,64,47.83599853515625,48.98200225830078,1.375,31.190303802490234,31.190303802490234,31.190303802490234,31.190303802490234,2.963068962097168,20260732
2023-08-27,ChargerFull,FeasibleITransformer,80,66.48400115966797,67.72899627685547,1.3125,47.1031608581543,47.1031608581543,47.1031608581543,47.1031608581543,1.7743878364562988,20260732
2023-08-27,ChargerFull,FeasibleITransformer,84,71.43399810791016,71.43399810791016,0.75,52.43896484375,52.43896484375,52.43896484375,52.43896484375,0.8084539175033569,20260732
2023-08-27,ChargerFull,FeasibleITransformer,96,71.43399810791016,71.43399810791016,0.0,59.2191162109375,59.2191162109375,59.2191162109375,59.2191162109375,0.34243202209472656,20260732
2023-08-28,ChargerFull,FeasibleITransformer,32,11.70199966430664,11.70199966430664,0.28125,4.716814994812012,4.735903739929199,4.716814994812012,4.735903739929199,0.5975796580314636,20260732
2023-08-28,ChargerFull,FeasibleITransformer,48,62.960994720458984,77.33299255371094,2.8125,20.854999542236328,39.517845153808594,20.854999542236328,39.517845153808594,1.6071319580078125,20260732
2023-08-28,ChargerFull,FeasibleITransformer,64,132.14999389648438,132.14999389648438,2.625,53.65444564819336,53.65444564819336,53.65444564819336,53.65444564819336,3.0315465927124023,20260732
2023-08-28,ChargerFull,FeasibleITransformer,80,156.41000366210938,156.41000366210938,1.0625,74.4266357421875,74.4266357421875,74.4266357421875,74.4266357421875,1.4561209678649902,20260732
2023-08-28,ChargerFull,FeasibleITransformer,84,156.41000366210938,156.41000366210938,0.0,78.85310363769531,78.85310363769531,78.85310363769531,78.85310363769531,0.6706766486167908,20260732
2023-08-28,ChargerFull,FeasibleITransformer,96,156.41000366210938,156.41000366210938,0.0,85.05961608886719,85.05961608886719,85.05961608886719,85.05961608886719,0.31346043944358826,20260732
2023-08-29,ChargerFull,FeasibleITransformer,32,2.5190000534057617,4.949999809265137,0.09375,3.915471076965332,4.1262335777282715,3.915471076965332,4.1262335777282715,0.746040403842926,20260732
2023-08-29,ChargerFull,FeasibleITransformer,48,43.7239990234375,56.45800018310547,2.5,27.884235382080078,49.24884796142578,27.884235382080078,49.24884796142578,2.450157642364502,20260732
2023-08-29,ChargerFull,FeasibleITransformer,64,68.66000366210938,78.3740005493164,1.3125,70.91138458251953,73.11078643798828,70.91138458251953,73.11078643798828,3.1023285388946533,20260732
2023-08-29,ChargerFull,FeasibleITransformer,80,114.79100036621094,116.3790054321289,2.0,96.90980529785156,96.90980529785156,96.90980529785156,96.90980529785156,1.1871399879455566,20260732
2023-08-29,ChargerFull,FeasibleITransformer,84,118.09100341796875,118.09100341796875,0.5,100.57717895507812,100.57717895507812,100.57717895507812,100.57717895507812,0.5556643009185791,20260732
2023-08-29,ChargerFull,FeasibleITransformer,96,118.09100341796875,118.09100341796875,0.0,105.36245727539062,105.36245727539062,105.36245727539062,105.36245727539062,0.24168062210083008,20260732
2023-08-30,ChargerFull,FeasibleITransformer,32,0.0,15.878000259399414,0.3125,2.9565014839172363,3.425272226333618,2.9565014839172363,3.425272226333618,0.6241192817687988,20260732
2023-08-30,ChargerFull,FeasibleITransformer,48,13.398000717163086,35.14400100708008,2.625,20.858028411865234,54.393978118896484,20.858028411865234,54.393978118896484,2.6969339847564697,20260732
2023-08-30,ChargerFull,FeasibleITransformer,64,45.14500045776367,58.0880012512207,3.5625,55.35616683959961,66.58299255371094,55.35616683959961,66.58299255371094,2.6143863201141357,20260732
2023-08-30,ChargerFull,FeasibleITransformer,80,83.01100158691406,83.01100158691406,1.6875,88.65362548828125,88.65362548828125,88.65362548828125,88.65362548828125,1.7078474760055542,20260732
2023-08-30,ChargerFull,FeasibleITransformer,84,83.01100158691406,83.01100158691406,0.0,93.45773315429688,93.45773315429688,93.45773315429688,93.45773315429688,0.7278960943222046,20260732
2023-08-30,ChargerFull,FeasibleITransformer,96,83.01100158691406,83.01100158691406,0.0,98.73973846435547,98.73973846435547,98.73973846435547,98.73973846435547,0.2667677700519562,20260732
2023-08-31,ChargerFull,FeasibleITransformer,32,2.924999952316284,21.450000762939453,0.40625,2.4952573776245117,4.9503984451293945,2.4952573776245117,4.9503984451293945,0.5214090943336487,20260732
2023-08-31,ChargerFull,FeasibleITransformer,48,31.292999267578125,62.04899597167969,2.5,20.960636138916016,53.51226806640625,20.960636138916016,53.51226806640625,2.4691317081451416,20260732
2023-08-31,ChargerFull,FeasibleITransformer,64,75.56700134277344,82.66799926757812,2.5,58.981407165527344,62.9771728515625,58.981407165527344,62.9771728515625,2.6292223930358887,20260732
2023-08-31,ChargerFull,FeasibleITransformer,80,134.45199584960938,143.8509979248047,3.3125,87.71296691894531,87.71296691894531,87.71296691894531,87.71296691894531,1.7959188222885132,20260732
2023-08-31,ChargerFull,FeasibleITransformer,84,150.95199584960938,158.60400390625,2.5,93.65303802490234,93.65303802490234,93.65303802490234,93.65303802490234,0.9000104069709778,20260732
2023-08-31,ChargerFull,FeasibleITransformer,96,162.50201416015625,162.50201416015625,0.5833333730697632,100.25813293457031,100.25813293457031,100.25813293457031,100.25813293457031,0.3335908353328705,20260732
2023-09-01,ChargerFull,FeasibleITransformer,32,0.0,15.67300033569336,0.34375,3.734978675842285,5.8216447830200195,3.734978675842285,5.8216447830200195,0.35777926445007324,20260732
2023-09-01,ChargerFull,FeasibleITransformer,48,47.16800308227539,53.62300109863281,2.3125,17.241790771484375,45.00339889526367,17.241790771484375,45.00339889526367,1.6195052862167358,20260732
2023-09-01,ChargerFull,FeasibleITransformer,64,95.47699737548828,105.66300201416016,2.3125,50.30381393432617,50.30381393432617,50.30381393432617,50.30381393432617,2.3057854175567627,20260732
2023-09-01,ChargerFull,FeasibleITransformer,80,133.5260009765625,137.7639923095703,2.0,72.80008697509766,72.80008697509766,72.80008697509766,72.80008697509766,2.3107781410217285,20260732
2023-09-01,ChargerFull,FeasibleITransformer,84,138.87399291992188,148.37600708007812,1.75,81.65816497802734,81.65816497802734,81.65816497802734,81.65816497802734,1.4407024383544922,20260732
2023-09-01,ChargerFull,FeasibleITransformer,96,148.7740020751953,148.7740020751953,0.5,91.49264526367188,91.49264526367188,91.49264526367188,91.49264526367188,0.4966907799243927,20260732
2023-09-02,ChargerFull,FeasibleITransformer,32,0.0,0.0,0.0,5.107129096984863,6.033658027648926,5.107129096984863,6.033658027648926,0.26042377948760986,20260732
2023-09-02,ChargerFull,FeasibleITransformer,48,17.689998626708984,22.639999389648438,1.3125,17.60871696472168,34.06913757324219,17.60871696472168,34.06913757324219,1.0599725246429443,20260732
2023-09-02,ChargerFull,FeasibleITransformer,64,29.70599937438965,29.70599937438965,0.75,40.973594665527344,40.973594665527344,40.973594665527344,40.973594665527344,2.755864381790161,20260732
2023-09-02,ChargerFull,FeasibleITransformer,80,36.35599899291992,36.35599899291992,0.4375,60.946956634521484,60.946956634521484,60.946956634521484,60.946956634521484,2.3571133613586426,20260732
2023-09-02,ChargerFull,FeasibleITransformer,84,36.35599899291992,36.35599899291992,0.0,70.92129516601562,70.92129516601562,70.92129516601562,70.92129516601562,1.5379809141159058,20260732
2023-09-02,ChargerFull,FeasibleITransformer,96,36.35599899291992,36.35599899291992,0.0,82.3822021484375,82.3822021484375,82.3822021484375,82.3822021484375,0.5788334012031555,20260732
2023-09-03,ChargerFull,FeasibleITransformer,32,0.0,0.0,0.0,3.1376819610595703,3.5154428482055664,3.1376819610595703,3.5154428482055664,0.29063519835472107,20260732
2023-09-03,ChargerFull,FeasibleITransformer,48,4.216000080108643,5.866000175476074,0.3125,15.17201042175293,25.771059036254883,15.17201042175293,25.771059036254883,0.8994261622428894,20260732
2023-09-03,ChargerFull,FeasibleITransformer,64,16.232999801635742,16.232999801635742,0.75,34.30861282348633,34.30861282348633,34.30861282348633,34.30861282348633,2.7319235801696777,20260732
2023-09-03,ChargerFull,FeasibleITransformer,80,33.777000427246094,44.474998474121094,1.6875,56.4978141784668,56.4978141784668,56.4978141784668,56.4978141784668,2.066274404525757,20260732
2023-09-03,ChargerFull,FeasibleITransformer,84,46.861000061035156,50.1609992980957,2.0,62.476776123046875,62.476776123046875,62.476776123046875,62.476776123046875,0.9059011936187744,20260732
2023-09-03,ChargerFull,FeasibleITransformer,96,50.1609992980957,50.1609992980957,0.1666666716337204,69.80690002441406,69.80690002441406,69.80690002441406,69.80690002441406,0.37020865082740784,20260732
2023-09-04,ChargerFull,FeasibleITransformer,32,0.0,0.0,0.0,4.2341108322143555,4.345232963562012,4.2341108322143555,4.345232963562012,0.5512922406196594,20260732
2023-09-04,ChargerFull,FeasibleITransformer,48,3.6500000953674316,3.6500000953674316,0.3125,19.75836181640625,32.472877502441406,19.75836181640625,32.472877502441406,1.2957806587219238,20260732
2023-09-04,ChargerFull,FeasibleITransformer,64,27.916000366210938,29.93400001525879,1.25,46.533870697021484,46.533870697021484,46.533870697021484,46.533870697021484,2.9074697494506836,20260732
2023-09-04,ChargerFull,FeasibleITransformer,80,38.178001403808594,38.178001403808594,0.5625,65.18946075439453,65.18946075439453,65.18946075439453,65.18946075439453,1.5504688024520874,20260732
2023-09-04,ChargerFull,FeasibleITransformer,84,38.178001403808594,38.178001403808594,0.0,69.79252624511719,69.79252624511719,69.79252624511719,69.79252624511719,0.697435200214386,20260732
2023-09-04,ChargerFull,FeasibleITransformer,96,38.178001403808594,38.178001403808594,0.0,75.76593780517578,75.76593780517578,75.76593780517578,75.76593780517578,0.3016877770423889,20260732
2023-09-05,ChargerFull,FeasibleITransformer,32,11.805000305175781,14.159000396728516,0.3125,3.6825966835021973,3.750025749206543,3.6825966835021973,3.750025749206543,0.7171546220779419,20260732
2023-09-05,ChargerFull,FeasibleITransformer,48,31.944000244140625,66.84600067138672,2.5,24.37356185913086,40.05180358886719,24.37356185913086,40.05180358886719,2.0971429347991943,20260732
2023-09-05,ChargerFull,FeasibleITransformer,64,65.53500366210938,79.94700622558594,3.25,56.27092361450195,57.53608703613281,56.27092361450195,57.53608703613281,2.655390739440918,20260732
2023-09-05,ChargerFull,FeasibleITransformer,80,79.94700622558594,79.94700622558594,0.5625,74.84732055664062,74.85527801513672,74.84732055664062,74.85527801513672,1.210072636604309,20260732
2023-09-05,ChargerFull,FeasibleITransformer,84,79.94700622558594,79.94700622558594,0.0,77.78886413574219,77.78886413574219,77.78886413574219,77.78886413574219,0.465768039226532,20260732
2023-09-05,ChargerFull,FeasibleITransformer,96,79.94700622558594,79.94700622558594,0.0,82.12417602539062,82.12417602539062,82.12417602539062,82.12417602539062,0.21952903270721436,20260732
2023-09-06,ChargerFull,FeasibleITransformer,32,0.0,0.0,0.0,3.0105671882629395,3.945774555206299,3.0105671882629395,3.945774555206299,0.6885803937911987,20260732
2023-09-06,ChargerFull,FeasibleITransformer,48,34.91699981689453,44.499000549316406,2.875,17.803237915039062,48.89088439941406,17.803237915039062,48.89088439941406,2.495035409927368,20260732
2023-09-06,ChargerFull,FeasibleITransformer,64,74.45499420166016,92.74800109863281,3.1875,51.92742156982422,59.369041442871094,51.92742156982422,59.369041442871094,2.7562811374664307,20260732
2023-09-06,ChargerFull,FeasibleITransformer,80,116.67499542236328,116.67499542236328,1.6875,71.50257873535156,71.6739273071289,71.50257873535156,71.6739273071289,1.2711259126663208,20260732
2023-09-06,ChargerFull,FeasibleITransformer,84,116.67499542236328,116.67499542236328,0.0,75.76345825195312,75.76345825195312,75.76345825195312,75.76345825195312,0.7067916989326477,20260732
2023-09-06,ChargerFull,FeasibleITransformer,96,116.67499542236328,116.67499542236328,0.0,81.55908966064453,81.55908966064453,81.55908966064453,81.55908966064453,0.29270821809768677,20260732
2023-09-07,ChargerFull,FeasibleITransformer,32,0.0,18.149999618530273,0.34375,3.052635669708252,6.227207183837891,3.052635669708252,6.227207183837891,0.5413132309913635,20260732
2023-09-07,ChargerFull,FeasibleITransformer,48,32.8129997253418,69.11100769042969,3.375,20.146163940429688,60.13859176635742,20.146163940429688,60.13859176635742,2.5619187355041504,20260732
2023-09-07,ChargerFull,FeasibleITransformer,64,57.56100082397461,93.6820068359375,3.875,59.387386322021484,69.09767150878906,59.387386322021484,69.09767150878906,2.571284770965576,20260732
2023-09-07,ChargerFull,FeasibleITransformer,80,104.11900329589844,122.00700378417969,3.125,98.75997924804688,98.75997924804688,98.75997924804688,98.75997924804688,2.2014758586883545,20260732
2023-09-07,ChargerFull,FeasibleITransformer,84,117.31900787353516,128.6070098876953,2.0,105.98066711425781,105.98066711425781,105.98066711425781,105.98066711425781,1.0940418243408203,20260732
2023-09-07,ChargerFull,FeasibleITransformer,96,135.46900939941406,135.46900939941406,0.9166666269302368,113.87428283691406,113.87428283691406,113.87428283691406,113.87428283691406,0.39866742491722107,20260732
2023-09-08,ChargerFull,FeasibleITransformer,32,0.5619999766349792,18.149999618530273,0.34375,3.9326205253601074,6.567539215087891,3.9326205253601074,6.567539215087891,0.37724483013153076,20260732
2023-09-08,ChargerFull,FeasibleITransformer,48,31.808000564575195,51.222999572753906,2.0,19.02016258239746,49.92242431640625,19.02016258239746,49.92242431640625,1.689751148223877,20260732
2023-09-08,ChargerFull,FeasibleITransformer,64,83.07499694824219,92.62699890136719,3.4375,56.86560821533203,56.86560821533203,56.86560821533203,56.86560821533203,2.3584139347076416,20260732
2023-09-08,ChargerFull,FeasibleITransformer,80,109.0510025024414,110.70100402832031,1.0625,77.63252258300781,77.63252258300781,77.63252258300781,77.63252258300781,2.466496467590332,20260732
2023-09-08,ChargerFull,FeasibleITransformer,84,110.70100402832031,110.70100402832031,0.25,89.31634521484375,89.31634521484375,89.31634521484375,89.31634521484375,1.770275592803955,20260732
2023-09-08,ChargerFull,FeasibleITransformer,96,110.70100402832031,110.70100402832031,0.0,101.49028778076172,101.49028778076172,101.49028778076172,101.49028778076172,0.6148457527160645,20260732
2023-09-09,ChargerFull,FeasibleITransformer,32,0.0,0.0,0.0,3.8483805656433105,6.035362720489502,3.8483805656433105,6.035362720489502,0.25686806440353394,20260732
2023-09-09,ChargerFull,FeasibleITransformer,48,2.940000057220459,5.440000057220459,0.875,13.789632797241211,27.96321678161621,13.789632797241211,27.96321678161621,0.976954996585846,20260732
2023-09-09,ChargerFull,FeasibleITransformer,64,26.743000030517578,28.597999572753906,1.1875,35.466583251953125,35.466583251953125,35.466583251953125,35.466583251953125,2.593820571899414,20260732
2023-09-09,ChargerFull,FeasibleITransformer,80,34.547000885009766,37.84700012207031,0.4375,52.5206413269043,52.5206413269043,52.5206413269043,52.5206413269043,2.2906289100646973,20260732
2023-09-09,ChargerFull,FeasibleITransformer,84,34.547000885009766,40.48600387573242,1.0,59.90703582763672,59.90703582763672,59.90703582763672,59.90703582763672,1.2485135793685913,20260732
2023-09-09,ChargerFull,FeasibleITransformer,96,40.48600387573242,40.48600387573242,0.5833333134651184,70.51959991455078,70.51959991455078,70.51959991455078,70.51959991455078,0.5359878540039062,20260732
2023-09-10,ChargerFull,FeasibleITransformer,32,3.1419999599456787,3.1419999599456787,0.125,3.0832879543304443,3.4585306644439697,3.0832879543304443,3.4585306644439697,0.27744582295417786,20260732
2023-09-10,ChargerFull,FeasibleITransformer,48,16.053998947143555,21.003997802734375,0.75,11.648042678833008,23.74949836730957,11.648042678833008,23.74949836730957,0.8509941101074219,20260732
2023-09-10,ChargerFull,FeasibleITransformer,64,31.529998779296875,37.13800048828125,1.6875,30.828449249267578,30.828449249267578,30.828449249267578,30.828449249267578,2.5710041522979736,20260732
2023-09-10,ChargerFull,FeasibleITransformer,80,62.683998107910156,65.04100036621094,1.6875,40.983436584472656,40.983436584472656,40.983436584472656,40.983436584472656,1.4470739364624023,20260732
2023-09-10,ChargerFull,FeasibleITransformer,84,69.28399658203125,71.64099884033203,1.0,46.73869705200195,46.73869705200195,46.73869705200195,46.73869705200195,0.9792458415031433,20260732
2023-09-10,ChargerFull,FeasibleITransformer,96,79.18399047851562,79.18399047851562,0.5,54.88426208496094,54.88426208496094,54.88426208496094,54.88426208496094,0.4140121042728424,20260732
2023-09-11,ChargerFull,FeasibleITransformer,32,0.5879999995231628,1.649999976158142,0.03125,4.223473072052002,4.255649566650391,4.223473072052002,4.255649566650391,0.582298755645752,20260732
2023-09-11,ChargerFull,FeasibleITransformer,48,15.145000457763672,23.39900016784668,2.0,19.993135452270508,31.167631149291992,19.993135452270508,31.167631149291992,1.443578839302063,20260732
2023-09-11,ChargerFull,FeasibleITransformer,64,27.769001007080078,32.722999572753906,2.3125,45.67998123168945,45.67998123168945,45.67998123168945,45.67998123168945,2.9415364265441895,20260732
2023-09-11,ChargerFull,FeasibleITransformer,80,37.2609977722168,37.2609977722168,0.875,62.543235778808594,62.543235778808594,62.543235778808594,62.543235778808594,1.5799534320831299,20260732
2023-09-11,ChargerFull,FeasibleITransformer,84,37.2609977722168,37.2609977722168,0.0,67.4827880859375,67.4827880859375,67.4827880859375,67.4827880859375,0.7568667531013489,20260732
2023-09-11,ChargerFull,FeasibleITransformer,96,37.2609977722168,37.2609977722168,0.0,75.28683471679688,75.28683471679688,75.28683471679688,75.28683471679688,0.39414408802986145,20260732
2023-09-12,ChargerFull,FeasibleITransformer,32,2.6989998817443848,23.099998474121094,0.4375,3.4551784992218018,3.8585400581359863,3.4551784992218018,3.8585400581359863,0.7100157141685486,20260732
2023-09-12,ChargerFull,FeasibleITransformer,48,29.099000930786133,46.6619987487793,3.0,20.750612258911133,41.22288513183594,20.750612258911133,41.22288513183594,2.31204891204834,20260732
2023-09-12,ChargerFull,FeasibleITransformer,64,48.76799774169922,63.731998443603516,2.6875,50.991661071777344,55.76658630371094,50.991661071777344,55.76658630371094,3.149505138397217,20260732
2023-09-12,ChargerFull,FeasibleITransformer,80,73.33300018310547,73.33300018310547,2.0625,67.16699981689453,67.42382049560547,67.16699981689453,67.42382049560547,1.2257347106933594,20260732
2023-09-12,ChargerFull,FeasibleITransformer,84,73.33300018310547,73.33300018310547,0.0,70.67437744140625,70.67437744140625,70.67437744140625,70.67437744140625,0.5882207155227661,20260732
2023-09-12,ChargerFull,FeasibleITransformer,96,73.33300018310547,73.33300018310547,0.0,76.68367767333984,76.68367767333984,76.68367767333984,76.68367767333984,0.3239480257034302,20260732
2023-09-13,ChargerFull,FeasibleITransformer,32,0.0,18.149999618530273,0.34375,2.7907698154449463,5.31436014175415,2.7907698154449463,5.31436014175415,0.7306843996047974,20260732
2023-09-13,ChargerFull,FeasibleITransformer,48,35.77399826049805,66.54199981689453,2.875,16.859704971313477,46.27494812011719,16.859704971313477,46.27494812011719,2.3944602012634277,20260732
2023-09-13,ChargerFull,FeasibleITransformer,64,99.52899169921875,106.95199584960938,2.8125,44.350372314453125,54.936370849609375,44.350372314453125,54.936370849609375,2.4241018295288086,20260732
2023-09-13,ChargerFull,FeasibleITransformer,80,127.12799835205078,127.12799835205078,1.125,66.50515747070312,66.50515747070312,66.50515747070312,66.50515747070312,1.5492054224014282,20260732
2023-09-13,ChargerFull,FeasibleITransformer,84,127.12799835205078,127.12799835205078,0.0,71.1819076538086,71.1819076538086,71.1819076538086,71.1819076538086,0.8470003008842468,20260732
2023-09-13,ChargerFull,FeasibleITransformer,96,127.12799835205078,127.12799835205078,0.0,78.4291763305664,78.4291763305664,78.4291763305664,78.4291763305664,0.3841637372970581,20260732
2023-09-14,ChargerFull,FeasibleITransformer,32,0.0,18.149999618530273,0.34375,1.9854313135147095,6.1944475173950195,1.9854313135147095,6.1944475173950195,0.517622172832489,20260732
2023-09-14,ChargerFull,FeasibleITransformer,48,17.349000930786133,18.999000549316406,1.0,20.792896270751953,57.36811447143555,20.792896270751953,57.36811447143555,2.5445914268493652,20260732
2023-09-14,ChargerFull,FeasibleITransformer,64,33.14400100708008,33.14400100708008,1.0,59.33363342285156,67.46427917480469,59.33363342285156,67.46427917480469,2.718997001647949,20260732
2023-09-14,ChargerFull,FeasibleITransformer,80,41.83300018310547,41.83300018310547,0.375,89.42210388183594,89.44575500488281,89.42210388183594,89.44575500488281,2.1036553382873535,20260732
2023-09-14,ChargerFull,FeasibleITransformer,84,41.83300018310547,41.83300018310547,0.0,96.71759033203125,96.71759033203125,96.71759033203125,96.71759033203125,1.1723012924194336,20260732
2023-09-14,ChargerFull,FeasibleITransformer,96,41.83300018310547,41.83300018310547,0.0,106.42463684082031,106.42463684082031,106.42463684082031,106.42463684082031,0.4902551770210266,20260732
2023-09-15,ChargerFull,FeasibleITransformer,32,0.0,18.149999618530273,0.34375,2.4734108448028564,8.475173950195312,2.4734108448028564,8.475173950195312,0.4353896975517273,20260732
2023-09-15,ChargerFull,FeasibleITransformer,48,32.972999572753906,59.595001220703125,3.0625,15.901565551757812,45.68533706665039,15.901565551757812,45.68533706665039,1.6380243301391602,20260732
2023-09-15,ChargerFull,FeasibleITransformer,64,59.972999572753906,64.54499816894531,2.1875,51.84713363647461,51.84713363647461,51.84713363647461,51.84713363647461,2.2326366901397705,20260732
2023-09-15,ChargerFull,FeasibleITransformer,80,84.25599670410156,84.25599670410156,1.0625,68.89521026611328,68.89521026611328,68.89521026611328,68.89521026611328,2.2358124256134033,20260732
2023-09-15,ChargerFull,FeasibleITransformer,84,84.25599670410156,84.25599670410156,0.0,77.03413391113281,77.03413391113281,77.03413391113281,77.03413391113281,1.4968607425689697,20260732
2023-09-15,ChargerFull,FeasibleITransformer,96,84.25599670410156,84.25599670410156,0.0,90.40238952636719,90.40238952636719,90.40238952636719,90.40238952636719,0.6751647591590881,20260732
2023-09-16,ChargerFull,FeasibleITransformer,32,0.0,1.649999976158142,0.03125,2.761545419692993,5.350557327270508,2.761545419692993,5.350557327270508,0.27331143617630005,20260732
2023-09-16,ChargerFull,FeasibleITransformer,48,20.290000915527344,26.889999389648438,1.5,11.61730670928955,27.809831619262695,11.61730670928955,27.809831619262695,1.0813781023025513,20260732
2023-09-16,ChargerFull,FeasibleITransformer,64,50.99599838256836,54.295997619628906,1.8125,33.188682556152344,33.18867874145508,33.188682556152344,33.18867874145508,2.440615177154541,20260732
2023-09-16,ChargerFull,FeasibleITransformer,80,72.41199493408203,75.75199890136719,1.0625,41.739803314208984,41.739803314208984,41.739803314208984,41.739803314208984,1.8585517406463623,20260732
2023-09-16,ChargerFull,FeasibleITransformer,84,79.01200103759766,82.35199737548828,1.0,48.437870025634766,48.437870025634766,48.437870025634766,48.437870025634766,1.1591709852218628,20260732
2023-09-16,ChargerFull,FeasibleITransformer,96,85.61199951171875,85.61199951171875,0.3333333432674408,57.631893157958984,57.631893157958984,57.631893157958984,57.631893157958984,0.5004104375839233,20260732
2023-09-17,ChargerFull,FeasibleITransformer,32,0.0,0.0,0.0,3.4766392707824707,4.4912214279174805,3.4766392707824707,4.4912214279174805,0.2815191447734833,20260732
2023-09-17,ChargerFull,FeasibleITransformer,48,14.726999282836914,18.027000427246094,1.375,12.428394317626953,21.91073226928711,12.428394317626953,21.91073226928711,0.8120157718658447,20260732
2023-09-17,ChargerFull,FeasibleITransformer,64,32.391998291015625,32.391998291015625,1.0,28.715076446533203,28.715076446533203,28.715076446533203,28.715076446533203,2.571565866470337,20260732
2023-09-17,ChargerFull,FeasibleITransformer,80,52.35499572753906,56.12999725341797,0.9375,35.10598373413086,35.10598373413086,35.10598373413086,35.10598373413086,1.7260525226593018,20260732
2023-09-17,ChargerFull,FeasibleITransformer,84,58.954994201660156,62.72999572753906,1.0,41.427608489990234,41.427608489990234,41.427608489990234,41.427608489990234,0.9650807976722717,20260732
2023-09-17,ChargerFull,FeasibleITransformer,96,75.45500183105469,75.45500183105469,0.8333333134651184,50.94365692138672,50.94365692138672,50.94365692138672,50.94365692138672,0.4823553264141083,20260732
2023-09-18,ChargerFull,FeasibleITransformer,32,0.0,3.299999952316284,0.0625,3.638108491897583,3.9390854835510254,3.638108491897583,3.9390854835510254,0.5090692043304443,20260732
2023-09-18,ChargerFull,FeasibleITransformer,48,19.957000732421875,46.005001068115234,2.625,17.343149185180664,29.77984046936035,17.343149185180664,29.77984046936035,1.4061486721038818,20260732
2023-09-18,ChargerFull,FeasibleITransformer,64,86.64900207519531,96.81700134277344,3.625,42.30829620361328,42.308292388916016,42.30829620361328,42.308292388916016,3.077460765838623,20260732
2023-09-18,ChargerFull,FeasibleITransformer,80,110.052001953125,119.83200073242188,1.375,52.508853912353516,52.508853912353516,52.508853912353516,52.508853912353516,1.2305738925933838,20260732
2023-09-18,ChargerFull,FeasibleITransformer,84,118.302001953125,121.60198974609375,1.25,56.70673370361328,56.70673370361328,56.70673370361328,56.70673370361328,0.6603691577911377,20260732
2023-09-18,ChargerFull,FeasibleITransformer,96,123.375,123.375,0.4166666865348816,64.30244445800781,64.30244445800781,64.30244445800781,64.30244445800781,0.3949746787548065,20260732
2023-09-19,ChargerFull,FeasibleITransformer,32,0.0,4.949999809265137,0.09375,3.305393695831299,3.8352930545806885,3.305393695831299,3.8352930545806885,0.637748658657074,20260732
2023-09-19,ChargerFull,FeasibleITransformer,48,53.808998107910156,78.76300048828125,3.6875,18.282983779907227,37.354190826416016,18.282983779907227,37.354190826416016,2.499080181121826,20260732
2023-09-19,ChargerFull,FeasibleITransformer,64,124.16999816894531,144.02999877929688,4.9375,50.81304168701172,55.046112060546875,50.81304168701172,55.046112060546875,2.930546760559082,20260732
2023-09-19,ChargerFull,FeasibleITransformer,80,165.61199951171875,178.67999267578125,2.625,65.61357116699219,66.14094543457031,65.61357116699219,66.14094543457031,1.0712778568267822,20260732
2023-09-19,ChargerFull,FeasibleITransformer,84,173.86199951171875,185.91000366210938,2.25,69.22968292236328,69.22968292236328,69.22968292236328,69.22968292236328,0.6431142091751099,20260732
2023-09-19,ChargerFull,FeasibleITransformer,96,187.1219940185547,187.1219940185547,0.8333333134651184,75.4285659790039,75.4285659790039,75.4285659790039,75.4285659790039,0.3914710283279419,20260732
2023-09-20,ChargerFull,FeasibleITransformer,32,0.0,23.100000381469727,0.4375,2.6834211349487305,6.828993797302246,2.6834211349487305,6.828993797302246,0.7834367156028748,20260732
2023-09-20,ChargerFull,FeasibleITransformer,48,29.61199951171875,79.75699615478516,3.375,25.15574073791504,57.05519104003906,25.15574073791504,57.05519104003906,3.000326156616211,20260732
2023-09-20,ChargerFull,FeasibleITransformer,64,107.6510009765625,126.81100463867188,4.125,62.63835906982422,71.8613510131836,62.63835906982422,71.8613510131836,2.8500406742095947,20260732
2023-09-20,ChargerFull,FeasibleITransformer,80,146.32699584960938,148.78700256347656,1.5625,88.04535675048828,88.04535675048828,88.04535675048828,88.04535675048828,1.5955616235733032,20260732
2023-09-20,ChargerFull,FeasibleITransformer,84,152.927001953125,155.38699340820312,1.0,92.6029052734375,92.6029052734375,92.6029052734375,92.6029052734375,0.9150551557540894,20260732
2023-09-20,ChargerFull,FeasibleITransformer,96,165.49400329589844,165.49400329589844,0.6666666865348816,101.05526733398438,101.05526733398438,101.05526733398438,101.05526733398438,0.49068883061408997,20260732
2023-09-21,ChargerFull,FeasibleITransformer,32,1.8309999704360962,24.75,0.46875,1.4872163534164429,8.262453079223633,1.4872163534164429,8.262453079223633,0.5336719155311584,20260732
2023-09-21,ChargerFull,FeasibleITransformer,48,55.12200164794922,81.78199768066406,3.625,23.677167892456055,62.9642333984375,23.677167892456055,62.9642333984375,2.603374481201172,20260732
2023-09-21,ChargerFull,FeasibleITransformer,64,116.968994140625,122.1820068359375,3.75,70.71394348144531,76.75186920166016,70.71394348144531,76.75186920166016,2.8324854373931885,20260732
2023-09-21,ChargerFull,FeasibleITransformer,80,161.8409881591797,162.88299560546875,2.0625,96.51972961425781,96.51972961425781,96.51972961425781,96.51972961425781,1.9444528818130493,20260732
2023-09-21,ChargerFull,FeasibleITransformer,84,165.1409912109375,165.1409912109375,0.5,105.45936584472656,105.45936584472656,105.45936584472656,105.45936584472656,1.533697247505188,20260732
2023-09-21,ChargerFull,FeasibleITransformer,96,165.1409912109375,165.1409912109375,0.0,119.80683898925781,119.80683898925781,119.80683898925781,119.80683898925781,0.7466413974761963,20260732
2023-09-22,ChargerFull,FeasibleITransformer,32,0.2199999988079071,6.599999904632568,0.125,3.0124504566192627,10.901843070983887,3.0124504566192627,10.901843070983887,0.44403284788131714,20260732
2023-09-22,ChargerFull,FeasibleITransformer,48,63.99299621582031,67.89299774169922,2.5,18.5174560546875,56.749298095703125,18.5174560546875,56.749298095703125,2.02817440032959,20260732
2023-09-22,ChargerFull,FeasibleITransformer,64,82.2439956665039,98.7439956665039,1.8125,64.28162384033203,64.67256164550781,64.28162384033203,64.67256164550781,2.5615084171295166,20260732
2023-09-22,ChargerFull,FeasibleITransformer,80,99.99800109863281,109.25700378417969,1.9375,87.54164123535156,87.54164123535156,87.54164123535156,87.54164123535156,2.304840326309204,20260732
2023-09-22,ChargerFull,FeasibleITransformer,84,103.57400512695312,112.8330078125,1.75,96.10307312011719,96.10307312011719,96.10307312011719,96.10307312011719,1.5266858339309692,20260732
2023-09-22,ChargerFull,FeasibleITransformer,96,112.8330078125,112.8330078125,0.5833333134651184,110.455322265625,110.455322265625,110.455322265625,110.455322265625,0.7603845000267029,20260732
2023-09-23,ChargerFull,FeasibleITransformer,32,0.0,0.0,0.0,2.438202142715454,5.185455322265625,2.438202142715454,5.185455322265625,0.2230820655822754,20260732
2023-09-23,ChargerFull,FeasibleITransformer,48,25.935998916625977,27.766998291015625,1.25,12.308694839477539,31.034725189208984,12.308694839477539,31.034725189208984,1.2224056720733643,20260732
2023-09-23,ChargerFull,FeasibleITransformer,64,79.42100524902344,85.86900329589844,2.375,40.90585708618164,40.90585708618164,40.90585708618164,40.90585708618164,2.6181869506835938,20260732
2023-09-23,ChargerFull,FeasibleITransformer,80,105.82099914550781,105.82099914550781,1.0,60.060359954833984,60.060359954833984,60.060359954833984,60.060359954833984,1.8261237144470215,20260732
2023-09-23,ChargerFull,FeasibleITransformer,84,105.82099914550781,105.82099914550781,0.0,66.26768493652344,66.26768493652344,66.26768493652344,66.26768493652344,1.3672899007797241,20260732
2023-09-23,ChargerFull,FeasibleITransformer,96,105.82099914550781,105.82099914550781,0.0,78.11982727050781,78.11982727050781,78.11982727050781,78.11982727050781,0.6764644384384155,20260732
2023-09-24,ChargerFull,FeasibleITransformer,32,0.0,0.0,0.0,3.802370548248291,4.985938549041748,3.802370548248291,4.985938549041748,0.2927962839603424,20260732
2023-09-24,ChargerFull,FeasibleITransformer,48,2.6659998893737793,6.599999904632568,0.25,16.219053268432617,30.156532287597656,16.219053268432617,30.156532287597656,1.1227326393127441,20260732
2023-09-24,ChargerFull,FeasibleITransformer,64,38.73100280761719,38.73100280761719,1.625,42.92576217651367,42.92576217651367,42.92576217651367,42.92576217651367,2.901379346847534,20260732
2023-09-24,ChargerFull,FeasibleITransformer,80,61.5469970703125,61.5469970703125,0.9375,59.220863342285156,59.220863342285156,59.220863342285156,59.220863342285156,2.040292739868164,20260732
2023-09-24,ChargerFull,FeasibleITransformer,84,66.97699737548828,68.14700317382812,1.0,66.60631561279297,66.60631561279297,66.60631561279297,66.60631561279297,1.209481954574585,20260732
2023-09-24,ChargerFull,FeasibleITransformer,96,75.22699737548828,75.22699737548828,0.4166666567325592,79.00970458984375,79.00970458984375,79.00970458984375,79.00970458984375,0.6417341232299805,20260732
2023-09-25,ChargerFull,FeasibleITransformer,32,0.7490000128746033,3.299999952316284,0.0625,4.211526393890381,5.319404125213623,4.211526393890381,5.319404125213623,0.4991384446620941,20260732
2023-09-25,ChargerFull,FeasibleITransformer,48,35.98099899291992,43.48200225830078,2.125,19.26274871826172,33.88691711425781,19.26274871826172,33.88691711425781,1.6876188516616821,20260732
2023-09-25,ChargerFull,FeasibleITransformer,64,66.73399353027344,75.68799591064453,2.875,51.67280578613281,51.67280578613281,51.67280578613281,51.67280578613281,3.269368886947632,20260732
2023-09-25,ChargerFull,FeasibleITransformer,80,83.31599426269531,83.31599426269531,1.3125,67.47772216796875,67.47772216796875,67.47772216796875,67.47772216796875,1.4533326625823975,20260732
2023-09-25,ChargerFull,FeasibleITransformer,84,83.98799133300781,86.61599731445312,0.5,73.01666259765625,73.01666259765625,73.01666259765625,73.01666259765625,0.8001799583435059,20260732
2023-09-25,ChargerFull,FeasibleITransformer,96,109.43299865722656,109.43299865722656,1.5,82.20458221435547,82.20458221435547,82.20458221435547,82.20458221435547,0.48100191354751587,20260732
2023-09-26,ChargerFull,FeasibleITransformer,32,0.7059999704360962,18.39900016784668,0.65625,2.5498664379119873,5.24324893951416,2.5498664379119873,5.24324893951416,0.6719384789466858,20260732
2023-09-26,ChargerFull,FeasibleITransformer,48,55.10099792480469,78.24700164794922,3.625,21.082725524902344,46.814876556396484,21.082725524902344,46.814876556396484,2.633653163909912,20260732
2023-09-26,ChargerFull,FeasibleITransformer,64,113.76499938964844,128.15899658203125,3.375,63.68874740600586,70.23433685302734,63.68874740600586,70.23433685302734,3.065214157104492,20260732
2023-09-26,ChargerFull,FeasibleITransformer,80,128.15899658203125,128.15899658203125,1.3125,86.94770050048828,86.94770050048828,86.94770050048828,86.94770050048828,1.3986181020736694,20260732
2023-09-26,ChargerFull,FeasibleITransformer,84,128.15899658203125,128.15899658203125,0.0,92.05052947998047,92.05052947998047,92.05052947998047,92.05052947998047,0.8282198905944824,20260732
2023-09-26,ChargerFull,FeasibleITransformer,96,140.03599548339844,140.03599548339844,0.6666666865348816,102.35631561279297,102.35631561279297,102.35631561279297,102.35631561279297,0.5214581489562988,20260732
2023-09-27,ChargerFull,FeasibleITransformer,32,0.0,1.649999976158142,0.03125,1.493910551071167,6.232879161834717,1.493910551071167,6.232879161834717,0.8013706803321838,20260732
2023-09-27,ChargerFull,FeasibleITransformer,48,40.779998779296875,49.18899917602539,2.75,26.451099395751953,59.13374328613281,26.451099395751953,59.13374328613281,2.957275152206421,20260732
2023-09-27,ChargerFull,FeasibleITransformer,64,101.20100402832031,102.44000244140625,3.5,73.6730728149414,81.37092590332031,73.6730728149414,81.37092590332031,2.916198968887329,20260732
2023-09-27,ChargerFull,FeasibleITransformer,80,136.885009765625,153.70098876953125,2.625,101.29752349853516,101.70567321777344,101.29752349853516,101.70567321777344,1.535913348197937,20260732
2023-09-27,ChargerFull,FeasibleITransformer,84,152.07699584960938,157.02700805664062,2.5,106.9094467163086,106.9094467163086,106.9094467163086,106.9094467163086,0.8599350452423096,20260732
2023-09-27,ChargerFull,FeasibleITransformer,96,157.02700805664062,157.02700805664062,0.25,118.15541076660156,118.15541076660156,118.15541076660156,118.15541076660156,0.5907831788063049,20260732
2023-09-28,ChargerFull,FeasibleITransformer,32,2.5880000591278076,6.599999904632568,0.125,1.1394942998886108,7.550452709197998,1.1394942998886108,7.550452709197998,0.5803327560424805,20260732
2023-09-28,ChargerFull,FeasibleITransformer,48,21.642000198364258,49.22599792480469,2.4375,18.780963897705078,61.46210479736328,18.780963897705078,61.46210479736328,2.590252637863159,20260732
2023-09-28,ChargerFull,FeasibleITransformer,64,83.38500213623047,103.57599639892578,3.5,63.70893096923828,73.62067413330078,63.70893096923828,73.62067413330078,2.6399030685424805,20260732
2023-09-28,ChargerFull,FeasibleITransformer,80,119.21900177001953,129.11900329589844,2.0625,94.63765716552734,94.63765716552734,94.63765716552734,94.63765716552734,1.9252121448516846,20260732
2023-09-28,ChargerFull,FeasibleITransformer,84,123.55899810791016,130.1590118408203,1.0,102.65321350097656,102.65321350097656,102.65321350097656,102.65321350097656,1.2249900102615356,20260732
2023-09-28,ChargerFull,FeasibleITransformer,96,130.1590118408203,130.1590118408203,0.3333333432674408,115.85661315917969,115.85661315917969,115.85661315917969,115.85661315917969,0.6668382883071899,20260732
2023-09-29,ChargerFull,FeasibleITransformer,32,0.0,0.0,0.0,1.545763373374939,8.058337211608887,1.545763373374939,8.058337211608887,0.3498973250389099,20260732
2023-09-29,ChargerFull,FeasibleITransformer,48,17.38599967956543,31.099998474121094,2.5625,15.67719554901123,46.081119537353516,15.67719554901123,46.081119537353516,1.799777865409851,20260732
2023-09-29,ChargerFull,FeasibleITransformer,64,52.72800064086914,65.11100769042969,4.125,55.93782424926758,55.93782424926758,55.93782424926758,55.93782424926758,2.595287322998047,20260732
2023-09-29,ChargerFull,FeasibleITransformer,80,65.11100769042969,65.11100769042969,0.75,79.55772399902344,79.55772399902344,79.55772399902344,79.55772399902344,2.2062926292419434,20260732
2023-09-29,ChargerFull,FeasibleITransformer,84,65.11100769042969,65.11100769042969,0.0,89.2018814086914,89.2018814086914,89.2018814086914,89.2018814086914,1.576375961303711,20260732
2023-09-29,ChargerFull,FeasibleITransformer,96,71.05000305175781,71.05000305175781,0.6666666865348816,105.21330261230469,105.21330261230469,105.21330261230469,105.21330261230469,0.8191045522689819,20260732
2023-09-30,ChargerFull,FeasibleITransformer,32,0.0,0.0,0.0,2.9882192611694336,5.645788192749023,2.9882192611694336,5.645788192749023,0.22265121340751648,20260732
2023-09-30,ChargerFull,FeasibleITransformer,48,30.658000946044922,40.05400085449219,3.0625,13.36909008026123,32.85710906982422,13.36909008026123,32.85710906982422,1.2524069547653198,20260732
2023-09-30,ChargerFull,FeasibleITransformer,64,57.05000305175781,69.41600036621094,1.75,40.85309982299805,40.85309982299805,40.85309982299805,40.85309982299805,2.5966455936431885,20260732
2023-09-30,ChargerFull,FeasibleITransformer,80,100.1709976196289,105.06299591064453,2.25,56.7719841003418,56.7719841003418,56.7719841003418,56.7719841003418,1.8697422742843628,20260732
2023-09-30,ChargerFull,FeasibleITransformer,84,106.77099609375,111.66300201416016,1.0,64.0728988647461,64.0728988647461,64.0728988647461,64.0728988647461,1.2868421077728271,20260732
2023-09-30,ChargerFull,FeasibleITransformer,96,132.11199951171875,132.11199951171875,1.4166667461395264,80.0357437133789,80.0357437133789,80.0357437133789,80.0357437133789,0.9549533724784851,20260732
